classification,seller_institution_id,loanbook_ref,loan_id,party_id,party_role,principal_minor
SYNTHETIC_ONLY,demo-nbfc-ev-001,SYN-EV-2W-2025,SYN-A-LN-0001,SYN-A-BR-0001,BORROWER,12508571
SYNTHETIC_ONLY,demo-nbfc-ev-001,SYN-EV-2W-2025,SYN-A-LN-0001,SYN-A-CO-0001,CO_BORROWER,12508571
SYNTHETIC_ONLY,demo-nbfc-ev-001,SYN-EV-2W-2025,SYN-A-LN-0001,SYN-A-GU-0001,LINKED_PARTY,12508571
SYNTHETIC_ONLY,demo-nbfc-ev-001,SYN-EV-2W-2025,SYN-A-LN-0002,SYN-A-BR-0002,BORROWER,11412108
SYNTHETIC_ONLY,demo-nbfc-ev-001,SYN-EV-2W-2025,SYN-A-LN-0002,SYN-A-CO-0002,CO_BORROWER,11412108
SYNTHETIC_ONLY,demo-nbfc-ev-001,SYN-EV-2W-2025,SYN-A-LN-0002,SYN-A-GU-0002,LINKED_PARTY,11412108
SYNTHETIC_ONLY,demo-nbfc-ev-001,SYN-EV-2W-2025,SYN-A-LN-0003,SYN-A-BR-0003,BORROWER,16006414
SYNTHETIC_ONLY,demo-nbfc-ev-001,SYN-EV-2W-2025,SYN-A-LN-0003,SYN-A-CO-0003,CO_BORROWER,16006414
SYNTHETIC_ONLY,demo-nbfc-ev-001,SYN-EV-2W-2025,SYN-A-LN-0003,SYN-A-GU-0003,LINKED_PARTY,16006414
SYNTHETIC_ONLY,demo-nbfc-ev-001,SYN-EV-2W-2025,SYN-A-LN-0004,SYN-A-BR-0004,BORROWER,14937213
SYNTHETIC_ONLY,demo-nbfc-ev-001,SYN-EV-2W-2025,SYN-A-LN-0004,SYN-A-CO-0004,CO_BORROWER,14937213
SYNTHETIC_ONLY,demo-nbfc-ev-001,SYN-EV-2W-2025,SYN-A-LN-0004,SYN-A-GU-0004,LINKED_PARTY,14937213
SYNTHETIC_ONLY,demo-nbfc-ev-001,SYN-EV-2W-2025,SYN-A-LN-0005,SYN-A-BR-0005,BORROWER,19290819
SYNTHETIC_ONLY,demo-nbfc-ev-001,SYN-EV-2W-2025,SYN-A-LN-0005,SYN-A-CO-0005,CO_BORROWER,19290819
SYNTHETIC_ONLY,demo-nbfc-ev-001,SYN-EV-2W-2025,SYN-A-LN-0005,SYN-A-GU-0005,LINKED_PARTY,19290819
SYNTHETIC_ONLY,demo-nbfc-ev-001,SYN-EV-2W-2025,SYN-A-LN-0006,SYN-A-BR-0006,BORROWER,19823841
SYNTHETIC_ONLY,demo-nbfc-ev-001,SYN-EV-2W-2025,SYN-A-LN-0006,SYN-A-CO-0006,CO_BORROWER,19823841
SYNTHETIC_ONLY,demo-nbfc-ev-001,SYN-EV-2W-2025,SYN-A-LN-0006,SYN-A-GU-0006,LINKED_PARTY,19823841
SYNTHETIC_ONLY,demo-nbfc-ev-001,SYN-EV-2W-2025,SYN-A-LN-0007,SYN-A-BR-0007,BORROWER,23307532
SYNTHETIC_ONLY,demo-nbfc-ev-001,SYN-EV-2W-2025,SYN-A-LN-0007,SYN-A-CO-0007,CO_BORROWER,23307532
SYNTHETIC_ONLY,demo-nbfc-ev-001,SYN-EV-2W-2025,SYN-A-LN-0007,SYN-A-GU-0007,LINKED_PARTY,23307532
SYNTHETIC_ONLY,demo-nbfc-ev-001,SYN-EV-2W-2025,SYN-A-LN-0008,SYN-A-BR-0008,BORROWER,22635206
SYNTHETIC_ONLY,demo-nbfc-ev-001,SYN-EV-2W-2025,SYN-A-LN-0008,SYN-A-CO-0008,CO_BORROWER,22635206
SYNTHETIC_ONLY,demo-nbfc-ev-001,SYN-EV-2W-2025,SYN-A-LN-0008,SYN-A-GU-0008,LINKED_PARTY,22635206
SYNTHETIC_ONLY,demo-nbfc-ev-001,SYN-EV-2W-2025,SYN-A-LN-0009,SYN-A-BR-0009,BORROWER,11176436
SYNTHETIC_ONLY,demo-nbfc-ev-001,SYN-EV-2W-2025,SYN-A-LN-0009,SYN-A-CO-0009,CO_BORROWER,11176436
SYNTHETIC_ONLY,demo-nbfc-ev-001,SYN-EV-2W-2025,SYN-A-LN-0009,SYN-A-GU-0009,LINKED_PARTY,11176436
SYNTHETIC_ONLY,demo-nbfc-ev-001,SYN-EV-2W-2025,SYN-A-LN-0010,SYN-A-BR-0010,BORROWER,9736928
SYNTHETIC_ONLY,demo-nbfc-ev-001,SYN-EV-2W-2025,SYN-A-LN-0010,SYN-A-CO-0010,CO_BORROWER,9736928
SYNTHETIC_ONLY,demo-nbfc-ev-001,SYN-EV-2W-2025,SYN-A-LN-0010,SYN-A-GU-0010,LINKED_PARTY,9736928
SYNTHETIC_ONLY,demo-nbfc-ev-001,SYN-EV-2W-2025,SYN-A-LN-0011,SYN-A-BR-0011,BORROWER,14132991
SYNTHETIC_ONLY,demo-nbfc-ev-001,SYN-EV-2W-2025,SYN-A-LN-0011,SYN-A-CO-0011,CO_BORROWER,14132991
SYNTHETIC_ONLY,demo-nbfc-ev-001,SYN-EV-2W-2025,SYN-A-LN-0011,SYN-A-GU-0011,LINKED_PARTY,14132991
SYNTHETIC_ONLY,demo-nbfc-ev-001,SYN-EV-2W-2025,SYN-A-LN-0012,SYN-A-BR-0012,BORROWER,14819825
SYNTHETIC_ONLY,demo-nbfc-ev-001,SYN-EV-2W-2025,SYN-A-LN-0012,SYN-A-CO-0012,CO_BORROWER,14819825
SYNTHETIC_ONLY,demo-nbfc-ev-001,SYN-EV-2W-2025,SYN-A-LN-0012,SYN-A-GU-0012,LINKED_PARTY,14819825
SYNTHETIC_ONLY,demo-nbfc-ev-001,SYN-EV-2W-2025,SYN-A-LN-0013,SYN-A-BR-0013,BORROWER,17767299
SYNTHETIC_ONLY,demo-nbfc-ev-001,SYN-EV-2W-2025,SYN-A-LN-0013,SYN-A-CO-0013,CO_BORROWER,17767299
SYNTHETIC_ONLY,demo-nbfc-ev-001,SYN-EV-2W-2025,SYN-A-LN-0013,SYN-A-GU-0013,LINKED_PARTY,17767299
SYNTHETIC_ONLY,demo-nbfc-ev-001,SYN-EV-2W-2025,SYN-A-LN-0014,SYN-A-BR-0014,BORROWER,16758587
SYNTHETIC_ONLY,demo-nbfc-ev-001,SYN-EV-2W-2025,SYN-A-LN-0014,SYN-A-CO-0014,CO_BORROWER,16758587
SYNTHETIC_ONLY,demo-nbfc-ev-001,SYN-EV-2W-2025,SYN-A-LN-0014,SYN-A-GU-0014,LINKED_PARTY,16758587
SYNTHETIC_ONLY,demo-nbfc-ev-001,SYN-EV-2W-2025,SYN-A-LN-0015,SYN-A-BR-0015,BORROWER,21165586
SYNTHETIC_ONLY,demo-nbfc-ev-001,SYN-EV-2W-2025,SYN-A-LN-0015,SYN-A-CO-0015,CO_BORROWER,21165586
SYNTHETIC_ONLY,demo-nbfc-ev-001,SYN-EV-2W-2025,SYN-A-LN-0015,SYN-A-GU-0015,LINKED_PARTY,21165586
SYNTHETIC_ONLY,demo-nbfc-ev-001,SYN-EV-2W-2025,SYN-A-LN-0016,SYN-A-BR-0016,BORROWER,20372458
SYNTHETIC_ONLY,demo-nbfc-ev-001,SYN-EV-2W-2025,SYN-A-LN-0016,SYN-A-CO-0016,CO_BORROWER,20372458
SYNTHETIC_ONLY,demo-nbfc-ev-001,SYN-EV-2W-2025,SYN-A-LN-0016,SYN-A-GU-0016,LINKED_PARTY,20372458
SYNTHETIC_ONLY,demo-nbfc-ev-001,SYN-EV-2W-2025,SYN-A-LN-0017,SYN-A-BR-0017,BORROWER,25303580
SYNTHETIC_ONLY,demo-nbfc-ev-001,SYN-EV-2W-2025,SYN-A-LN-0017,SYN-A-CO-0017,CO_BORROWER,25303580
SYNTHETIC_ONLY,demo-nbfc-ev-001,SYN-EV-2W-2025,SYN-A-LN-0017,SYN-A-GU-0017,LINKED_PARTY,25303580
SYNTHETIC_ONLY,demo-nbfc-ev-001,SYN-EV-2W-2025,SYN-A-LN-0018,SYN-A-BR-0018,BORROWER,8961429
SYNTHETIC_ONLY,demo-nbfc-ev-001,SYN-EV-2W-2025,SYN-A-LN-0018,SYN-A-CO-0018,CO_BORROWER,8961429
SYNTHETIC_ONLY,demo-nbfc-ev-001,SYN-EV-2W-2025,SYN-A-LN-0018,SYN-A-GU-0018,LINKED_PARTY,8961429
SYNTHETIC_ONLY,demo-nbfc-ev-001,SYN-EV-2W-2025,SYN-A-LN-0019,SYN-A-BR-0019,BORROWER,12753125
SYNTHETIC_ONLY,demo-nbfc-ev-001,SYN-EV-2W-2025,SYN-A-LN-0019,SYN-A-CO-0019,CO_BORROWER,12753125
SYNTHETIC_ONLY,demo-nbfc-ev-001,SYN-EV-2W-2025,SYN-A-LN-0019,SYN-A-GU-0019,LINKED_PARTY,12753125
SYNTHETIC_ONLY,demo-nbfc-ev-001,SYN-EV-2W-2025,SYN-A-LN-0020,SYN-A-BR-0020,BORROWER,11262848
SYNTHETIC_ONLY,demo-nbfc-ev-001,SYN-EV-2W-2025,SYN-A-LN-0020,SYN-A-CO-0020,CO_BORROWER,11262848
SYNTHETIC_ONLY,demo-nbfc-ev-001,SYN-EV-2W-2025,SYN-A-LN-0020,SYN-A-GU-0020,LINKED_PARTY,11262848
SYNTHETIC_ONLY,demo-nbfc-ev-001,SYN-EV-2W-2025,SYN-A-LN-0021,SYN-A-BR-0021,BORROWER,15822360
SYNTHETIC_ONLY,demo-nbfc-ev-001,SYN-EV-2W-2025,SYN-A-LN-0021,SYN-A-CO-0021,CO_BORROWER,15822360
SYNTHETIC_ONLY,demo-nbfc-ev-001,SYN-EV-2W-2025,SYN-A-LN-0021,SYN-A-GU-0021,LINKED_PARTY,15822360
SYNTHETIC_ONLY,demo-nbfc-ev-001,SYN-EV-2W-2025,SYN-A-LN-0022,SYN-A-BR-0022,BORROWER,14767443
SYNTHETIC_ONLY,demo-nbfc-ev-001,SYN-EV-2W-2025,SYN-A-LN-0022,SYN-A-CO-0022,CO_BORROWER,14767443
SYNTHETIC_ONLY,demo-nbfc-ev-001,SYN-EV-2W-2025,SYN-A-LN-0022,SYN-A-GU-0022,LINKED_PARTY,14767443
SYNTHETIC_ONLY,demo-nbfc-ev-001,SYN-EV-2W-2025,SYN-A-LN-0023,SYN-A-BR-0023,BORROWER,19588899
SYNTHETIC_ONLY,demo-nbfc-ev-001,SYN-EV-2W-2025,SYN-A-LN-0023,SYN-A-CO-0023,CO_BORROWER,19588899
SYNTHETIC_ONLY,demo-nbfc-ev-001,SYN-EV-2W-2025,SYN-A-LN-0023,SYN-A-GU-0023,LINKED_PARTY,19588899
SYNTHETIC_ONLY,demo-nbfc-ev-001,SYN-EV-2W-2025,SYN-A-LN-0024,SYN-A-BR-0024,BORROWER,20078972
SYNTHETIC_ONLY,demo-nbfc-ev-001,SYN-EV-2W-2025,SYN-A-LN-0024,SYN-A-CO-0024,CO_BORROWER,20078972
SYNTHETIC_ONLY,demo-nbfc-ev-001,SYN-EV-2W-2025,SYN-A-LN-0024,SYN-A-GU-0024,LINKED_PARTY,20078972
SYNTHETIC_ONLY,demo-nbfc-ev-001,SYN-EV-2W-2025,SYN-A-LN-0025,SYN-A-BR-0025,BORROWER,23101534
SYNTHETIC_ONLY,demo-nbfc-ev-001,SYN-EV-2W-2025,SYN-A-LN-0025,SYN-A-CO-0025,CO_BORROWER,23101534
SYNTHETIC_ONLY,demo-nbfc-ev-001,SYN-EV-2W-2025,SYN-A-LN-0025,SYN-A-GU-0025,LINKED_PARTY,23101534
SYNTHETIC_ONLY,demo-nbfc-ev-001,SYN-EV-2W-2025,SYN-A-LN-0026,SYN-A-BR-0026,BORROWER,22442084
SYNTHETIC_ONLY,demo-nbfc-ev-001,SYN-EV-2W-2025,SYN-A-LN-0026,SYN-A-CO-0026,CO_BORROWER,22442084
SYNTHETIC_ONLY,demo-nbfc-ev-001,SYN-EV-2W-2025,SYN-A-LN-0026,SYN-A-GU-0026,LINKED_PARTY,22442084
SYNTHETIC_ONLY,demo-nbfc-ev-001,SYN-EV-2W-2025,SYN-A-LN-0027,SYN-A-BR-0027,BORROWER,11026179
SYNTHETIC_ONLY,demo-nbfc-ev-001,SYN-EV-2W-2025,SYN-A-LN-0027,SYN-A-CO-0027,CO_BORROWER,11026179
SYNTHETIC_ONLY,demo-nbfc-ev-001,SYN-EV-2W-2025,SYN-A-LN-0027,SYN-A-GU-0027,LINKED_PARTY,11026179
SYNTHETIC_ONLY,demo-nbfc-ev-001,SYN-EV-2W-2025,SYN-A-LN-0028,SYN-A-BR-0028,BORROWER,9941585
SYNTHETIC_ONLY,demo-nbfc-ev-001,SYN-EV-2W-2025,SYN-A-LN-0028,SYN-A-CO-0028,CO_BORROWER,9941585
SYNTHETIC_ONLY,demo-nbfc-ev-001,SYN-EV-2W-2025,SYN-A-LN-0028,SYN-A-GU-0028,LINKED_PARTY,9941585
SYNTHETIC_ONLY,demo-nbfc-ev-001,SYN-EV-2W-2025,SYN-A-LN-0029,SYN-A-BR-0029,BORROWER,14393917
SYNTHETIC_ONLY,demo-nbfc-ev-001,SYN-EV-2W-2025,SYN-A-LN-0029,SYN-A-CO-0029,CO_BORROWER,14393917
SYNTHETIC_ONLY,demo-nbfc-ev-001,SYN-EV-2W-2025,SYN-A-LN-0029,SYN-A-GU-0029,LINKED_PARTY,14393917
SYNTHETIC_ONLY,demo-nbfc-ev-001,SYN-EV-2W-2025,SYN-A-LN-0030,SYN-A-BR-0030,BORROWER,14670233
SYNTHETIC_ONLY,demo-nbfc-ev-001,SYN-EV-2W-2025,SYN-A-LN-0030,SYN-A-CO-0030,CO_BORROWER,14670233
SYNTHETIC_ONLY,demo-nbfc-ev-001,SYN-EV-2W-2025,SYN-A-LN-0030,SYN-A-GU-0030,LINKED_PARTY,14670233
SYNTHETIC_ONLY,demo-nbfc-ev-001,SYN-EV-2W-2025,SYN-A-LN-0031,SYN-A-BR-0031,BORROWER,17575449
SYNTHETIC_ONLY,demo-nbfc-ev-001,SYN-EV-2W-2025,SYN-A-LN-0031,SYN-A-CO-0031,CO_BORROWER,17575449
SYNTHETIC_ONLY,demo-nbfc-ev-001,SYN-EV-2W-2025,SYN-A-LN-0031,SYN-A-GU-0031,LINKED_PARTY,17575449
SYNTHETIC_ONLY,demo-nbfc-ev-001,SYN-EV-2W-2025,SYN-A-LN-0032,SYN-A-BR-0032,BORROWER,16580430
SYNTHETIC_ONLY,demo-nbfc-ev-001,SYN-EV-2W-2025,SYN-A-LN-0032,SYN-A-CO-0032,CO_BORROWER,16580430
SYNTHETIC_ONLY,demo-nbfc-ev-001,SYN-EV-2W-2025,SYN-A-LN-0032,SYN-A-GU-0032,LINKED_PARTY,16580430
SYNTHETIC_ONLY,demo-nbfc-ev-001,SYN-EV-2W-2025,SYN-A-LN-0033,SYN-A-BR-0033,BORROWER,21469901
SYNTHETIC_ONLY,demo-nbfc-ev-001,SYN-EV-2W-2025,SYN-A-LN-0033,SYN-A-CO-0033,CO_BORROWER,21469901
SYNTHETIC_ONLY,demo-nbfc-ev-001,SYN-EV-2W-2025,SYN-A-LN-0033,SYN-A-GU-0033,LINKED_PARTY,21469901
SYNTHETIC_ONLY,demo-nbfc-ev-001,SYN-EV-2W-2025,SYN-A-LN-0034,SYN-A-BR-0034,BORROWER,20657394
SYNTHETIC_ONLY,demo-nbfc-ev-001,SYN-EV-2W-2025,SYN-A-LN-0034,SYN-A-CO-0034,CO_BORROWER,20657394
SYNTHETIC_ONLY,demo-nbfc-ev-001,SYN-EV-2W-2025,SYN-A-LN-0034,SYN-A-GU-0034,LINKED_PARTY,20657394
SYNTHETIC_ONLY,demo-nbfc-ev-001,SYN-EV-2W-2025,SYN-A-LN-0035,SYN-A-BR-0035,BORROWER,25097573
SYNTHETIC_ONLY,demo-nbfc-ev-001,SYN-EV-2W-2025,SYN-A-LN-0035,SYN-A-CO-0035,CO_BORROWER,25097573
SYNTHETIC_ONLY,demo-nbfc-ev-001,SYN-EV-2W-2025,SYN-A-LN-0035,SYN-A-GU-0035,LINKED_PARTY,25097573
SYNTHETIC_ONLY,demo-nbfc-ev-001,SYN-EV-2W-2025,SYN-A-LN-0036,SYN-A-BR-0036,BORROWER,8838563
SYNTHETIC_ONLY,demo-nbfc-ev-001,SYN-EV-2W-2025,SYN-A-LN-0036,SYN-A-CO-0036,CO_BORROWER,8838563
SYNTHETIC_ONLY,demo-nbfc-ev-001,SYN-EV-2W-2025,SYN-A-LN-0036,SYN-A-GU-0036,LINKED_PARTY,8838563
SYNTHETIC_ONLY,demo-nbfc-ev-001,SYN-EV-2W-2025,SYN-A-LN-0037,SYN-A-BR-0037,BORROWER,12590638
SYNTHETIC_ONLY,demo-nbfc-ev-001,SYN-EV-2W-2025,SYN-A-LN-0037,SYN-A-CO-0037,CO_BORROWER,12590638
SYNTHETIC_ONLY,demo-nbfc-ev-001,SYN-EV-2W-2025,SYN-A-LN-0037,SYN-A-GU-0037,LINKED_PARTY,12590638
SYNTHETIC_ONLY,demo-nbfc-ev-001,SYN-EV-2W-2025,SYN-A-LN-0038,SYN-A-BR-0038,BORROWER,11486454
SYNTHETIC_ONLY,demo-nbfc-ev-001,SYN-EV-2W-2025,SYN-A-LN-0038,SYN-A-CO-0038,CO_BORROWER,11486454
SYNTHETIC_ONLY,demo-nbfc-ev-001,SYN-EV-2W-2025,SYN-A-LN-0038,SYN-A-GU-0038,LINKED_PARTY,11486454
SYNTHETIC_ONLY,demo-nbfc-ev-001,SYN-EV-2W-2025,SYN-A-LN-0039,SYN-A-BR-0039,BORROWER,16097358
SYNTHETIC_ONLY,demo-nbfc-ev-001,SYN-EV-2W-2025,SYN-A-LN-0039,SYN-A-CO-0039,CO_BORROWER,16097358
SYNTHETIC_ONLY,demo-nbfc-ev-001,SYN-EV-2W-2025,SYN-A-LN-0039,SYN-A-GU-0039,LINKED_PARTY,16097358
SYNTHETIC_ONLY,demo-nbfc-ev-001,SYN-EV-2W-2025,SYN-A-LN-0040,SYN-A-BR-0040,BORROWER,14596421
SYNTHETIC_ONLY,demo-nbfc-ev-001,SYN-EV-2W-2025,SYN-A-LN-0040,SYN-A-CO-0040,CO_BORROWER,14596421
SYNTHETIC_ONLY,demo-nbfc-ev-001,SYN-EV-2W-2025,SYN-A-LN-0040,SYN-A-GU-0040,LINKED_PARTY,14596421
SYNTHETIC_ONLY,demo-nbfc-ev-001,SYN-EV-2W-2025,SYN-A-LN-0041,SYN-A-BR-0041,BORROWER,19391046
SYNTHETIC_ONLY,demo-nbfc-ev-001,SYN-EV-2W-2025,SYN-A-LN-0041,SYN-A-CO-0041,CO_BORROWER,19391046
SYNTHETIC_ONLY,demo-nbfc-ev-001,SYN-EV-2W-2025,SYN-A-LN-0041,SYN-A-GU-0041,LINKED_PARTY,19391046
SYNTHETIC_ONLY,demo-nbfc-ev-001,SYN-EV-2W-2025,SYN-A-LN-0042,SYN-A-BR-0042,BORROWER,19909386
SYNTHETIC_ONLY,demo-nbfc-ev-001,SYN-EV-2W-2025,SYN-A-LN-0042,SYN-A-CO-0042,CO_BORROWER,19909386
SYNTHETIC_ONLY,demo-nbfc-ev-001,SYN-EV-2W-2025,SYN-A-LN-0042,SYN-A-GU-0042,LINKED_PARTY,19909386
SYNTHETIC_ONLY,demo-nbfc-ev-001,SYN-EV-2W-2025,SYN-A-LN-0043,SYN-A-BR-0043,BORROWER,23409018
SYNTHETIC_ONLY,demo-nbfc-ev-001,SYN-EV-2W-2025,SYN-A-LN-0043,SYN-A-CO-0043,CO_BORROWER,23409018
SYNTHETIC_ONLY,demo-nbfc-ev-001,SYN-EV-2W-2025,SYN-A-LN-0043,SYN-A-GU-0043,LINKED_PARTY,23409018
SYNTHETIC_ONLY,demo-nbfc-ev-001,SYN-EV-2W-2025,SYN-A-LN-0044,SYN-A-BR-0044,BORROWER,22730911
SYNTHETIC_ONLY,demo-nbfc-ev-001,SYN-EV-2W-2025,SYN-A-LN-0044,SYN-A-CO-0044,CO_BORROWER,22730911
SYNTHETIC_ONLY,demo-nbfc-ev-001,SYN-EV-2W-2025,SYN-A-LN-0044,SYN-A-GU-0044,LINKED_PARTY,22730911
SYNTHETIC_ONLY,demo-nbfc-ev-001,SYN-EV-2W-2025,SYN-A-LN-0045,SYN-A-BR-0045,BORROWER,10874071
SYNTHETIC_ONLY,demo-nbfc-ev-001,SYN-EV-2W-2025,SYN-A-LN-0045,SYN-A-CO-0045,CO_BORROWER,10874071
SYNTHETIC_ONLY,demo-nbfc-ev-001,SYN-EV-2W-2025,SYN-A-LN-0045,SYN-A-GU-0045,LINKED_PARTY,10874071
SYNTHETIC_ONLY,demo-nbfc-ev-001,SYN-EV-2W-2025,SYN-A-LN-0046,SYN-A-BR-0046,BORROWER,9805281
SYNTHETIC_ONLY,demo-nbfc-ev-001,SYN-EV-2W-2025,SYN-A-LN-0046,SYN-A-CO-0046,CO_BORROWER,9805281
SYNTHETIC_ONLY,demo-nbfc-ev-001,SYN-EV-2W-2025,SYN-A-LN-0046,SYN-A-GU-0046,LINKED_PARTY,9805281
SYNTHETIC_ONLY,demo-nbfc-ev-001,SYN-EV-2W-2025,SYN-A-LN-0047,SYN-A-BR-0047,BORROWER,14220600
SYNTHETIC_ONLY,demo-nbfc-ev-001,SYN-EV-2W-2025,SYN-A-LN-0047,SYN-A-CO-0047,CO_BORROWER,14220600
SYNTHETIC_ONLY,demo-nbfc-ev-001,SYN-EV-2W-2025,SYN-A-LN-0047,SYN-A-GU-0047,LINKED_PARTY,14220600
SYNTHETIC_ONLY,demo-nbfc-ev-001,SYN-EV-2W-2025,SYN-A-LN-0048,SYN-A-BR-0048,BORROWER,14894091
SYNTHETIC_ONLY,demo-nbfc-ev-001,SYN-EV-2W-2025,SYN-A-LN-0048,SYN-A-CO-0048,CO_BORROWER,14894091
SYNTHETIC_ONLY,demo-nbfc-ev-001,SYN-EV-2W-2025,SYN-A-LN-0048,SYN-A-GU-0048,LINKED_PARTY,14894091
SYNTHETIC_ONLY,demo-nbfc-ev-001,SYN-EV-2W-2025,SYN-A-LN-0049,SYN-A-BR-0049,BORROWER,17862019
SYNTHETIC_ONLY,demo-nbfc-ev-001,SYN-EV-2W-2025,SYN-A-LN-0049,SYN-A-CO-0049,CO_BORROWER,17862019
SYNTHETIC_ONLY,demo-nbfc-ev-001,SYN-EV-2W-2025,SYN-A-LN-0049,SYN-A-GU-0049,LINKED_PARTY,17862019
SYNTHETIC_ONLY,demo-nbfc-ev-001,SYN-EV-2W-2025,SYN-A-LN-0050,SYN-A-BR-0050,BORROWER,16400763
SYNTHETIC_ONLY,demo-nbfc-ev-001,SYN-EV-2W-2025,SYN-A-LN-0050,SYN-A-CO-0050,CO_BORROWER,16400763
SYNTHETIC_ONLY,demo-nbfc-ev-001,SYN-EV-2W-2025,SYN-A-LN-0050,SYN-A-GU-0050,LINKED_PARTY,16400763
SYNTHETIC_ONLY,demo-nbfc-ev-001,SYN-EV-2W-2025,SYN-A-LN-0051,SYN-A-BR-0051,BORROWER,21267965
SYNTHETIC_ONLY,demo-nbfc-ev-001,SYN-EV-2W-2025,SYN-A-LN-0051,SYN-A-CO-0051,CO_BORROWER,21267965
SYNTHETIC_ONLY,demo-nbfc-ev-001,SYN-EV-2W-2025,SYN-A-LN-0051,SYN-A-GU-0051,LINKED_PARTY,21267965
SYNTHETIC_ONLY,demo-nbfc-ev-001,SYN-EV-2W-2025,SYN-A-LN-0052,SYN-A-BR-0052,BORROWER,20467945
SYNTHETIC_ONLY,demo-nbfc-ev-001,SYN-EV-2W-2025,SYN-A-LN-0052,SYN-A-CO-0052,CO_BORROWER,20467945
SYNTHETIC_ONLY,demo-nbfc-ev-001,SYN-EV-2W-2025,SYN-A-LN-0052,SYN-A-GU-0052,LINKED_PARTY,20467945
SYNTHETIC_ONLY,demo-nbfc-ev-001,SYN-EV-2W-2025,SYN-A-LN-0053,SYN-A-BR-0053,BORROWER,25404987
SYNTHETIC_ONLY,demo-nbfc-ev-001,SYN-EV-2W-2025,SYN-A-LN-0053,SYN-A-CO-0053,CO_BORROWER,25404987
SYNTHETIC_ONLY,demo-nbfc-ev-001,SYN-EV-2W-2025,SYN-A-LN-0053,SYN-A-GU-0053,LINKED_PARTY,25404987
SYNTHETIC_ONLY,demo-nbfc-ev-001,SYN-EV-2W-2025,SYN-A-LN-0054,SYN-A-BR-0054,BORROWER,9022669
SYNTHETIC_ONLY,demo-nbfc-ev-001,SYN-EV-2W-2025,SYN-A-LN-0054,SYN-A-CO-0054,CO_BORROWER,9022669
SYNTHETIC_ONLY,demo-nbfc-ev-001,SYN-EV-2W-2025,SYN-A-LN-0054,SYN-A-GU-0054,LINKED_PARTY,9022669
SYNTHETIC_ONLY,demo-nbfc-ev-001,SYN-EV-2W-2025,SYN-A-LN-0055,SYN-A-BR-0055,BORROWER,12425969
SYNTHETIC_ONLY,demo-nbfc-ev-001,SYN-EV-2W-2025,SYN-A-LN-0055,SYN-A-CO-0055,CO_BORROWER,12425969
SYNTHETIC_ONLY,demo-nbfc-ev-001,SYN-EV-2W-2025,SYN-A-LN-0055,SYN-A-GU-0055,LINKED_PARTY,12425969
SYNTHETIC_ONLY,demo-nbfc-ev-001,SYN-EV-2W-2025,SYN-A-LN-0056,SYN-A-BR-0056,BORROWER,11337571
SYNTHETIC_ONLY,demo-nbfc-ev-001,SYN-EV-2W-2025,SYN-A-LN-0056,SYN-A-CO-0056,CO_BORROWER,11337571
SYNTHETIC_ONLY,demo-nbfc-ev-001,SYN-EV-2W-2025,SYN-A-LN-0056,SYN-A-GU-0056,LINKED_PARTY,11337571
SYNTHETIC_ONLY,demo-nbfc-ev-001,SYN-EV-2W-2025,SYN-A-LN-0057,SYN-A-BR-0057,BORROWER,15914744
SYNTHETIC_ONLY,demo-nbfc-ev-001,SYN-EV-2W-2025,SYN-A-LN-0057,SYN-A-CO-0057,CO_BORROWER,15914744
SYNTHETIC_ONLY,demo-nbfc-ev-001,SYN-EV-2W-2025,SYN-A-LN-0057,SYN-A-GU-0057,LINKED_PARTY,15914744
SYNTHETIC_ONLY,demo-nbfc-ev-001,SYN-EV-2W-2025,SYN-A-LN-0058,SYN-A-BR-0058,BORROWER,14852488
SYNTHETIC_ONLY,demo-nbfc-ev-001,SYN-EV-2W-2025,SYN-A-LN-0058,SYN-A-CO-0058,CO_BORROWER,14852488
SYNTHETIC_ONLY,demo-nbfc-ev-001,SYN-EV-2W-2025,SYN-A-LN-0058,SYN-A-GU-0058,LINKED_PARTY,14852488
SYNTHETIC_ONLY,demo-nbfc-ev-001,SYN-EV-2W-2025,SYN-A-LN-0059,SYN-A-BR-0059,BORROWER,19686503
SYNTHETIC_ONLY,demo-nbfc-ev-001,SYN-EV-2W-2025,SYN-A-LN-0059,SYN-A-CO-0059,CO_BORROWER,19686503
SYNTHETIC_ONLY,demo-nbfc-ev-001,SYN-EV-2W-2025,SYN-A-LN-0059,SYN-A-GU-0059,LINKED_PARTY,19686503
SYNTHETIC_ONLY,demo-nbfc-ev-001,SYN-EV-2W-2025,SYN-A-LN-0060,SYN-A-BR-0060,BORROWER,19737803
SYNTHETIC_ONLY,demo-nbfc-ev-001,SYN-EV-2W-2025,SYN-A-LN-0060,SYN-A-CO-0060,CO_BORROWER,19737803
SYNTHETIC_ONLY,demo-nbfc-ev-001,SYN-EV-2W-2025,SYN-A-LN-0060,SYN-A-GU-0060,LINKED_PARTY,19737803
SYNTHETIC_ONLY,demo-nbfc-ev-001,SYN-EV-2W-2025,SYN-A-LN-0061,SYN-A-BR-0061,BORROWER,23205035
SYNTHETIC_ONLY,demo-nbfc-ev-001,SYN-EV-2W-2025,SYN-A-LN-0061,SYN-A-CO-0061,CO_BORROWER,23205035
SYNTHETIC_ONLY,demo-nbfc-ev-001,SYN-EV-2W-2025,SYN-A-LN-0061,SYN-A-GU-0061,LINKED_PARTY,23205035
SYNTHETIC_ONLY,demo-nbfc-ev-001,SYN-EV-2W-2025,SYN-A-LN-0062,SYN-A-BR-0062,BORROWER,22538928
SYNTHETIC_ONLY,demo-nbfc-ev-001,SYN-EV-2W-2025,SYN-A-LN-0062,SYN-A-CO-0062,CO_BORROWER,22538928
SYNTHETIC_ONLY,demo-nbfc-ev-001,SYN-EV-2W-2025,SYN-A-LN-0062,SYN-A-GU-0062,LINKED_PARTY,22538928
SYNTHETIC_ONLY,demo-nbfc-ev-001,SYN-EV-2W-2025,SYN-A-LN-0063,SYN-A-BR-0063,BORROWER,11101545
SYNTHETIC_ONLY,demo-nbfc-ev-001,SYN-EV-2W-2025,SYN-A-LN-0063,SYN-A-CO-0063,CO_BORROWER,11101545
SYNTHETIC_ONLY,demo-nbfc-ev-001,SYN-EV-2W-2025,SYN-A-LN-0063,SYN-A-GU-0063,LINKED_PARTY,11101545
SYNTHETIC_ONLY,demo-nbfc-ev-001,SYN-EV-2W-2025,SYN-A-LN-0064,SYN-A-BR-0064,BORROWER,10009523
SYNTHETIC_ONLY,demo-nbfc-ev-001,SYN-EV-2W-2025,SYN-A-LN-0064,SYN-A-CO-0064,CO_BORROWER,10009523
SYNTHETIC_ONLY,demo-nbfc-ev-001,SYN-EV-2W-2025,SYN-A-LN-0064,SYN-A-GU-0064,LINKED_PARTY,10009523
SYNTHETIC_ONLY,demo-nbfc-ev-001,SYN-EV-2W-2025,SYN-A-LN-0065,SYN-A-BR-0065,BORROWER,14044763
SYNTHETIC_ONLY,demo-nbfc-ev-001,SYN-EV-2W-2025,SYN-A-LN-0065,SYN-A-CO-0065,CO_BORROWER,14044763
SYNTHETIC_ONLY,demo-nbfc-ev-001,SYN-EV-2W-2025,SYN-A-LN-0065,SYN-A-GU-0065,LINKED_PARTY,14044763
SYNTHETIC_ONLY,demo-nbfc-ev-001,SYN-EV-2W-2025,SYN-A-LN-0066,SYN-A-BR-0066,BORROWER,14745204
SYNTHETIC_ONLY,demo-nbfc-ev-001,SYN-EV-2W-2025,SYN-A-LN-0066,SYN-A-CO-0066,CO_BORROWER,14745204
SYNTHETIC_ONLY,demo-nbfc-ev-001,SYN-EV-2W-2025,SYN-A-LN-0066,SYN-A-GU-0066,LINKED_PARTY,14745204
SYNTHETIC_ONLY,demo-nbfc-ev-001,SYN-EV-2W-2025,SYN-A-LN-0067,SYN-A-BR-0067,BORROWER,17671772
SYNTHETIC_ONLY,demo-nbfc-ev-001,SYN-EV-2W-2025,SYN-A-LN-0067,SYN-A-CO-0067,CO_BORROWER,17671772
SYNTHETIC_ONLY,demo-nbfc-ev-001,SYN-EV-2W-2025,SYN-A-LN-0067,SYN-A-GU-0067,LINKED_PARTY,17671772
SYNTHETIC_ONLY,demo-nbfc-ev-001,SYN-EV-2W-2025,SYN-A-LN-0068,SYN-A-BR-0068,BORROWER,16669701
SYNTHETIC_ONLY,demo-nbfc-ev-001,SYN-EV-2W-2025,SYN-A-LN-0068,SYN-A-CO-0068,CO_BORROWER,16669701
SYNTHETIC_ONLY,demo-nbfc-ev-001,SYN-EV-2W-2025,SYN-A-LN-0068,SYN-A-GU-0068,LINKED_PARTY,16669701
SYNTHETIC_ONLY,demo-nbfc-ev-001,SYN-EV-2W-2025,SYN-A-LN-0069,SYN-A-BR-0069,BORROWER,21569439
SYNTHETIC_ONLY,demo-nbfc-ev-001,SYN-EV-2W-2025,SYN-A-LN-0069,SYN-A-CO-0069,CO_BORROWER,21569439
SYNTHETIC_ONLY,demo-nbfc-ev-001,SYN-EV-2W-2025,SYN-A-LN-0069,SYN-A-GU-0069,LINKED_PARTY,21569439
SYNTHETIC_ONLY,demo-nbfc-ev-001,SYN-EV-2W-2025,SYN-A-LN-0070,SYN-A-BR-0070,BORROWER,20276473
SYNTHETIC_ONLY,demo-nbfc-ev-001,SYN-EV-2W-2025,SYN-A-LN-0070,SYN-A-CO-0070,CO_BORROWER,20276473
SYNTHETIC_ONLY,demo-nbfc-ev-001,SYN-EV-2W-2025,SYN-A-LN-0070,SYN-A-GU-0070,LINKED_PARTY,20276473
SYNTHETIC_ONLY,demo-nbfc-ev-001,SYN-EV-2W-2025,SYN-A-LN-0071,SYN-A-BR-0071,BORROWER,25201106
SYNTHETIC_ONLY,demo-nbfc-ev-001,SYN-EV-2W-2025,SYN-A-LN-0071,SYN-A-CO-0071,CO_BORROWER,25201106
SYNTHETIC_ONLY,demo-nbfc-ev-001,SYN-EV-2W-2025,SYN-A-LN-0071,SYN-A-GU-0071,LINKED_PARTY,25201106
SYNTHETIC_ONLY,demo-nbfc-ev-001,SYN-EV-2W-2025,SYN-A-LN-0072,SYN-A-BR-0072,BORROWER,8900058
SYNTHETIC_ONLY,demo-nbfc-ev-001,SYN-EV-2W-2025,SYN-A-LN-0072,SYN-A-CO-0072,CO_BORROWER,8900058
SYNTHETIC_ONLY,demo-nbfc-ev-001,SYN-EV-2W-2025,SYN-A-LN-0072,SYN-A-GU-0072,LINKED_PARTY,8900058
SYNTHETIC_ONLY,demo-nbfc-ev-001,SYN-EV-2W-2025,SYN-A-LN-0073,SYN-A-BR-0073,BORROWER,12672160
SYNTHETIC_ONLY,demo-nbfc-ev-001,SYN-EV-2W-2025,SYN-A-LN-0073,SYN-A-CO-0073,CO_BORROWER,12672160
SYNTHETIC_ONLY,demo-nbfc-ev-001,SYN-EV-2W-2025,SYN-A-LN-0073,SYN-A-GU-0073,LINKED_PARTY,12672160
SYNTHETIC_ONLY,demo-nbfc-ev-001,SYN-EV-2W-2025,SYN-A-LN-0074,SYN-A-BR-0074,BORROWER,11560602
SYNTHETIC_ONLY,demo-nbfc-ev-001,SYN-EV-2W-2025,SYN-A-LN-0074,SYN-A-CO-0074,CO_BORROWER,11560602
SYNTHETIC_ONLY,demo-nbfc-ev-001,SYN-EV-2W-2025,SYN-A-LN-0074,SYN-A-GU-0074,LINKED_PARTY,11560602
SYNTHETIC_ONLY,demo-nbfc-ev-001,SYN-EV-2W-2025,SYN-A-LN-0075,SYN-A-BR-0075,BORROWER,15729274
SYNTHETIC_ONLY,demo-nbfc-ev-001,SYN-EV-2W-2025,SYN-A-LN-0075,SYN-A-CO-0075,CO_BORROWER,15729274
SYNTHETIC_ONLY,demo-nbfc-ev-001,SYN-EV-2W-2025,SYN-A-LN-0075,SYN-A-GU-0075,LINKED_PARTY,15729274
SYNTHETIC_ONLY,demo-nbfc-ev-001,SYN-EV-2W-2025,SYN-A-LN-0076,SYN-A-BR-0076,BORROWER,14682085
SYNTHETIC_ONLY,demo-nbfc-ev-001,SYN-EV-2W-2025,SYN-A-LN-0076,SYN-A-CO-0076,CO_BORROWER,14682085
SYNTHETIC_ONLY,demo-nbfc-ev-001,SYN-EV-2W-2025,SYN-A-LN-0076,SYN-A-GU-0076,LINKED_PARTY,14682085
SYNTHETIC_ONLY,demo-nbfc-ev-001,SYN-EV-2W-2025,SYN-A-LN-0077,SYN-A-BR-0077,BORROWER,19490410
SYNTHETIC_ONLY,demo-nbfc-ev-001,SYN-EV-2W-2025,SYN-A-LN-0077,SYN-A-CO-0077,CO_BORROWER,19490410
SYNTHETIC_ONLY,demo-nbfc-ev-001,SYN-EV-2W-2025,SYN-A-LN-0077,SYN-A-GU-0077,LINKED_PARTY,19490410
SYNTHETIC_ONLY,demo-nbfc-ev-001,SYN-EV-2W-2025,SYN-A-LN-0078,SYN-A-BR-0078,BORROWER,19994431
SYNTHETIC_ONLY,demo-nbfc-ev-001,SYN-EV-2W-2025,SYN-A-LN-0078,SYN-A-CO-0078,CO_BORROWER,19994431
SYNTHETIC_ONLY,demo-nbfc-ev-001,SYN-EV-2W-2025,SYN-A-LN-0078,SYN-A-GU-0078,LINKED_PARTY,19994431
SYNTHETIC_ONLY,demo-nbfc-ev-001,SYN-EV-2W-2025,SYN-A-LN-0079,SYN-A-BR-0079,BORROWER,23509485
SYNTHETIC_ONLY,demo-nbfc-ev-001,SYN-EV-2W-2025,SYN-A-LN-0079,SYN-A-CO-0079,CO_BORROWER,23509485
SYNTHETIC_ONLY,demo-nbfc-ev-001,SYN-EV-2W-2025,SYN-A-LN-0079,SYN-A-GU-0079,LINKED_PARTY,23509485
SYNTHETIC_ONLY,demo-nbfc-ev-001,SYN-EV-2W-2025,SYN-A-LN-0080,SYN-A-BR-0080,BORROWER,22344683
SYNTHETIC_ONLY,demo-nbfc-ev-001,SYN-EV-2W-2025,SYN-A-LN-0080,SYN-A-CO-0080,CO_BORROWER,22344683
SYNTHETIC_ONLY,demo-nbfc-ev-001,SYN-EV-2W-2025,SYN-A-LN-0080,SYN-A-GU-0080,LINKED_PARTY,22344683
SYNTHETIC_ONLY,demo-nbfc-ev-001,SYN-EV-2W-2025,SYN-A-LN-0081,SYN-A-BR-0081,BORROWER,10950350
SYNTHETIC_ONLY,demo-nbfc-ev-001,SYN-EV-2W-2025,SYN-A-LN-0081,SYN-A-CO-0081,CO_BORROWER,10950350
SYNTHETIC_ONLY,demo-nbfc-ev-001,SYN-EV-2W-2025,SYN-A-LN-0081,SYN-A-GU-0081,LINKED_PARTY,10950350
SYNTHETIC_ONLY,demo-nbfc-ev-001,SYN-EV-2W-2025,SYN-A-LN-0082,SYN-A-BR-0082,BORROWER,9873502
SYNTHETIC_ONLY,demo-nbfc-ev-001,SYN-EV-2W-2025,SYN-A-LN-0082,SYN-A-CO-0082,CO_BORROWER,9873502
SYNTHETIC_ONLY,demo-nbfc-ev-001,SYN-EV-2W-2025,SYN-A-LN-0082,SYN-A-GU-0082,LINKED_PARTY,9873502
SYNTHETIC_ONLY,demo-nbfc-ev-001,SYN-EV-2W-2025,SYN-A-LN-0083,SYN-A-BR-0083,BORROWER,14307579
SYNTHETIC_ONLY,demo-nbfc-ev-001,SYN-EV-2W-2025,SYN-A-LN-0083,SYN-A-CO-0083,CO_BORROWER,14307579
SYNTHETIC_ONLY,demo-nbfc-ev-001,SYN-EV-2W-2025,SYN-A-LN-0083,SYN-A-GU-0083,LINKED_PARTY,14307579
SYNTHETIC_ONLY,demo-nbfc-ev-001,SYN-EV-2W-2025,SYN-A-LN-0084,SYN-A-BR-0084,BORROWER,14967997
SYNTHETIC_ONLY,demo-nbfc-ev-001,SYN-EV-2W-2025,SYN-A-LN-0084,SYN-A-CO-0084,CO_BORROWER,14967997
SYNTHETIC_ONLY,demo-nbfc-ev-001,SYN-EV-2W-2025,SYN-A-LN-0084,SYN-A-GU-0084,LINKED_PARTY,14967997
SYNTHETIC_ONLY,demo-nbfc-ev-001,SYN-EV-2W-2025,SYN-A-LN-0085,SYN-A-BR-0085,BORROWER,17478340
SYNTHETIC_ONLY,demo-nbfc-ev-001,SYN-EV-2W-2025,SYN-A-LN-0085,SYN-A-CO-0085,CO_BORROWER,17478340
SYNTHETIC_ONLY,demo-nbfc-ev-001,SYN-EV-2W-2025,SYN-A-LN-0085,SYN-A-GU-0085,LINKED_PARTY,17478340
SYNTHETIC_ONLY,demo-nbfc-ev-001,SYN-EV-2W-2025,SYN-A-LN-0086,SYN-A-BR-0086,BORROWER,16490782
SYNTHETIC_ONLY,demo-nbfc-ev-001,SYN-EV-2W-2025,SYN-A-LN-0086,SYN-A-CO-0086,CO_BORROWER,16490782
SYNTHETIC_ONLY,demo-nbfc-ev-001,SYN-EV-2W-2025,SYN-A-LN-0086,SYN-A-GU-0086,LINKED_PARTY,16490782
SYNTHETIC_ONLY,demo-nbfc-ev-001,SYN-EV-2W-2025,SYN-A-LN-0087,SYN-A-BR-0087,BORROWER,21369407
SYNTHETIC_ONLY,demo-nbfc-ev-001,SYN-EV-2W-2025,SYN-A-LN-0087,SYN-A-CO-0087,CO_BORROWER,21369407
SYNTHETIC_ONLY,demo-nbfc-ev-001,SYN-EV-2W-2025,SYN-A-LN-0087,SYN-A-GU-0087,LINKED_PARTY,21369407
SYNTHETIC_ONLY,demo-nbfc-ev-001,SYN-EV-2W-2025,SYN-A-LN-0088,SYN-A-BR-0088,BORROWER,20562926
SYNTHETIC_ONLY,demo-nbfc-ev-001,SYN-EV-2W-2025,SYN-A-LN-0088,SYN-A-CO-0088,CO_BORROWER,20562926
SYNTHETIC_ONLY,demo-nbfc-ev-001,SYN-EV-2W-2025,SYN-A-LN-0088,SYN-A-GU-0088,LINKED_PARTY,20562926
SYNTHETIC_ONLY,demo-nbfc-ev-001,SYN-EV-2W-2025,SYN-A-LN-0089,SYN-A-BR-0089,BORROWER,25505323
SYNTHETIC_ONLY,demo-nbfc-ev-001,SYN-EV-2W-2025,SYN-A-LN-0089,SYN-A-CO-0089,CO_BORROWER,25505323
SYNTHETIC_ONLY,demo-nbfc-ev-001,SYN-EV-2W-2025,SYN-A-LN-0089,SYN-A-GU-0089,LINKED_PARTY,25505323
SYNTHETIC_ONLY,demo-nbfc-ev-001,SYN-EV-2W-2025,SYN-A-LN-0090,SYN-A-BR-0090,BORROWER,8776950
SYNTHETIC_ONLY,demo-nbfc-ev-001,SYN-EV-2W-2025,SYN-A-LN-0090,SYN-A-CO-0090,CO_BORROWER,8776950
SYNTHETIC_ONLY,demo-nbfc-ev-001,SYN-EV-2W-2025,SYN-A-LN-0090,SYN-A-GU-0090,LINKED_PARTY,8776950
SYNTHETIC_ONLY,demo-nbfc-ev-001,SYN-EV-2W-2025,SYN-A-LN-0091,SYN-A-BR-0091,BORROWER,12508571
SYNTHETIC_ONLY,demo-nbfc-ev-001,SYN-EV-2W-2025,SYN-A-LN-0091,SYN-A-CO-0091,CO_BORROWER,12508571
SYNTHETIC_ONLY,demo-nbfc-ev-001,SYN-EV-2W-2025,SYN-A-LN-0091,SYN-A-GU-0091,LINKED_PARTY,12508571
SYNTHETIC_ONLY,demo-nbfc-ev-001,SYN-EV-2W-2025,SYN-A-LN-0092,SYN-A-BR-0092,BORROWER,11412108
SYNTHETIC_ONLY,demo-nbfc-ev-001,SYN-EV-2W-2025,SYN-A-LN-0092,SYN-A-CO-0092,CO_BORROWER,11412108
SYNTHETIC_ONLY,demo-nbfc-ev-001,SYN-EV-2W-2025,SYN-A-LN-0092,SYN-A-GU-0092,LINKED_PARTY,11412108
SYNTHETIC_ONLY,demo-nbfc-ev-001,SYN-EV-2W-2025,SYN-A-LN-0093,SYN-A-BR-0093,BORROWER,16006414
SYNTHETIC_ONLY,demo-nbfc-ev-001,SYN-EV-2W-2025,SYN-A-LN-0093,SYN-A-CO-0093,CO_BORROWER,16006414
SYNTHETIC_ONLY,demo-nbfc-ev-001,SYN-EV-2W-2025,SYN-A-LN-0093,SYN-A-GU-0093,LINKED_PARTY,16006414
SYNTHETIC_ONLY,demo-nbfc-ev-001,SYN-EV-2W-2025,SYN-A-LN-0094,SYN-A-BR-0094,BORROWER,14937213
SYNTHETIC_ONLY,demo-nbfc-ev-001,SYN-EV-2W-2025,SYN-A-LN-0094,SYN-A-CO-0094,CO_BORROWER,14937213
SYNTHETIC_ONLY,demo-nbfc-ev-001,SYN-EV-2W-2025,SYN-A-LN-0094,SYN-A-GU-0094,LINKED_PARTY,14937213
SYNTHETIC_ONLY,demo-nbfc-ev-001,SYN-EV-2W-2025,SYN-A-LN-0095,SYN-A-BR-0095,BORROWER,19290819
SYNTHETIC_ONLY,demo-nbfc-ev-001,SYN-EV-2W-2025,SYN-A-LN-0095,SYN-A-CO-0095,CO_BORROWER,19290819
SYNTHETIC_ONLY,demo-nbfc-ev-001,SYN-EV-2W-2025,SYN-A-LN-0095,SYN-A-GU-0095,LINKED_PARTY,19290819
SYNTHETIC_ONLY,demo-nbfc-ev-001,SYN-EV-2W-2025,SYN-A-LN-0096,SYN-A-BR-0096,BORROWER,19823841
SYNTHETIC_ONLY,demo-nbfc-ev-001,SYN-EV-2W-2025,SYN-A-LN-0096,SYN-A-CO-0096,CO_BORROWER,19823841
SYNTHETIC_ONLY,demo-nbfc-ev-001,SYN-EV-2W-2025,SYN-A-LN-0096,SYN-A-GU-0096,LINKED_PARTY,19823841
SYNTHETIC_ONLY,demo-nbfc-ev-001,SYN-EV-2W-2025,SYN-A-LN-0097,SYN-A-BR-0097,BORROWER,23307532
SYNTHETIC_ONLY,demo-nbfc-ev-001,SYN-EV-2W-2025,SYN-A-LN-0097,SYN-A-CO-0097,CO_BORROWER,23307532
SYNTHETIC_ONLY,demo-nbfc-ev-001,SYN-EV-2W-2025,SYN-A-LN-0097,SYN-A-GU-0097,LINKED_PARTY,23307532
SYNTHETIC_ONLY,demo-nbfc-ev-001,SYN-EV-2W-2025,SYN-A-LN-0098,SYN-A-BR-0098,BORROWER,22635206
SYNTHETIC_ONLY,demo-nbfc-ev-001,SYN-EV-2W-2025,SYN-A-LN-0098,SYN-A-CO-0098,CO_BORROWER,22635206
SYNTHETIC_ONLY,demo-nbfc-ev-001,SYN-EV-2W-2025,SYN-A-LN-0098,SYN-A-GU-0098,LINKED_PARTY,22635206
SYNTHETIC_ONLY,demo-nbfc-ev-001,SYN-EV-2W-2025,SYN-A-LN-0099,SYN-A-BR-0099,BORROWER,11176436
SYNTHETIC_ONLY,demo-nbfc-ev-001,SYN-EV-2W-2025,SYN-A-LN-0099,SYN-A-CO-0099,CO_BORROWER,11176436
SYNTHETIC_ONLY,demo-nbfc-ev-001,SYN-EV-2W-2025,SYN-A-LN-0099,SYN-A-GU-0099,LINKED_PARTY,11176436
SYNTHETIC_ONLY,demo-nbfc-ev-001,SYN-EV-2W-2025,SYN-A-LN-0100,SYN-A-BR-0100,BORROWER,9736928
SYNTHETIC_ONLY,demo-nbfc-ev-001,SYN-EV-2W-2025,SYN-A-LN-0100,SYN-A-CO-0100,CO_BORROWER,9736928
SYNTHETIC_ONLY,demo-nbfc-ev-001,SYN-EV-2W-2025,SYN-A-LN-0100,SYN-A-GU-0100,LINKED_PARTY,9736928
SYNTHETIC_ONLY,demo-nbfc-ev-001,SYN-EV-2W-2025,SYN-A-LN-0101,SYN-A-BR-0101,BORROWER,14132991
SYNTHETIC_ONLY,demo-nbfc-ev-001,SYN-EV-2W-2025,SYN-A-LN-0101,SYN-A-CO-0101,CO_BORROWER,14132991
SYNTHETIC_ONLY,demo-nbfc-ev-001,SYN-EV-2W-2025,SYN-A-LN-0101,SYN-A-GU-0101,LINKED_PARTY,14132991
SYNTHETIC_ONLY,demo-nbfc-ev-001,SYN-EV-2W-2025,SYN-A-LN-0102,SYN-A-BR-0102,BORROWER,14819825
SYNTHETIC_ONLY,demo-nbfc-ev-001,SYN-EV-2W-2025,SYN-A-LN-0102,SYN-A-CO-0102,CO_BORROWER,14819825
SYNTHETIC_ONLY,demo-nbfc-ev-001,SYN-EV-2W-2025,SYN-A-LN-0102,SYN-A-GU-0102,LINKED_PARTY,14819825
SYNTHETIC_ONLY,demo-nbfc-ev-001,SYN-EV-2W-2025,SYN-A-LN-0103,SYN-A-BR-0103,BORROWER,17767299
SYNTHETIC_ONLY,demo-nbfc-ev-001,SYN-EV-2W-2025,SYN-A-LN-0103,SYN-A-CO-0103,CO_BORROWER,17767299
SYNTHETIC_ONLY,demo-nbfc-ev-001,SYN-EV-2W-2025,SYN-A-LN-0103,SYN-A-GU-0103,LINKED_PARTY,17767299
SYNTHETIC_ONLY,demo-nbfc-ev-001,SYN-EV-2W-2025,SYN-A-LN-0104,SYN-A-BR-0104,BORROWER,16758587
SYNTHETIC_ONLY,demo-nbfc-ev-001,SYN-EV-2W-2025,SYN-A-LN-0104,SYN-A-CO-0104,CO_BORROWER,16758587
SYNTHETIC_ONLY,demo-nbfc-ev-001,SYN-EV-2W-2025,SYN-A-LN-0104,SYN-A-GU-0104,LINKED_PARTY,16758587
SYNTHETIC_ONLY,demo-nbfc-ev-001,SYN-EV-2W-2025,SYN-A-LN-0105,SYN-A-BR-0105,BORROWER,21165586
SYNTHETIC_ONLY,demo-nbfc-ev-001,SYN-EV-2W-2025,SYN-A-LN-0105,SYN-A-CO-0105,CO_BORROWER,21165586
SYNTHETIC_ONLY,demo-nbfc-ev-001,SYN-EV-2W-2025,SYN-A-LN-0105,SYN-A-GU-0105,LINKED_PARTY,21165586
SYNTHETIC_ONLY,demo-nbfc-ev-001,SYN-EV-2W-2025,SYN-A-LN-0106,SYN-A-BR-0106,BORROWER,20372458
SYNTHETIC_ONLY,demo-nbfc-ev-001,SYN-EV-2W-2025,SYN-A-LN-0106,SYN-A-CO-0106,CO_BORROWER,20372458
SYNTHETIC_ONLY,demo-nbfc-ev-001,SYN-EV-2W-2025,SYN-A-LN-0106,SYN-A-GU-0106,LINKED_PARTY,20372458
SYNTHETIC_ONLY,demo-nbfc-ev-001,SYN-EV-2W-2025,SYN-A-LN-0107,SYN-A-BR-0107,BORROWER,25303580
SYNTHETIC_ONLY,demo-nbfc-ev-001,SYN-EV-2W-2025,SYN-A-LN-0107,SYN-A-CO-0107,CO_BORROWER,25303580
SYNTHETIC_ONLY,demo-nbfc-ev-001,SYN-EV-2W-2025,SYN-A-LN-0107,SYN-A-GU-0107,LINKED_PARTY,25303580
SYNTHETIC_ONLY,demo-nbfc-ev-001,SYN-EV-2W-2025,SYN-A-LN-0108,SYN-A-BR-0108,BORROWER,8961429
SYNTHETIC_ONLY,demo-nbfc-ev-001,SYN-EV-2W-2025,SYN-A-LN-0108,SYN-A-CO-0108,CO_BORROWER,8961429
SYNTHETIC_ONLY,demo-nbfc-ev-001,SYN-EV-2W-2025,SYN-A-LN-0108,SYN-A-GU-0108,LINKED_PARTY,8961429
SYNTHETIC_ONLY,demo-nbfc-ev-001,SYN-EV-2W-2025,SYN-A-LN-0109,SYN-A-BR-0109,BORROWER,12753125
SYNTHETIC_ONLY,demo-nbfc-ev-001,SYN-EV-2W-2025,SYN-A-LN-0109,SYN-A-CO-0109,CO_BORROWER,12753125
SYNTHETIC_ONLY,demo-nbfc-ev-001,SYN-EV-2W-2025,SYN-A-LN-0109,SYN-A-GU-0109,LINKED_PARTY,12753125
SYNTHETIC_ONLY,demo-nbfc-ev-001,SYN-EV-2W-2025,SYN-A-LN-0110,SYN-A-BR-0110,BORROWER,11262848
SYNTHETIC_ONLY,demo-nbfc-ev-001,SYN-EV-2W-2025,SYN-A-LN-0110,SYN-A-CO-0110,CO_BORROWER,11262848
SYNTHETIC_ONLY,demo-nbfc-ev-001,SYN-EV-2W-2025,SYN-A-LN-0110,SYN-A-GU-0110,LINKED_PARTY,11262848
SYNTHETIC_ONLY,demo-nbfc-ev-001,SYN-EV-2W-2025,SYN-A-LN-0111,SYN-A-BR-0111,BORROWER,15822360
SYNTHETIC_ONLY,demo-nbfc-ev-001,SYN-EV-2W-2025,SYN-A-LN-0111,SYN-A-CO-0111,CO_BORROWER,15822360
SYNTHETIC_ONLY,demo-nbfc-ev-001,SYN-EV-2W-2025,SYN-A-LN-0111,SYN-A-GU-0111,LINKED_PARTY,15822360
SYNTHETIC_ONLY,demo-nbfc-ev-001,SYN-EV-2W-2025,SYN-A-LN-0112,SYN-A-BR-0112,BORROWER,14767443
SYNTHETIC_ONLY,demo-nbfc-ev-001,SYN-EV-2W-2025,SYN-A-LN-0112,SYN-A-CO-0112,CO_BORROWER,14767443
SYNTHETIC_ONLY,demo-nbfc-ev-001,SYN-EV-2W-2025,SYN-A-LN-0112,SYN-A-GU-0112,LINKED_PARTY,14767443
SYNTHETIC_ONLY,demo-nbfc-ev-001,SYN-EV-2W-2025,SYN-A-LN-0113,SYN-A-BR-0113,BORROWER,19588899
SYNTHETIC_ONLY,demo-nbfc-ev-001,SYN-EV-2W-2025,SYN-A-LN-0113,SYN-A-CO-0113,CO_BORROWER,19588899
SYNTHETIC_ONLY,demo-nbfc-ev-001,SYN-EV-2W-2025,SYN-A-LN-0113,SYN-A-GU-0113,LINKED_PARTY,19588899
SYNTHETIC_ONLY,demo-nbfc-ev-001,SYN-EV-2W-2025,SYN-A-LN-0114,SYN-A-BR-0114,BORROWER,20078972
SYNTHETIC_ONLY,demo-nbfc-ev-001,SYN-EV-2W-2025,SYN-A-LN-0114,SYN-A-CO-0114,CO_BORROWER,20078972
SYNTHETIC_ONLY,demo-nbfc-ev-001,SYN-EV-2W-2025,SYN-A-LN-0114,SYN-A-GU-0114,LINKED_PARTY,20078972
SYNTHETIC_ONLY,demo-nbfc-ev-001,SYN-EV-2W-2025,SYN-A-LN-0115,SYN-A-BR-0115,BORROWER,23101534
SYNTHETIC_ONLY,demo-nbfc-ev-001,SYN-EV-2W-2025,SYN-A-LN-0115,SYN-A-CO-0115,CO_BORROWER,23101534
SYNTHETIC_ONLY,demo-nbfc-ev-001,SYN-EV-2W-2025,SYN-A-LN-0115,SYN-A-GU-0115,LINKED_PARTY,23101534
SYNTHETIC_ONLY,demo-nbfc-ev-001,SYN-EV-2W-2025,SYN-A-LN-0116,SYN-A-BR-0116,BORROWER,22442084
SYNTHETIC_ONLY,demo-nbfc-ev-001,SYN-EV-2W-2025,SYN-A-LN-0116,SYN-A-CO-0116,CO_BORROWER,22442084
SYNTHETIC_ONLY,demo-nbfc-ev-001,SYN-EV-2W-2025,SYN-A-LN-0116,SYN-A-GU-0116,LINKED_PARTY,22442084
SYNTHETIC_ONLY,demo-nbfc-ev-001,SYN-EV-2W-2025,SYN-A-LN-0117,SYN-A-BR-0117,BORROWER,11026179
SYNTHETIC_ONLY,demo-nbfc-ev-001,SYN-EV-2W-2025,SYN-A-LN-0117,SYN-A-CO-0117,CO_BORROWER,11026179
SYNTHETIC_ONLY,demo-nbfc-ev-001,SYN-EV-2W-2025,SYN-A-LN-0117,SYN-A-GU-0117,LINKED_PARTY,11026179
SYNTHETIC_ONLY,demo-nbfc-ev-001,SYN-EV-2W-2025,SYN-A-LN-0118,SYN-A-BR-0118,BORROWER,9941585
SYNTHETIC_ONLY,demo-nbfc-ev-001,SYN-EV-2W-2025,SYN-A-LN-0118,SYN-A-CO-0118,CO_BORROWER,9941585
SYNTHETIC_ONLY,demo-nbfc-ev-001,SYN-EV-2W-2025,SYN-A-LN-0118,SYN-A-GU-0118,LINKED_PARTY,9941585
SYNTHETIC_ONLY,demo-nbfc-ev-001,SYN-EV-2W-2025,SYN-A-LN-0119,SYN-A-BR-0119,BORROWER,14393917
SYNTHETIC_ONLY,demo-nbfc-ev-001,SYN-EV-2W-2025,SYN-A-LN-0119,SYN-A-CO-0119,CO_BORROWER,14393917
SYNTHETIC_ONLY,demo-nbfc-ev-001,SYN-EV-2W-2025,SYN-A-LN-0119,SYN-A-GU-0119,LINKED_PARTY,14393917
SYNTHETIC_ONLY,demo-nbfc-ev-001,SYN-EV-2W-2025,SYN-A-LN-0120,SYN-A-BR-0120,BORROWER,14670233
SYNTHETIC_ONLY,demo-nbfc-ev-001,SYN-EV-2W-2025,SYN-A-LN-0120,SYN-A-CO-0120,CO_BORROWER,14670233
SYNTHETIC_ONLY,demo-nbfc-ev-001,SYN-EV-2W-2025,SYN-A-LN-0120,SYN-A-GU-0120,LINKED_PARTY,14670233
SYNTHETIC_ONLY,demo-nbfc-ev-001,SYN-EV-2W-2025,SYN-A-LN-0121,SYN-A-BR-0121,BORROWER,17575449
SYNTHETIC_ONLY,demo-nbfc-ev-001,SYN-EV-2W-2025,SYN-A-LN-0121,SYN-A-CO-0121,CO_BORROWER,17575449
SYNTHETIC_ONLY,demo-nbfc-ev-001,SYN-EV-2W-2025,SYN-A-LN-0122,SYN-A-BR-0122,BORROWER,16580430
SYNTHETIC_ONLY,demo-nbfc-ev-001,SYN-EV-2W-2025,SYN-A-LN-0122,SYN-A-CO-0122,CO_BORROWER,16580430
SYNTHETIC_ONLY,demo-nbfc-ev-001,SYN-EV-2W-2025,SYN-A-LN-0123,SYN-A-BR-0123,BORROWER,21469901
SYNTHETIC_ONLY,demo-nbfc-ev-001,SYN-EV-2W-2025,SYN-A-LN-0123,SYN-A-CO-0123,CO_BORROWER,21469901
SYNTHETIC_ONLY,demo-nbfc-ev-001,SYN-EV-2W-2025,SYN-A-LN-0124,SYN-A-BR-0124,BORROWER,20657394
SYNTHETIC_ONLY,demo-nbfc-ev-001,SYN-EV-2W-2025,SYN-A-LN-0124,SYN-A-CO-0124,CO_BORROWER,20657394
SYNTHETIC_ONLY,demo-nbfc-ev-001,SYN-EV-2W-2025,SYN-A-LN-0125,SYN-A-BR-0125,BORROWER,25097573
SYNTHETIC_ONLY,demo-nbfc-ev-001,SYN-EV-2W-2025,SYN-A-LN-0125,SYN-A-CO-0125,CO_BORROWER,25097573
SYNTHETIC_ONLY,demo-nbfc-ev-001,SYN-EV-2W-2025,SYN-A-LN-0126,SYN-A-BR-0126,BORROWER,8838563
SYNTHETIC_ONLY,demo-nbfc-ev-001,SYN-EV-2W-2025,SYN-A-LN-0126,SYN-A-CO-0126,CO_BORROWER,8838563
SYNTHETIC_ONLY,demo-nbfc-ev-001,SYN-EV-2W-2025,SYN-A-LN-0127,SYN-A-BR-0127,BORROWER,12590638
SYNTHETIC_ONLY,demo-nbfc-ev-001,SYN-EV-2W-2025,SYN-A-LN-0127,SYN-A-CO-0127,CO_BORROWER,12590638
SYNTHETIC_ONLY,demo-nbfc-ev-001,SYN-EV-2W-2025,SYN-A-LN-0128,SYN-A-BR-0128,BORROWER,11486454
SYNTHETIC_ONLY,demo-nbfc-ev-001,SYN-EV-2W-2025,SYN-A-LN-0128,SYN-A-CO-0128,CO_BORROWER,11486454
SYNTHETIC_ONLY,demo-nbfc-ev-001,SYN-EV-2W-2025,SYN-A-LN-0129,SYN-A-BR-0129,BORROWER,16097358
SYNTHETIC_ONLY,demo-nbfc-ev-001,SYN-EV-2W-2025,SYN-A-LN-0129,SYN-A-CO-0129,CO_BORROWER,16097358
SYNTHETIC_ONLY,demo-nbfc-ev-001,SYN-EV-2W-2025,SYN-A-LN-0130,SYN-A-BR-0130,BORROWER,14596421
SYNTHETIC_ONLY,demo-nbfc-ev-001,SYN-EV-2W-2025,SYN-A-LN-0130,SYN-A-CO-0130,CO_BORROWER,14596421
SYNTHETIC_ONLY,demo-nbfc-ev-001,SYN-EV-2W-2025,SYN-A-LN-0131,SYN-A-BR-0131,BORROWER,19391046
SYNTHETIC_ONLY,demo-nbfc-ev-001,SYN-EV-2W-2025,SYN-A-LN-0131,SYN-A-CO-0131,CO_BORROWER,19391046
SYNTHETIC_ONLY,demo-nbfc-ev-001,SYN-EV-2W-2025,SYN-A-LN-0132,SYN-A-BR-0132,BORROWER,19909386
SYNTHETIC_ONLY,demo-nbfc-ev-001,SYN-EV-2W-2025,SYN-A-LN-0132,SYN-A-CO-0132,CO_BORROWER,19909386
SYNTHETIC_ONLY,demo-nbfc-ev-001,SYN-EV-2W-2025,SYN-A-LN-0133,SYN-A-BR-0133,BORROWER,23409018
SYNTHETIC_ONLY,demo-nbfc-ev-001,SYN-EV-2W-2025,SYN-A-LN-0133,SYN-A-CO-0133,CO_BORROWER,23409018
SYNTHETIC_ONLY,demo-nbfc-ev-001,SYN-EV-2W-2025,SYN-A-LN-0134,SYN-A-BR-0134,BORROWER,22730911
SYNTHETIC_ONLY,demo-nbfc-ev-001,SYN-EV-2W-2025,SYN-A-LN-0134,SYN-A-CO-0134,CO_BORROWER,22730911
SYNTHETIC_ONLY,demo-nbfc-ev-001,SYN-EV-2W-2025,SYN-A-LN-0135,SYN-A-BR-0135,BORROWER,10874071
SYNTHETIC_ONLY,demo-nbfc-ev-001,SYN-EV-2W-2025,SYN-A-LN-0135,SYN-A-CO-0135,CO_BORROWER,10874071
SYNTHETIC_ONLY,demo-nbfc-ev-001,SYN-EV-2W-2025,SYN-A-LN-0136,SYN-A-BR-0136,BORROWER,9805281
SYNTHETIC_ONLY,demo-nbfc-ev-001,SYN-EV-2W-2025,SYN-A-LN-0136,SYN-A-CO-0136,CO_BORROWER,9805281
SYNTHETIC_ONLY,demo-nbfc-ev-001,SYN-EV-2W-2025,SYN-A-LN-0137,SYN-A-BR-0137,BORROWER,14220600
SYNTHETIC_ONLY,demo-nbfc-ev-001,SYN-EV-2W-2025,SYN-A-LN-0137,SYN-A-CO-0137,CO_BORROWER,14220600
SYNTHETIC_ONLY,demo-nbfc-ev-001,SYN-EV-2W-2025,SYN-A-LN-0138,SYN-A-BR-0138,BORROWER,14894091
SYNTHETIC_ONLY,demo-nbfc-ev-001,SYN-EV-2W-2025,SYN-A-LN-0138,SYN-A-CO-0138,CO_BORROWER,14894091
SYNTHETIC_ONLY,demo-nbfc-ev-001,SYN-EV-2W-2025,SYN-A-LN-0139,SYN-A-BR-0139,BORROWER,17862019
SYNTHETIC_ONLY,demo-nbfc-ev-001,SYN-EV-2W-2025,SYN-A-LN-0139,SYN-A-CO-0139,CO_BORROWER,17862019
SYNTHETIC_ONLY,demo-nbfc-ev-001,SYN-EV-2W-2025,SYN-A-LN-0140,SYN-A-BR-0140,BORROWER,16400763
SYNTHETIC_ONLY,demo-nbfc-ev-001,SYN-EV-2W-2025,SYN-A-LN-0140,SYN-A-CO-0140,CO_BORROWER,16400763
SYNTHETIC_ONLY,demo-nbfc-ev-001,SYN-EV-2W-2025,SYN-A-LN-0141,SYN-A-BR-0141,BORROWER,21267965
SYNTHETIC_ONLY,demo-nbfc-ev-001,SYN-EV-2W-2025,SYN-A-LN-0141,SYN-A-CO-0141,CO_BORROWER,21267965
SYNTHETIC_ONLY,demo-nbfc-ev-001,SYN-EV-2W-2025,SYN-A-LN-0142,SYN-A-BR-0142,BORROWER,20467945
SYNTHETIC_ONLY,demo-nbfc-ev-001,SYN-EV-2W-2025,SYN-A-LN-0142,SYN-A-CO-0142,CO_BORROWER,20467945
SYNTHETIC_ONLY,demo-nbfc-ev-001,SYN-EV-2W-2025,SYN-A-LN-0143,SYN-A-BR-0143,BORROWER,25404987
SYNTHETIC_ONLY,demo-nbfc-ev-001,SYN-EV-2W-2025,SYN-A-LN-0143,SYN-A-CO-0143,CO_BORROWER,25404987
SYNTHETIC_ONLY,demo-nbfc-ev-001,SYN-EV-2W-2025,SYN-A-LN-0144,SYN-A-BR-0144,BORROWER,9022669
SYNTHETIC_ONLY,demo-nbfc-ev-001,SYN-EV-2W-2025,SYN-A-LN-0144,SYN-A-CO-0144,CO_BORROWER,9022669
SYNTHETIC_ONLY,demo-nbfc-ev-001,SYN-EV-2W-2025,SYN-A-LN-0145,SYN-A-BR-0145,BORROWER,12425969
SYNTHETIC_ONLY,demo-nbfc-ev-001,SYN-EV-2W-2025,SYN-A-LN-0145,SYN-A-CO-0145,CO_BORROWER,12425969
SYNTHETIC_ONLY,demo-nbfc-ev-001,SYN-EV-2W-2025,SYN-A-LN-0146,SYN-A-BR-0146,BORROWER,11337571
SYNTHETIC_ONLY,demo-nbfc-ev-001,SYN-EV-2W-2025,SYN-A-LN-0146,SYN-A-CO-0146,CO_BORROWER,11337571
SYNTHETIC_ONLY,demo-nbfc-ev-001,SYN-EV-2W-2025,SYN-A-LN-0147,SYN-A-BR-0147,BORROWER,15914744
SYNTHETIC_ONLY,demo-nbfc-ev-001,SYN-EV-2W-2025,SYN-A-LN-0147,SYN-A-CO-0147,CO_BORROWER,15914744
SYNTHETIC_ONLY,demo-nbfc-ev-001,SYN-EV-2W-2025,SYN-A-LN-0148,SYN-A-BR-0148,BORROWER,14852488
SYNTHETIC_ONLY,demo-nbfc-ev-001,SYN-EV-2W-2025,SYN-A-LN-0148,SYN-A-CO-0148,CO_BORROWER,14852488
SYNTHETIC_ONLY,demo-nbfc-ev-001,SYN-EV-2W-2025,SYN-A-LN-0149,SYN-A-BR-0149,BORROWER,19686503
SYNTHETIC_ONLY,demo-nbfc-ev-001,SYN-EV-2W-2025,SYN-A-LN-0149,SYN-A-CO-0149,CO_BORROWER,19686503
SYNTHETIC_ONLY,demo-nbfc-ev-001,SYN-EV-2W-2025,SYN-A-LN-0150,SYN-A-BR-0150,BORROWER,19737803
SYNTHETIC_ONLY,demo-nbfc-ev-001,SYN-EV-2W-2025,SYN-A-LN-0150,SYN-A-CO-0150,CO_BORROWER,19737803
SYNTHETIC_ONLY,demo-nbfc-ev-001,SYN-EV-2W-2025,SYN-A-LN-0151,SYN-A-BR-0151,BORROWER,23205035
SYNTHETIC_ONLY,demo-nbfc-ev-001,SYN-EV-2W-2025,SYN-A-LN-0151,SYN-A-CO-0151,CO_BORROWER,23205035
SYNTHETIC_ONLY,demo-nbfc-ev-001,SYN-EV-2W-2025,SYN-A-LN-0152,SYN-A-BR-0152,BORROWER,22538928
SYNTHETIC_ONLY,demo-nbfc-ev-001,SYN-EV-2W-2025,SYN-A-LN-0152,SYN-A-CO-0152,CO_BORROWER,22538928
SYNTHETIC_ONLY,demo-nbfc-ev-001,SYN-EV-2W-2025,SYN-A-LN-0153,SYN-A-BR-0153,BORROWER,11101545
SYNTHETIC_ONLY,demo-nbfc-ev-001,SYN-EV-2W-2025,SYN-A-LN-0153,SYN-A-CO-0153,CO_BORROWER,11101545
SYNTHETIC_ONLY,demo-nbfc-ev-001,SYN-EV-2W-2025,SYN-A-LN-0154,SYN-A-BR-0154,BORROWER,10009523
SYNTHETIC_ONLY,demo-nbfc-ev-001,SYN-EV-2W-2025,SYN-A-LN-0154,SYN-A-CO-0154,CO_BORROWER,10009523
SYNTHETIC_ONLY,demo-nbfc-ev-001,SYN-EV-2W-2025,SYN-A-LN-0155,SYN-A-BR-0155,BORROWER,14044763
SYNTHETIC_ONLY,demo-nbfc-ev-001,SYN-EV-2W-2025,SYN-A-LN-0155,SYN-A-CO-0155,CO_BORROWER,14044763
SYNTHETIC_ONLY,demo-nbfc-ev-001,SYN-EV-2W-2025,SYN-A-LN-0156,SYN-A-BR-0156,BORROWER,14745204
SYNTHETIC_ONLY,demo-nbfc-ev-001,SYN-EV-2W-2025,SYN-A-LN-0156,SYN-A-CO-0156,CO_BORROWER,14745204
SYNTHETIC_ONLY,demo-nbfc-ev-001,SYN-EV-2W-2025,SYN-A-LN-0157,SYN-A-BR-0157,BORROWER,17671772
SYNTHETIC_ONLY,demo-nbfc-ev-001,SYN-EV-2W-2025,SYN-A-LN-0157,SYN-A-CO-0157,CO_BORROWER,17671772
SYNTHETIC_ONLY,demo-nbfc-ev-001,SYN-EV-2W-2025,SYN-A-LN-0158,SYN-A-BR-0158,BORROWER,16669701
SYNTHETIC_ONLY,demo-nbfc-ev-001,SYN-EV-2W-2025,SYN-A-LN-0158,SYN-A-CO-0158,CO_BORROWER,16669701
SYNTHETIC_ONLY,demo-nbfc-ev-001,SYN-EV-2W-2025,SYN-A-LN-0159,SYN-A-BR-0159,BORROWER,21569439
SYNTHETIC_ONLY,demo-nbfc-ev-001,SYN-EV-2W-2025,SYN-A-LN-0159,SYN-A-CO-0159,CO_BORROWER,21569439
SYNTHETIC_ONLY,demo-nbfc-ev-001,SYN-EV-2W-2025,SYN-A-LN-0160,SYN-A-BR-0160,BORROWER,20276473
SYNTHETIC_ONLY,demo-nbfc-ev-001,SYN-EV-2W-2025,SYN-A-LN-0160,SYN-A-CO-0160,CO_BORROWER,20276473
SYNTHETIC_ONLY,demo-nbfc-ev-001,SYN-EV-2W-2025,SYN-A-LN-0161,SYN-A-BR-0161,BORROWER,25201106
SYNTHETIC_ONLY,demo-nbfc-ev-001,SYN-EV-2W-2025,SYN-A-LN-0161,SYN-A-CO-0161,CO_BORROWER,25201106
SYNTHETIC_ONLY,demo-nbfc-ev-001,SYN-EV-2W-2025,SYN-A-LN-0162,SYN-A-BR-0162,BORROWER,8900058
SYNTHETIC_ONLY,demo-nbfc-ev-001,SYN-EV-2W-2025,SYN-A-LN-0162,SYN-A-CO-0162,CO_BORROWER,8900058
SYNTHETIC_ONLY,demo-nbfc-ev-001,SYN-EV-2W-2025,SYN-A-LN-0163,SYN-A-BR-0163,BORROWER,12672160
SYNTHETIC_ONLY,demo-nbfc-ev-001,SYN-EV-2W-2025,SYN-A-LN-0163,SYN-A-CO-0163,CO_BORROWER,12672160
SYNTHETIC_ONLY,demo-nbfc-ev-001,SYN-EV-2W-2025,SYN-A-LN-0164,SYN-A-BR-0164,BORROWER,11560602
SYNTHETIC_ONLY,demo-nbfc-ev-001,SYN-EV-2W-2025,SYN-A-LN-0164,SYN-A-CO-0164,CO_BORROWER,11560602
SYNTHETIC_ONLY,demo-nbfc-ev-001,SYN-EV-2W-2025,SYN-A-LN-0165,SYN-A-BR-0165,BORROWER,15729274
SYNTHETIC_ONLY,demo-nbfc-ev-001,SYN-EV-2W-2025,SYN-A-LN-0165,SYN-A-CO-0165,CO_BORROWER,15729274
SYNTHETIC_ONLY,demo-nbfc-ev-001,SYN-EV-2W-2025,SYN-A-LN-0166,SYN-A-BR-0166,BORROWER,14682085
SYNTHETIC_ONLY,demo-nbfc-ev-001,SYN-EV-2W-2025,SYN-A-LN-0166,SYN-A-CO-0166,CO_BORROWER,14682085
SYNTHETIC_ONLY,demo-nbfc-ev-001,SYN-EV-2W-2025,SYN-A-LN-0167,SYN-A-BR-0167,BORROWER,19490410
SYNTHETIC_ONLY,demo-nbfc-ev-001,SYN-EV-2W-2025,SYN-A-LN-0167,SYN-A-CO-0167,CO_BORROWER,19490410
SYNTHETIC_ONLY,demo-nbfc-ev-001,SYN-EV-2W-2025,SYN-A-LN-0168,SYN-A-BR-0168,BORROWER,19994431
SYNTHETIC_ONLY,demo-nbfc-ev-001,SYN-EV-2W-2025,SYN-A-LN-0168,SYN-A-CO-0168,CO_BORROWER,19994431
SYNTHETIC_ONLY,demo-nbfc-ev-001,SYN-EV-2W-2025,SYN-A-LN-0169,SYN-A-BR-0169,BORROWER,23509485
SYNTHETIC_ONLY,demo-nbfc-ev-001,SYN-EV-2W-2025,SYN-A-LN-0169,SYN-A-CO-0169,CO_BORROWER,23509485
SYNTHETIC_ONLY,demo-nbfc-ev-001,SYN-EV-2W-2025,SYN-A-LN-0170,SYN-A-BR-0170,BORROWER,22344683
SYNTHETIC_ONLY,demo-nbfc-ev-001,SYN-EV-2W-2025,SYN-A-LN-0170,SYN-A-CO-0170,CO_BORROWER,22344683
SYNTHETIC_ONLY,demo-nbfc-ev-001,SYN-EV-2W-2025,SYN-A-LN-0171,SYN-A-BR-0171,BORROWER,10950350
SYNTHETIC_ONLY,demo-nbfc-ev-001,SYN-EV-2W-2025,SYN-A-LN-0171,SYN-A-CO-0171,CO_BORROWER,10950350
SYNTHETIC_ONLY,demo-nbfc-ev-001,SYN-EV-2W-2025,SYN-A-LN-0172,SYN-A-BR-0172,BORROWER,9873502
SYNTHETIC_ONLY,demo-nbfc-ev-001,SYN-EV-2W-2025,SYN-A-LN-0172,SYN-A-CO-0172,CO_BORROWER,9873502
SYNTHETIC_ONLY,demo-nbfc-ev-001,SYN-EV-2W-2025,SYN-A-LN-0173,SYN-A-BR-0173,BORROWER,14307579
SYNTHETIC_ONLY,demo-nbfc-ev-001,SYN-EV-2W-2025,SYN-A-LN-0173,SYN-A-CO-0173,CO_BORROWER,14307579
SYNTHETIC_ONLY,demo-nbfc-ev-001,SYN-EV-2W-2025,SYN-A-LN-0174,SYN-A-BR-0174,BORROWER,14967997
SYNTHETIC_ONLY,demo-nbfc-ev-001,SYN-EV-2W-2025,SYN-A-LN-0174,SYN-A-CO-0174,CO_BORROWER,14967997
SYNTHETIC_ONLY,demo-nbfc-ev-001,SYN-EV-2W-2025,SYN-A-LN-0175,SYN-A-BR-0175,BORROWER,17478340
SYNTHETIC_ONLY,demo-nbfc-ev-001,SYN-EV-2W-2025,SYN-A-LN-0175,SYN-A-CO-0175,CO_BORROWER,17478340
SYNTHETIC_ONLY,demo-nbfc-ev-001,SYN-EV-2W-2025,SYN-A-LN-0176,SYN-A-BR-0176,BORROWER,16490782
SYNTHETIC_ONLY,demo-nbfc-ev-001,SYN-EV-2W-2025,SYN-A-LN-0176,SYN-A-CO-0176,CO_BORROWER,16490782
SYNTHETIC_ONLY,demo-nbfc-ev-001,SYN-EV-2W-2025,SYN-A-LN-0177,SYN-A-BR-0177,BORROWER,21369407
SYNTHETIC_ONLY,demo-nbfc-ev-001,SYN-EV-2W-2025,SYN-A-LN-0177,SYN-A-CO-0177,CO_BORROWER,21369407
SYNTHETIC_ONLY,demo-nbfc-ev-001,SYN-EV-2W-2025,SYN-A-LN-0178,SYN-A-BR-0178,BORROWER,20562926
SYNTHETIC_ONLY,demo-nbfc-ev-001,SYN-EV-2W-2025,SYN-A-LN-0178,SYN-A-CO-0178,CO_BORROWER,20562926
SYNTHETIC_ONLY,demo-nbfc-ev-001,SYN-EV-2W-2025,SYN-A-LN-0179,SYN-A-BR-0179,BORROWER,25505323
SYNTHETIC_ONLY,demo-nbfc-ev-001,SYN-EV-2W-2025,SYN-A-LN-0179,SYN-A-CO-0179,CO_BORROWER,25505323
SYNTHETIC_ONLY,demo-nbfc-ev-001,SYN-EV-2W-2025,SYN-A-LN-0180,SYN-A-BR-0180,BORROWER,8776950
SYNTHETIC_ONLY,demo-nbfc-ev-001,SYN-EV-2W-2025,SYN-A-LN-0180,SYN-A-CO-0180,CO_BORROWER,8776950
SYNTHETIC_ONLY,demo-nbfc-ev-001,SYN-EV-2W-2025,SYN-A-LN-0181,SYN-A-BR-0181,BORROWER,12508571
SYNTHETIC_ONLY,demo-nbfc-ev-001,SYN-EV-2W-2025,SYN-A-LN-0181,SYN-A-CO-0181,CO_BORROWER,12508571
SYNTHETIC_ONLY,demo-nbfc-ev-001,SYN-EV-2W-2025,SYN-A-LN-0182,SYN-A-BR-0182,BORROWER,11412108
SYNTHETIC_ONLY,demo-nbfc-ev-001,SYN-EV-2W-2025,SYN-A-LN-0182,SYN-A-CO-0182,CO_BORROWER,11412108
SYNTHETIC_ONLY,demo-nbfc-ev-001,SYN-EV-2W-2025,SYN-A-LN-0183,SYN-A-BR-0183,BORROWER,16006414
SYNTHETIC_ONLY,demo-nbfc-ev-001,SYN-EV-2W-2025,SYN-A-LN-0183,SYN-A-CO-0183,CO_BORROWER,16006414
SYNTHETIC_ONLY,demo-nbfc-ev-001,SYN-EV-2W-2025,SYN-A-LN-0184,SYN-A-BR-0184,BORROWER,14937213
SYNTHETIC_ONLY,demo-nbfc-ev-001,SYN-EV-2W-2025,SYN-A-LN-0184,SYN-A-CO-0184,CO_BORROWER,14937213
SYNTHETIC_ONLY,demo-nbfc-ev-001,SYN-EV-2W-2025,SYN-A-LN-0185,SYN-A-BR-0185,BORROWER,19290819
SYNTHETIC_ONLY,demo-nbfc-ev-001,SYN-EV-2W-2025,SYN-A-LN-0185,SYN-A-CO-0185,CO_BORROWER,19290819
SYNTHETIC_ONLY,demo-nbfc-ev-001,SYN-EV-2W-2025,SYN-A-LN-0186,SYN-A-BR-0186,BORROWER,19823841
SYNTHETIC_ONLY,demo-nbfc-ev-001,SYN-EV-2W-2025,SYN-A-LN-0186,SYN-A-CO-0186,CO_BORROWER,19823841
SYNTHETIC_ONLY,demo-nbfc-ev-001,SYN-EV-2W-2025,SYN-A-LN-0187,SYN-A-BR-0187,BORROWER,23307532
SYNTHETIC_ONLY,demo-nbfc-ev-001,SYN-EV-2W-2025,SYN-A-LN-0187,SYN-A-CO-0187,CO_BORROWER,23307532
SYNTHETIC_ONLY,demo-nbfc-ev-001,SYN-EV-2W-2025,SYN-A-LN-0188,SYN-A-BR-0188,BORROWER,22635206
SYNTHETIC_ONLY,demo-nbfc-ev-001,SYN-EV-2W-2025,SYN-A-LN-0188,SYN-A-CO-0188,CO_BORROWER,22635206
SYNTHETIC_ONLY,demo-nbfc-ev-001,SYN-EV-2W-2025,SYN-A-LN-0189,SYN-A-BR-0189,BORROWER,11176436
SYNTHETIC_ONLY,demo-nbfc-ev-001,SYN-EV-2W-2025,SYN-A-LN-0189,SYN-A-CO-0189,CO_BORROWER,11176436
SYNTHETIC_ONLY,demo-nbfc-ev-001,SYN-EV-2W-2025,SYN-A-LN-0190,SYN-A-BR-0190,BORROWER,9736928
SYNTHETIC_ONLY,demo-nbfc-ev-001,SYN-EV-2W-2025,SYN-A-LN-0190,SYN-A-CO-0190,CO_BORROWER,9736928
SYNTHETIC_ONLY,demo-nbfc-ev-001,SYN-EV-2W-2025,SYN-A-LN-0191,SYN-A-BR-0191,BORROWER,14132991
SYNTHETIC_ONLY,demo-nbfc-ev-001,SYN-EV-2W-2025,SYN-A-LN-0191,SYN-A-CO-0191,CO_BORROWER,14132991
SYNTHETIC_ONLY,demo-nbfc-ev-001,SYN-EV-2W-2025,SYN-A-LN-0192,SYN-A-BR-0192,BORROWER,14819825
SYNTHETIC_ONLY,demo-nbfc-ev-001,SYN-EV-2W-2025,SYN-A-LN-0192,SYN-A-CO-0192,CO_BORROWER,14819825
SYNTHETIC_ONLY,demo-nbfc-ev-001,SYN-EV-2W-2025,SYN-A-LN-0193,SYN-A-BR-0193,BORROWER,17767299
SYNTHETIC_ONLY,demo-nbfc-ev-001,SYN-EV-2W-2025,SYN-A-LN-0193,SYN-A-CO-0193,CO_BORROWER,17767299
SYNTHETIC_ONLY,demo-nbfc-ev-001,SYN-EV-2W-2025,SYN-A-LN-0194,SYN-A-BR-0194,BORROWER,16758587
SYNTHETIC_ONLY,demo-nbfc-ev-001,SYN-EV-2W-2025,SYN-A-LN-0194,SYN-A-CO-0194,CO_BORROWER,16758587
SYNTHETIC_ONLY,demo-nbfc-ev-001,SYN-EV-2W-2025,SYN-A-LN-0195,SYN-A-BR-0195,BORROWER,21165586
SYNTHETIC_ONLY,demo-nbfc-ev-001,SYN-EV-2W-2025,SYN-A-LN-0195,SYN-A-CO-0195,CO_BORROWER,21165586
SYNTHETIC_ONLY,demo-nbfc-ev-001,SYN-EV-2W-2025,SYN-A-LN-0196,SYN-A-BR-0196,BORROWER,20372458
SYNTHETIC_ONLY,demo-nbfc-ev-001,SYN-EV-2W-2025,SYN-A-LN-0196,SYN-A-CO-0196,CO_BORROWER,20372458
SYNTHETIC_ONLY,demo-nbfc-ev-001,SYN-EV-2W-2025,SYN-A-LN-0197,SYN-A-BR-0197,BORROWER,25303580
SYNTHETIC_ONLY,demo-nbfc-ev-001,SYN-EV-2W-2025,SYN-A-LN-0197,SYN-A-CO-0197,CO_BORROWER,25303580
SYNTHETIC_ONLY,demo-nbfc-ev-001,SYN-EV-2W-2025,SYN-A-LN-0198,SYN-A-BR-0198,BORROWER,8961429
SYNTHETIC_ONLY,demo-nbfc-ev-001,SYN-EV-2W-2025,SYN-A-LN-0198,SYN-A-CO-0198,CO_BORROWER,8961429
SYNTHETIC_ONLY,demo-nbfc-ev-001,SYN-EV-2W-2025,SYN-A-LN-0199,SYN-A-BR-0199,BORROWER,12753125
SYNTHETIC_ONLY,demo-nbfc-ev-001,SYN-EV-2W-2025,SYN-A-LN-0199,SYN-A-CO-0199,CO_BORROWER,12753125
SYNTHETIC_ONLY,demo-nbfc-ev-001,SYN-EV-2W-2025,SYN-A-LN-0200,SYN-A-BR-0200,BORROWER,11262848
SYNTHETIC_ONLY,demo-nbfc-ev-001,SYN-EV-2W-2025,SYN-A-LN-0200,SYN-A-CO-0200,CO_BORROWER,11262848
SYNTHETIC_ONLY,demo-nbfc-ev-001,SYN-EV-2W-2025,SYN-A-LN-0201,SYN-A-BR-0201,BORROWER,15822360
SYNTHETIC_ONLY,demo-nbfc-ev-001,SYN-EV-2W-2025,SYN-A-LN-0201,SYN-A-CO-0201,CO_BORROWER,15822360
SYNTHETIC_ONLY,demo-nbfc-ev-001,SYN-EV-2W-2025,SYN-A-LN-0202,SYN-A-BR-0202,BORROWER,14767443
SYNTHETIC_ONLY,demo-nbfc-ev-001,SYN-EV-2W-2025,SYN-A-LN-0202,SYN-A-CO-0202,CO_BORROWER,14767443
SYNTHETIC_ONLY,demo-nbfc-ev-001,SYN-EV-2W-2025,SYN-A-LN-0203,SYN-A-BR-0203,BORROWER,19588899
SYNTHETIC_ONLY,demo-nbfc-ev-001,SYN-EV-2W-2025,SYN-A-LN-0203,SYN-A-CO-0203,CO_BORROWER,19588899
SYNTHETIC_ONLY,demo-nbfc-ev-001,SYN-EV-2W-2025,SYN-A-LN-0204,SYN-A-BR-0204,BORROWER,20078972
SYNTHETIC_ONLY,demo-nbfc-ev-001,SYN-EV-2W-2025,SYN-A-LN-0204,SYN-A-CO-0204,CO_BORROWER,20078972
SYNTHETIC_ONLY,demo-nbfc-ev-001,SYN-EV-2W-2025,SYN-A-LN-0205,SYN-A-BR-0205,BORROWER,23101534
SYNTHETIC_ONLY,demo-nbfc-ev-001,SYN-EV-2W-2025,SYN-A-LN-0205,SYN-A-CO-0205,CO_BORROWER,23101534
SYNTHETIC_ONLY,demo-nbfc-ev-001,SYN-EV-2W-2025,SYN-A-LN-0206,SYN-A-BR-0206,BORROWER,22442084
SYNTHETIC_ONLY,demo-nbfc-ev-001,SYN-EV-2W-2025,SYN-A-LN-0206,SYN-A-CO-0206,CO_BORROWER,22442084
SYNTHETIC_ONLY,demo-nbfc-ev-001,SYN-EV-2W-2025,SYN-A-LN-0207,SYN-A-BR-0207,BORROWER,11026179
SYNTHETIC_ONLY,demo-nbfc-ev-001,SYN-EV-2W-2025,SYN-A-LN-0207,SYN-A-CO-0207,CO_BORROWER,11026179
SYNTHETIC_ONLY,demo-nbfc-ev-001,SYN-EV-2W-2025,SYN-A-LN-0208,SYN-A-BR-0208,BORROWER,9941585
SYNTHETIC_ONLY,demo-nbfc-ev-001,SYN-EV-2W-2025,SYN-A-LN-0208,SYN-A-CO-0208,CO_BORROWER,9941585
SYNTHETIC_ONLY,demo-nbfc-ev-001,SYN-EV-2W-2025,SYN-A-LN-0209,SYN-A-BR-0209,BORROWER,14393917
SYNTHETIC_ONLY,demo-nbfc-ev-001,SYN-EV-2W-2025,SYN-A-LN-0209,SYN-A-CO-0209,CO_BORROWER,14393917
SYNTHETIC_ONLY,demo-nbfc-ev-001,SYN-EV-2W-2025,SYN-A-LN-0210,SYN-A-BR-0210,BORROWER,14670233
SYNTHETIC_ONLY,demo-nbfc-ev-001,SYN-EV-2W-2025,SYN-A-LN-0210,SYN-A-CO-0210,CO_BORROWER,14670233
SYNTHETIC_ONLY,demo-nbfc-ev-001,SYN-EV-2W-2025,SYN-A-LN-0211,SYN-A-BR-0211,BORROWER,17575449
SYNTHETIC_ONLY,demo-nbfc-ev-001,SYN-EV-2W-2025,SYN-A-LN-0211,SYN-A-CO-0211,CO_BORROWER,17575449
SYNTHETIC_ONLY,demo-nbfc-ev-001,SYN-EV-2W-2025,SYN-A-LN-0212,SYN-A-BR-0212,BORROWER,16580430
SYNTHETIC_ONLY,demo-nbfc-ev-001,SYN-EV-2W-2025,SYN-A-LN-0212,SYN-A-CO-0212,CO_BORROWER,16580430
SYNTHETIC_ONLY,demo-nbfc-ev-001,SYN-EV-2W-2025,SYN-A-LN-0213,SYN-A-BR-0213,BORROWER,21469901
SYNTHETIC_ONLY,demo-nbfc-ev-001,SYN-EV-2W-2025,SYN-A-LN-0213,SYN-A-CO-0213,CO_BORROWER,21469901
SYNTHETIC_ONLY,demo-nbfc-ev-001,SYN-EV-2W-2025,SYN-A-LN-0214,SYN-A-BR-0214,BORROWER,20657394
SYNTHETIC_ONLY,demo-nbfc-ev-001,SYN-EV-2W-2025,SYN-A-LN-0214,SYN-A-CO-0214,CO_BORROWER,20657394
SYNTHETIC_ONLY,demo-nbfc-ev-001,SYN-EV-2W-2025,SYN-A-LN-0215,SYN-A-BR-0215,BORROWER,25097573
SYNTHETIC_ONLY,demo-nbfc-ev-001,SYN-EV-2W-2025,SYN-A-LN-0215,SYN-A-CO-0215,CO_BORROWER,25097573
SYNTHETIC_ONLY,demo-nbfc-ev-001,SYN-EV-2W-2025,SYN-A-LN-0216,SYN-A-BR-0216,BORROWER,8838563
SYNTHETIC_ONLY,demo-nbfc-ev-001,SYN-EV-2W-2025,SYN-A-LN-0216,SYN-A-CO-0216,CO_BORROWER,8838563
SYNTHETIC_ONLY,demo-nbfc-ev-001,SYN-EV-2W-2025,SYN-A-LN-0217,SYN-A-BR-0217,BORROWER,12590638
SYNTHETIC_ONLY,demo-nbfc-ev-001,SYN-EV-2W-2025,SYN-A-LN-0217,SYN-A-CO-0217,CO_BORROWER,12590638
SYNTHETIC_ONLY,demo-nbfc-ev-001,SYN-EV-2W-2025,SYN-A-LN-0218,SYN-A-BR-0218,BORROWER,11486454
SYNTHETIC_ONLY,demo-nbfc-ev-001,SYN-EV-2W-2025,SYN-A-LN-0218,SYN-A-CO-0218,CO_BORROWER,11486454
SYNTHETIC_ONLY,demo-nbfc-ev-001,SYN-EV-2W-2025,SYN-A-LN-0219,SYN-A-BR-0219,BORROWER,16097358
SYNTHETIC_ONLY,demo-nbfc-ev-001,SYN-EV-2W-2025,SYN-A-LN-0219,SYN-A-CO-0219,CO_BORROWER,16097358
SYNTHETIC_ONLY,demo-nbfc-ev-001,SYN-EV-2W-2025,SYN-A-LN-0220,SYN-A-BR-0220,BORROWER,14596421
SYNTHETIC_ONLY,demo-nbfc-ev-001,SYN-EV-2W-2025,SYN-A-LN-0220,SYN-A-CO-0220,CO_BORROWER,14596421
SYNTHETIC_ONLY,demo-nbfc-ev-001,SYN-EV-2W-2025,SYN-A-LN-0221,SYN-A-BR-0221,BORROWER,19391046
SYNTHETIC_ONLY,demo-nbfc-ev-001,SYN-EV-2W-2025,SYN-A-LN-0221,SYN-A-CO-0221,CO_BORROWER,19391046
SYNTHETIC_ONLY,demo-nbfc-ev-001,SYN-EV-2W-2025,SYN-A-LN-0222,SYN-A-BR-0222,BORROWER,19909386
SYNTHETIC_ONLY,demo-nbfc-ev-001,SYN-EV-2W-2025,SYN-A-LN-0222,SYN-A-CO-0222,CO_BORROWER,19909386
SYNTHETIC_ONLY,demo-nbfc-ev-001,SYN-EV-2W-2025,SYN-A-LN-0223,SYN-A-BR-0223,BORROWER,23409018
SYNTHETIC_ONLY,demo-nbfc-ev-001,SYN-EV-2W-2025,SYN-A-LN-0223,SYN-A-CO-0223,CO_BORROWER,23409018
SYNTHETIC_ONLY,demo-nbfc-ev-001,SYN-EV-2W-2025,SYN-A-LN-0224,SYN-A-BR-0224,BORROWER,22730911
SYNTHETIC_ONLY,demo-nbfc-ev-001,SYN-EV-2W-2025,SYN-A-LN-0224,SYN-A-CO-0224,CO_BORROWER,22730911
SYNTHETIC_ONLY,demo-nbfc-ev-001,SYN-EV-2W-2025,SYN-A-LN-0225,SYN-A-BR-0225,BORROWER,10874071
SYNTHETIC_ONLY,demo-nbfc-ev-001,SYN-EV-2W-2025,SYN-A-LN-0225,SYN-A-CO-0225,CO_BORROWER,10874071
SYNTHETIC_ONLY,demo-nbfc-ev-001,SYN-EV-2W-2025,SYN-A-LN-0226,SYN-A-BR-0226,BORROWER,9805281
SYNTHETIC_ONLY,demo-nbfc-ev-001,SYN-EV-2W-2025,SYN-A-LN-0226,SYN-A-CO-0226,CO_BORROWER,9805281
SYNTHETIC_ONLY,demo-nbfc-ev-001,SYN-EV-2W-2025,SYN-A-LN-0227,SYN-A-BR-0227,BORROWER,14220600
SYNTHETIC_ONLY,demo-nbfc-ev-001,SYN-EV-2W-2025,SYN-A-LN-0227,SYN-A-CO-0227,CO_BORROWER,14220600
SYNTHETIC_ONLY,demo-nbfc-ev-001,SYN-EV-2W-2025,SYN-A-LN-0228,SYN-A-BR-0228,BORROWER,14894091
SYNTHETIC_ONLY,demo-nbfc-ev-001,SYN-EV-2W-2025,SYN-A-LN-0228,SYN-A-CO-0228,CO_BORROWER,14894091
SYNTHETIC_ONLY,demo-nbfc-ev-001,SYN-EV-2W-2025,SYN-A-LN-0229,SYN-A-BR-0229,BORROWER,17862019
SYNTHETIC_ONLY,demo-nbfc-ev-001,SYN-EV-2W-2025,SYN-A-LN-0229,SYN-A-CO-0229,CO_BORROWER,17862019
SYNTHETIC_ONLY,demo-nbfc-ev-001,SYN-EV-2W-2025,SYN-A-LN-0230,SYN-A-BR-0230,BORROWER,16400763
SYNTHETIC_ONLY,demo-nbfc-ev-001,SYN-EV-2W-2025,SYN-A-LN-0230,SYN-A-CO-0230,CO_BORROWER,16400763
SYNTHETIC_ONLY,demo-nbfc-ev-001,SYN-EV-2W-2025,SYN-A-LN-0231,SYN-A-BR-0231,BORROWER,21267965
SYNTHETIC_ONLY,demo-nbfc-ev-001,SYN-EV-2W-2025,SYN-A-LN-0231,SYN-A-CO-0231,CO_BORROWER,21267965
SYNTHETIC_ONLY,demo-nbfc-ev-001,SYN-EV-2W-2025,SYN-A-LN-0232,SYN-A-BR-0232,BORROWER,20467945
SYNTHETIC_ONLY,demo-nbfc-ev-001,SYN-EV-2W-2025,SYN-A-LN-0232,SYN-A-CO-0232,CO_BORROWER,20467945
SYNTHETIC_ONLY,demo-nbfc-ev-001,SYN-EV-2W-2025,SYN-A-LN-0233,SYN-A-BR-0233,BORROWER,25404987
SYNTHETIC_ONLY,demo-nbfc-ev-001,SYN-EV-2W-2025,SYN-A-LN-0233,SYN-A-CO-0233,CO_BORROWER,25404987
SYNTHETIC_ONLY,demo-nbfc-ev-001,SYN-EV-2W-2025,SYN-A-LN-0234,SYN-A-BR-0234,BORROWER,9022669
SYNTHETIC_ONLY,demo-nbfc-ev-001,SYN-EV-2W-2025,SYN-A-LN-0234,SYN-A-CO-0234,CO_BORROWER,9022669
SYNTHETIC_ONLY,demo-nbfc-ev-001,SYN-EV-2W-2025,SYN-A-LN-0235,SYN-A-BR-0235,BORROWER,12425969
SYNTHETIC_ONLY,demo-nbfc-ev-001,SYN-EV-2W-2025,SYN-A-LN-0235,SYN-A-CO-0235,CO_BORROWER,12425969
SYNTHETIC_ONLY,demo-nbfc-ev-001,SYN-EV-2W-2025,SYN-A-LN-0236,SYN-A-BR-0236,BORROWER,11337571
SYNTHETIC_ONLY,demo-nbfc-ev-001,SYN-EV-2W-2025,SYN-A-LN-0236,SYN-A-CO-0236,CO_BORROWER,11337571
SYNTHETIC_ONLY,demo-nbfc-ev-001,SYN-EV-2W-2025,SYN-A-LN-0237,SYN-A-BR-0237,BORROWER,15914744
SYNTHETIC_ONLY,demo-nbfc-ev-001,SYN-EV-2W-2025,SYN-A-LN-0237,SYN-A-CO-0237,CO_BORROWER,15914744
SYNTHETIC_ONLY,demo-nbfc-ev-001,SYN-EV-2W-2025,SYN-A-LN-0238,SYN-A-BR-0238,BORROWER,14852488
SYNTHETIC_ONLY,demo-nbfc-ev-001,SYN-EV-2W-2025,SYN-A-LN-0238,SYN-A-CO-0238,CO_BORROWER,14852488
SYNTHETIC_ONLY,demo-nbfc-ev-001,SYN-EV-2W-2025,SYN-A-LN-0239,SYN-A-BR-0239,BORROWER,19686503
SYNTHETIC_ONLY,demo-nbfc-ev-001,SYN-EV-2W-2025,SYN-A-LN-0239,SYN-A-CO-0239,CO_BORROWER,19686503
SYNTHETIC_ONLY,demo-nbfc-ev-001,SYN-EV-2W-2025,SYN-A-LN-0240,SYN-A-BR-0240,BORROWER,19737803
SYNTHETIC_ONLY,demo-nbfc-ev-001,SYN-EV-2W-2025,SYN-A-LN-0240,SYN-A-CO-0240,CO_BORROWER,19737803
SYNTHETIC_ONLY,demo-nbfc-ev-001,SYN-EV-2W-2025,SYN-A-LN-0241,SYN-A-BR-0241,BORROWER,23205035
SYNTHETIC_ONLY,demo-nbfc-ev-001,SYN-EV-2W-2025,SYN-A-LN-0241,SYN-A-CO-0241,CO_BORROWER,23205035
SYNTHETIC_ONLY,demo-nbfc-ev-001,SYN-EV-2W-2025,SYN-A-LN-0242,SYN-A-BR-0242,BORROWER,22538928
SYNTHETIC_ONLY,demo-nbfc-ev-001,SYN-EV-2W-2025,SYN-A-LN-0242,SYN-A-CO-0242,CO_BORROWER,22538928
SYNTHETIC_ONLY,demo-nbfc-ev-001,SYN-EV-2W-2025,SYN-A-LN-0243,SYN-A-BR-0243,BORROWER,11101545
SYNTHETIC_ONLY,demo-nbfc-ev-001,SYN-EV-2W-2025,SYN-A-LN-0243,SYN-A-CO-0243,CO_BORROWER,11101545
SYNTHETIC_ONLY,demo-nbfc-ev-001,SYN-EV-2W-2025,SYN-A-LN-0244,SYN-A-BR-0244,BORROWER,10009523
SYNTHETIC_ONLY,demo-nbfc-ev-001,SYN-EV-2W-2025,SYN-A-LN-0244,SYN-A-CO-0244,CO_BORROWER,10009523
SYNTHETIC_ONLY,demo-nbfc-ev-001,SYN-EV-2W-2025,SYN-A-LN-0245,SYN-A-BR-0245,BORROWER,14044763
SYNTHETIC_ONLY,demo-nbfc-ev-001,SYN-EV-2W-2025,SYN-A-LN-0245,SYN-A-CO-0245,CO_BORROWER,14044763
SYNTHETIC_ONLY,demo-nbfc-ev-001,SYN-EV-2W-2025,SYN-A-LN-0246,SYN-A-BR-0246,BORROWER,14745204
SYNTHETIC_ONLY,demo-nbfc-ev-001,SYN-EV-2W-2025,SYN-A-LN-0246,SYN-A-CO-0246,CO_BORROWER,14745204
SYNTHETIC_ONLY,demo-nbfc-ev-001,SYN-EV-2W-2025,SYN-A-LN-0247,SYN-A-BR-0247,BORROWER,17671772
SYNTHETIC_ONLY,demo-nbfc-ev-001,SYN-EV-2W-2025,SYN-A-LN-0247,SYN-A-CO-0247,CO_BORROWER,17671772
SYNTHETIC_ONLY,demo-nbfc-ev-001,SYN-EV-2W-2025,SYN-A-LN-0248,SYN-A-BR-0248,BORROWER,16669701
SYNTHETIC_ONLY,demo-nbfc-ev-001,SYN-EV-2W-2025,SYN-A-LN-0248,SYN-A-CO-0248,CO_BORROWER,16669701
SYNTHETIC_ONLY,demo-nbfc-ev-001,SYN-EV-2W-2025,SYN-A-LN-0249,SYN-A-BR-0249,BORROWER,21569439
SYNTHETIC_ONLY,demo-nbfc-ev-001,SYN-EV-2W-2025,SYN-A-LN-0249,SYN-A-CO-0249,CO_BORROWER,21569439
SYNTHETIC_ONLY,demo-nbfc-ev-001,SYN-EV-2W-2025,SYN-A-LN-0250,SYN-A-BR-0250,BORROWER,20276473
SYNTHETIC_ONLY,demo-nbfc-ev-001,SYN-EV-2W-2025,SYN-A-LN-0250,SYN-A-CO-0250,CO_BORROWER,20276473
SYNTHETIC_ONLY,demo-nbfc-ev-001,SYN-EV-2W-2025,SYN-A-LN-0251,SYN-A-BR-0251,BORROWER,25201106
SYNTHETIC_ONLY,demo-nbfc-ev-001,SYN-EV-2W-2025,SYN-A-LN-0251,SYN-A-CO-0251,CO_BORROWER,25201106
SYNTHETIC_ONLY,demo-nbfc-ev-001,SYN-EV-2W-2025,SYN-A-LN-0252,SYN-A-BR-0252,BORROWER,8900058
SYNTHETIC_ONLY,demo-nbfc-ev-001,SYN-EV-2W-2025,SYN-A-LN-0252,SYN-A-CO-0252,CO_BORROWER,8900058
SYNTHETIC_ONLY,demo-nbfc-ev-001,SYN-EV-2W-2025,SYN-A-LN-0253,SYN-A-BR-0253,BORROWER,12672160
SYNTHETIC_ONLY,demo-nbfc-ev-001,SYN-EV-2W-2025,SYN-A-LN-0253,SYN-A-CO-0253,CO_BORROWER,12672160
SYNTHETIC_ONLY,demo-nbfc-ev-001,SYN-EV-2W-2025,SYN-A-LN-0254,SYN-A-BR-0254,BORROWER,11560602
SYNTHETIC_ONLY,demo-nbfc-ev-001,SYN-EV-2W-2025,SYN-A-LN-0254,SYN-A-CO-0254,CO_BORROWER,11560602
SYNTHETIC_ONLY,demo-nbfc-ev-001,SYN-EV-2W-2025,SYN-A-LN-0255,SYN-A-BR-0255,BORROWER,15729274
SYNTHETIC_ONLY,demo-nbfc-ev-001,SYN-EV-2W-2025,SYN-A-LN-0255,SYN-A-CO-0255,CO_BORROWER,15729274
SYNTHETIC_ONLY,demo-nbfc-ev-001,SYN-EV-2W-2025,SYN-A-LN-0256,SYN-A-BR-0256,BORROWER,14682085
SYNTHETIC_ONLY,demo-nbfc-ev-001,SYN-EV-2W-2025,SYN-A-LN-0256,SYN-A-CO-0256,CO_BORROWER,14682085
SYNTHETIC_ONLY,demo-nbfc-ev-001,SYN-EV-2W-2025,SYN-A-LN-0257,SYN-A-BR-0257,BORROWER,19490410
SYNTHETIC_ONLY,demo-nbfc-ev-001,SYN-EV-2W-2025,SYN-A-LN-0257,SYN-A-CO-0257,CO_BORROWER,19490410
SYNTHETIC_ONLY,demo-nbfc-ev-001,SYN-EV-2W-2025,SYN-A-LN-0258,SYN-A-BR-0258,BORROWER,19994431
SYNTHETIC_ONLY,demo-nbfc-ev-001,SYN-EV-2W-2025,SYN-A-LN-0258,SYN-A-CO-0258,CO_BORROWER,19994431
SYNTHETIC_ONLY,demo-nbfc-ev-001,SYN-EV-2W-2025,SYN-A-LN-0259,SYN-A-BR-0259,BORROWER,23509485
SYNTHETIC_ONLY,demo-nbfc-ev-001,SYN-EV-2W-2025,SYN-A-LN-0259,SYN-A-CO-0259,CO_BORROWER,23509485
SYNTHETIC_ONLY,demo-nbfc-ev-001,SYN-EV-2W-2025,SYN-A-LN-0260,SYN-A-BR-0260,BORROWER,22344683
SYNTHETIC_ONLY,demo-nbfc-ev-001,SYN-EV-2W-2025,SYN-A-LN-0260,SYN-A-CO-0260,CO_BORROWER,22344683
SYNTHETIC_ONLY,demo-nbfc-ev-001,SYN-EV-2W-2025,SYN-A-LN-0261,SYN-A-BR-0261,BORROWER,10950350
SYNTHETIC_ONLY,demo-nbfc-ev-001,SYN-EV-2W-2025,SYN-A-LN-0261,SYN-A-CO-0261,CO_BORROWER,10950350
SYNTHETIC_ONLY,demo-nbfc-ev-001,SYN-EV-2W-2025,SYN-A-LN-0262,SYN-A-BR-0262,BORROWER,9873502
SYNTHETIC_ONLY,demo-nbfc-ev-001,SYN-EV-2W-2025,SYN-A-LN-0262,SYN-A-CO-0262,CO_BORROWER,9873502
SYNTHETIC_ONLY,demo-nbfc-ev-001,SYN-EV-2W-2025,SYN-A-LN-0263,SYN-A-BR-0263,BORROWER,14307579
SYNTHETIC_ONLY,demo-nbfc-ev-001,SYN-EV-2W-2025,SYN-A-LN-0263,SYN-A-CO-0263,CO_BORROWER,14307579
SYNTHETIC_ONLY,demo-nbfc-ev-001,SYN-EV-2W-2025,SYN-A-LN-0264,SYN-A-BR-0264,BORROWER,14967997
SYNTHETIC_ONLY,demo-nbfc-ev-001,SYN-EV-2W-2025,SYN-A-LN-0264,SYN-A-CO-0264,CO_BORROWER,14967997
SYNTHETIC_ONLY,demo-nbfc-ev-001,SYN-EV-2W-2025,SYN-A-LN-0265,SYN-A-BR-0265,BORROWER,17478340
SYNTHETIC_ONLY,demo-nbfc-ev-001,SYN-EV-2W-2025,SYN-A-LN-0265,SYN-A-CO-0265,CO_BORROWER,17478340
SYNTHETIC_ONLY,demo-nbfc-ev-001,SYN-EV-2W-2025,SYN-A-LN-0266,SYN-A-BR-0266,BORROWER,16490782
SYNTHETIC_ONLY,demo-nbfc-ev-001,SYN-EV-2W-2025,SYN-A-LN-0266,SYN-A-CO-0266,CO_BORROWER,16490782
SYNTHETIC_ONLY,demo-nbfc-ev-001,SYN-EV-2W-2025,SYN-A-LN-0267,SYN-A-BR-0267,BORROWER,21369407
SYNTHETIC_ONLY,demo-nbfc-ev-001,SYN-EV-2W-2025,SYN-A-LN-0267,SYN-A-CO-0267,CO_BORROWER,21369407
SYNTHETIC_ONLY,demo-nbfc-ev-001,SYN-EV-2W-2025,SYN-A-LN-0268,SYN-A-BR-0268,BORROWER,20562926
SYNTHETIC_ONLY,demo-nbfc-ev-001,SYN-EV-2W-2025,SYN-A-LN-0268,SYN-A-CO-0268,CO_BORROWER,20562926
SYNTHETIC_ONLY,demo-nbfc-ev-001,SYN-EV-2W-2025,SYN-A-LN-0269,SYN-A-BR-0269,BORROWER,25505323
SYNTHETIC_ONLY,demo-nbfc-ev-001,SYN-EV-2W-2025,SYN-A-LN-0269,SYN-A-CO-0269,CO_BORROWER,25505323
SYNTHETIC_ONLY,demo-nbfc-ev-001,SYN-EV-2W-2025,SYN-A-LN-0270,SYN-A-BR-0270,BORROWER,8776950
SYNTHETIC_ONLY,demo-nbfc-ev-001,SYN-EV-2W-2025,SYN-A-LN-0270,SYN-A-CO-0270,CO_BORROWER,8776950
SYNTHETIC_ONLY,demo-nbfc-ev-001,SYN-EV-2W-2025,SYN-A-LN-0271,SYN-A-BR-0271,BORROWER,12508571
SYNTHETIC_ONLY,demo-nbfc-ev-001,SYN-EV-2W-2025,SYN-A-LN-0271,SYN-A-CO-0271,CO_BORROWER,12508571
SYNTHETIC_ONLY,demo-nbfc-ev-001,SYN-EV-2W-2025,SYN-A-LN-0272,SYN-A-BR-0272,BORROWER,11412108
SYNTHETIC_ONLY,demo-nbfc-ev-001,SYN-EV-2W-2025,SYN-A-LN-0272,SYN-A-CO-0272,CO_BORROWER,11412108
SYNTHETIC_ONLY,demo-nbfc-ev-001,SYN-EV-2W-2025,SYN-A-LN-0273,SYN-A-BR-0273,BORROWER,16006414
SYNTHETIC_ONLY,demo-nbfc-ev-001,SYN-EV-2W-2025,SYN-A-LN-0273,SYN-A-CO-0273,CO_BORROWER,16006414
SYNTHETIC_ONLY,demo-nbfc-ev-001,SYN-EV-2W-2025,SYN-A-LN-0274,SYN-A-BR-0274,BORROWER,14937213
SYNTHETIC_ONLY,demo-nbfc-ev-001,SYN-EV-2W-2025,SYN-A-LN-0274,SYN-A-CO-0274,CO_BORROWER,14937213
SYNTHETIC_ONLY,demo-nbfc-ev-001,SYN-EV-2W-2025,SYN-A-LN-0275,SYN-A-BR-0275,BORROWER,19290819
SYNTHETIC_ONLY,demo-nbfc-ev-001,SYN-EV-2W-2025,SYN-A-LN-0275,SYN-A-CO-0275,CO_BORROWER,19290819
SYNTHETIC_ONLY,demo-nbfc-ev-001,SYN-EV-2W-2025,SYN-A-LN-0276,SYN-A-BR-0276,BORROWER,19823841
SYNTHETIC_ONLY,demo-nbfc-ev-001,SYN-EV-2W-2025,SYN-A-LN-0276,SYN-A-CO-0276,CO_BORROWER,19823841
SYNTHETIC_ONLY,demo-nbfc-ev-001,SYN-EV-2W-2025,SYN-A-LN-0277,SYN-A-BR-0277,BORROWER,23307532
SYNTHETIC_ONLY,demo-nbfc-ev-001,SYN-EV-2W-2025,SYN-A-LN-0277,SYN-A-CO-0277,CO_BORROWER,23307532
SYNTHETIC_ONLY,demo-nbfc-ev-001,SYN-EV-2W-2025,SYN-A-LN-0278,SYN-A-BR-0278,BORROWER,22635206
SYNTHETIC_ONLY,demo-nbfc-ev-001,SYN-EV-2W-2025,SYN-A-LN-0278,SYN-A-CO-0278,CO_BORROWER,22635206
SYNTHETIC_ONLY,demo-nbfc-ev-001,SYN-EV-2W-2025,SYN-A-LN-0279,SYN-A-BR-0279,BORROWER,11176436
SYNTHETIC_ONLY,demo-nbfc-ev-001,SYN-EV-2W-2025,SYN-A-LN-0279,SYN-A-CO-0279,CO_BORROWER,11176436
SYNTHETIC_ONLY,demo-nbfc-ev-001,SYN-EV-2W-2025,SYN-A-LN-0280,SYN-A-BR-0280,BORROWER,9736928
SYNTHETIC_ONLY,demo-nbfc-ev-001,SYN-EV-2W-2025,SYN-A-LN-0280,SYN-A-CO-0280,CO_BORROWER,9736928
SYNTHETIC_ONLY,demo-nbfc-ev-001,SYN-EV-2W-2025,SYN-A-LN-0281,SYN-A-BR-0281,BORROWER,14132991
SYNTHETIC_ONLY,demo-nbfc-ev-001,SYN-EV-2W-2025,SYN-A-LN-0281,SYN-A-CO-0281,CO_BORROWER,14132991
SYNTHETIC_ONLY,demo-nbfc-ev-001,SYN-EV-2W-2025,SYN-A-LN-0282,SYN-A-BR-0282,BORROWER,14819825
SYNTHETIC_ONLY,demo-nbfc-ev-001,SYN-EV-2W-2025,SYN-A-LN-0282,SYN-A-CO-0282,CO_BORROWER,14819825
SYNTHETIC_ONLY,demo-nbfc-ev-001,SYN-EV-2W-2025,SYN-A-LN-0283,SYN-A-BR-0283,BORROWER,17767299
SYNTHETIC_ONLY,demo-nbfc-ev-001,SYN-EV-2W-2025,SYN-A-LN-0283,SYN-A-CO-0283,CO_BORROWER,17767299
SYNTHETIC_ONLY,demo-nbfc-ev-001,SYN-EV-2W-2025,SYN-A-LN-0284,SYN-A-BR-0284,BORROWER,16758587
SYNTHETIC_ONLY,demo-nbfc-ev-001,SYN-EV-2W-2025,SYN-A-LN-0284,SYN-A-CO-0284,CO_BORROWER,16758587
SYNTHETIC_ONLY,demo-nbfc-ev-001,SYN-EV-2W-2025,SYN-A-LN-0285,SYN-A-BR-0285,BORROWER,21165586
SYNTHETIC_ONLY,demo-nbfc-ev-001,SYN-EV-2W-2025,SYN-A-LN-0285,SYN-A-CO-0285,CO_BORROWER,21165586
SYNTHETIC_ONLY,demo-nbfc-ev-001,SYN-EV-2W-2025,SYN-A-LN-0286,SYN-A-BR-0286,BORROWER,20372458
SYNTHETIC_ONLY,demo-nbfc-ev-001,SYN-EV-2W-2025,SYN-A-LN-0286,SYN-A-CO-0286,CO_BORROWER,20372458
SYNTHETIC_ONLY,demo-nbfc-ev-001,SYN-EV-2W-2025,SYN-A-LN-0287,SYN-A-BR-0287,BORROWER,25303580
SYNTHETIC_ONLY,demo-nbfc-ev-001,SYN-EV-2W-2025,SYN-A-LN-0287,SYN-A-CO-0287,CO_BORROWER,25303580
SYNTHETIC_ONLY,demo-nbfc-ev-001,SYN-EV-2W-2025,SYN-A-LN-0288,SYN-A-BR-0288,BORROWER,8961429
SYNTHETIC_ONLY,demo-nbfc-ev-001,SYN-EV-2W-2025,SYN-A-LN-0288,SYN-A-CO-0288,CO_BORROWER,8961429
SYNTHETIC_ONLY,demo-nbfc-ev-001,SYN-EV-2W-2025,SYN-A-LN-0289,SYN-A-BR-0289,BORROWER,12753125
SYNTHETIC_ONLY,demo-nbfc-ev-001,SYN-EV-2W-2025,SYN-A-LN-0289,SYN-A-CO-0289,CO_BORROWER,12753125
SYNTHETIC_ONLY,demo-nbfc-ev-001,SYN-EV-2W-2025,SYN-A-LN-0290,SYN-A-BR-0290,BORROWER,11262848
SYNTHETIC_ONLY,demo-nbfc-ev-001,SYN-EV-2W-2025,SYN-A-LN-0290,SYN-A-CO-0290,CO_BORROWER,11262848
SYNTHETIC_ONLY,demo-nbfc-ev-001,SYN-EV-2W-2025,SYN-A-LN-0291,SYN-A-BR-0291,BORROWER,15822360
SYNTHETIC_ONLY,demo-nbfc-ev-001,SYN-EV-2W-2025,SYN-A-LN-0291,SYN-A-CO-0291,CO_BORROWER,15822360
SYNTHETIC_ONLY,demo-nbfc-ev-001,SYN-EV-2W-2025,SYN-A-LN-0292,SYN-A-BR-0292,BORROWER,14767443
SYNTHETIC_ONLY,demo-nbfc-ev-001,SYN-EV-2W-2025,SYN-A-LN-0292,SYN-A-CO-0292,CO_BORROWER,14767443
SYNTHETIC_ONLY,demo-nbfc-ev-001,SYN-EV-2W-2025,SYN-A-LN-0293,SYN-A-BR-0293,BORROWER,19588899
SYNTHETIC_ONLY,demo-nbfc-ev-001,SYN-EV-2W-2025,SYN-A-LN-0293,SYN-A-CO-0293,CO_BORROWER,19588899
SYNTHETIC_ONLY,demo-nbfc-ev-001,SYN-EV-2W-2025,SYN-A-LN-0294,SYN-A-BR-0294,BORROWER,20078972
SYNTHETIC_ONLY,demo-nbfc-ev-001,SYN-EV-2W-2025,SYN-A-LN-0294,SYN-A-CO-0294,CO_BORROWER,20078972
SYNTHETIC_ONLY,demo-nbfc-ev-001,SYN-EV-2W-2025,SYN-A-LN-0295,SYN-A-BR-0295,BORROWER,23101534
SYNTHETIC_ONLY,demo-nbfc-ev-001,SYN-EV-2W-2025,SYN-A-LN-0295,SYN-A-CO-0295,CO_BORROWER,23101534
SYNTHETIC_ONLY,demo-nbfc-ev-001,SYN-EV-2W-2025,SYN-A-LN-0296,SYN-A-BR-0296,BORROWER,22442084
SYNTHETIC_ONLY,demo-nbfc-ev-001,SYN-EV-2W-2025,SYN-A-LN-0296,SYN-A-CO-0296,CO_BORROWER,22442084
SYNTHETIC_ONLY,demo-nbfc-ev-001,SYN-EV-2W-2025,SYN-A-LN-0297,SYN-A-BR-0297,BORROWER,11026179
SYNTHETIC_ONLY,demo-nbfc-ev-001,SYN-EV-2W-2025,SYN-A-LN-0297,SYN-A-CO-0297,CO_BORROWER,11026179
SYNTHETIC_ONLY,demo-nbfc-ev-001,SYN-EV-2W-2025,SYN-A-LN-0298,SYN-A-BR-0298,BORROWER,9941585
SYNTHETIC_ONLY,demo-nbfc-ev-001,SYN-EV-2W-2025,SYN-A-LN-0298,SYN-A-CO-0298,CO_BORROWER,9941585
SYNTHETIC_ONLY,demo-nbfc-ev-001,SYN-EV-2W-2025,SYN-A-LN-0299,SYN-A-BR-0299,BORROWER,14393917
SYNTHETIC_ONLY,demo-nbfc-ev-001,SYN-EV-2W-2025,SYN-A-LN-0299,SYN-A-CO-0299,CO_BORROWER,14393917
SYNTHETIC_ONLY,demo-nbfc-ev-001,SYN-EV-2W-2025,SYN-A-LN-0300,SYN-A-BR-0300,BORROWER,14670233
SYNTHETIC_ONLY,demo-nbfc-ev-001,SYN-EV-2W-2025,SYN-A-LN-0300,SYN-A-CO-0300,CO_BORROWER,14670233
SYNTHETIC_ONLY,demo-nbfc-ev-001,SYN-EV-2W-2025,SYN-A-LN-0301,SYN-A-BR-0301,BORROWER,17575449
SYNTHETIC_ONLY,demo-nbfc-ev-001,SYN-EV-2W-2025,SYN-A-LN-0302,SYN-A-BR-0302,BORROWER,16580430
SYNTHETIC_ONLY,demo-nbfc-ev-001,SYN-EV-2W-2025,SYN-A-LN-0303,SYN-A-BR-0303,BORROWER,21469901
SYNTHETIC_ONLY,demo-nbfc-ev-001,SYN-EV-2W-2025,SYN-A-LN-0304,SYN-A-BR-0304,BORROWER,20657394
SYNTHETIC_ONLY,demo-nbfc-ev-001,SYN-EV-2W-2025,SYN-A-LN-0305,SYN-A-BR-0305,BORROWER,25097573
SYNTHETIC_ONLY,demo-nbfc-ev-001,SYN-EV-2W-2025,SYN-A-LN-0306,SYN-A-BR-0306,BORROWER,8838563
SYNTHETIC_ONLY,demo-nbfc-ev-001,SYN-EV-2W-2025,SYN-A-LN-0307,SYN-A-BR-0307,BORROWER,12590638
SYNTHETIC_ONLY,demo-nbfc-ev-001,SYN-EV-2W-2025,SYN-A-LN-0308,SYN-A-BR-0308,BORROWER,11486454
SYNTHETIC_ONLY,demo-nbfc-ev-001,SYN-EV-2W-2025,SYN-A-LN-0309,SYN-A-BR-0309,BORROWER,16097358
SYNTHETIC_ONLY,demo-nbfc-ev-001,SYN-EV-2W-2025,SYN-A-LN-0310,SYN-A-BR-0310,BORROWER,14596421
SYNTHETIC_ONLY,demo-nbfc-ev-001,SYN-EV-2W-2025,SYN-A-LN-0311,SYN-A-BR-0311,BORROWER,19391046
SYNTHETIC_ONLY,demo-nbfc-ev-001,SYN-EV-2W-2025,SYN-A-LN-0312,SYN-A-BR-0312,BORROWER,19909386
SYNTHETIC_ONLY,demo-nbfc-ev-001,SYN-EV-2W-2025,SYN-A-LN-0313,SYN-A-BR-0313,BORROWER,23409018
SYNTHETIC_ONLY,demo-nbfc-ev-001,SYN-EV-2W-2025,SYN-A-LN-0314,SYN-A-BR-0314,BORROWER,22730911
SYNTHETIC_ONLY,demo-nbfc-ev-001,SYN-EV-2W-2025,SYN-A-LN-0315,SYN-A-BR-0315,BORROWER,10874071
SYNTHETIC_ONLY,demo-nbfc-ev-001,SYN-EV-2W-2025,SYN-A-LN-0316,SYN-A-BR-0316,BORROWER,9805281
SYNTHETIC_ONLY,demo-nbfc-ev-001,SYN-EV-2W-2025,SYN-A-LN-0317,SYN-A-BR-0317,BORROWER,14220600
SYNTHETIC_ONLY,demo-nbfc-ev-001,SYN-EV-2W-2025,SYN-A-LN-0318,SYN-A-BR-0318,BORROWER,14894091
SYNTHETIC_ONLY,demo-nbfc-ev-001,SYN-EV-2W-2025,SYN-A-LN-0319,SYN-A-BR-0319,BORROWER,17862019
SYNTHETIC_ONLY,demo-nbfc-ev-001,SYN-EV-2W-2025,SYN-A-LN-0320,SYN-A-BR-0320,BORROWER,16400763
SYNTHETIC_ONLY,demo-nbfc-ev-001,SYN-EV-2W-2025,SYN-A-LN-0321,SYN-A-BR-0321,BORROWER,21267965
SYNTHETIC_ONLY,demo-nbfc-ev-001,SYN-EV-2W-2025,SYN-A-LN-0322,SYN-A-BR-0322,BORROWER,20467945
SYNTHETIC_ONLY,demo-nbfc-ev-001,SYN-EV-2W-2025,SYN-A-LN-0323,SYN-A-BR-0323,BORROWER,25404987
SYNTHETIC_ONLY,demo-nbfc-ev-001,SYN-EV-2W-2025,SYN-A-LN-0324,SYN-A-BR-0324,BORROWER,9022669
SYNTHETIC_ONLY,demo-nbfc-ev-001,SYN-EV-2W-2025,SYN-A-LN-0325,SYN-A-BR-0325,BORROWER,12425969
SYNTHETIC_ONLY,demo-nbfc-ev-001,SYN-EV-2W-2025,SYN-A-LN-0326,SYN-A-BR-0326,BORROWER,11337571
SYNTHETIC_ONLY,demo-nbfc-ev-001,SYN-EV-2W-2025,SYN-A-LN-0327,SYN-A-BR-0327,BORROWER,15914744
SYNTHETIC_ONLY,demo-nbfc-ev-001,SYN-EV-2W-2025,SYN-A-LN-0328,SYN-A-BR-0328,BORROWER,14852488
SYNTHETIC_ONLY,demo-nbfc-ev-001,SYN-EV-2W-2025,SYN-A-LN-0329,SYN-A-BR-0329,BORROWER,19686503
SYNTHETIC_ONLY,demo-nbfc-ev-001,SYN-EV-2W-2025,SYN-A-LN-0330,SYN-A-BR-0330,BORROWER,19737803
SYNTHETIC_ONLY,demo-nbfc-ev-001,SYN-EV-2W-2025,SYN-A-LN-0331,SYN-A-BR-0331,BORROWER,23205035
SYNTHETIC_ONLY,demo-nbfc-ev-001,SYN-EV-2W-2025,SYN-A-LN-0332,SYN-A-BR-0332,BORROWER,22538928
SYNTHETIC_ONLY,demo-nbfc-ev-001,SYN-EV-2W-2025,SYN-A-LN-0333,SYN-A-BR-0333,BORROWER,11101545
SYNTHETIC_ONLY,demo-nbfc-ev-001,SYN-EV-2W-2025,SYN-A-LN-0334,SYN-A-BR-0334,BORROWER,10009523
SYNTHETIC_ONLY,demo-nbfc-ev-001,SYN-EV-2W-2025,SYN-A-LN-0335,SYN-A-BR-0335,BORROWER,14044763
SYNTHETIC_ONLY,demo-nbfc-ev-001,SYN-EV-2W-2025,SYN-A-LN-0336,SYN-A-BR-0336,BORROWER,14745204
SYNTHETIC_ONLY,demo-nbfc-ev-001,SYN-EV-2W-2025,SYN-A-LN-0337,SYN-A-BR-0337,BORROWER,17671772
SYNTHETIC_ONLY,demo-nbfc-ev-001,SYN-EV-2W-2025,SYN-A-LN-0338,SYN-A-BR-0338,BORROWER,16669701
SYNTHETIC_ONLY,demo-nbfc-ev-001,SYN-EV-2W-2025,SYN-A-LN-0339,SYN-A-BR-0339,BORROWER,21569439
SYNTHETIC_ONLY,demo-nbfc-ev-001,SYN-EV-2W-2025,SYN-A-LN-0340,SYN-A-BR-0340,BORROWER,20276473
SYNTHETIC_ONLY,demo-nbfc-ev-001,SYN-EV-2W-2025,SYN-A-LN-0341,SYN-A-BR-0341,BORROWER,25201106
SYNTHETIC_ONLY,demo-nbfc-ev-001,SYN-EV-2W-2025,SYN-A-LN-0342,SYN-A-BR-0342,BORROWER,8900058
SYNTHETIC_ONLY,demo-nbfc-ev-001,SYN-EV-2W-2025,SYN-A-LN-0343,SYN-A-BR-0343,BORROWER,12672160
SYNTHETIC_ONLY,demo-nbfc-ev-001,SYN-EV-2W-2025,SYN-A-LN-0344,SYN-A-BR-0344,BORROWER,11560602
SYNTHETIC_ONLY,demo-nbfc-ev-001,SYN-EV-2W-2025,SYN-A-LN-0345,SYN-A-BR-0345,BORROWER,15729274
SYNTHETIC_ONLY,demo-nbfc-ev-001,SYN-EV-2W-2025,SYN-A-LN-0346,SYN-A-BR-0346,BORROWER,14682085
SYNTHETIC_ONLY,demo-nbfc-ev-001,SYN-EV-2W-2025,SYN-A-LN-0347,SYN-A-BR-0347,BORROWER,19490410
SYNTHETIC_ONLY,demo-nbfc-ev-001,SYN-EV-2W-2025,SYN-A-LN-0348,SYN-A-BR-0348,BORROWER,19994431
SYNTHETIC_ONLY,demo-nbfc-ev-001,SYN-EV-2W-2025,SYN-A-LN-0349,SYN-A-BR-0349,BORROWER,23509485
SYNTHETIC_ONLY,demo-nbfc-ev-001,SYN-EV-2W-2025,SYN-A-LN-0350,SYN-A-BR-0350,BORROWER,22344683
SYNTHETIC_ONLY,demo-nbfc-ev-001,SYN-EV-2W-2025,SYN-A-LN-0351,SYN-A-BR-0351,BORROWER,10950350
SYNTHETIC_ONLY,demo-nbfc-ev-001,SYN-EV-2W-2025,SYN-A-LN-0352,SYN-A-BR-0352,BORROWER,9873502
SYNTHETIC_ONLY,demo-nbfc-ev-001,SYN-EV-2W-2025,SYN-A-LN-0353,SYN-A-BR-0353,BORROWER,14307579
SYNTHETIC_ONLY,demo-nbfc-ev-001,SYN-EV-2W-2025,SYN-A-LN-0354,SYN-A-BR-0354,BORROWER,14967997
SYNTHETIC_ONLY,demo-nbfc-ev-001,SYN-EV-2W-2025,SYN-A-LN-0355,SYN-A-BR-0355,BORROWER,17478340
SYNTHETIC_ONLY,demo-nbfc-ev-001,SYN-EV-2W-2025,SYN-A-LN-0356,SYN-A-BR-0356,BORROWER,16490782
SYNTHETIC_ONLY,demo-nbfc-ev-001,SYN-EV-2W-2025,SYN-A-LN-0357,SYN-A-BR-0357,BORROWER,21369407
SYNTHETIC_ONLY,demo-nbfc-ev-001,SYN-EV-2W-2025,SYN-A-LN-0358,SYN-A-BR-0358,BORROWER,20562926
SYNTHETIC_ONLY,demo-nbfc-ev-001,SYN-EV-2W-2025,SYN-A-LN-0359,SYN-A-BR-0359,BORROWER,25505323
SYNTHETIC_ONLY,demo-nbfc-ev-001,SYN-EV-2W-2025,SYN-A-LN-0360,SYN-A-BR-0360,BORROWER,8776950
SYNTHETIC_ONLY,demo-nbfc-ev-001,SYN-EV-2W-2025,SYN-A-LN-0361,SYN-A-BR-0361,BORROWER,12508571
SYNTHETIC_ONLY,demo-nbfc-ev-001,SYN-EV-2W-2025,SYN-A-LN-0362,SYN-A-BR-0362,BORROWER,11412108
SYNTHETIC_ONLY,demo-nbfc-ev-001,SYN-EV-2W-2025,SYN-A-LN-0363,SYN-A-BR-0363,BORROWER,16006414
SYNTHETIC_ONLY,demo-nbfc-ev-001,SYN-EV-2W-2025,SYN-A-LN-0364,SYN-A-BR-0364,BORROWER,14937213
SYNTHETIC_ONLY,demo-nbfc-ev-001,SYN-EV-2W-2025,SYN-A-LN-0365,SYN-A-BR-0365,BORROWER,19290819
SYNTHETIC_ONLY,demo-nbfc-ev-001,SYN-EV-2W-2025,SYN-A-LN-0366,SYN-A-BR-0366,BORROWER,19823841
SYNTHETIC_ONLY,demo-nbfc-ev-001,SYN-EV-2W-2025,SYN-A-LN-0367,SYN-A-BR-0367,BORROWER,23307532
SYNTHETIC_ONLY,demo-nbfc-ev-001,SYN-EV-2W-2025,SYN-A-LN-0368,SYN-A-BR-0368,BORROWER,22635206
SYNTHETIC_ONLY,demo-nbfc-ev-001,SYN-EV-2W-2025,SYN-A-LN-0369,SYN-A-BR-0369,BORROWER,11176436
SYNTHETIC_ONLY,demo-nbfc-ev-001,SYN-EV-2W-2025,SYN-A-LN-0370,SYN-A-BR-0370,BORROWER,9736928
SYNTHETIC_ONLY,demo-nbfc-ev-001,SYN-EV-2W-2025,SYN-A-LN-0371,SYN-A-BR-0371,BORROWER,14132991
SYNTHETIC_ONLY,demo-nbfc-ev-001,SYN-EV-2W-2025,SYN-A-LN-0372,SYN-A-BR-0372,BORROWER,14819825
SYNTHETIC_ONLY,demo-nbfc-ev-001,SYN-EV-2W-2025,SYN-A-LN-0373,SYN-A-BR-0373,BORROWER,17767299
SYNTHETIC_ONLY,demo-nbfc-ev-001,SYN-EV-2W-2025,SYN-A-LN-0374,SYN-A-BR-0374,BORROWER,16758587
SYNTHETIC_ONLY,demo-nbfc-ev-001,SYN-EV-2W-2025,SYN-A-LN-0375,SYN-A-BR-0375,BORROWER,21165586
SYNTHETIC_ONLY,demo-nbfc-ev-001,SYN-EV-2W-2025,SYN-A-LN-0376,SYN-A-BR-0376,BORROWER,20372458
SYNTHETIC_ONLY,demo-nbfc-ev-001,SYN-EV-2W-2025,SYN-A-LN-0377,SYN-A-BR-0377,BORROWER,25303580
SYNTHETIC_ONLY,demo-nbfc-ev-001,SYN-EV-2W-2025,SYN-A-LN-0378,SYN-A-BR-0378,BORROWER,8961429
SYNTHETIC_ONLY,demo-nbfc-ev-001,SYN-EV-2W-2025,SYN-A-LN-0379,SYN-A-BR-0379,BORROWER,12753125
SYNTHETIC_ONLY,demo-nbfc-ev-001,SYN-EV-2W-2025,SYN-A-LN-0380,SYN-A-BR-0380,BORROWER,11262848
SYNTHETIC_ONLY,demo-nbfc-ev-001,SYN-EV-2W-2025,SYN-A-LN-0381,SYN-A-BR-0381,BORROWER,15822360
SYNTHETIC_ONLY,demo-nbfc-ev-001,SYN-EV-2W-2025,SYN-A-LN-0382,SYN-A-BR-0382,BORROWER,14767443
SYNTHETIC_ONLY,demo-nbfc-ev-001,SYN-EV-2W-2025,SYN-A-LN-0383,SYN-A-BR-0383,BORROWER,19588899
SYNTHETIC_ONLY,demo-nbfc-ev-001,SYN-EV-2W-2025,SYN-A-LN-0384,SYN-A-BR-0384,BORROWER,20078972
SYNTHETIC_ONLY,demo-nbfc-ev-001,SYN-EV-2W-2025,SYN-A-LN-0385,SYN-A-BR-0385,BORROWER,23101534
SYNTHETIC_ONLY,demo-nbfc-ev-001,SYN-EV-2W-2025,SYN-A-LN-0386,SYN-A-BR-0386,BORROWER,22442084
SYNTHETIC_ONLY,demo-nbfc-ev-001,SYN-EV-2W-2025,SYN-A-LN-0387,SYN-A-BR-0387,BORROWER,11026179
SYNTHETIC_ONLY,demo-nbfc-ev-001,SYN-EV-2W-2025,SYN-A-LN-0388,SYN-A-BR-0388,BORROWER,9941585
SYNTHETIC_ONLY,demo-nbfc-ev-001,SYN-EV-2W-2025,SYN-A-LN-0389,SYN-A-BR-0389,BORROWER,14393917
SYNTHETIC_ONLY,demo-nbfc-ev-001,SYN-EV-2W-2025,SYN-A-LN-0390,SYN-A-BR-0390,BORROWER,14670233
SYNTHETIC_ONLY,demo-nbfc-ev-001,SYN-EV-2W-2025,SYN-A-LN-0391,SYN-A-BR-0391,BORROWER,17575449
SYNTHETIC_ONLY,demo-nbfc-ev-001,SYN-EV-2W-2025,SYN-A-LN-0392,SYN-A-BR-0392,BORROWER,16580430
SYNTHETIC_ONLY,demo-nbfc-ev-001,SYN-EV-2W-2025,SYN-A-LN-0393,SYN-A-BR-0393,BORROWER,21469901
SYNTHETIC_ONLY,demo-nbfc-ev-001,SYN-EV-2W-2025,SYN-A-LN-0394,SYN-A-BR-0394,BORROWER,20657394
SYNTHETIC_ONLY,demo-nbfc-ev-001,SYN-EV-2W-2025,SYN-A-LN-0395,SYN-A-BR-0395,BORROWER,25097573
SYNTHETIC_ONLY,demo-nbfc-ev-001,SYN-EV-2W-2025,SYN-A-LN-0396,SYN-A-BR-0396,BORROWER,8838563
SYNTHETIC_ONLY,demo-nbfc-ev-001,SYN-EV-2W-2025,SYN-A-LN-0397,SYN-A-BR-0397,BORROWER,12590638
SYNTHETIC_ONLY,demo-nbfc-ev-001,SYN-EV-2W-2025,SYN-A-LN-0398,SYN-A-BR-0398,BORROWER,11486454
SYNTHETIC_ONLY,demo-nbfc-ev-001,SYN-EV-2W-2025,SYN-A-LN-0399,SYN-A-BR-0399,BORROWER,16097358
SYNTHETIC_ONLY,demo-nbfc-ev-001,SYN-EV-2W-2025,SYN-A-LN-0400,SYN-A-BR-0400,BORROWER,14596421
SYNTHETIC_ONLY,demo-nbfc-ev-001,SYN-EV-2W-2025,SYN-A-LN-0401,SYN-A-BR-0401,BORROWER,19391046
SYNTHETIC_ONLY,demo-nbfc-ev-001,SYN-EV-2W-2025,SYN-A-LN-0402,SYN-A-BR-0402,BORROWER,19909386
SYNTHETIC_ONLY,demo-nbfc-ev-001,SYN-EV-2W-2025,SYN-A-LN-0403,SYN-A-BR-0403,BORROWER,23409018
SYNTHETIC_ONLY,demo-nbfc-ev-001,SYN-EV-2W-2025,SYN-A-LN-0404,SYN-A-BR-0404,BORROWER,22730911
SYNTHETIC_ONLY,demo-nbfc-ev-001,SYN-EV-2W-2025,SYN-A-LN-0405,SYN-A-BR-0405,BORROWER,10874071
SYNTHETIC_ONLY,demo-nbfc-ev-001,SYN-EV-2W-2025,SYN-A-LN-0406,SYN-A-BR-0406,BORROWER,9805281
SYNTHETIC_ONLY,demo-nbfc-ev-001,SYN-EV-2W-2025,SYN-A-LN-0407,SYN-A-BR-0407,BORROWER,14220600
SYNTHETIC_ONLY,demo-nbfc-ev-001,SYN-EV-2W-2025,SYN-A-LN-0408,SYN-A-BR-0408,BORROWER,14894091
SYNTHETIC_ONLY,demo-nbfc-ev-001,SYN-EV-2W-2025,SYN-A-LN-0409,SYN-A-BR-0409,BORROWER,17862019
SYNTHETIC_ONLY,demo-nbfc-ev-001,SYN-EV-2W-2025,SYN-A-LN-0410,SYN-A-BR-0410,BORROWER,16400763
SYNTHETIC_ONLY,demo-nbfc-ev-001,SYN-EV-2W-2025,SYN-A-LN-0411,SYN-A-BR-0411,BORROWER,21267965
SYNTHETIC_ONLY,demo-nbfc-ev-001,SYN-EV-2W-2025,SYN-A-LN-0412,SYN-A-BR-0412,BORROWER,20467945
SYNTHETIC_ONLY,demo-nbfc-ev-001,SYN-EV-2W-2025,SYN-A-LN-0413,SYN-A-BR-0413,BORROWER,25404987
SYNTHETIC_ONLY,demo-nbfc-ev-001,SYN-EV-2W-2025,SYN-A-LN-0414,SYN-A-BR-0414,BORROWER,9022669
SYNTHETIC_ONLY,demo-nbfc-ev-001,SYN-EV-2W-2025,SYN-A-LN-0415,SYN-A-BR-0415,BORROWER,12425969
SYNTHETIC_ONLY,demo-nbfc-ev-001,SYN-EV-2W-2025,SYN-A-LN-0416,SYN-A-BR-0416,BORROWER,11337571
SYNTHETIC_ONLY,demo-nbfc-ev-001,SYN-EV-2W-2025,SYN-A-LN-0417,SYN-A-BR-0417,BORROWER,15914744
SYNTHETIC_ONLY,demo-nbfc-ev-001,SYN-EV-2W-2025,SYN-A-LN-0418,SYN-A-BR-0418,BORROWER,14852488
SYNTHETIC_ONLY,demo-nbfc-ev-001,SYN-EV-2W-2025,SYN-A-LN-0419,SYN-A-BR-0419,BORROWER,19686503
SYNTHETIC_ONLY,demo-nbfc-ev-001,SYN-EV-2W-2025,SYN-A-LN-0420,SYN-A-BR-0420,BORROWER,19737803
SYNTHETIC_ONLY,demo-nbfc-ev-001,SYN-EV-2W-2025,SYN-A-LN-0421,SYN-A-BR-0421,BORROWER,23205035
SYNTHETIC_ONLY,demo-nbfc-ev-001,SYN-EV-2W-2025,SYN-A-LN-0422,SYN-A-BR-0422,BORROWER,22538928
SYNTHETIC_ONLY,demo-nbfc-ev-001,SYN-EV-2W-2025,SYN-A-LN-0423,SYN-A-BR-0423,BORROWER,11101545
SYNTHETIC_ONLY,demo-nbfc-ev-001,SYN-EV-2W-2025,SYN-A-LN-0424,SYN-A-BR-0424,BORROWER,10009523
SYNTHETIC_ONLY,demo-nbfc-ev-001,SYN-EV-2W-2025,SYN-A-LN-0425,SYN-A-BR-0425,BORROWER,14044763
SYNTHETIC_ONLY,demo-nbfc-ev-001,SYN-EV-2W-2025,SYN-A-LN-0426,SYN-A-BR-0426,BORROWER,14745204
SYNTHETIC_ONLY,demo-nbfc-ev-001,SYN-EV-2W-2025,SYN-A-LN-0427,SYN-A-BR-0427,BORROWER,17671772
SYNTHETIC_ONLY,demo-nbfc-ev-001,SYN-EV-2W-2025,SYN-A-LN-0428,SYN-A-BR-0428,BORROWER,16669701
SYNTHETIC_ONLY,demo-nbfc-ev-001,SYN-EV-2W-2025,SYN-A-LN-0429,SYN-A-BR-0429,BORROWER,21569439
SYNTHETIC_ONLY,demo-nbfc-ev-001,SYN-EV-2W-2025,SYN-A-LN-0430,SYN-A-BR-0430,BORROWER,20276473
SYNTHETIC_ONLY,demo-nbfc-ev-001,SYN-EV-2W-2025,SYN-A-LN-0431,SYN-A-BR-0431,BORROWER,25201106
SYNTHETIC_ONLY,demo-nbfc-ev-001,SYN-EV-2W-2025,SYN-A-LN-0432,SYN-A-BR-0432,BORROWER,8900058
SYNTHETIC_ONLY,demo-nbfc-ev-001,SYN-EV-2W-2025,SYN-A-LN-0433,SYN-A-BR-0433,BORROWER,12672160
SYNTHETIC_ONLY,demo-nbfc-ev-001,SYN-EV-2W-2025,SYN-A-LN-0434,SYN-A-BR-0434,BORROWER,11560602
SYNTHETIC_ONLY,demo-nbfc-ev-001,SYN-EV-2W-2025,SYN-A-LN-0435,SYN-A-BR-0435,BORROWER,15729274
SYNTHETIC_ONLY,demo-nbfc-ev-001,SYN-EV-2W-2025,SYN-A-LN-0436,SYN-A-BR-0436,BORROWER,14682085
SYNTHETIC_ONLY,demo-nbfc-ev-001,SYN-EV-2W-2025,SYN-A-LN-0437,SYN-A-BR-0437,BORROWER,19490410
SYNTHETIC_ONLY,demo-nbfc-ev-001,SYN-EV-2W-2025,SYN-A-LN-0438,SYN-A-BR-0438,BORROWER,19994431
SYNTHETIC_ONLY,demo-nbfc-ev-001,SYN-EV-2W-2025,SYN-A-LN-0439,SYN-A-BR-0439,BORROWER,23509485
SYNTHETIC_ONLY,demo-nbfc-ev-001,SYN-EV-2W-2025,SYN-A-LN-0440,SYN-A-BR-0440,BORROWER,22344683
SYNTHETIC_ONLY,demo-nbfc-ev-001,SYN-EV-2W-2025,SYN-A-LN-0441,SYN-A-BR-0441,BORROWER,10950350
SYNTHETIC_ONLY,demo-nbfc-ev-001,SYN-EV-2W-2025,SYN-A-LN-0442,SYN-A-BR-0442,BORROWER,9873502
SYNTHETIC_ONLY,demo-nbfc-ev-001,SYN-EV-2W-2025,SYN-A-LN-0443,SYN-A-BR-0443,BORROWER,14307579
SYNTHETIC_ONLY,demo-nbfc-ev-001,SYN-EV-2W-2025,SYN-A-LN-0444,SYN-A-BR-0444,BORROWER,14967997
SYNTHETIC_ONLY,demo-nbfc-ev-001,SYN-EV-2W-2025,SYN-A-LN-0445,SYN-A-BR-0445,BORROWER,17478340
SYNTHETIC_ONLY,demo-nbfc-ev-001,SYN-EV-2W-2025,SYN-A-LN-0446,SYN-A-BR-0446,BORROWER,16490782
SYNTHETIC_ONLY,demo-nbfc-ev-001,SYN-EV-2W-2025,SYN-A-LN-0447,SYN-A-BR-0447,BORROWER,21369407
SYNTHETIC_ONLY,demo-nbfc-ev-001,SYN-EV-2W-2025,SYN-A-LN-0448,SYN-A-BR-0448,BORROWER,20562926
SYNTHETIC_ONLY,demo-nbfc-ev-001,SYN-EV-2W-2025,SYN-A-LN-0449,SYN-A-BR-0449,BORROWER,25505323
SYNTHETIC_ONLY,demo-nbfc-ev-001,SYN-EV-2W-2025,SYN-A-LN-0450,SYN-A-BR-0450,BORROWER,8776950
SYNTHETIC_ONLY,demo-nbfc-ev-001,SYN-EV-2W-2025,SYN-A-LN-0451,SYN-A-BR-0451,BORROWER,12508571
SYNTHETIC_ONLY,demo-nbfc-ev-001,SYN-EV-2W-2025,SYN-A-LN-0452,SYN-A-BR-0452,BORROWER,11412108
SYNTHETIC_ONLY,demo-nbfc-ev-001,SYN-EV-2W-2025,SYN-A-LN-0453,SYN-A-BR-0453,BORROWER,16006414
SYNTHETIC_ONLY,demo-nbfc-ev-001,SYN-EV-2W-2025,SYN-A-LN-0454,SYN-A-BR-0454,BORROWER,14937213
SYNTHETIC_ONLY,demo-nbfc-ev-001,SYN-EV-2W-2025,SYN-A-LN-0455,SYN-A-BR-0455,BORROWER,19290819
SYNTHETIC_ONLY,demo-nbfc-ev-001,SYN-EV-2W-2025,SYN-A-LN-0456,SYN-A-BR-0456,BORROWER,19823841
SYNTHETIC_ONLY,demo-nbfc-ev-001,SYN-EV-2W-2025,SYN-A-LN-0457,SYN-A-BR-0457,BORROWER,23307532
SYNTHETIC_ONLY,demo-nbfc-ev-001,SYN-EV-2W-2025,SYN-A-LN-0458,SYN-A-BR-0458,BORROWER,22635206
SYNTHETIC_ONLY,demo-nbfc-ev-001,SYN-EV-2W-2025,SYN-A-LN-0459,SYN-A-BR-0459,BORROWER,11176436
SYNTHETIC_ONLY,demo-nbfc-ev-001,SYN-EV-2W-2025,SYN-A-LN-0460,SYN-A-BR-0460,BORROWER,9736928
SYNTHETIC_ONLY,demo-nbfc-ev-001,SYN-EV-2W-2025,SYN-A-LN-0461,SYN-A-BR-0461,BORROWER,14132991
SYNTHETIC_ONLY,demo-nbfc-ev-001,SYN-EV-2W-2025,SYN-A-LN-0462,SYN-A-BR-0462,BORROWER,14819825
SYNTHETIC_ONLY,demo-nbfc-ev-001,SYN-EV-2W-2025,SYN-A-LN-0463,SYN-A-BR-0463,BORROWER,17767299
SYNTHETIC_ONLY,demo-nbfc-ev-001,SYN-EV-2W-2025,SYN-A-LN-0464,SYN-A-BR-0464,BORROWER,16758587
SYNTHETIC_ONLY,demo-nbfc-ev-001,SYN-EV-2W-2025,SYN-A-LN-0465,SYN-A-BR-0465,BORROWER,21165586
SYNTHETIC_ONLY,demo-nbfc-ev-001,SYN-EV-2W-2025,SYN-A-LN-0466,SYN-A-BR-0466,BORROWER,20372458
SYNTHETIC_ONLY,demo-nbfc-ev-001,SYN-EV-2W-2025,SYN-A-LN-0467,SYN-A-BR-0467,BORROWER,25303580
SYNTHETIC_ONLY,demo-nbfc-ev-001,SYN-EV-2W-2025,SYN-A-LN-0468,SYN-A-BR-0468,BORROWER,8961429
SYNTHETIC_ONLY,demo-nbfc-ev-001,SYN-EV-2W-2025,SYN-A-LN-0469,SYN-A-BR-0469,BORROWER,12753125
SYNTHETIC_ONLY,demo-nbfc-ev-001,SYN-EV-2W-2025,SYN-A-LN-0470,SYN-A-BR-0470,BORROWER,11262848
SYNTHETIC_ONLY,demo-nbfc-ev-001,SYN-EV-2W-2025,SYN-A-LN-0471,SYN-A-BR-0471,BORROWER,15822360
SYNTHETIC_ONLY,demo-nbfc-ev-001,SYN-EV-2W-2025,SYN-A-LN-0472,SYN-A-BR-0472,BORROWER,14767443
SYNTHETIC_ONLY,demo-nbfc-ev-001,SYN-EV-2W-2025,SYN-A-LN-0473,SYN-A-BR-0473,BORROWER,19588899
SYNTHETIC_ONLY,demo-nbfc-ev-001,SYN-EV-2W-2025,SYN-A-LN-0474,SYN-A-BR-0474,BORROWER,20078972
SYNTHETIC_ONLY,demo-nbfc-ev-001,SYN-EV-2W-2025,SYN-A-LN-0475,SYN-A-BR-0475,BORROWER,23101534
SYNTHETIC_ONLY,demo-nbfc-ev-001,SYN-EV-2W-2025,SYN-A-LN-0476,SYN-A-BR-0476,BORROWER,22442084
SYNTHETIC_ONLY,demo-nbfc-ev-001,SYN-EV-2W-2025,SYN-A-LN-0477,SYN-A-BR-0477,BORROWER,11026179
SYNTHETIC_ONLY,demo-nbfc-ev-001,SYN-EV-2W-2025,SYN-A-LN-0478,SYN-A-BR-0478,BORROWER,9941585
SYNTHETIC_ONLY,demo-nbfc-ev-001,SYN-EV-2W-2025,SYN-A-LN-0479,SYN-A-BR-0479,BORROWER,14393917
SYNTHETIC_ONLY,demo-nbfc-ev-001,SYN-EV-2W-2025,SYN-A-LN-0480,SYN-A-BR-0480,BORROWER,14670233
SYNTHETIC_ONLY,demo-nbfc-ev-001,SYN-EV-2W-2025,SYN-A-LN-0481,SYN-A-BR-0481,BORROWER,17575449
SYNTHETIC_ONLY,demo-nbfc-ev-001,SYN-EV-2W-2025,SYN-A-LN-0482,SYN-A-BR-0482,BORROWER,16580430
SYNTHETIC_ONLY,demo-nbfc-ev-001,SYN-EV-2W-2025,SYN-A-LN-0483,SYN-A-BR-0483,BORROWER,21469901
SYNTHETIC_ONLY,demo-nbfc-ev-001,SYN-EV-2W-2025,SYN-A-LN-0484,SYN-A-BR-0484,BORROWER,20657394
SYNTHETIC_ONLY,demo-nbfc-ev-001,SYN-EV-2W-2025,SYN-A-LN-0485,SYN-A-BR-0485,BORROWER,25097573
SYNTHETIC_ONLY,demo-nbfc-ev-001,SYN-EV-2W-2025,SYN-A-LN-0486,SYN-A-BR-0486,BORROWER,8838563
SYNTHETIC_ONLY,demo-nbfc-ev-001,SYN-EV-2W-2025,SYN-A-LN-0487,SYN-A-BR-0487,BORROWER,12590638
SYNTHETIC_ONLY,demo-nbfc-ev-001,SYN-EV-2W-2025,SYN-A-LN-0488,SYN-A-BR-0488,BORROWER,11486454
SYNTHETIC_ONLY,demo-nbfc-ev-001,SYN-EV-2W-2025,SYN-A-LN-0489,SYN-A-BR-0489,BORROWER,16097358
SYNTHETIC_ONLY,demo-nbfc-ev-001,SYN-EV-2W-2025,SYN-A-LN-0490,SYN-A-BR-0490,BORROWER,14596421
SYNTHETIC_ONLY,demo-nbfc-ev-001,SYN-EV-2W-2025,SYN-A-LN-0491,SYN-A-BR-0491,BORROWER,19391046
SYNTHETIC_ONLY,demo-nbfc-ev-001,SYN-EV-2W-2025,SYN-A-LN-0492,SYN-A-BR-0492,BORROWER,19909386
SYNTHETIC_ONLY,demo-nbfc-ev-001,SYN-EV-2W-2025,SYN-A-LN-0493,SYN-A-BR-0493,BORROWER,23409018
SYNTHETIC_ONLY,demo-nbfc-ev-001,SYN-EV-2W-2025,SYN-A-LN-0494,SYN-A-BR-0494,BORROWER,22730911
SYNTHETIC_ONLY,demo-nbfc-ev-001,SYN-EV-2W-2025,SYN-A-LN-0495,SYN-A-BR-0495,BORROWER,10874071
SYNTHETIC_ONLY,demo-nbfc-ev-001,SYN-EV-2W-2025,SYN-A-LN-0496,SYN-A-BR-0496,BORROWER,9805281
SYNTHETIC_ONLY,demo-nbfc-ev-001,SYN-EV-2W-2025,SYN-A-LN-0497,SYN-A-BR-0497,BORROWER,14220600
SYNTHETIC_ONLY,demo-nbfc-ev-001,SYN-EV-2W-2025,SYN-A-LN-0498,SYN-A-BR-0498,BORROWER,14894091
SYNTHETIC_ONLY,demo-nbfc-ev-001,SYN-EV-2W-2025,SYN-A-LN-0499,SYN-A-BR-0499,BORROWER,17862019
SYNTHETIC_ONLY,demo-nbfc-ev-001,SYN-EV-2W-2025,SYN-A-LN-0500,SYN-A-BR-0500,BORROWER,16400763
SYNTHETIC_ONLY,demo-nbfc-ev-001,SYN-EV-2W-2025,SYN-A-LN-0501,SYN-A-BR-0501,BORROWER,21267965
SYNTHETIC_ONLY,demo-nbfc-ev-001,SYN-EV-2W-2025,SYN-A-LN-0502,SYN-A-BR-0502,BORROWER,20467945
SYNTHETIC_ONLY,demo-nbfc-ev-001,SYN-EV-2W-2025,SYN-A-LN-0503,SYN-A-BR-0503,BORROWER,25404987
SYNTHETIC_ONLY,demo-nbfc-ev-001,SYN-EV-2W-2025,SYN-A-LN-0504,SYN-A-BR-0504,BORROWER,9022669
SYNTHETIC_ONLY,demo-nbfc-ev-001,SYN-EV-2W-2025,SYN-A-LN-0505,SYN-A-BR-0505,BORROWER,12425969
SYNTHETIC_ONLY,demo-nbfc-ev-001,SYN-EV-2W-2025,SYN-A-LN-0506,SYN-A-BR-0506,BORROWER,11337571
SYNTHETIC_ONLY,demo-nbfc-ev-001,SYN-EV-2W-2025,SYN-A-LN-0507,SYN-A-BR-0507,BORROWER,15914744
SYNTHETIC_ONLY,demo-nbfc-ev-001,SYN-EV-2W-2025,SYN-A-LN-0508,SYN-A-BR-0508,BORROWER,14852488
SYNTHETIC_ONLY,demo-nbfc-ev-001,SYN-EV-2W-2025,SYN-A-LN-0509,SYN-A-BR-0509,BORROWER,19686503
SYNTHETIC_ONLY,demo-nbfc-ev-001,SYN-EV-2W-2025,SYN-A-LN-0510,SYN-A-BR-0510,BORROWER,19737803
SYNTHETIC_ONLY,demo-nbfc-ev-001,SYN-EV-2W-2025,SYN-A-LN-0511,SYN-A-BR-0511,BORROWER,23205035
SYNTHETIC_ONLY,demo-nbfc-ev-001,SYN-EV-2W-2025,SYN-A-LN-0512,SYN-A-BR-0512,BORROWER,22538928
SYNTHETIC_ONLY,demo-nbfc-ev-001,SYN-EV-2W-2025,SYN-A-LN-0513,SYN-A-BR-0513,BORROWER,11101545
SYNTHETIC_ONLY,demo-nbfc-ev-001,SYN-EV-2W-2025,SYN-A-LN-0514,SYN-A-BR-0514,BORROWER,10009523
SYNTHETIC_ONLY,demo-nbfc-ev-001,SYN-EV-2W-2025,SYN-A-LN-0515,SYN-A-BR-0515,BORROWER,14044763
SYNTHETIC_ONLY,demo-nbfc-ev-001,SYN-EV-2W-2025,SYN-A-LN-0516,SYN-A-BR-0516,BORROWER,14745204
SYNTHETIC_ONLY,demo-nbfc-ev-001,SYN-EV-2W-2025,SYN-A-LN-0517,SYN-A-BR-0517,BORROWER,17671772
SYNTHETIC_ONLY,demo-nbfc-ev-001,SYN-EV-2W-2025,SYN-A-LN-0518,SYN-A-BR-0518,BORROWER,16669701
SYNTHETIC_ONLY,demo-nbfc-ev-001,SYN-EV-2W-2025,SYN-A-LN-0519,SYN-A-BR-0519,BORROWER,21569439
SYNTHETIC_ONLY,demo-nbfc-ev-001,SYN-EV-2W-2025,SYN-A-LN-0520,SYN-A-BR-0520,BORROWER,20276473
SYNTHETIC_ONLY,demo-nbfc-ev-001,SYN-EV-2W-2025,SYN-A-LN-0521,SYN-A-BR-0521,BORROWER,25201106
SYNTHETIC_ONLY,demo-nbfc-ev-001,SYN-EV-2W-2025,SYN-A-LN-0522,SYN-A-BR-0522,BORROWER,8900058
SYNTHETIC_ONLY,demo-nbfc-ev-001,SYN-EV-2W-2025,SYN-A-LN-0523,SYN-A-BR-0523,BORROWER,12672160
SYNTHETIC_ONLY,demo-nbfc-ev-001,SYN-EV-2W-2025,SYN-A-LN-0524,SYN-A-BR-0524,BORROWER,11560602
SYNTHETIC_ONLY,demo-nbfc-ev-001,SYN-EV-2W-2025,SYN-A-LN-0525,SYN-A-BR-0525,BORROWER,15729274
SYNTHETIC_ONLY,demo-nbfc-ev-001,SYN-EV-2W-2025,SYN-A-LN-0526,SYN-A-BR-0526,BORROWER,14682085
SYNTHETIC_ONLY,demo-nbfc-ev-001,SYN-EV-2W-2025,SYN-A-LN-0527,SYN-A-BR-0527,BORROWER,19490410
SYNTHETIC_ONLY,demo-nbfc-ev-001,SYN-EV-2W-2025,SYN-A-LN-0528,SYN-A-BR-0528,BORROWER,19994431
SYNTHETIC_ONLY,demo-nbfc-ev-001,SYN-EV-2W-2025,SYN-A-LN-0529,SYN-A-BR-0529,BORROWER,23509485
SYNTHETIC_ONLY,demo-nbfc-ev-001,SYN-EV-2W-2025,SYN-A-LN-0530,SYN-A-BR-0530,BORROWER,22344683
SYNTHETIC_ONLY,demo-nbfc-ev-001,SYN-EV-2W-2025,SYN-A-LN-0531,SYN-A-BR-0531,BORROWER,10950350
SYNTHETIC_ONLY,demo-nbfc-ev-001,SYN-EV-2W-2025,SYN-A-LN-0532,SYN-A-BR-0532,BORROWER,9873502
SYNTHETIC_ONLY,demo-nbfc-ev-001,SYN-EV-2W-2025,SYN-A-LN-0533,SYN-A-BR-0533,BORROWER,14307579
SYNTHETIC_ONLY,demo-nbfc-ev-001,SYN-EV-2W-2025,SYN-A-LN-0534,SYN-A-BR-0534,BORROWER,14967997
SYNTHETIC_ONLY,demo-nbfc-ev-001,SYN-EV-2W-2025,SYN-A-LN-0535,SYN-A-BR-0535,BORROWER,17478340
SYNTHETIC_ONLY,demo-nbfc-ev-001,SYN-EV-2W-2025,SYN-A-LN-0536,SYN-A-BR-0536,BORROWER,16490782
SYNTHETIC_ONLY,demo-nbfc-ev-001,SYN-EV-2W-2025,SYN-A-LN-0537,SYN-A-BR-0537,BORROWER,21369407
SYNTHETIC_ONLY,demo-nbfc-ev-001,SYN-EV-2W-2025,SYN-A-LN-0538,SYN-A-BR-0538,BORROWER,20562926
SYNTHETIC_ONLY,demo-nbfc-ev-001,SYN-EV-2W-2025,SYN-A-LN-0539,SYN-A-BR-0539,BORROWER,25505323
SYNTHETIC_ONLY,demo-nbfc-ev-001,SYN-EV-2W-2025,SYN-A-LN-0540,SYN-A-BR-0540,BORROWER,8776950
SYNTHETIC_ONLY,demo-nbfc-ev-001,SYN-EV-2W-2025,SYN-A-LN-0541,SYN-A-BR-0541,BORROWER,12508571
SYNTHETIC_ONLY,demo-nbfc-ev-001,SYN-EV-2W-2025,SYN-A-LN-0542,SYN-A-BR-0542,BORROWER,11412108
SYNTHETIC_ONLY,demo-nbfc-ev-001,SYN-EV-2W-2025,SYN-A-LN-0543,SYN-A-BR-0543,BORROWER,16006414
SYNTHETIC_ONLY,demo-nbfc-ev-001,SYN-EV-2W-2025,SYN-A-LN-0544,SYN-A-BR-0544,BORROWER,14937213
SYNTHETIC_ONLY,demo-nbfc-ev-001,SYN-EV-2W-2025,SYN-A-LN-0545,SYN-A-BR-0545,BORROWER,19290819
SYNTHETIC_ONLY,demo-nbfc-ev-001,SYN-EV-2W-2025,SYN-A-LN-0546,SYN-A-BR-0546,BORROWER,19823841
SYNTHETIC_ONLY,demo-nbfc-ev-001,SYN-EV-2W-2025,SYN-A-LN-0547,SYN-A-BR-0547,BORROWER,23307532
SYNTHETIC_ONLY,demo-nbfc-ev-001,SYN-EV-2W-2025,SYN-A-LN-0548,SYN-A-BR-0548,BORROWER,22635206
SYNTHETIC_ONLY,demo-nbfc-ev-001,SYN-EV-2W-2025,SYN-A-LN-0549,SYN-A-BR-0549,BORROWER,11176436
SYNTHETIC_ONLY,demo-nbfc-ev-001,SYN-EV-2W-2025,SYN-A-LN-0550,SYN-A-BR-0550,BORROWER,9736928
SYNTHETIC_ONLY,demo-nbfc-ev-001,SYN-EV-2W-2025,SYN-A-LN-0551,SYN-A-BR-0551,BORROWER,14132991
SYNTHETIC_ONLY,demo-nbfc-ev-001,SYN-EV-2W-2025,SYN-A-LN-0552,SYN-A-BR-0552,BORROWER,14819825
SYNTHETIC_ONLY,demo-nbfc-ev-001,SYN-EV-2W-2025,SYN-A-LN-0553,SYN-A-BR-0553,BORROWER,17767299
SYNTHETIC_ONLY,demo-nbfc-ev-001,SYN-EV-2W-2025,SYN-A-LN-0554,SYN-A-BR-0554,BORROWER,16758587
SYNTHETIC_ONLY,demo-nbfc-ev-001,SYN-EV-2W-2025,SYN-A-LN-0555,SYN-A-BR-0555,BORROWER,21165586
SYNTHETIC_ONLY,demo-nbfc-ev-001,SYN-EV-2W-2025,SYN-A-LN-0556,SYN-A-BR-0556,BORROWER,20372458
SYNTHETIC_ONLY,demo-nbfc-ev-001,SYN-EV-2W-2025,SYN-A-LN-0557,SYN-A-BR-0557,BORROWER,25303580
SYNTHETIC_ONLY,demo-nbfc-ev-001,SYN-EV-2W-2025,SYN-A-LN-0558,SYN-A-BR-0558,BORROWER,8961429
SYNTHETIC_ONLY,demo-nbfc-ev-001,SYN-EV-2W-2025,SYN-A-LN-0559,SYN-A-BR-0559,BORROWER,12753125
SYNTHETIC_ONLY,demo-nbfc-ev-001,SYN-EV-2W-2025,SYN-A-LN-0560,SYN-A-BR-0560,BORROWER,11262848
SYNTHETIC_ONLY,demo-nbfc-ev-001,SYN-EV-2W-2025,SYN-A-LN-0561,SYN-A-BR-0561,BORROWER,15822360
SYNTHETIC_ONLY,demo-nbfc-ev-001,SYN-EV-2W-2025,SYN-A-LN-0562,SYN-A-BR-0562,BORROWER,14767443
SYNTHETIC_ONLY,demo-nbfc-ev-001,SYN-EV-2W-2025,SYN-A-LN-0563,SYN-A-BR-0563,BORROWER,19588899
SYNTHETIC_ONLY,demo-nbfc-ev-001,SYN-EV-2W-2025,SYN-A-LN-0564,SYN-A-BR-0564,BORROWER,20078972
SYNTHETIC_ONLY,demo-nbfc-ev-001,SYN-EV-2W-2025,SYN-A-LN-0565,SYN-A-BR-0565,BORROWER,23101534
SYNTHETIC_ONLY,demo-nbfc-ev-001,SYN-EV-2W-2025,SYN-A-LN-0566,SYN-A-BR-0566,BORROWER,22442084
SYNTHETIC_ONLY,demo-nbfc-ev-001,SYN-EV-2W-2025,SYN-A-LN-0567,SYN-A-BR-0567,BORROWER,11026179
SYNTHETIC_ONLY,demo-nbfc-ev-001,SYN-EV-2W-2025,SYN-A-LN-0568,SYN-A-BR-0568,BORROWER,9941585
SYNTHETIC_ONLY,demo-nbfc-ev-001,SYN-EV-2W-2025,SYN-A-LN-0569,SYN-A-BR-0569,BORROWER,14393917
SYNTHETIC_ONLY,demo-nbfc-ev-001,SYN-EV-2W-2025,SYN-A-LN-0570,SYN-A-BR-0570,BORROWER,14670233
SYNTHETIC_ONLY,demo-nbfc-ev-001,SYN-EV-2W-2025,SYN-A-LN-0571,SYN-A-BR-0571,BORROWER,17575449
SYNTHETIC_ONLY,demo-nbfc-ev-001,SYN-EV-2W-2025,SYN-A-LN-0572,SYN-A-BR-0572,BORROWER,16580430
SYNTHETIC_ONLY,demo-nbfc-ev-001,SYN-EV-2W-2025,SYN-A-LN-0573,SYN-A-BR-0573,BORROWER,21469901
SYNTHETIC_ONLY,demo-nbfc-ev-001,SYN-EV-2W-2025,SYN-A-LN-0574,SYN-A-BR-0574,BORROWER,20657394
SYNTHETIC_ONLY,demo-nbfc-ev-001,SYN-EV-2W-2025,SYN-A-LN-0575,SYN-A-BR-0575,BORROWER,25097573
SYNTHETIC_ONLY,demo-nbfc-ev-001,SYN-EV-2W-2025,SYN-A-LN-0576,SYN-A-BR-0576,BORROWER,8838563
SYNTHETIC_ONLY,demo-nbfc-ev-001,SYN-EV-2W-2025,SYN-A-LN-0577,SYN-A-BR-0577,BORROWER,12590638
SYNTHETIC_ONLY,demo-nbfc-ev-001,SYN-EV-2W-2025,SYN-A-LN-0578,SYN-A-BR-0578,BORROWER,11486454
SYNTHETIC_ONLY,demo-nbfc-ev-001,SYN-EV-2W-2025,SYN-A-LN-0579,SYN-A-BR-0579,BORROWER,16097358
SYNTHETIC_ONLY,demo-nbfc-ev-001,SYN-EV-2W-2025,SYN-A-LN-0580,SYN-A-BR-0580,BORROWER,14596421
SYNTHETIC_ONLY,demo-nbfc-ev-001,SYN-EV-2W-2025,SYN-A-LN-0581,SYN-A-BR-0581,BORROWER,19391046
SYNTHETIC_ONLY,demo-nbfc-ev-001,SYN-EV-2W-2025,SYN-A-LN-0582,SYN-A-BR-0582,BORROWER,19909386
SYNTHETIC_ONLY,demo-nbfc-ev-001,SYN-EV-2W-2025,SYN-A-LN-0583,SYN-A-BR-0583,BORROWER,23409018
SYNTHETIC_ONLY,demo-nbfc-ev-001,SYN-EV-2W-2025,SYN-A-LN-0584,SYN-A-BR-0584,BORROWER,22730911
SYNTHETIC_ONLY,demo-nbfc-ev-001,SYN-EV-2W-2025,SYN-A-LN-0585,SYN-A-BR-0585,BORROWER,10874071
SYNTHETIC_ONLY,demo-nbfc-ev-001,SYN-EV-2W-2025,SYN-A-LN-0586,SYN-A-BR-0586,BORROWER,9805281
SYNTHETIC_ONLY,demo-nbfc-ev-001,SYN-EV-2W-2025,SYN-A-LN-0587,SYN-A-BR-0587,BORROWER,14220600
SYNTHETIC_ONLY,demo-nbfc-ev-001,SYN-EV-2W-2025,SYN-A-LN-0588,SYN-A-BR-0588,BORROWER,14894091
SYNTHETIC_ONLY,demo-nbfc-ev-001,SYN-EV-2W-2025,SYN-A-LN-0589,SYN-A-BR-0589,BORROWER,17862019
SYNTHETIC_ONLY,demo-nbfc-ev-001,SYN-EV-2W-2025,SYN-A-LN-0590,SYN-A-BR-0590,BORROWER,16400763
SYNTHETIC_ONLY,demo-nbfc-ev-001,SYN-EV-2W-2025,SYN-A-LN-0591,SYN-A-BR-0591,BORROWER,21267965
SYNTHETIC_ONLY,demo-nbfc-ev-001,SYN-EV-2W-2025,SYN-A-LN-0592,SYN-A-BR-0592,BORROWER,20467945
SYNTHETIC_ONLY,demo-nbfc-ev-001,SYN-EV-2W-2025,SYN-A-LN-0593,SYN-A-BR-0593,BORROWER,25404987
SYNTHETIC_ONLY,demo-nbfc-ev-001,SYN-EV-2W-2025,SYN-A-LN-0594,SYN-A-BR-0594,BORROWER,9022669
SYNTHETIC_ONLY,demo-nbfc-ev-001,SYN-EV-2W-2025,SYN-A-LN-0595,SYN-A-BR-0595,BORROWER,12425969
SYNTHETIC_ONLY,demo-nbfc-ev-001,SYN-EV-2W-2025,SYN-A-LN-0596,SYN-A-BR-0596,BORROWER,11337571
SYNTHETIC_ONLY,demo-nbfc-ev-001,SYN-EV-2W-2025,SYN-A-LN-0597,SYN-A-BR-0597,BORROWER,15914744
SYNTHETIC_ONLY,demo-nbfc-ev-001,SYN-EV-2W-2025,SYN-A-LN-0598,SYN-A-BR-0598,BORROWER,14852488
SYNTHETIC_ONLY,demo-nbfc-ev-001,SYN-EV-2W-2025,SYN-A-LN-0599,SYN-A-BR-0599,BORROWER,19686503
SYNTHETIC_ONLY,demo-nbfc-ev-001,SYN-EV-2W-2025,SYN-A-LN-0600,SYN-A-BR-0600,BORROWER,19737803
SYNTHETIC_ONLY,demo-nbfc-ev-001,SYN-EV-2W-2025,SYN-A-LN-0601,SYN-A-BR-0601,BORROWER,23205035
SYNTHETIC_ONLY,demo-nbfc-ev-001,SYN-EV-2W-2025,SYN-A-LN-0602,SYN-A-BR-0602,BORROWER,22538928
SYNTHETIC_ONLY,demo-nbfc-ev-001,SYN-EV-2W-2025,SYN-A-LN-0603,SYN-A-BR-0603,BORROWER,11101545
SYNTHETIC_ONLY,demo-nbfc-ev-001,SYN-EV-2W-2025,SYN-A-LN-0604,SYN-A-BR-0604,BORROWER,10009523
SYNTHETIC_ONLY,demo-nbfc-ev-001,SYN-EV-2W-2025,SYN-A-LN-0605,SYN-A-BR-0605,BORROWER,14044763
SYNTHETIC_ONLY,demo-nbfc-ev-001,SYN-EV-2W-2025,SYN-A-LN-0606,SYN-A-BR-0606,BORROWER,14745204
SYNTHETIC_ONLY,demo-nbfc-ev-001,SYN-EV-2W-2025,SYN-A-LN-0607,SYN-A-BR-0607,BORROWER,17671772
SYNTHETIC_ONLY,demo-nbfc-ev-001,SYN-EV-2W-2025,SYN-A-LN-0608,SYN-A-BR-0608,BORROWER,16669701
SYNTHETIC_ONLY,demo-nbfc-ev-001,SYN-EV-2W-2025,SYN-A-LN-0609,SYN-A-BR-0609,BORROWER,21569439
SYNTHETIC_ONLY,demo-nbfc-ev-001,SYN-EV-2W-2025,SYN-A-LN-0610,SYN-A-BR-0610,BORROWER,20276473
SYNTHETIC_ONLY,demo-nbfc-ev-001,SYN-EV-2W-2025,SYN-A-LN-0611,SYN-A-BR-0611,BORROWER,25201106
SYNTHETIC_ONLY,demo-nbfc-ev-001,SYN-EV-2W-2025,SYN-A-LN-0612,SYN-A-BR-0612,BORROWER,8900058
SYNTHETIC_ONLY,demo-nbfc-ev-001,SYN-EV-2W-2025,SYN-A-LN-0613,SYN-A-BR-0613,BORROWER,12672160
SYNTHETIC_ONLY,demo-nbfc-ev-001,SYN-EV-2W-2025,SYN-A-LN-0614,SYN-A-BR-0614,BORROWER,11560602
SYNTHETIC_ONLY,demo-nbfc-ev-001,SYN-EV-2W-2025,SYN-A-LN-0615,SYN-A-BR-0615,BORROWER,15729274
SYNTHETIC_ONLY,demo-nbfc-ev-001,SYN-EV-2W-2025,SYN-A-LN-0616,SYN-A-BR-0616,BORROWER,14682085
SYNTHETIC_ONLY,demo-nbfc-ev-001,SYN-EV-2W-2025,SYN-A-LN-0617,SYN-A-BR-0617,BORROWER,19490410
SYNTHETIC_ONLY,demo-nbfc-ev-001,SYN-EV-2W-2025,SYN-A-LN-0618,SYN-A-BR-0618,BORROWER,19994431
SYNTHETIC_ONLY,demo-nbfc-ev-001,SYN-EV-2W-2025,SYN-A-LN-0619,SYN-A-BR-0619,BORROWER,23509485
SYNTHETIC_ONLY,demo-nbfc-ev-001,SYN-EV-2W-2025,SYN-A-LN-0620,SYN-A-BR-0620,BORROWER,22344683
SYNTHETIC_ONLY,demo-nbfc-ev-001,SYN-EV-2W-2025,SYN-A-LN-0621,SYN-A-BR-0621,BORROWER,10950350
SYNTHETIC_ONLY,demo-nbfc-ev-001,SYN-EV-2W-2025,SYN-A-LN-0622,SYN-A-BR-0622,BORROWER,9873502
SYNTHETIC_ONLY,demo-nbfc-ev-001,SYN-EV-2W-2025,SYN-A-LN-0623,SYN-A-BR-0623,BORROWER,14307579
SYNTHETIC_ONLY,demo-nbfc-ev-001,SYN-EV-2W-2025,SYN-A-LN-0624,SYN-A-BR-0624,BORROWER,14967997
SYNTHETIC_ONLY,demo-nbfc-ev-001,SYN-EV-2W-2025,SYN-A-LN-0625,SYN-A-BR-0625,BORROWER,17478340
SYNTHETIC_ONLY,demo-nbfc-ev-001,SYN-EV-2W-2025,SYN-A-LN-0626,SYN-A-BR-0626,BORROWER,16490782
SYNTHETIC_ONLY,demo-nbfc-ev-001,SYN-EV-2W-2025,SYN-A-LN-0627,SYN-A-BR-0627,BORROWER,21369407
SYNTHETIC_ONLY,demo-nbfc-ev-001,SYN-EV-2W-2025,SYN-A-LN-0628,SYN-A-BR-0628,BORROWER,20562926
SYNTHETIC_ONLY,demo-nbfc-ev-001,SYN-EV-2W-2025,SYN-A-LN-0629,SYN-A-BR-0629,BORROWER,25505323
SYNTHETIC_ONLY,demo-nbfc-ev-001,SYN-EV-2W-2025,SYN-A-LN-0630,SYN-A-BR-0630,BORROWER,8776950
SYNTHETIC_ONLY,demo-nbfc-ev-001,SYN-EV-2W-2025,SYN-A-LN-0631,SYN-A-BR-0631,BORROWER,12508571
SYNTHETIC_ONLY,demo-nbfc-ev-001,SYN-EV-2W-2025,SYN-A-LN-0632,SYN-A-BR-0632,BORROWER,11412108
SYNTHETIC_ONLY,demo-nbfc-ev-001,SYN-EV-2W-2025,SYN-A-LN-0633,SYN-A-BR-0633,BORROWER,16006414
SYNTHETIC_ONLY,demo-nbfc-ev-001,SYN-EV-2W-2025,SYN-A-LN-0634,SYN-A-BR-0634,BORROWER,14937213
SYNTHETIC_ONLY,demo-nbfc-ev-001,SYN-EV-2W-2025,SYN-A-LN-0635,SYN-A-BR-0635,BORROWER,19290819
SYNTHETIC_ONLY,demo-nbfc-ev-001,SYN-EV-2W-2025,SYN-A-LN-0636,SYN-A-BR-0636,BORROWER,19823841
SYNTHETIC_ONLY,demo-nbfc-ev-001,SYN-EV-2W-2025,SYN-A-LN-0637,SYN-A-BR-0637,BORROWER,23307532
SYNTHETIC_ONLY,demo-nbfc-ev-001,SYN-EV-2W-2025,SYN-A-LN-0638,SYN-A-BR-0638,BORROWER,22635206
SYNTHETIC_ONLY,demo-nbfc-ev-001,SYN-EV-2W-2025,SYN-A-LN-0639,SYN-A-BR-0639,BORROWER,11176436
SYNTHETIC_ONLY,demo-nbfc-ev-001,SYN-EV-2W-2025,SYN-A-LN-0640,SYN-A-BR-0640,BORROWER,9736928
SYNTHETIC_ONLY,demo-nbfc-ev-001,SYN-EV-2W-2025,SYN-A-LN-0641,SYN-A-BR-0641,BORROWER,14132991
SYNTHETIC_ONLY,demo-nbfc-ev-001,SYN-EV-2W-2025,SYN-A-LN-0642,SYN-A-BR-0642,BORROWER,14819825
SYNTHETIC_ONLY,demo-nbfc-ev-001,SYN-EV-2W-2025,SYN-A-LN-0643,SYN-A-BR-0643,BORROWER,17767299
SYNTHETIC_ONLY,demo-nbfc-ev-001,SYN-EV-2W-2025,SYN-A-LN-0644,SYN-A-BR-0644,BORROWER,16758587
SYNTHETIC_ONLY,demo-nbfc-ev-001,SYN-EV-2W-2025,SYN-A-LN-0645,SYN-A-BR-0645,BORROWER,21165586
SYNTHETIC_ONLY,demo-nbfc-ev-001,SYN-EV-2W-2025,SYN-A-LN-0646,SYN-A-BR-0646,BORROWER,20372458
SYNTHETIC_ONLY,demo-nbfc-ev-001,SYN-EV-2W-2025,SYN-A-LN-0647,SYN-A-BR-0647,BORROWER,25303580
SYNTHETIC_ONLY,demo-nbfc-ev-001,SYN-EV-2W-2025,SYN-A-LN-0648,SYN-A-BR-0648,BORROWER,8961429
SYNTHETIC_ONLY,demo-nbfc-ev-001,SYN-EV-2W-2025,SYN-A-LN-0649,SYN-A-BR-0649,BORROWER,12753125
SYNTHETIC_ONLY,demo-nbfc-ev-001,SYN-EV-2W-2025,SYN-A-LN-0650,SYN-A-BR-0650,BORROWER,11262848
SYNTHETIC_ONLY,demo-nbfc-ev-001,SYN-EV-2W-2025,SYN-A-LN-0651,SYN-A-BR-0651,BORROWER,15822360
SYNTHETIC_ONLY,demo-nbfc-ev-001,SYN-EV-2W-2025,SYN-A-LN-0652,SYN-A-BR-0652,BORROWER,14767443
SYNTHETIC_ONLY,demo-nbfc-ev-001,SYN-EV-2W-2025,SYN-A-LN-0653,SYN-A-BR-0653,BORROWER,19588899
SYNTHETIC_ONLY,demo-nbfc-ev-001,SYN-EV-2W-2025,SYN-A-LN-0654,SYN-A-BR-0654,BORROWER,20078972
SYNTHETIC_ONLY,demo-nbfc-ev-001,SYN-EV-2W-2025,SYN-A-LN-0655,SYN-A-BR-0655,BORROWER,23101534
SYNTHETIC_ONLY,demo-nbfc-ev-001,SYN-EV-2W-2025,SYN-A-LN-0656,SYN-A-BR-0656,BORROWER,22442084
SYNTHETIC_ONLY,demo-nbfc-ev-001,SYN-EV-2W-2025,SYN-A-LN-0657,SYN-A-BR-0657,BORROWER,11026179
SYNTHETIC_ONLY,demo-nbfc-ev-001,SYN-EV-2W-2025,SYN-A-LN-0658,SYN-A-BR-0658,BORROWER,9941585
SYNTHETIC_ONLY,demo-nbfc-ev-001,SYN-EV-2W-2025,SYN-A-LN-0659,SYN-A-BR-0659,BORROWER,14393917
SYNTHETIC_ONLY,demo-nbfc-ev-001,SYN-EV-2W-2025,SYN-A-LN-0660,SYN-A-BR-0660,BORROWER,14670233
SYNTHETIC_ONLY,demo-nbfc-ev-001,SYN-EV-2W-2025,SYN-A-LN-0661,SYN-A-BR-0661,BORROWER,17575449
SYNTHETIC_ONLY,demo-nbfc-ev-001,SYN-EV-2W-2025,SYN-A-LN-0662,SYN-A-BR-0662,BORROWER,16580430
SYNTHETIC_ONLY,demo-nbfc-ev-001,SYN-EV-2W-2025,SYN-A-LN-0663,SYN-A-BR-0663,BORROWER,21469901
SYNTHETIC_ONLY,demo-nbfc-ev-001,SYN-EV-2W-2025,SYN-A-LN-0664,SYN-A-BR-0664,BORROWER,20657394
SYNTHETIC_ONLY,demo-nbfc-ev-001,SYN-EV-2W-2025,SYN-A-LN-0665,SYN-A-BR-0665,BORROWER,25097573
SYNTHETIC_ONLY,demo-nbfc-ev-001,SYN-EV-2W-2025,SYN-A-LN-0666,SYN-A-BR-0666,BORROWER,8838563
SYNTHETIC_ONLY,demo-nbfc-ev-001,SYN-EV-2W-2025,SYN-A-LN-0667,SYN-A-BR-0667,BORROWER,12590638
SYNTHETIC_ONLY,demo-nbfc-ev-001,SYN-EV-2W-2025,SYN-A-LN-0668,SYN-A-BR-0668,BORROWER,11486454
SYNTHETIC_ONLY,demo-nbfc-ev-001,SYN-EV-2W-2025,SYN-A-LN-0669,SYN-A-BR-0669,BORROWER,16097358
SYNTHETIC_ONLY,demo-nbfc-ev-001,SYN-EV-2W-2025,SYN-A-LN-0670,SYN-A-BR-0670,BORROWER,14596421
SYNTHETIC_ONLY,demo-nbfc-ev-001,SYN-EV-2W-2025,SYN-A-LN-0671,SYN-A-BR-0671,BORROWER,19391046
SYNTHETIC_ONLY,demo-nbfc-ev-001,SYN-EV-2W-2025,SYN-A-LN-0672,SYN-A-BR-0672,BORROWER,19909386
SYNTHETIC_ONLY,demo-nbfc-ev-001,SYN-EV-2W-2025,SYN-A-LN-0673,SYN-A-BR-0673,BORROWER,23409018
SYNTHETIC_ONLY,demo-nbfc-ev-001,SYN-EV-2W-2025,SYN-A-LN-0674,SYN-A-BR-0674,BORROWER,22730911
SYNTHETIC_ONLY,demo-nbfc-ev-001,SYN-EV-2W-2025,SYN-A-LN-0675,SYN-A-BR-0675,BORROWER,10874071
SYNTHETIC_ONLY,demo-nbfc-ev-001,SYN-EV-2W-2025,SYN-A-LN-0676,SYN-A-BR-0676,BORROWER,9805281
SYNTHETIC_ONLY,demo-nbfc-ev-001,SYN-EV-2W-2025,SYN-A-LN-0677,SYN-A-BR-0677,BORROWER,14220600
SYNTHETIC_ONLY,demo-nbfc-ev-001,SYN-EV-2W-2025,SYN-A-LN-0678,SYN-A-BR-0678,BORROWER,14894091
SYNTHETIC_ONLY,demo-nbfc-ev-001,SYN-EV-2W-2025,SYN-A-LN-0679,SYN-A-BR-0679,BORROWER,17862019
SYNTHETIC_ONLY,demo-nbfc-ev-001,SYN-EV-2W-2025,SYN-A-LN-0680,SYN-A-BR-0680,BORROWER,16400763
SYNTHETIC_ONLY,demo-nbfc-ev-001,SYN-EV-2W-2025,SYN-A-LN-0681,SYN-A-BR-0681,BORROWER,21267965
SYNTHETIC_ONLY,demo-nbfc-ev-001,SYN-EV-2W-2025,SYN-A-LN-0682,SYN-A-BR-0682,BORROWER,20467945
SYNTHETIC_ONLY,demo-nbfc-ev-001,SYN-EV-2W-2025,SYN-A-LN-0683,SYN-A-BR-0683,BORROWER,25404987
SYNTHETIC_ONLY,demo-nbfc-ev-001,SYN-EV-2W-2025,SYN-A-LN-0684,SYN-A-BR-0684,BORROWER,9022669
SYNTHETIC_ONLY,demo-nbfc-ev-001,SYN-EV-2W-2025,SYN-A-LN-0685,SYN-A-BR-0685,BORROWER,12425969
SYNTHETIC_ONLY,demo-nbfc-ev-001,SYN-EV-2W-2025,SYN-A-LN-0686,SYN-A-BR-0686,BORROWER,11337571
SYNTHETIC_ONLY,demo-nbfc-ev-001,SYN-EV-2W-2025,SYN-A-LN-0687,SYN-A-BR-0687,BORROWER,15914744
SYNTHETIC_ONLY,demo-nbfc-ev-001,SYN-EV-2W-2025,SYN-A-LN-0688,SYN-A-BR-0688,BORROWER,14852488
SYNTHETIC_ONLY,demo-nbfc-ev-001,SYN-EV-2W-2025,SYN-A-LN-0689,SYN-A-BR-0689,BORROWER,19686503
SYNTHETIC_ONLY,demo-nbfc-ev-001,SYN-EV-2W-2025,SYN-A-LN-0690,SYN-A-BR-0690,BORROWER,19737803
SYNTHETIC_ONLY,demo-nbfc-ev-001,SYN-EV-2W-2025,SYN-A-LN-0691,SYN-A-BR-0691,BORROWER,23205035
SYNTHETIC_ONLY,demo-nbfc-ev-001,SYN-EV-2W-2025,SYN-A-LN-0692,SYN-A-BR-0692,BORROWER,22538928
SYNTHETIC_ONLY,demo-nbfc-ev-001,SYN-EV-2W-2025,SYN-A-LN-0693,SYN-A-BR-0693,BORROWER,11101545
SYNTHETIC_ONLY,demo-nbfc-ev-001,SYN-EV-2W-2025,SYN-A-LN-0694,SYN-A-BR-0694,BORROWER,10009523
SYNTHETIC_ONLY,demo-nbfc-ev-001,SYN-EV-2W-2025,SYN-A-LN-0695,SYN-A-BR-0695,BORROWER,14044763
SYNTHETIC_ONLY,demo-nbfc-ev-001,SYN-EV-2W-2025,SYN-A-LN-0696,SYN-A-BR-0696,BORROWER,14745204
SYNTHETIC_ONLY,demo-nbfc-ev-001,SYN-EV-2W-2025,SYN-A-LN-0697,SYN-A-BR-0697,BORROWER,17671772
SYNTHETIC_ONLY,demo-nbfc-ev-001,SYN-EV-2W-2025,SYN-A-LN-0698,SYN-A-BR-0698,BORROWER,16669701
SYNTHETIC_ONLY,demo-nbfc-ev-001,SYN-EV-2W-2025,SYN-A-LN-0699,SYN-A-BR-0699,BORROWER,21569439
SYNTHETIC_ONLY,demo-nbfc-ev-001,SYN-EV-2W-2025,SYN-A-LN-0700,SYN-A-BR-0700,BORROWER,20276473
SYNTHETIC_ONLY,demo-nbfc-ev-001,SYN-EV-2W-2025,SYN-A-LN-0701,SYN-A-BR-0701,BORROWER,25201106
SYNTHETIC_ONLY,demo-nbfc-ev-001,SYN-EV-2W-2025,SYN-A-LN-0702,SYN-A-BR-0702,BORROWER,8900058
SYNTHETIC_ONLY,demo-nbfc-ev-001,SYN-EV-2W-2025,SYN-A-LN-0703,SYN-A-BR-0703,BORROWER,12672160
SYNTHETIC_ONLY,demo-nbfc-ev-001,SYN-EV-2W-2025,SYN-A-LN-0704,SYN-A-BR-0704,BORROWER,11560602
SYNTHETIC_ONLY,demo-nbfc-ev-001,SYN-EV-2W-2025,SYN-A-LN-0705,SYN-A-BR-0705,BORROWER,15729274
SYNTHETIC_ONLY,demo-nbfc-ev-001,SYN-EV-2W-2025,SYN-A-LN-0706,SYN-A-BR-0706,BORROWER,14682085
SYNTHETIC_ONLY,demo-nbfc-ev-001,SYN-EV-2W-2025,SYN-A-LN-0707,SYN-A-BR-0707,BORROWER,19490410
SYNTHETIC_ONLY,demo-nbfc-ev-001,SYN-EV-2W-2025,SYN-A-LN-0708,SYN-A-BR-0708,BORROWER,19994431
SYNTHETIC_ONLY,demo-nbfc-ev-001,SYN-EV-2W-2025,SYN-A-LN-0709,SYN-A-BR-0709,BORROWER,23509485
SYNTHETIC_ONLY,demo-nbfc-ev-001,SYN-EV-2W-2025,SYN-A-LN-0710,SYN-A-BR-0710,BORROWER,22344683
SYNTHETIC_ONLY,demo-nbfc-ev-001,SYN-EV-2W-2025,SYN-A-LN-0711,SYN-A-BR-0711,BORROWER,10950350
SYNTHETIC_ONLY,demo-nbfc-ev-001,SYN-EV-2W-2025,SYN-A-LN-0712,SYN-A-BR-0712,BORROWER,9873502
SYNTHETIC_ONLY,demo-nbfc-ev-001,SYN-EV-2W-2025,SYN-A-LN-0713,SYN-A-BR-0713,BORROWER,14307579
SYNTHETIC_ONLY,demo-nbfc-ev-001,SYN-EV-2W-2025,SYN-A-LN-0714,SYN-A-BR-0714,BORROWER,14967997
SYNTHETIC_ONLY,demo-nbfc-ev-001,SYN-EV-2W-2025,SYN-A-LN-0715,SYN-A-BR-0715,BORROWER,17478340
SYNTHETIC_ONLY,demo-nbfc-ev-001,SYN-EV-2W-2025,SYN-A-LN-0716,SYN-A-BR-0716,BORROWER,16490782
SYNTHETIC_ONLY,demo-nbfc-ev-001,SYN-EV-2W-2025,SYN-A-LN-0717,SYN-A-BR-0717,BORROWER,21369407
SYNTHETIC_ONLY,demo-nbfc-ev-001,SYN-EV-2W-2025,SYN-A-LN-0718,SYN-A-BR-0718,BORROWER,20562926
SYNTHETIC_ONLY,demo-nbfc-ev-001,SYN-EV-2W-2025,SYN-A-LN-0719,SYN-A-BR-0719,BORROWER,25505323
SYNTHETIC_ONLY,demo-nbfc-ev-001,SYN-EV-2W-2025,SYN-A-LN-0720,SYN-A-BR-0720,BORROWER,8776950
SYNTHETIC_ONLY,demo-nbfc-ev-001,SYN-EV-2W-2025,SYN-A-LN-0721,SYN-A-BR-0721,BORROWER,12508571
SYNTHETIC_ONLY,demo-nbfc-ev-001,SYN-EV-2W-2025,SYN-A-LN-0722,SYN-A-BR-0722,BORROWER,11412108
SYNTHETIC_ONLY,demo-nbfc-ev-001,SYN-EV-2W-2025,SYN-A-LN-0723,SYN-A-BR-0723,BORROWER,16006414
SYNTHETIC_ONLY,demo-nbfc-ev-001,SYN-EV-2W-2025,SYN-A-LN-0724,SYN-A-BR-0724,BORROWER,14937213
SYNTHETIC_ONLY,demo-nbfc-ev-001,SYN-EV-2W-2025,SYN-A-LN-0725,SYN-A-BR-0725,BORROWER,19290819
SYNTHETIC_ONLY,demo-nbfc-ev-001,SYN-EV-2W-2025,SYN-A-LN-0726,SYN-A-BR-0726,BORROWER,19823841
SYNTHETIC_ONLY,demo-nbfc-ev-001,SYN-EV-2W-2025,SYN-A-LN-0727,SYN-A-BR-0727,BORROWER,23307532
SYNTHETIC_ONLY,demo-nbfc-ev-001,SYN-EV-2W-2025,SYN-A-LN-0728,SYN-A-BR-0728,BORROWER,22635206
SYNTHETIC_ONLY,demo-nbfc-ev-001,SYN-EV-2W-2025,SYN-A-LN-0729,SYN-A-BR-0729,BORROWER,11176436
SYNTHETIC_ONLY,demo-nbfc-ev-001,SYN-EV-2W-2025,SYN-A-LN-0730,SYN-A-BR-0730,BORROWER,9736928
SYNTHETIC_ONLY,demo-nbfc-ev-001,SYN-EV-2W-2025,SYN-A-LN-0731,SYN-A-BR-0731,BORROWER,14132991
SYNTHETIC_ONLY,demo-nbfc-ev-001,SYN-EV-2W-2025,SYN-A-LN-0732,SYN-A-BR-0732,BORROWER,14819825
SYNTHETIC_ONLY,demo-nbfc-ev-001,SYN-EV-2W-2025,SYN-A-LN-0733,SYN-A-BR-0733,BORROWER,17767299
SYNTHETIC_ONLY,demo-nbfc-ev-001,SYN-EV-2W-2025,SYN-A-LN-0734,SYN-A-BR-0734,BORROWER,16758587
SYNTHETIC_ONLY,demo-nbfc-ev-001,SYN-EV-2W-2025,SYN-A-LN-0735,SYN-A-BR-0735,BORROWER,21165586
SYNTHETIC_ONLY,demo-nbfc-ev-001,SYN-EV-2W-2025,SYN-A-LN-0736,SYN-A-BR-0736,BORROWER,20372458
SYNTHETIC_ONLY,demo-nbfc-ev-001,SYN-EV-2W-2025,SYN-A-LN-0737,SYN-A-BR-0737,BORROWER,25303580
SYNTHETIC_ONLY,demo-nbfc-ev-001,SYN-EV-2W-2025,SYN-A-LN-0738,SYN-A-BR-0738,BORROWER,8961429
SYNTHETIC_ONLY,demo-nbfc-ev-001,SYN-EV-2W-2025,SYN-A-LN-0739,SYN-A-BR-0739,BORROWER,12753125
SYNTHETIC_ONLY,demo-nbfc-ev-001,SYN-EV-2W-2025,SYN-A-LN-0740,SYN-A-BR-0740,BORROWER,11262848
SYNTHETIC_ONLY,demo-nbfc-ev-001,SYN-EV-2W-2025,SYN-A-LN-0741,SYN-A-BR-0741,BORROWER,15822360
SYNTHETIC_ONLY,demo-nbfc-ev-001,SYN-EV-2W-2025,SYN-A-LN-0742,SYN-A-BR-0742,BORROWER,14767443
SYNTHETIC_ONLY,demo-nbfc-ev-001,SYN-EV-2W-2025,SYN-A-LN-0743,SYN-A-BR-0743,BORROWER,19588899
SYNTHETIC_ONLY,demo-nbfc-ev-001,SYN-EV-2W-2025,SYN-A-LN-0744,SYN-A-BR-0744,BORROWER,20078972
SYNTHETIC_ONLY,demo-nbfc-ev-001,SYN-EV-2W-2025,SYN-A-LN-0745,SYN-A-BR-0745,BORROWER,23101534
SYNTHETIC_ONLY,demo-nbfc-ev-001,SYN-EV-2W-2025,SYN-A-LN-0746,SYN-A-BR-0746,BORROWER,22442084
SYNTHETIC_ONLY,demo-nbfc-ev-001,SYN-EV-2W-2025,SYN-A-LN-0747,SYN-A-BR-0747,BORROWER,11026179
SYNTHETIC_ONLY,demo-nbfc-ev-001,SYN-EV-2W-2025,SYN-A-LN-0748,SYN-A-BR-0748,BORROWER,9941585
SYNTHETIC_ONLY,demo-nbfc-ev-001,SYN-EV-2W-2025,SYN-A-LN-0749,SYN-A-BR-0749,BORROWER,14393917
SYNTHETIC_ONLY,demo-nbfc-ev-001,SYN-EV-2W-2025,SYN-A-LN-0750,SYN-A-BR-0750,BORROWER,14670233
SYNTHETIC_ONLY,demo-nbfc-ev-001,SYN-EV-2W-2025,SYN-A-LN-0751,SYN-A-BR-0751,BORROWER,17575449
SYNTHETIC_ONLY,demo-nbfc-ev-001,SYN-EV-2W-2025,SYN-A-LN-0752,SYN-A-BR-0752,BORROWER,16580430
SYNTHETIC_ONLY,demo-nbfc-ev-001,SYN-EV-2W-2025,SYN-A-LN-0753,SYN-A-BR-0753,BORROWER,21469901
SYNTHETIC_ONLY,demo-nbfc-ev-001,SYN-EV-2W-2025,SYN-A-LN-0754,SYN-A-BR-0754,BORROWER,20657394
SYNTHETIC_ONLY,demo-nbfc-ev-001,SYN-EV-2W-2025,SYN-A-LN-0755,SYN-A-BR-0755,BORROWER,25097573
SYNTHETIC_ONLY,demo-nbfc-ev-001,SYN-EV-2W-2025,SYN-A-LN-0756,SYN-A-BR-0756,BORROWER,8838563
SYNTHETIC_ONLY,demo-nbfc-ev-001,SYN-EV-2W-2025,SYN-A-LN-0757,SYN-A-BR-0757,BORROWER,12590638
SYNTHETIC_ONLY,demo-nbfc-ev-001,SYN-EV-2W-2025,SYN-A-LN-0758,SYN-A-BR-0758,BORROWER,11486454
SYNTHETIC_ONLY,demo-nbfc-ev-001,SYN-EV-2W-2025,SYN-A-LN-0759,SYN-A-BR-0759,BORROWER,16097358
SYNTHETIC_ONLY,demo-nbfc-ev-001,SYN-EV-2W-2025,SYN-A-LN-0760,SYN-A-BR-0760,BORROWER,14596421
SYNTHETIC_ONLY,demo-nbfc-ev-001,SYN-EV-2W-2025,SYN-A-LN-0761,SYN-A-BR-0761,BORROWER,19391046
SYNTHETIC_ONLY,demo-nbfc-ev-001,SYN-EV-2W-2025,SYN-A-LN-0762,SYN-A-BR-0762,BORROWER,19909386
SYNTHETIC_ONLY,demo-nbfc-ev-001,SYN-EV-2W-2025,SYN-A-LN-0763,SYN-A-BR-0763,BORROWER,23409018
SYNTHETIC_ONLY,demo-nbfc-ev-001,SYN-EV-2W-2025,SYN-A-LN-0764,SYN-A-BR-0764,BORROWER,22730911
SYNTHETIC_ONLY,demo-nbfc-ev-001,SYN-EV-2W-2025,SYN-A-LN-0765,SYN-A-BR-0765,BORROWER,10874071
SYNTHETIC_ONLY,demo-nbfc-ev-001,SYN-EV-2W-2025,SYN-A-LN-0766,SYN-A-BR-0766,BORROWER,9805281
SYNTHETIC_ONLY,demo-nbfc-ev-001,SYN-EV-2W-2025,SYN-A-LN-0767,SYN-A-BR-0767,BORROWER,14220600
SYNTHETIC_ONLY,demo-nbfc-ev-001,SYN-EV-2W-2025,SYN-A-LN-0768,SYN-A-BR-0768,BORROWER,14894091
SYNTHETIC_ONLY,demo-nbfc-ev-001,SYN-EV-2W-2025,SYN-A-LN-0769,SYN-A-BR-0769,BORROWER,17862019
SYNTHETIC_ONLY,demo-nbfc-ev-001,SYN-EV-2W-2025,SYN-A-LN-0770,SYN-A-BR-0770,BORROWER,16400763
SYNTHETIC_ONLY,demo-nbfc-ev-001,SYN-EV-2W-2025,SYN-A-LN-0771,SYN-A-BR-0771,BORROWER,21267965
SYNTHETIC_ONLY,demo-nbfc-ev-001,SYN-EV-2W-2025,SYN-A-LN-0772,SYN-A-BR-0772,BORROWER,20467945
SYNTHETIC_ONLY,demo-nbfc-ev-001,SYN-EV-2W-2025,SYN-A-LN-0773,SYN-A-BR-0773,BORROWER,25404987
SYNTHETIC_ONLY,demo-nbfc-ev-001,SYN-EV-2W-2025,SYN-A-LN-0774,SYN-A-BR-0774,BORROWER,9022669
SYNTHETIC_ONLY,demo-nbfc-ev-001,SYN-EV-2W-2025,SYN-A-LN-0775,SYN-A-BR-0775,BORROWER,12425969
SYNTHETIC_ONLY,demo-nbfc-ev-001,SYN-EV-2W-2025,SYN-A-LN-0776,SYN-A-BR-0776,BORROWER,11337571
SYNTHETIC_ONLY,demo-nbfc-ev-001,SYN-EV-2W-2025,SYN-A-LN-0777,SYN-A-BR-0777,BORROWER,15914744
SYNTHETIC_ONLY,demo-nbfc-ev-001,SYN-EV-2W-2025,SYN-A-LN-0778,SYN-A-BR-0778,BORROWER,14852488
SYNTHETIC_ONLY,demo-nbfc-ev-001,SYN-EV-2W-2025,SYN-A-LN-0779,SYN-A-BR-0779,BORROWER,19686503
SYNTHETIC_ONLY,demo-nbfc-ev-001,SYN-EV-2W-2025,SYN-A-LN-0780,SYN-A-BR-0780,BORROWER,19737803
SYNTHETIC_ONLY,demo-nbfc-ev-001,SYN-EV-2W-2025,SYN-A-LN-0781,SYN-A-BR-0781,BORROWER,23205035
SYNTHETIC_ONLY,demo-nbfc-ev-001,SYN-EV-2W-2025,SYN-A-LN-0782,SYN-A-BR-0782,BORROWER,22538928
SYNTHETIC_ONLY,demo-nbfc-ev-001,SYN-EV-2W-2025,SYN-A-LN-0783,SYN-A-BR-0783,BORROWER,11101545
SYNTHETIC_ONLY,demo-nbfc-ev-001,SYN-EV-2W-2025,SYN-A-LN-0784,SYN-A-BR-0784,BORROWER,10009523
SYNTHETIC_ONLY,demo-nbfc-ev-001,SYN-EV-2W-2025,SYN-A-LN-0785,SYN-A-BR-0785,BORROWER,14044763
SYNTHETIC_ONLY,demo-nbfc-ev-001,SYN-EV-2W-2025,SYN-A-LN-0786,SYN-A-BR-0786,BORROWER,14745204
SYNTHETIC_ONLY,demo-nbfc-ev-001,SYN-EV-2W-2025,SYN-A-LN-0787,SYN-A-BR-0787,BORROWER,17671772
SYNTHETIC_ONLY,demo-nbfc-ev-001,SYN-EV-2W-2025,SYN-A-LN-0788,SYN-A-BR-0788,BORROWER,16669701
SYNTHETIC_ONLY,demo-nbfc-ev-001,SYN-EV-2W-2025,SYN-A-LN-0789,SYN-A-BR-0789,BORROWER,21569439
SYNTHETIC_ONLY,demo-nbfc-ev-001,SYN-EV-2W-2025,SYN-A-LN-0790,SYN-A-BR-0790,BORROWER,20276473
SYNTHETIC_ONLY,demo-nbfc-ev-001,SYN-EV-2W-2025,SYN-A-LN-0791,SYN-A-BR-0791,BORROWER,25201106
SYNTHETIC_ONLY,demo-nbfc-ev-001,SYN-EV-2W-2025,SYN-A-LN-0792,SYN-A-BR-0792,BORROWER,8900058
SYNTHETIC_ONLY,demo-nbfc-ev-001,SYN-EV-2W-2025,SYN-A-LN-0793,SYN-A-BR-0793,BORROWER,12672160
SYNTHETIC_ONLY,demo-nbfc-ev-001,SYN-EV-2W-2025,SYN-A-LN-0794,SYN-A-BR-0794,BORROWER,11560602
SYNTHETIC_ONLY,demo-nbfc-ev-001,SYN-EV-2W-2025,SYN-A-LN-0795,SYN-A-BR-0795,BORROWER,15729274
SYNTHETIC_ONLY,demo-nbfc-ev-001,SYN-EV-2W-2025,SYN-A-LN-0796,SYN-A-BR-0796,BORROWER,14682085
SYNTHETIC_ONLY,demo-nbfc-ev-001,SYN-EV-2W-2025,SYN-A-LN-0797,SYN-A-BR-0797,BORROWER,19490410
SYNTHETIC_ONLY,demo-nbfc-ev-001,SYN-EV-2W-2025,SYN-A-LN-0798,SYN-A-BR-0798,BORROWER,19994431
SYNTHETIC_ONLY,demo-nbfc-ev-001,SYN-EV-2W-2025,SYN-A-LN-0799,SYN-A-BR-0799,BORROWER,23509485
SYNTHETIC_ONLY,demo-nbfc-ev-001,SYN-EV-2W-2025,SYN-A-LN-0800,SYN-A-BR-0800,BORROWER,22344683
SYNTHETIC_ONLY,demo-nbfc-ev-001,SYN-EV-2W-2025,SYN-A-LN-0801,SYN-A-BR-0801,BORROWER,10950350
SYNTHETIC_ONLY,demo-nbfc-ev-001,SYN-EV-2W-2025,SYN-A-LN-0802,SYN-A-BR-0802,BORROWER,9873502
SYNTHETIC_ONLY,demo-nbfc-ev-001,SYN-EV-2W-2025,SYN-A-LN-0803,SYN-A-BR-0803,BORROWER,14307579
SYNTHETIC_ONLY,demo-nbfc-ev-001,SYN-EV-2W-2025,SYN-A-LN-0804,SYN-A-BR-0804,BORROWER,14967997
SYNTHETIC_ONLY,demo-nbfc-ev-001,SYN-EV-2W-2025,SYN-A-LN-0805,SYN-A-BR-0805,BORROWER,17478340
SYNTHETIC_ONLY,demo-nbfc-ev-001,SYN-EV-2W-2025,SYN-A-LN-0806,SYN-A-BR-0806,BORROWER,16490782
SYNTHETIC_ONLY,demo-nbfc-ev-001,SYN-EV-2W-2025,SYN-A-LN-0807,SYN-A-BR-0807,BORROWER,21369407
SYNTHETIC_ONLY,demo-nbfc-ev-001,SYN-EV-2W-2025,SYN-A-LN-0808,SYN-A-BR-0808,BORROWER,20562926
SYNTHETIC_ONLY,demo-nbfc-ev-001,SYN-EV-2W-2025,SYN-A-LN-0809,SYN-A-BR-0809,BORROWER,25505323
SYNTHETIC_ONLY,demo-nbfc-ev-001,SYN-EV-2W-2025,SYN-A-LN-0810,SYN-A-BR-0810,BORROWER,8776950
SYNTHETIC_ONLY,demo-nbfc-ev-001,SYN-EV-2W-2025,SYN-A-LN-0811,SYN-A-BR-0811,BORROWER,12508571
SYNTHETIC_ONLY,demo-nbfc-ev-001,SYN-EV-2W-2025,SYN-A-LN-0812,SYN-A-BR-0812,BORROWER,11412108
SYNTHETIC_ONLY,demo-nbfc-ev-001,SYN-EV-2W-2025,SYN-A-LN-0813,SYN-A-BR-0813,BORROWER,16006414
SYNTHETIC_ONLY,demo-nbfc-ev-001,SYN-EV-2W-2025,SYN-A-LN-0814,SYN-A-BR-0814,BORROWER,14937213
SYNTHETIC_ONLY,demo-nbfc-ev-001,SYN-EV-2W-2025,SYN-A-LN-0815,SYN-A-BR-0815,BORROWER,19290819
SYNTHETIC_ONLY,demo-nbfc-ev-001,SYN-EV-2W-2025,SYN-A-LN-0816,SYN-A-BR-0816,BORROWER,19823841
SYNTHETIC_ONLY,demo-nbfc-ev-001,SYN-EV-2W-2025,SYN-A-LN-0817,SYN-A-BR-0817,BORROWER,23307532
SYNTHETIC_ONLY,demo-nbfc-ev-001,SYN-EV-2W-2025,SYN-A-LN-0818,SYN-A-BR-0818,BORROWER,22635206
SYNTHETIC_ONLY,demo-nbfc-ev-001,SYN-EV-2W-2025,SYN-A-LN-0819,SYN-A-BR-0819,BORROWER,11176436
SYNTHETIC_ONLY,demo-nbfc-ev-001,SYN-EV-2W-2025,SYN-A-LN-0820,SYN-A-BR-0820,BORROWER,9736928
SYNTHETIC_ONLY,demo-nbfc-ev-001,SYN-EV-2W-2025,SYN-A-LN-0821,SYN-A-BR-0821,BORROWER,14132991
SYNTHETIC_ONLY,demo-nbfc-ev-001,SYN-EV-2W-2025,SYN-A-LN-0822,SYN-A-BR-0822,BORROWER,14819825
SYNTHETIC_ONLY,demo-nbfc-ev-001,SYN-EV-2W-2025,SYN-A-LN-0823,SYN-A-BR-0823,BORROWER,17767299
SYNTHETIC_ONLY,demo-nbfc-ev-001,SYN-EV-2W-2025,SYN-A-LN-0824,SYN-A-BR-0824,BORROWER,16758587
SYNTHETIC_ONLY,demo-nbfc-ev-001,SYN-EV-2W-2025,SYN-A-LN-0825,SYN-A-BR-0825,BORROWER,21165586
SYNTHETIC_ONLY,demo-nbfc-ev-001,SYN-EV-2W-2025,SYN-A-LN-0826,SYN-A-BR-0826,BORROWER,20372458
SYNTHETIC_ONLY,demo-nbfc-ev-001,SYN-EV-2W-2025,SYN-A-LN-0827,SYN-A-BR-0827,BORROWER,25303580
SYNTHETIC_ONLY,demo-nbfc-ev-001,SYN-EV-2W-2025,SYN-A-LN-0828,SYN-A-BR-0828,BORROWER,8961429
SYNTHETIC_ONLY,demo-nbfc-ev-001,SYN-EV-2W-2025,SYN-A-LN-0829,SYN-A-BR-0829,BORROWER,12753125
SYNTHETIC_ONLY,demo-nbfc-ev-001,SYN-EV-2W-2025,SYN-A-LN-0830,SYN-A-BR-0830,BORROWER,11262848
SYNTHETIC_ONLY,demo-nbfc-ev-001,SYN-EV-2W-2025,SYN-A-LN-0831,SYN-A-BR-0831,BORROWER,15822360
SYNTHETIC_ONLY,demo-nbfc-ev-001,SYN-EV-2W-2025,SYN-A-LN-0832,SYN-A-BR-0832,BORROWER,14767443
SYNTHETIC_ONLY,demo-nbfc-ev-001,SYN-EV-2W-2025,SYN-A-LN-0833,SYN-A-BR-0833,BORROWER,19588899
SYNTHETIC_ONLY,demo-nbfc-ev-001,SYN-EV-2W-2025,SYN-A-LN-0834,SYN-A-BR-0834,BORROWER,20078972
SYNTHETIC_ONLY,demo-nbfc-ev-001,SYN-EV-2W-2025,SYN-A-LN-0835,SYN-A-BR-0835,BORROWER,23101534
SYNTHETIC_ONLY,demo-nbfc-ev-001,SYN-EV-2W-2025,SYN-A-LN-0836,SYN-A-BR-0836,BORROWER,22442084
SYNTHETIC_ONLY,demo-nbfc-ev-001,SYN-EV-2W-2025,SYN-A-LN-0837,SYN-A-BR-0837,BORROWER,11026179
SYNTHETIC_ONLY,demo-nbfc-ev-001,SYN-EV-2W-2025,SYN-A-LN-0838,SYN-A-BR-0838,BORROWER,9941585
SYNTHETIC_ONLY,demo-nbfc-ev-001,SYN-EV-2W-2025,SYN-A-LN-0839,SYN-A-BR-0839,BORROWER,14393917
SYNTHETIC_ONLY,demo-nbfc-ev-001,SYN-EV-2W-2025,SYN-A-LN-0840,SYN-A-BR-0840,BORROWER,14670233
SYNTHETIC_ONLY,demo-nbfc-ev-001,SYN-EV-2W-2025,SYN-A-LN-0841,SYN-A-BR-0841,BORROWER,17575449
SYNTHETIC_ONLY,demo-nbfc-ev-001,SYN-EV-2W-2025,SYN-A-LN-0842,SYN-A-BR-0842,BORROWER,16580430
SYNTHETIC_ONLY,demo-nbfc-ev-001,SYN-EV-2W-2025,SYN-A-LN-0843,SYN-A-BR-0843,BORROWER,21469901
SYNTHETIC_ONLY,demo-nbfc-ev-001,SYN-EV-2W-2025,SYN-A-LN-0844,SYN-A-BR-0844,BORROWER,20657394
SYNTHETIC_ONLY,demo-nbfc-ev-001,SYN-EV-2W-2025,SYN-A-LN-0845,SYN-A-BR-0845,BORROWER,25097573
SYNTHETIC_ONLY,demo-nbfc-ev-001,SYN-EV-2W-2025,SYN-A-LN-0846,SYN-A-BR-0846,BORROWER,8838563
SYNTHETIC_ONLY,demo-nbfc-ev-001,SYN-EV-2W-2025,SYN-A-LN-0847,SYN-A-BR-0847,BORROWER,12590638
SYNTHETIC_ONLY,demo-nbfc-ev-001,SYN-EV-2W-2025,SYN-A-LN-0848,SYN-A-BR-0848,BORROWER,11486454
SYNTHETIC_ONLY,demo-nbfc-ev-001,SYN-EV-2W-2025,SYN-A-LN-0849,SYN-A-BR-0849,BORROWER,16097358
SYNTHETIC_ONLY,demo-nbfc-ev-001,SYN-EV-2W-2025,SYN-A-LN-0850,SYN-A-BR-0850,BORROWER,14596421
SYNTHETIC_ONLY,demo-nbfc-ev-001,SYN-EV-2W-2025,SYN-A-LN-0851,SYN-A-BR-0851,BORROWER,19391046
SYNTHETIC_ONLY,demo-nbfc-ev-001,SYN-EV-2W-2025,SYN-A-LN-0852,SYN-A-BR-0852,BORROWER,19909386
SYNTHETIC_ONLY,demo-nbfc-ev-001,SYN-EV-2W-2025,SYN-A-LN-0853,SYN-A-BR-0853,BORROWER,23409018
SYNTHETIC_ONLY,demo-nbfc-ev-001,SYN-EV-2W-2025,SYN-A-LN-0854,SYN-A-BR-0854,BORROWER,22730911
SYNTHETIC_ONLY,demo-nbfc-ev-001,SYN-EV-2W-2025,SYN-A-LN-0855,SYN-A-BR-0855,BORROWER,10874071
SYNTHETIC_ONLY,demo-nbfc-ev-001,SYN-EV-2W-2025,SYN-A-LN-0856,SYN-A-BR-0856,BORROWER,9805281
SYNTHETIC_ONLY,demo-nbfc-ev-001,SYN-EV-2W-2025,SYN-A-LN-0857,SYN-A-BR-0857,BORROWER,14220600
SYNTHETIC_ONLY,demo-nbfc-ev-001,SYN-EV-2W-2025,SYN-A-LN-0858,SYN-A-BR-0858,BORROWER,14894091
SYNTHETIC_ONLY,demo-nbfc-ev-001,SYN-EV-2W-2025,SYN-A-LN-0859,SYN-A-BR-0859,BORROWER,17862019
SYNTHETIC_ONLY,demo-nbfc-ev-001,SYN-EV-2W-2025,SYN-A-LN-0860,SYN-A-BR-0860,BORROWER,16400763
SYNTHETIC_ONLY,demo-nbfc-ev-001,SYN-EV-2W-2025,SYN-A-LN-0861,SYN-A-BR-0861,BORROWER,21267965
SYNTHETIC_ONLY,demo-nbfc-ev-001,SYN-EV-2W-2025,SYN-A-LN-0862,SYN-A-BR-0862,BORROWER,20467945
SYNTHETIC_ONLY,demo-nbfc-ev-001,SYN-EV-2W-2025,SYN-A-LN-0863,SYN-A-BR-0863,BORROWER,25404987
SYNTHETIC_ONLY,demo-nbfc-ev-001,SYN-EV-2W-2025,SYN-A-LN-0864,SYN-A-BR-0864,BORROWER,9022669
SYNTHETIC_ONLY,demo-nbfc-ev-001,SYN-EV-2W-2025,SYN-A-LN-0865,SYN-A-BR-0865,BORROWER,12425969
SYNTHETIC_ONLY,demo-nbfc-ev-001,SYN-EV-2W-2025,SYN-A-LN-0866,SYN-A-BR-0866,BORROWER,11337571
SYNTHETIC_ONLY,demo-nbfc-ev-001,SYN-EV-2W-2025,SYN-A-LN-0867,SYN-A-BR-0867,BORROWER,15914744
SYNTHETIC_ONLY,demo-nbfc-ev-001,SYN-EV-2W-2025,SYN-A-LN-0868,SYN-A-BR-0868,BORROWER,14852488
SYNTHETIC_ONLY,demo-nbfc-ev-001,SYN-EV-2W-2025,SYN-A-LN-0869,SYN-A-BR-0869,BORROWER,19686503
SYNTHETIC_ONLY,demo-nbfc-ev-001,SYN-EV-2W-2025,SYN-A-LN-0870,SYN-A-BR-0870,BORROWER,19737803
SYNTHETIC_ONLY,demo-nbfc-ev-001,SYN-EV-2W-2025,SYN-A-LN-0871,SYN-A-BR-0871,BORROWER,23205035
SYNTHETIC_ONLY,demo-nbfc-ev-001,SYN-EV-2W-2025,SYN-A-LN-0872,SYN-A-BR-0872,BORROWER,22538928
SYNTHETIC_ONLY,demo-nbfc-ev-001,SYN-EV-2W-2025,SYN-A-LN-0873,SYN-A-BR-0873,BORROWER,11101545
SYNTHETIC_ONLY,demo-nbfc-ev-001,SYN-EV-2W-2025,SYN-A-LN-0874,SYN-A-BR-0874,BORROWER,10009523
SYNTHETIC_ONLY,demo-nbfc-ev-001,SYN-EV-2W-2025,SYN-A-LN-0875,SYN-A-BR-0875,BORROWER,14044763
SYNTHETIC_ONLY,demo-nbfc-ev-001,SYN-EV-2W-2025,SYN-A-LN-0876,SYN-A-BR-0876,BORROWER,14745204
SYNTHETIC_ONLY,demo-nbfc-ev-001,SYN-EV-2W-2025,SYN-A-LN-0877,SYN-A-BR-0877,BORROWER,17671772
SYNTHETIC_ONLY,demo-nbfc-ev-001,SYN-EV-2W-2025,SYN-A-LN-0878,SYN-A-BR-0878,BORROWER,16669701
SYNTHETIC_ONLY,demo-nbfc-ev-001,SYN-EV-2W-2025,SYN-A-LN-0879,SYN-A-BR-0879,BORROWER,21569439
SYNTHETIC_ONLY,demo-nbfc-ev-001,SYN-EV-2W-2025,SYN-A-LN-0880,SYN-A-BR-0880,BORROWER,20276473
SYNTHETIC_ONLY,demo-nbfc-ev-001,SYN-EV-2W-2025,SYN-A-LN-0881,SYN-A-BR-0881,BORROWER,25201106
SYNTHETIC_ONLY,demo-nbfc-ev-001,SYN-EV-2W-2025,SYN-A-LN-0882,SYN-A-BR-0882,BORROWER,8900058
SYNTHETIC_ONLY,demo-nbfc-ev-001,SYN-EV-2W-2025,SYN-A-LN-0883,SYN-A-BR-0883,BORROWER,12672160
SYNTHETIC_ONLY,demo-nbfc-ev-001,SYN-EV-2W-2025,SYN-A-LN-0884,SYN-A-BR-0884,BORROWER,11560602
SYNTHETIC_ONLY,demo-nbfc-ev-001,SYN-EV-2W-2025,SYN-A-LN-0885,SYN-A-BR-0885,BORROWER,15729274
SYNTHETIC_ONLY,demo-nbfc-ev-001,SYN-EV-2W-2025,SYN-A-LN-0886,SYN-A-BR-0886,BORROWER,14682085
SYNTHETIC_ONLY,demo-nbfc-ev-001,SYN-EV-2W-2025,SYN-A-LN-0887,SYN-A-BR-0887,BORROWER,19490410
SYNTHETIC_ONLY,demo-nbfc-ev-001,SYN-EV-2W-2025,SYN-A-LN-0888,SYN-A-BR-0888,BORROWER,19994431
SYNTHETIC_ONLY,demo-nbfc-ev-001,SYN-EV-2W-2025,SYN-A-LN-0889,SYN-A-BR-0889,BORROWER,23509485
SYNTHETIC_ONLY,demo-nbfc-ev-001,SYN-EV-2W-2025,SYN-A-LN-0890,SYN-A-BR-0890,BORROWER,22344683
SYNTHETIC_ONLY,demo-nbfc-ev-001,SYN-EV-2W-2025,SYN-A-LN-0891,SYN-A-BR-0891,BORROWER,10950350
SYNTHETIC_ONLY,demo-nbfc-ev-001,SYN-EV-2W-2025,SYN-A-LN-0892,SYN-A-BR-0892,BORROWER,9873502
SYNTHETIC_ONLY,demo-nbfc-ev-001,SYN-EV-2W-2025,SYN-A-LN-0893,SYN-A-BR-0893,BORROWER,14307579
SYNTHETIC_ONLY,demo-nbfc-ev-001,SYN-EV-2W-2025,SYN-A-LN-0894,SYN-A-BR-0894,BORROWER,14967997
SYNTHETIC_ONLY,demo-nbfc-ev-001,SYN-EV-2W-2025,SYN-A-LN-0895,SYN-A-BR-0895,BORROWER,17478340
SYNTHETIC_ONLY,demo-nbfc-ev-001,SYN-EV-2W-2025,SYN-A-LN-0896,SYN-A-BR-0896,BORROWER,16490782
SYNTHETIC_ONLY,demo-nbfc-ev-001,SYN-EV-2W-2025,SYN-A-LN-0897,SYN-A-BR-0897,BORROWER,21369407
SYNTHETIC_ONLY,demo-nbfc-ev-001,SYN-EV-2W-2025,SYN-A-LN-0898,SYN-A-BR-0898,BORROWER,20562926
SYNTHETIC_ONLY,demo-nbfc-ev-001,SYN-EV-2W-2025,SYN-A-LN-0899,SYN-A-BR-0899,BORROWER,25505323
SYNTHETIC_ONLY,demo-nbfc-ev-001,SYN-EV-2W-2025,SYN-A-LN-0900,SYN-A-BR-0900,BORROWER,8776950
SYNTHETIC_ONLY,demo-nbfc-ev-001,SYN-EV-2W-2025,SYN-A-LN-0901,SYN-A-BR-0901,BORROWER,12508571
SYNTHETIC_ONLY,demo-nbfc-ev-001,SYN-EV-2W-2025,SYN-A-LN-0902,SYN-A-BR-0902,BORROWER,11412108
SYNTHETIC_ONLY,demo-nbfc-ev-001,SYN-EV-2W-2025,SYN-A-LN-0903,SYN-A-BR-0903,BORROWER,16006414
SYNTHETIC_ONLY,demo-nbfc-ev-001,SYN-EV-2W-2025,SYN-A-LN-0904,SYN-A-BR-0904,BORROWER,14937213
SYNTHETIC_ONLY,demo-nbfc-ev-001,SYN-EV-2W-2025,SYN-A-LN-0905,SYN-A-BR-0905,BORROWER,19290819
SYNTHETIC_ONLY,demo-nbfc-ev-001,SYN-EV-2W-2025,SYN-A-LN-0906,SYN-A-BR-0906,BORROWER,19823841
SYNTHETIC_ONLY,demo-nbfc-ev-001,SYN-EV-2W-2025,SYN-A-LN-0907,SYN-A-BR-0907,BORROWER,23307532
SYNTHETIC_ONLY,demo-nbfc-ev-001,SYN-EV-2W-2025,SYN-A-LN-0908,SYN-A-BR-0908,BORROWER,22635206
SYNTHETIC_ONLY,demo-nbfc-ev-001,SYN-EV-2W-2025,SYN-A-LN-0909,SYN-A-BR-0909,BORROWER,11176436
SYNTHETIC_ONLY,demo-nbfc-ev-001,SYN-EV-2W-2025,SYN-A-LN-0910,SYN-A-BR-0910,BORROWER,9736928
SYNTHETIC_ONLY,demo-nbfc-ev-001,SYN-EV-2W-2025,SYN-A-LN-0911,SYN-A-BR-0911,BORROWER,14132991
SYNTHETIC_ONLY,demo-nbfc-ev-001,SYN-EV-2W-2025,SYN-A-LN-0912,SYN-A-BR-0912,BORROWER,14819825
SYNTHETIC_ONLY,demo-nbfc-ev-001,SYN-EV-2W-2025,SYN-A-LN-0913,SYN-A-BR-0913,BORROWER,17767299
SYNTHETIC_ONLY,demo-nbfc-ev-001,SYN-EV-2W-2025,SYN-A-LN-0914,SYN-A-BR-0914,BORROWER,16758587
SYNTHETIC_ONLY,demo-nbfc-ev-001,SYN-EV-2W-2025,SYN-A-LN-0915,SYN-A-BR-0915,BORROWER,21165586
SYNTHETIC_ONLY,demo-nbfc-ev-001,SYN-EV-2W-2025,SYN-A-LN-0916,SYN-A-BR-0916,BORROWER,20372458
SYNTHETIC_ONLY,demo-nbfc-ev-001,SYN-EV-2W-2025,SYN-A-LN-0917,SYN-A-BR-0917,BORROWER,25303580
SYNTHETIC_ONLY,demo-nbfc-ev-001,SYN-EV-2W-2025,SYN-A-LN-0918,SYN-A-BR-0918,BORROWER,8961429
SYNTHETIC_ONLY,demo-nbfc-ev-001,SYN-EV-2W-2025,SYN-A-LN-0919,SYN-A-BR-0919,BORROWER,12753125
SYNTHETIC_ONLY,demo-nbfc-ev-001,SYN-EV-2W-2025,SYN-A-LN-0920,SYN-A-BR-0920,BORROWER,11262848
SYNTHETIC_ONLY,demo-nbfc-ev-001,SYN-EV-2W-2025,SYN-A-LN-0921,SYN-A-BR-0921,BORROWER,15822360
SYNTHETIC_ONLY,demo-nbfc-ev-001,SYN-EV-2W-2025,SYN-A-LN-0922,SYN-A-BR-0922,BORROWER,14767443
SYNTHETIC_ONLY,demo-nbfc-ev-001,SYN-EV-2W-2025,SYN-A-LN-0923,SYN-A-BR-0923,BORROWER,19588899
SYNTHETIC_ONLY,demo-nbfc-ev-001,SYN-EV-2W-2025,SYN-A-LN-0924,SYN-A-BR-0924,BORROWER,20078972
SYNTHETIC_ONLY,demo-nbfc-ev-001,SYN-EV-2W-2025,SYN-A-LN-0925,SYN-A-BR-0925,BORROWER,23101534
SYNTHETIC_ONLY,demo-nbfc-ev-001,SYN-EV-2W-2025,SYN-A-LN-0926,SYN-A-BR-0926,BORROWER,22442084
SYNTHETIC_ONLY,demo-nbfc-ev-001,SYN-EV-2W-2025,SYN-A-LN-0927,SYN-A-BR-0927,BORROWER,11026179
SYNTHETIC_ONLY,demo-nbfc-ev-001,SYN-EV-2W-2025,SYN-A-LN-0928,SYN-A-BR-0928,BORROWER,9941585
SYNTHETIC_ONLY,demo-nbfc-ev-001,SYN-EV-2W-2025,SYN-A-LN-0929,SYN-A-BR-0929,BORROWER,14393917
SYNTHETIC_ONLY,demo-nbfc-ev-001,SYN-EV-2W-2025,SYN-A-LN-0930,SYN-A-BR-0930,BORROWER,14670233
SYNTHETIC_ONLY,demo-nbfc-ev-001,SYN-EV-2W-2025,SYN-A-LN-0931,SYN-A-BR-0931,BORROWER,17575449
SYNTHETIC_ONLY,demo-nbfc-ev-001,SYN-EV-2W-2025,SYN-A-LN-0932,SYN-A-BR-0932,BORROWER,16580430
SYNTHETIC_ONLY,demo-nbfc-ev-001,SYN-EV-2W-2025,SYN-A-LN-0933,SYN-A-BR-0933,BORROWER,21469901
SYNTHETIC_ONLY,demo-nbfc-ev-001,SYN-EV-2W-2025,SYN-A-LN-0934,SYN-A-BR-0934,BORROWER,20657394
SYNTHETIC_ONLY,demo-nbfc-ev-001,SYN-EV-2W-2025,SYN-A-LN-0935,SYN-A-BR-0935,BORROWER,25097573
SYNTHETIC_ONLY,demo-nbfc-ev-001,SYN-EV-2W-2025,SYN-A-LN-0936,SYN-A-BR-0936,BORROWER,8838563
SYNTHETIC_ONLY,demo-nbfc-ev-001,SYN-EV-2W-2025,SYN-A-LN-0937,SYN-A-BR-0937,BORROWER,12590638
SYNTHETIC_ONLY,demo-nbfc-ev-001,SYN-EV-2W-2025,SYN-A-LN-0938,SYN-A-BR-0938,BORROWER,11486454
SYNTHETIC_ONLY,demo-nbfc-ev-001,SYN-EV-2W-2025,SYN-A-LN-0939,SYN-A-BR-0939,BORROWER,16097358
SYNTHETIC_ONLY,demo-nbfc-ev-001,SYN-EV-2W-2025,SYN-A-LN-0940,SYN-A-BR-0940,BORROWER,14596421
SYNTHETIC_ONLY,demo-nbfc-ev-001,SYN-EV-2W-2025,SYN-A-LN-0941,SYN-A-BR-0941,BORROWER,19391046
SYNTHETIC_ONLY,demo-nbfc-ev-001,SYN-EV-2W-2025,SYN-A-LN-0942,SYN-A-BR-0942,BORROWER,19909386
SYNTHETIC_ONLY,demo-nbfc-ev-001,SYN-EV-2W-2025,SYN-A-LN-0943,SYN-A-BR-0943,BORROWER,23409018
SYNTHETIC_ONLY,demo-nbfc-ev-001,SYN-EV-2W-2025,SYN-A-LN-0944,SYN-A-BR-0944,BORROWER,22730911
SYNTHETIC_ONLY,demo-nbfc-ev-001,SYN-EV-2W-2025,SYN-A-LN-0945,SYN-A-BR-0945,BORROWER,10874071
SYNTHETIC_ONLY,demo-nbfc-ev-001,SYN-EV-2W-2025,SYN-A-LN-0946,SYN-A-BR-0946,BORROWER,9805281
SYNTHETIC_ONLY,demo-nbfc-ev-001,SYN-EV-2W-2025,SYN-A-LN-0947,SYN-A-BR-0947,BORROWER,14220600
SYNTHETIC_ONLY,demo-nbfc-ev-001,SYN-EV-2W-2025,SYN-A-LN-0948,SYN-A-BR-0948,BORROWER,14894091
SYNTHETIC_ONLY,demo-nbfc-ev-001,SYN-EV-2W-2025,SYN-A-LN-0949,SYN-A-BR-0949,BORROWER,17862019
SYNTHETIC_ONLY,demo-nbfc-ev-001,SYN-EV-2W-2025,SYN-A-LN-0950,SYN-A-BR-0950,BORROWER,16400763
SYNTHETIC_ONLY,demo-nbfc-ev-001,SYN-EV-2W-2025,SYN-A-LN-0951,SYN-A-BR-0951,BORROWER,21267965
SYNTHETIC_ONLY,demo-nbfc-ev-001,SYN-EV-2W-2025,SYN-A-LN-0952,SYN-A-BR-0952,BORROWER,20467945
SYNTHETIC_ONLY,demo-nbfc-ev-001,SYN-EV-2W-2025,SYN-A-LN-0953,SYN-A-BR-0953,BORROWER,25404987
SYNTHETIC_ONLY,demo-nbfc-ev-001,SYN-EV-2W-2025,SYN-A-LN-0954,SYN-A-BR-0954,BORROWER,9022669
SYNTHETIC_ONLY,demo-nbfc-ev-001,SYN-EV-2W-2025,SYN-A-LN-0955,SYN-A-BR-0955,BORROWER,12425969
SYNTHETIC_ONLY,demo-nbfc-ev-001,SYN-EV-2W-2025,SYN-A-LN-0956,SYN-A-BR-0956,BORROWER,11337571
SYNTHETIC_ONLY,demo-nbfc-ev-001,SYN-EV-2W-2025,SYN-A-LN-0957,SYN-A-BR-0957,BORROWER,15914744
SYNTHETIC_ONLY,demo-nbfc-ev-001,SYN-EV-2W-2025,SYN-A-LN-0958,SYN-A-BR-0958,BORROWER,14852488
SYNTHETIC_ONLY,demo-nbfc-ev-001,SYN-EV-2W-2025,SYN-A-LN-0959,SYN-A-BR-0959,BORROWER,19686503
SYNTHETIC_ONLY,demo-nbfc-ev-001,SYN-EV-2W-2025,SYN-A-LN-0960,SYN-A-BR-0960,BORROWER,19737803
SYNTHETIC_ONLY,demo-nbfc-ev-001,SYN-EV-2W-2025,SYN-A-LN-0961,SYN-A-BR-0961,BORROWER,23205035
SYNTHETIC_ONLY,demo-nbfc-ev-001,SYN-EV-2W-2025,SYN-A-LN-0962,SYN-A-BR-0962,BORROWER,22538928
SYNTHETIC_ONLY,demo-nbfc-ev-001,SYN-EV-2W-2025,SYN-A-LN-0963,SYN-A-BR-0963,BORROWER,11101545
SYNTHETIC_ONLY,demo-nbfc-ev-001,SYN-EV-2W-2025,SYN-A-LN-0964,SYN-A-BR-0964,BORROWER,10009523
SYNTHETIC_ONLY,demo-nbfc-ev-001,SYN-EV-2W-2025,SYN-A-LN-0965,SYN-A-BR-0965,BORROWER,14044763
SYNTHETIC_ONLY,demo-nbfc-ev-001,SYN-EV-2W-2025,SYN-A-LN-0966,SYN-A-BR-0966,BORROWER,14745204
SYNTHETIC_ONLY,demo-nbfc-ev-001,SYN-EV-2W-2025,SYN-A-LN-0967,SYN-A-BR-0967,BORROWER,17671772
SYNTHETIC_ONLY,demo-nbfc-ev-001,SYN-EV-2W-2025,SYN-A-LN-0968,SYN-A-BR-0968,BORROWER,16669701
SYNTHETIC_ONLY,demo-nbfc-ev-001,SYN-EV-2W-2025,SYN-A-LN-0969,SYN-A-BR-0969,BORROWER,21569439
SYNTHETIC_ONLY,demo-nbfc-ev-001,SYN-EV-2W-2025,SYN-A-LN-0970,SYN-A-BR-0970,BORROWER,20276473
SYNTHETIC_ONLY,demo-nbfc-ev-001,SYN-EV-2W-2025,SYN-A-LN-0971,SYN-A-BR-0971,BORROWER,25201106
SYNTHETIC_ONLY,demo-nbfc-ev-001,SYN-EV-2W-2025,SYN-A-LN-0972,SYN-A-BR-0972,BORROWER,8900058
SYNTHETIC_ONLY,demo-nbfc-ev-001,SYN-EV-2W-2025,SYN-A-LN-0973,SYN-A-BR-0973,BORROWER,12672160
SYNTHETIC_ONLY,demo-nbfc-ev-001,SYN-EV-2W-2025,SYN-A-LN-0974,SYN-A-BR-0974,BORROWER,11560602
SYNTHETIC_ONLY,demo-nbfc-ev-001,SYN-EV-2W-2025,SYN-A-LN-0975,SYN-A-BR-0975,BORROWER,15729274
SYNTHETIC_ONLY,demo-nbfc-ev-001,SYN-EV-2W-2025,SYN-A-LN-0976,SYN-A-BR-0976,BORROWER,14682085
SYNTHETIC_ONLY,demo-nbfc-ev-001,SYN-EV-2W-2025,SYN-A-LN-0977,SYN-A-BR-0977,BORROWER,19490410
SYNTHETIC_ONLY,demo-nbfc-ev-001,SYN-EV-2W-2025,SYN-A-LN-0978,SYN-A-BR-0978,BORROWER,19994431
SYNTHETIC_ONLY,demo-nbfc-ev-001,SYN-EV-2W-2025,SYN-A-LN-0979,SYN-A-BR-0979,BORROWER,23509485
SYNTHETIC_ONLY,demo-nbfc-ev-001,SYN-EV-2W-2025,SYN-A-LN-0980,SYN-A-BR-0980,BORROWER,22344683
SYNTHETIC_ONLY,demo-nbfc-ev-001,SYN-EV-2W-2025,SYN-A-LN-0981,SYN-A-BR-0981,BORROWER,10950350
SYNTHETIC_ONLY,demo-nbfc-ev-001,SYN-EV-2W-2025,SYN-A-LN-0982,SYN-A-BR-0982,BORROWER,9873502
SYNTHETIC_ONLY,demo-nbfc-ev-001,SYN-EV-2W-2025,SYN-A-LN-0983,SYN-A-BR-0983,BORROWER,14307579
SYNTHETIC_ONLY,demo-nbfc-ev-001,SYN-EV-2W-2025,SYN-A-LN-0984,SYN-A-BR-0984,BORROWER,14967997
SYNTHETIC_ONLY,demo-nbfc-ev-001,SYN-EV-2W-2025,SYN-A-LN-0985,SYN-A-BR-0985,BORROWER,17478340
SYNTHETIC_ONLY,demo-nbfc-ev-001,SYN-EV-2W-2025,SYN-A-LN-0986,SYN-A-BR-0986,BORROWER,16490782
SYNTHETIC_ONLY,demo-nbfc-ev-001,SYN-EV-2W-2025,SYN-A-LN-0987,SYN-A-BR-0987,BORROWER,21369407
SYNTHETIC_ONLY,demo-nbfc-ev-001,SYN-EV-2W-2025,SYN-A-LN-0988,SYN-A-BR-0988,BORROWER,20562926
SYNTHETIC_ONLY,demo-nbfc-ev-001,SYN-EV-2W-2025,SYN-A-LN-0989,SYN-A-BR-0989,BORROWER,25505323
SYNTHETIC_ONLY,demo-nbfc-ev-001,SYN-EV-2W-2025,SYN-A-LN-0990,SYN-A-BR-0990,BORROWER,8776950
SYNTHETIC_ONLY,demo-nbfc-ev-001,SYN-EV-2W-2025,SYN-A-LN-0991,SYN-A-BR-0991,BORROWER,12508571
SYNTHETIC_ONLY,demo-nbfc-ev-001,SYN-EV-2W-2025,SYN-A-LN-0992,SYN-A-BR-0992,BORROWER,11412108
SYNTHETIC_ONLY,demo-nbfc-ev-001,SYN-EV-2W-2025,SYN-A-LN-0993,SYN-A-BR-0993,BORROWER,16006414
SYNTHETIC_ONLY,demo-nbfc-ev-001,SYN-EV-2W-2025,SYN-A-LN-0994,SYN-A-BR-0994,BORROWER,14937213
SYNTHETIC_ONLY,demo-nbfc-ev-001,SYN-EV-2W-2025,SYN-A-LN-0995,SYN-A-BR-0995,BORROWER,19290819
SYNTHETIC_ONLY,demo-nbfc-ev-001,SYN-EV-2W-2025,SYN-A-LN-0996,SYN-A-BR-0996,BORROWER,19823841
SYNTHETIC_ONLY,demo-nbfc-ev-001,SYN-EV-2W-2025,SYN-A-LN-0997,SYN-A-BR-0997,BORROWER,23307532
SYNTHETIC_ONLY,demo-nbfc-ev-001,SYN-EV-2W-2025,SYN-A-LN-0998,SYN-A-BR-0998,BORROWER,22635206
SYNTHETIC_ONLY,demo-nbfc-ev-001,SYN-EV-2W-2025,SYN-A-LN-0999,SYN-A-BR-0999,BORROWER,11176436
SYNTHETIC_ONLY,demo-nbfc-ev-001,SYN-EV-2W-2025,SYN-A-LN-1000,SYN-A-BR-1000,BORROWER,9736928
SYNTHETIC_ONLY,demo-nbfc-ev-001,SYN-EV-2W-2025,SYN-A-LN-1001,SYN-A-BR-1001,BORROWER,14132991
SYNTHETIC_ONLY,demo-nbfc-ev-001,SYN-EV-2W-2025,SYN-A-LN-1002,SYN-A-BR-1002,BORROWER,14819825
SYNTHETIC_ONLY,demo-nbfc-ev-001,SYN-EV-2W-2025,SYN-A-LN-1003,SYN-A-BR-1003,BORROWER,17767299
SYNTHETIC_ONLY,demo-nbfc-ev-001,SYN-EV-2W-2025,SYN-A-LN-1004,SYN-A-BR-1004,BORROWER,16758587
SYNTHETIC_ONLY,demo-nbfc-ev-001,SYN-EV-2W-2025,SYN-A-LN-1005,SYN-A-BR-1005,BORROWER,21165586
SYNTHETIC_ONLY,demo-nbfc-ev-001,SYN-EV-2W-2025,SYN-A-LN-1006,SYN-A-BR-1006,BORROWER,20372458
SYNTHETIC_ONLY,demo-nbfc-ev-001,SYN-EV-2W-2025,SYN-A-LN-1007,SYN-A-BR-1007,BORROWER,25303580
SYNTHETIC_ONLY,demo-nbfc-ev-001,SYN-EV-2W-2025,SYN-A-LN-1008,SYN-A-BR-1008,BORROWER,8961429
SYNTHETIC_ONLY,demo-nbfc-ev-001,SYN-EV-2W-2025,SYN-A-LN-1009,SYN-A-BR-1009,BORROWER,12753125
SYNTHETIC_ONLY,demo-nbfc-ev-001,SYN-EV-2W-2025,SYN-A-LN-1010,SYN-A-BR-1010,BORROWER,11262848
SYNTHETIC_ONLY,demo-nbfc-ev-001,SYN-EV-2W-2025,SYN-A-LN-1011,SYN-A-BR-1011,BORROWER,15822360
SYNTHETIC_ONLY,demo-nbfc-ev-001,SYN-EV-2W-2025,SYN-A-LN-1012,SYN-A-BR-1012,BORROWER,14767443
SYNTHETIC_ONLY,demo-nbfc-ev-001,SYN-EV-2W-2025,SYN-A-LN-1013,SYN-A-BR-1013,BORROWER,19588899
SYNTHETIC_ONLY,demo-nbfc-ev-001,SYN-EV-2W-2025,SYN-A-LN-1014,SYN-A-BR-1014,BORROWER,20078972
SYNTHETIC_ONLY,demo-nbfc-ev-001,SYN-EV-2W-2025,SYN-A-LN-1015,SYN-A-BR-1015,BORROWER,23101534
SYNTHETIC_ONLY,demo-nbfc-ev-001,SYN-EV-2W-2025,SYN-A-LN-1016,SYN-A-BR-1016,BORROWER,22442084
SYNTHETIC_ONLY,demo-nbfc-ev-001,SYN-EV-2W-2025,SYN-A-LN-1017,SYN-A-BR-1017,BORROWER,11026179
SYNTHETIC_ONLY,demo-nbfc-ev-001,SYN-EV-2W-2025,SYN-A-LN-1018,SYN-A-BR-1018,BORROWER,9941585
SYNTHETIC_ONLY,demo-nbfc-ev-001,SYN-EV-2W-2025,SYN-A-LN-1019,SYN-A-BR-1019,BORROWER,14393917
SYNTHETIC_ONLY,demo-nbfc-ev-001,SYN-EV-2W-2025,SYN-A-LN-1020,SYN-A-BR-1020,BORROWER,14670233
SYNTHETIC_ONLY,demo-nbfc-ev-001,SYN-EV-2W-2025,SYN-A-LN-1021,SYN-A-BR-1021,BORROWER,17575449
SYNTHETIC_ONLY,demo-nbfc-ev-001,SYN-EV-2W-2025,SYN-A-LN-1022,SYN-A-BR-1022,BORROWER,16580430
SYNTHETIC_ONLY,demo-nbfc-ev-001,SYN-EV-2W-2025,SYN-A-LN-1023,SYN-A-BR-1023,BORROWER,21469901
SYNTHETIC_ONLY,demo-nbfc-ev-001,SYN-EV-2W-2025,SYN-A-LN-1024,SYN-A-BR-1024,BORROWER,20657394
SYNTHETIC_ONLY,demo-nbfc-ev-001,SYN-EV-2W-2025,SYN-A-LN-1025,SYN-A-BR-1025,BORROWER,25097573
SYNTHETIC_ONLY,demo-nbfc-ev-001,SYN-EV-2W-2025,SYN-A-LN-1026,SYN-A-BR-1026,BORROWER,8838563
SYNTHETIC_ONLY,demo-nbfc-ev-001,SYN-EV-2W-2025,SYN-A-LN-1027,SYN-A-BR-1027,BORROWER,12590638
SYNTHETIC_ONLY,demo-nbfc-ev-001,SYN-EV-2W-2025,SYN-A-LN-1028,SYN-A-BR-1028,BORROWER,11486454
SYNTHETIC_ONLY,demo-nbfc-ev-001,SYN-EV-2W-2025,SYN-A-LN-1029,SYN-A-BR-1029,BORROWER,16097358
SYNTHETIC_ONLY,demo-nbfc-ev-001,SYN-EV-2W-2025,SYN-A-LN-1030,SYN-A-BR-1030,BORROWER,14596421
SYNTHETIC_ONLY,demo-nbfc-ev-001,SYN-EV-2W-2025,SYN-A-LN-1031,SYN-A-BR-1031,BORROWER,19391046
SYNTHETIC_ONLY,demo-nbfc-ev-001,SYN-EV-2W-2025,SYN-A-LN-1032,SYN-A-BR-1032,BORROWER,19909386
SYNTHETIC_ONLY,demo-nbfc-ev-001,SYN-EV-2W-2025,SYN-A-LN-1033,SYN-A-BR-1033,BORROWER,23409018
SYNTHETIC_ONLY,demo-nbfc-ev-001,SYN-EV-2W-2025,SYN-A-LN-1034,SYN-A-BR-1034,BORROWER,22730911
SYNTHETIC_ONLY,demo-nbfc-ev-001,SYN-EV-2W-2025,SYN-A-LN-1035,SYN-A-BR-1035,BORROWER,10874071
SYNTHETIC_ONLY,demo-nbfc-ev-001,SYN-EV-2W-2025,SYN-A-LN-1036,SYN-A-BR-1036,BORROWER,9805281
SYNTHETIC_ONLY,demo-nbfc-ev-001,SYN-EV-2W-2025,SYN-A-LN-1037,SYN-A-BR-1037,BORROWER,14220600
SYNTHETIC_ONLY,demo-nbfc-ev-001,SYN-EV-2W-2025,SYN-A-LN-1038,SYN-A-BR-1038,BORROWER,14894091
SYNTHETIC_ONLY,demo-nbfc-ev-001,SYN-EV-2W-2025,SYN-A-LN-1039,SYN-A-BR-1039,BORROWER,17862019
SYNTHETIC_ONLY,demo-nbfc-ev-001,SYN-EV-2W-2025,SYN-A-LN-1040,SYN-A-BR-1040,BORROWER,16400763
SYNTHETIC_ONLY,demo-nbfc-ev-001,SYN-EV-2W-2025,SYN-A-LN-1041,SYN-A-BR-1041,BORROWER,21267965
SYNTHETIC_ONLY,demo-nbfc-ev-001,SYN-EV-2W-2025,SYN-A-LN-1042,SYN-A-BR-1042,BORROWER,20467945
SYNTHETIC_ONLY,demo-nbfc-ev-001,SYN-EV-2W-2025,SYN-A-LN-1043,SYN-A-BR-1043,BORROWER,25404987
SYNTHETIC_ONLY,demo-nbfc-ev-001,SYN-EV-2W-2025,SYN-A-LN-1044,SYN-A-BR-1044,BORROWER,9022669
SYNTHETIC_ONLY,demo-nbfc-ev-001,SYN-EV-2W-2025,SYN-A-LN-1045,SYN-A-BR-1045,BORROWER,12425969
SYNTHETIC_ONLY,demo-nbfc-ev-001,SYN-EV-2W-2025,SYN-A-LN-1046,SYN-A-BR-1046,BORROWER,11337571
SYNTHETIC_ONLY,demo-nbfc-ev-001,SYN-EV-2W-2025,SYN-A-LN-1047,SYN-A-BR-1047,BORROWER,15914744
SYNTHETIC_ONLY,demo-nbfc-ev-001,SYN-EV-2W-2025,SYN-A-LN-1048,SYN-A-BR-1048,BORROWER,14852488
SYNTHETIC_ONLY,demo-nbfc-ev-001,SYN-EV-2W-2025,SYN-A-LN-1049,SYN-A-BR-1049,BORROWER,19686503
SYNTHETIC_ONLY,demo-nbfc-ev-001,SYN-EV-2W-2025,SYN-A-LN-1050,SYN-A-BR-1050,BORROWER,19737803
SYNTHETIC_ONLY,demo-nbfc-ev-001,SYN-EV-2W-2025,SYN-A-LN-1051,SYN-A-BR-1051,BORROWER,23205035
SYNTHETIC_ONLY,demo-nbfc-ev-001,SYN-EV-2W-2025,SYN-A-LN-1052,SYN-A-BR-1052,BORROWER,22538928
SYNTHETIC_ONLY,demo-nbfc-ev-001,SYN-EV-2W-2025,SYN-A-LN-1053,SYN-A-BR-1053,BORROWER,11101545
SYNTHETIC_ONLY,demo-nbfc-ev-001,SYN-EV-2W-2025,SYN-A-LN-1054,SYN-A-BR-1054,BORROWER,10009523
SYNTHETIC_ONLY,demo-nbfc-ev-001,SYN-EV-2W-2025,SYN-A-LN-1055,SYN-A-BR-1055,BORROWER,14044763
SYNTHETIC_ONLY,demo-nbfc-ev-001,SYN-EV-2W-2025,SYN-A-LN-1056,SYN-A-BR-1056,BORROWER,14745204
SYNTHETIC_ONLY,demo-nbfc-ev-001,SYN-EV-2W-2025,SYN-A-LN-1057,SYN-A-BR-1057,BORROWER,17671772
SYNTHETIC_ONLY,demo-nbfc-ev-001,SYN-EV-2W-2025,SYN-A-LN-1058,SYN-A-BR-1058,BORROWER,16669701
SYNTHETIC_ONLY,demo-nbfc-ev-001,SYN-EV-2W-2025,SYN-A-LN-1059,SYN-A-BR-1059,BORROWER,21569439
SYNTHETIC_ONLY,demo-nbfc-ev-001,SYN-EV-2W-2025,SYN-A-LN-1060,SYN-A-BR-1060,BORROWER,20276473
SYNTHETIC_ONLY,demo-nbfc-ev-001,SYN-EV-2W-2025,SYN-A-LN-1061,SYN-A-BR-1061,BORROWER,25201106
SYNTHETIC_ONLY,demo-nbfc-ev-001,SYN-EV-2W-2025,SYN-A-LN-1062,SYN-A-BR-1062,BORROWER,8900058
SYNTHETIC_ONLY,demo-nbfc-ev-001,SYN-EV-2W-2025,SYN-A-LN-1063,SYN-A-BR-1063,BORROWER,12672160
SYNTHETIC_ONLY,demo-nbfc-ev-001,SYN-EV-2W-2025,SYN-A-LN-1064,SYN-A-BR-1064,BORROWER,11560602
SYNTHETIC_ONLY,demo-nbfc-ev-001,SYN-EV-2W-2025,SYN-A-LN-1065,SYN-A-BR-1065,BORROWER,15729274
SYNTHETIC_ONLY,demo-nbfc-ev-001,SYN-EV-2W-2025,SYN-A-LN-1066,SYN-A-BR-1066,BORROWER,14682085
SYNTHETIC_ONLY,demo-nbfc-ev-001,SYN-EV-2W-2025,SYN-A-LN-1067,SYN-A-BR-1067,BORROWER,19490410
SYNTHETIC_ONLY,demo-nbfc-ev-001,SYN-EV-2W-2025,SYN-A-LN-1068,SYN-A-BR-1068,BORROWER,19994431
SYNTHETIC_ONLY,demo-nbfc-ev-001,SYN-EV-2W-2025,SYN-A-LN-1069,SYN-A-BR-1069,BORROWER,23509485
SYNTHETIC_ONLY,demo-nbfc-ev-001,SYN-EV-2W-2025,SYN-A-LN-1070,SYN-A-BR-1070,BORROWER,22344683
SYNTHETIC_ONLY,demo-nbfc-ev-001,SYN-EV-2W-2025,SYN-A-LN-1071,SYN-A-BR-1071,BORROWER,10950350
SYNTHETIC_ONLY,demo-nbfc-ev-001,SYN-EV-2W-2025,SYN-A-LN-1072,SYN-A-BR-1072,BORROWER,9873502
SYNTHETIC_ONLY,demo-nbfc-ev-001,SYN-EV-2W-2025,SYN-A-LN-1073,SYN-A-BR-1073,BORROWER,14307579
SYNTHETIC_ONLY,demo-nbfc-ev-001,SYN-EV-2W-2025,SYN-A-LN-1074,SYN-A-BR-1074,BORROWER,14967997
SYNTHETIC_ONLY,demo-nbfc-ev-001,SYN-EV-2W-2025,SYN-A-LN-1075,SYN-A-BR-1075,BORROWER,17478340
SYNTHETIC_ONLY,demo-nbfc-ev-001,SYN-EV-2W-2025,SYN-A-LN-1076,SYN-A-BR-1076,BORROWER,16490782
SYNTHETIC_ONLY,demo-nbfc-ev-001,SYN-EV-2W-2025,SYN-A-LN-1077,SYN-A-BR-1077,BORROWER,21369407
SYNTHETIC_ONLY,demo-nbfc-ev-001,SYN-EV-2W-2025,SYN-A-LN-1078,SYN-A-BR-1078,BORROWER,20562926
SYNTHETIC_ONLY,demo-nbfc-ev-001,SYN-EV-2W-2025,SYN-A-LN-1079,SYN-A-BR-1079,BORROWER,25505323
SYNTHETIC_ONLY,demo-nbfc-ev-001,SYN-EV-2W-2025,SYN-A-LN-1080,SYN-A-BR-1080,BORROWER,8776950
SYNTHETIC_ONLY,demo-nbfc-ev-001,SYN-EV-2W-2025,SYN-A-LN-1081,SYN-A-BR-1081,BORROWER,12508571
SYNTHETIC_ONLY,demo-nbfc-ev-001,SYN-EV-2W-2025,SYN-A-LN-1082,SYN-A-BR-1082,BORROWER,11412108
SYNTHETIC_ONLY,demo-nbfc-ev-001,SYN-EV-2W-2025,SYN-A-LN-1083,SYN-A-BR-1083,BORROWER,16006414
SYNTHETIC_ONLY,demo-nbfc-ev-001,SYN-EV-2W-2025,SYN-A-LN-1084,SYN-A-BR-1084,BORROWER,14937213
SYNTHETIC_ONLY,demo-nbfc-ev-001,SYN-EV-2W-2025,SYN-A-LN-1085,SYN-A-BR-1085,BORROWER,19290819
SYNTHETIC_ONLY,demo-nbfc-ev-001,SYN-EV-2W-2025,SYN-A-LN-1086,SYN-A-BR-1086,BORROWER,19823841
SYNTHETIC_ONLY,demo-nbfc-ev-001,SYN-EV-2W-2025,SYN-A-LN-1087,SYN-A-BR-1087,BORROWER,23307532
SYNTHETIC_ONLY,demo-nbfc-ev-001,SYN-EV-2W-2025,SYN-A-LN-1088,SYN-A-BR-1088,BORROWER,22635206
SYNTHETIC_ONLY,demo-nbfc-ev-001,SYN-EV-2W-2025,SYN-A-LN-1089,SYN-A-BR-1089,BORROWER,11176436
SYNTHETIC_ONLY,demo-nbfc-ev-001,SYN-EV-2W-2025,SYN-A-LN-1090,SYN-A-BR-1090,BORROWER,9736928
SYNTHETIC_ONLY,demo-nbfc-ev-001,SYN-EV-2W-2025,SYN-A-LN-1091,SYN-A-BR-1091,BORROWER,14132991
SYNTHETIC_ONLY,demo-nbfc-ev-001,SYN-EV-2W-2025,SYN-A-LN-1092,SYN-A-BR-1092,BORROWER,14819825
SYNTHETIC_ONLY,demo-nbfc-ev-001,SYN-EV-2W-2025,SYN-A-LN-1093,SYN-A-BR-1093,BORROWER,17767299
SYNTHETIC_ONLY,demo-nbfc-ev-001,SYN-EV-2W-2025,SYN-A-LN-1094,SYN-A-BR-1094,BORROWER,16758587
SYNTHETIC_ONLY,demo-nbfc-ev-001,SYN-EV-2W-2025,SYN-A-LN-1095,SYN-A-BR-1095,BORROWER,21165586
SYNTHETIC_ONLY,demo-nbfc-ev-001,SYN-EV-2W-2025,SYN-A-LN-1096,SYN-A-BR-1096,BORROWER,20372458
SYNTHETIC_ONLY,demo-nbfc-ev-001,SYN-EV-2W-2025,SYN-A-LN-1097,SYN-A-BR-1097,BORROWER,25303580
SYNTHETIC_ONLY,demo-nbfc-ev-001,SYN-EV-2W-2025,SYN-A-LN-1098,SYN-A-BR-1098,BORROWER,8961429
SYNTHETIC_ONLY,demo-nbfc-ev-001,SYN-EV-2W-2025,SYN-A-LN-1099,SYN-A-BR-1099,BORROWER,12753125
SYNTHETIC_ONLY,demo-nbfc-ev-001,SYN-EV-2W-2025,SYN-A-LN-1100,SYN-A-BR-1100,BORROWER,11262848
SYNTHETIC_ONLY,demo-nbfc-ev-001,SYN-EV-2W-2025,SYN-A-LN-1101,SYN-A-BR-1101,BORROWER,15822360
SYNTHETIC_ONLY,demo-nbfc-ev-001,SYN-EV-2W-2025,SYN-A-LN-1102,SYN-A-BR-1102,BORROWER,14767443
SYNTHETIC_ONLY,demo-nbfc-ev-001,SYN-EV-2W-2025,SYN-A-LN-1103,SYN-A-BR-1103,BORROWER,19588899
SYNTHETIC_ONLY,demo-nbfc-ev-001,SYN-EV-2W-2025,SYN-A-LN-1104,SYN-A-BR-1104,BORROWER,20078972
SYNTHETIC_ONLY,demo-nbfc-ev-001,SYN-EV-2W-2025,SYN-A-LN-1105,SYN-A-BR-1105,BORROWER,23101534
SYNTHETIC_ONLY,demo-nbfc-ev-001,SYN-EV-2W-2025,SYN-A-LN-1106,SYN-A-BR-1106,BORROWER,22442084
SYNTHETIC_ONLY,demo-nbfc-ev-001,SYN-EV-2W-2025,SYN-A-LN-1107,SYN-A-BR-1107,BORROWER,11026179
SYNTHETIC_ONLY,demo-nbfc-ev-001,SYN-EV-2W-2025,SYN-A-LN-1108,SYN-A-BR-1108,BORROWER,9941585
SYNTHETIC_ONLY,demo-nbfc-ev-001,SYN-EV-2W-2025,SYN-A-LN-1109,SYN-A-BR-1109,BORROWER,14393917
SYNTHETIC_ONLY,demo-nbfc-ev-001,SYN-EV-2W-2025,SYN-A-LN-1110,SYN-A-BR-1110,BORROWER,14670233
SYNTHETIC_ONLY,demo-nbfc-ev-001,SYN-EV-2W-2025,SYN-A-LN-1111,SYN-A-BR-1111,BORROWER,17575449
SYNTHETIC_ONLY,demo-nbfc-ev-001,SYN-EV-2W-2025,SYN-A-LN-1112,SYN-A-BR-1112,BORROWER,16580430
SYNTHETIC_ONLY,demo-nbfc-ev-001,SYN-EV-2W-2025,SYN-A-LN-1113,SYN-A-BR-1113,BORROWER,21469901
SYNTHETIC_ONLY,demo-nbfc-ev-001,SYN-EV-2W-2025,SYN-A-LN-1114,SYN-A-BR-1114,BORROWER,20657394
SYNTHETIC_ONLY,demo-nbfc-ev-001,SYN-EV-2W-2025,SYN-A-LN-1115,SYN-A-BR-1115,BORROWER,25097573
SYNTHETIC_ONLY,demo-nbfc-ev-001,SYN-EV-2W-2025,SYN-A-LN-1116,SYN-A-BR-1116,BORROWER,8838563
SYNTHETIC_ONLY,demo-nbfc-ev-001,SYN-EV-2W-2025,SYN-A-LN-1117,SYN-A-BR-1117,BORROWER,12590638
SYNTHETIC_ONLY,demo-nbfc-ev-001,SYN-EV-2W-2025,SYN-A-LN-1118,SYN-A-BR-1118,BORROWER,11486454
SYNTHETIC_ONLY,demo-nbfc-ev-001,SYN-EV-2W-2025,SYN-A-LN-1119,SYN-A-BR-1119,BORROWER,16097358
SYNTHETIC_ONLY,demo-nbfc-ev-001,SYN-EV-2W-2025,SYN-A-LN-1120,SYN-A-BR-1120,BORROWER,14596421
SYNTHETIC_ONLY,demo-nbfc-ev-001,SYN-EV-2W-2025,SYN-A-LN-1121,SYN-A-BR-1121,BORROWER,19391046
SYNTHETIC_ONLY,demo-nbfc-ev-001,SYN-EV-2W-2025,SYN-A-LN-1122,SYN-A-BR-1122,BORROWER,19909386
SYNTHETIC_ONLY,demo-nbfc-ev-001,SYN-EV-2W-2025,SYN-A-LN-1123,SYN-A-BR-1123,BORROWER,23409018
SYNTHETIC_ONLY,demo-nbfc-ev-001,SYN-EV-2W-2025,SYN-A-LN-1124,SYN-A-BR-1124,BORROWER,22730911
SYNTHETIC_ONLY,demo-nbfc-ev-001,SYN-EV-2W-2025,SYN-A-LN-1125,SYN-A-BR-1125,BORROWER,10874071
SYNTHETIC_ONLY,demo-nbfc-ev-001,SYN-EV-2W-2025,SYN-A-LN-1126,SYN-A-BR-1126,BORROWER,9805281
SYNTHETIC_ONLY,demo-nbfc-ev-001,SYN-EV-2W-2025,SYN-A-LN-1127,SYN-A-BR-1127,BORROWER,14220600
SYNTHETIC_ONLY,demo-nbfc-ev-001,SYN-EV-2W-2025,SYN-A-LN-1128,SYN-A-BR-1128,BORROWER,14894091
SYNTHETIC_ONLY,demo-nbfc-ev-001,SYN-EV-2W-2025,SYN-A-LN-1129,SYN-A-BR-1129,BORROWER,17862019
SYNTHETIC_ONLY,demo-nbfc-ev-001,SYN-EV-2W-2025,SYN-A-LN-1130,SYN-A-BR-1130,BORROWER,16400763
SYNTHETIC_ONLY,demo-nbfc-ev-001,SYN-EV-2W-2025,SYN-A-LN-1131,SYN-A-BR-1131,BORROWER,21267965
SYNTHETIC_ONLY,demo-nbfc-ev-001,SYN-EV-2W-2025,SYN-A-LN-1132,SYN-A-BR-1132,BORROWER,20467945
SYNTHETIC_ONLY,demo-nbfc-ev-001,SYN-EV-2W-2025,SYN-A-LN-1133,SYN-A-BR-1133,BORROWER,25404987
SYNTHETIC_ONLY,demo-nbfc-ev-001,SYN-EV-2W-2025,SYN-A-LN-1134,SYN-A-BR-1134,BORROWER,9022669
SYNTHETIC_ONLY,demo-nbfc-ev-001,SYN-EV-2W-2025,SYN-A-LN-1135,SYN-A-BR-1135,BORROWER,12425969
SYNTHETIC_ONLY,demo-nbfc-ev-001,SYN-EV-2W-2025,SYN-A-LN-1136,SYN-A-BR-1136,BORROWER,11337571
SYNTHETIC_ONLY,demo-nbfc-ev-001,SYN-EV-2W-2025,SYN-A-LN-1137,SYN-A-BR-1137,BORROWER,15914744
SYNTHETIC_ONLY,demo-nbfc-ev-001,SYN-EV-2W-2025,SYN-A-LN-1138,SYN-A-BR-1138,BORROWER,14852488
SYNTHETIC_ONLY,demo-nbfc-ev-001,SYN-EV-2W-2025,SYN-A-LN-1139,SYN-A-BR-1139,BORROWER,19686503
SYNTHETIC_ONLY,demo-nbfc-ev-001,SYN-EV-2W-2025,SYN-A-LN-1140,SYN-A-BR-1140,BORROWER,19737803
SYNTHETIC_ONLY,demo-nbfc-ev-001,SYN-EV-2W-2025,SYN-A-LN-1141,SYN-A-BR-1141,BORROWER,23205035
SYNTHETIC_ONLY,demo-nbfc-ev-001,SYN-EV-2W-2025,SYN-A-LN-1142,SYN-A-BR-1142,BORROWER,22538928
SYNTHETIC_ONLY,demo-nbfc-ev-001,SYN-EV-2W-2025,SYN-A-LN-1143,SYN-A-BR-1143,BORROWER,11101545
SYNTHETIC_ONLY,demo-nbfc-ev-001,SYN-EV-2W-2025,SYN-A-LN-1144,SYN-A-BR-1144,BORROWER,10009523
SYNTHETIC_ONLY,demo-nbfc-ev-001,SYN-EV-2W-2025,SYN-A-LN-1145,SYN-A-BR-1145,BORROWER,14044763
SYNTHETIC_ONLY,demo-nbfc-ev-001,SYN-EV-2W-2025,SYN-A-LN-1146,SYN-A-BR-1146,BORROWER,14745204
SYNTHETIC_ONLY,demo-nbfc-ev-001,SYN-EV-2W-2025,SYN-A-LN-1147,SYN-A-BR-1147,BORROWER,17671772
SYNTHETIC_ONLY,demo-nbfc-ev-001,SYN-EV-2W-2025,SYN-A-LN-1148,SYN-A-BR-1148,BORROWER,16669701
SYNTHETIC_ONLY,demo-nbfc-ev-001,SYN-EV-2W-2025,SYN-A-LN-1149,SYN-A-BR-1149,BORROWER,21569439
SYNTHETIC_ONLY,demo-nbfc-ev-001,SYN-EV-2W-2025,SYN-A-LN-1150,SYN-A-BR-1150,BORROWER,20276473
SYNTHETIC_ONLY,demo-nbfc-ev-001,SYN-EV-2W-2025,SYN-A-LN-1151,SYN-A-BR-1151,BORROWER,25201106
SYNTHETIC_ONLY,demo-nbfc-ev-001,SYN-EV-2W-2025,SYN-A-LN-1152,SYN-A-BR-1152,BORROWER,8900058
SYNTHETIC_ONLY,demo-nbfc-ev-001,SYN-EV-2W-2025,SYN-A-LN-1153,SYN-A-BR-1153,BORROWER,12672160
SYNTHETIC_ONLY,demo-nbfc-ev-001,SYN-EV-2W-2025,SYN-A-LN-1154,SYN-A-BR-1154,BORROWER,11560602
SYNTHETIC_ONLY,demo-nbfc-ev-001,SYN-EV-2W-2025,SYN-A-LN-1155,SYN-A-BR-1155,BORROWER,15729274
SYNTHETIC_ONLY,demo-nbfc-ev-001,SYN-EV-2W-2025,SYN-A-LN-1156,SYN-A-BR-1156,BORROWER,14682085
SYNTHETIC_ONLY,demo-nbfc-ev-001,SYN-EV-2W-2025,SYN-A-LN-1157,SYN-A-BR-1157,BORROWER,19490410
SYNTHETIC_ONLY,demo-nbfc-ev-001,SYN-EV-2W-2025,SYN-A-LN-1158,SYN-A-BR-1158,BORROWER,19994431
SYNTHETIC_ONLY,demo-nbfc-ev-001,SYN-EV-2W-2025,SYN-A-LN-1159,SYN-A-BR-1159,BORROWER,23509485
SYNTHETIC_ONLY,demo-nbfc-ev-001,SYN-EV-2W-2025,SYN-A-LN-1160,SYN-A-BR-1160,BORROWER,22344683
SYNTHETIC_ONLY,demo-nbfc-ev-001,SYN-EV-2W-2025,SYN-A-LN-1161,SYN-A-BR-1161,BORROWER,10950350
SYNTHETIC_ONLY,demo-nbfc-ev-001,SYN-EV-2W-2025,SYN-A-LN-1162,SYN-A-BR-1162,BORROWER,9873502
SYNTHETIC_ONLY,demo-nbfc-ev-001,SYN-EV-2W-2025,SYN-A-LN-1163,SYN-A-BR-1163,BORROWER,14307579
SYNTHETIC_ONLY,demo-nbfc-ev-001,SYN-EV-2W-2025,SYN-A-LN-1164,SYN-A-BR-1164,BORROWER,14967997
SYNTHETIC_ONLY,demo-nbfc-ev-001,SYN-EV-2W-2025,SYN-A-LN-1165,SYN-A-BR-1165,BORROWER,17478340
SYNTHETIC_ONLY,demo-nbfc-ev-001,SYN-EV-2W-2025,SYN-A-LN-1166,SYN-A-BR-1166,BORROWER,16490782
SYNTHETIC_ONLY,demo-nbfc-ev-001,SYN-EV-2W-2025,SYN-A-LN-1167,SYN-A-BR-1167,BORROWER,21369407
SYNTHETIC_ONLY,demo-nbfc-ev-001,SYN-EV-2W-2025,SYN-A-LN-1168,SYN-A-BR-1168,BORROWER,20562926
SYNTHETIC_ONLY,demo-nbfc-ev-001,SYN-EV-2W-2025,SYN-A-LN-1169,SYN-A-BR-1169,BORROWER,25505323
SYNTHETIC_ONLY,demo-nbfc-ev-001,SYN-EV-2W-2025,SYN-A-LN-1170,SYN-A-BR-1170,BORROWER,8776950
SYNTHETIC_ONLY,demo-nbfc-ev-001,SYN-EV-2W-2025,SYN-A-LN-1171,SYN-A-BR-1171,BORROWER,12508571
SYNTHETIC_ONLY,demo-nbfc-ev-001,SYN-EV-2W-2025,SYN-A-LN-1172,SYN-A-BR-1172,BORROWER,11412108
SYNTHETIC_ONLY,demo-nbfc-ev-001,SYN-EV-2W-2025,SYN-A-LN-1173,SYN-A-BR-1173,BORROWER,16006414
SYNTHETIC_ONLY,demo-nbfc-ev-001,SYN-EV-2W-2025,SYN-A-LN-1174,SYN-A-BR-1174,BORROWER,14937213
SYNTHETIC_ONLY,demo-nbfc-ev-001,SYN-EV-2W-2025,SYN-A-LN-1175,SYN-A-BR-1175,BORROWER,19290819
SYNTHETIC_ONLY,demo-nbfc-ev-001,SYN-EV-2W-2025,SYN-A-LN-1176,SYN-A-BR-1176,BORROWER,19823841
SYNTHETIC_ONLY,demo-nbfc-ev-001,SYN-EV-2W-2025,SYN-A-LN-1177,SYN-A-BR-1177,BORROWER,23307532
SYNTHETIC_ONLY,demo-nbfc-ev-001,SYN-EV-2W-2025,SYN-A-LN-1178,SYN-A-BR-1178,BORROWER,22635206
SYNTHETIC_ONLY,demo-nbfc-ev-001,SYN-EV-2W-2025,SYN-A-LN-1179,SYN-A-BR-1179,BORROWER,11176436
SYNTHETIC_ONLY,demo-nbfc-ev-001,SYN-EV-2W-2025,SYN-A-LN-1180,SYN-A-BR-1180,BORROWER,9736928
SYNTHETIC_ONLY,demo-nbfc-ev-001,SYN-EV-2W-2025,SYN-A-LN-1181,SYN-A-BR-1181,BORROWER,14132991
SYNTHETIC_ONLY,demo-nbfc-ev-001,SYN-EV-2W-2025,SYN-A-LN-1182,SYN-A-BR-1182,BORROWER,14819825
SYNTHETIC_ONLY,demo-nbfc-ev-001,SYN-EV-2W-2025,SYN-A-LN-1183,SYN-A-BR-1183,BORROWER,17767299
SYNTHETIC_ONLY,demo-nbfc-ev-001,SYN-EV-2W-2025,SYN-A-LN-1184,SYN-A-BR-1184,BORROWER,16758587
SYNTHETIC_ONLY,demo-nbfc-ev-001,SYN-EV-2W-2025,SYN-A-LN-1185,SYN-A-BR-1185,BORROWER,21165586
SYNTHETIC_ONLY,demo-nbfc-ev-001,SYN-EV-2W-2025,SYN-A-LN-1186,SYN-A-BR-1186,BORROWER,20372458
SYNTHETIC_ONLY,demo-nbfc-ev-001,SYN-EV-2W-2025,SYN-A-LN-1187,SYN-A-BR-1187,BORROWER,25303580
SYNTHETIC_ONLY,demo-nbfc-ev-001,SYN-EV-2W-2025,SYN-A-LN-1188,SYN-A-BR-1188,BORROWER,8961429
SYNTHETIC_ONLY,demo-nbfc-ev-001,SYN-EV-2W-2025,SYN-A-LN-1189,SYN-A-BR-1189,BORROWER,12753125
SYNTHETIC_ONLY,demo-nbfc-ev-001,SYN-EV-2W-2025,SYN-A-LN-1190,SYN-A-BR-1190,BORROWER,11262848
SYNTHETIC_ONLY,demo-nbfc-ev-001,SYN-EV-2W-2025,SYN-A-LN-1191,SYN-A-BR-1191,BORROWER,15822360
SYNTHETIC_ONLY,demo-nbfc-ev-001,SYN-EV-2W-2025,SYN-A-LN-1192,SYN-A-BR-1192,BORROWER,14767443
SYNTHETIC_ONLY,demo-nbfc-ev-001,SYN-EV-2W-2025,SYN-A-LN-1193,SYN-A-BR-1193,BORROWER,19588899
SYNTHETIC_ONLY,demo-nbfc-ev-001,SYN-EV-2W-2025,SYN-A-LN-1194,SYN-A-BR-1194,BORROWER,20078972
SYNTHETIC_ONLY,demo-nbfc-ev-001,SYN-EV-2W-2025,SYN-A-LN-1195,SYN-A-BR-1195,BORROWER,23101534
SYNTHETIC_ONLY,demo-nbfc-ev-001,SYN-EV-2W-2025,SYN-A-LN-1196,SYN-A-BR-1196,BORROWER,22442084
SYNTHETIC_ONLY,demo-nbfc-ev-001,SYN-EV-2W-2025,SYN-A-LN-1197,SYN-A-BR-1197,BORROWER,11026179
SYNTHETIC_ONLY,demo-nbfc-ev-001,SYN-EV-2W-2025,SYN-A-LN-1198,SYN-A-BR-1198,BORROWER,9941585
SYNTHETIC_ONLY,demo-nbfc-ev-001,SYN-EV-2W-2025,SYN-A-LN-1199,SYN-A-BR-1199,BORROWER,14393917
SYNTHETIC_ONLY,demo-nbfc-ev-001,SYN-EV-2W-2025,SYN-A-LN-1200,SYN-A-BR-1200,BORROWER,14670233
SYNTHETIC_ONLY,demo-nbfc-ev-001,SYN-EV-3W-2025,SYN-B-LN-0001,SYN-B-BR-0001,BORROWER,15085761
SYNTHETIC_ONLY,demo-nbfc-ev-001,SYN-EV-3W-2025,SYN-B-LN-0001,SYN-B-CO-0001,CO_BORROWER,15085761
SYNTHETIC_ONLY,demo-nbfc-ev-001,SYN-EV-3W-2025,SYN-B-LN-0001,SYN-B-GU-0001,LINKED_PARTY,15085761
SYNTHETIC_ONLY,demo-nbfc-ev-001,SYN-EV-3W-2025,SYN-B-LN-0002,SYN-B-BR-0002,BORROWER,13414048
SYNTHETIC_ONLY,demo-nbfc-ev-001,SYN-EV-3W-2025,SYN-B-LN-0002,SYN-B-CO-0002,CO_BORROWER,13414048
SYNTHETIC_ONLY,demo-nbfc-ev-001,SYN-EV-3W-2025,SYN-B-LN-0002,SYN-B-GU-0002,LINKED_PARTY,13414048
SYNTHETIC_ONLY,demo-nbfc-ev-001,SYN-EV-3W-2025,SYN-B-LN-0003,SYN-B-BR-0003,BORROWER,18405017
SYNTHETIC_ONLY,demo-nbfc-ev-001,SYN-EV-3W-2025,SYN-B-LN-0003,SYN-B-CO-0003,CO_BORROWER,18405017
SYNTHETIC_ONLY,demo-nbfc-ev-001,SYN-EV-3W-2025,SYN-B-LN-0003,SYN-B-GU-0003,LINKED_PARTY,18405017
SYNTHETIC_ONLY,demo-nbfc-ev-001,SYN-EV-3W-2025,SYN-B-LN-0004,SYN-B-BR-0004,BORROWER,16851775
SYNTHETIC_ONLY,demo-nbfc-ev-001,SYN-EV-3W-2025,SYN-B-LN-0004,SYN-B-CO-0004,CO_BORROWER,16851775
SYNTHETIC_ONLY,demo-nbfc-ev-001,SYN-EV-3W-2025,SYN-B-LN-0004,SYN-B-GU-0004,LINKED_PARTY,16851775
SYNTHETIC_ONLY,demo-nbfc-ev-001,SYN-EV-3W-2025,SYN-B-LN-0005,SYN-B-BR-0005,BORROWER,21404341
SYNTHETIC_ONLY,demo-nbfc-ev-001,SYN-EV-3W-2025,SYN-B-LN-0005,SYN-B-CO-0005,CO_BORROWER,21404341
SYNTHETIC_ONLY,demo-nbfc-ev-001,SYN-EV-3W-2025,SYN-B-LN-0005,SYN-B-GU-0005,LINKED_PARTY,21404341
SYNTHETIC_ONLY,demo-nbfc-ev-001,SYN-EV-3W-2025,SYN-B-LN-0006,SYN-B-BR-0006,BORROWER,21675514
SYNTHETIC_ONLY,demo-nbfc-ev-001,SYN-EV-3W-2025,SYN-B-LN-0006,SYN-B-CO-0006,CO_BORROWER,21675514
SYNTHETIC_ONLY,demo-nbfc-ev-001,SYN-EV-3W-2025,SYN-B-LN-0006,SYN-B-GU-0006,LINKED_PARTY,21675514
SYNTHETIC_ONLY,demo-nbfc-ev-001,SYN-EV-3W-2025,SYN-B-LN-0007,SYN-B-BR-0007,BORROWER,25154729
SYNTHETIC_ONLY,demo-nbfc-ev-001,SYN-EV-3W-2025,SYN-B-LN-0007,SYN-B-CO-0007,CO_BORROWER,25154729
SYNTHETIC_ONLY,demo-nbfc-ev-001,SYN-EV-3W-2025,SYN-B-LN-0007,SYN-B-GU-0007,LINKED_PARTY,25154729
SYNTHETIC_ONLY,demo-nbfc-ev-001,SYN-EV-3W-2025,SYN-B-LN-0008,SYN-B-BR-0008,BORROWER,24146133
SYNTHETIC_ONLY,demo-nbfc-ev-001,SYN-EV-3W-2025,SYN-B-LN-0008,SYN-B-CO-0008,CO_BORROWER,24146133
SYNTHETIC_ONLY,demo-nbfc-ev-001,SYN-EV-3W-2025,SYN-B-LN-0008,SYN-B-GU-0008,LINKED_PARTY,24146133
SYNTHETIC_ONLY,demo-nbfc-ev-001,SYN-EV-3W-2025,SYN-B-LN-0009,SYN-B-BR-0009,BORROWER,13896130
SYNTHETIC_ONLY,demo-nbfc-ev-001,SYN-EV-3W-2025,SYN-B-LN-0009,SYN-B-CO-0009,CO_BORROWER,13896130
SYNTHETIC_ONLY,demo-nbfc-ev-001,SYN-EV-3W-2025,SYN-B-LN-0009,SYN-B-GU-0009,LINKED_PARTY,13896130
SYNTHETIC_ONLY,demo-nbfc-ev-001,SYN-EV-3W-2025,SYN-B-LN-0010,SYN-B-BR-0010,BORROWER,11743065
SYNTHETIC_ONLY,demo-nbfc-ev-001,SYN-EV-3W-2025,SYN-B-LN-0010,SYN-B-CO-0010,CO_BORROWER,11743065
SYNTHETIC_ONLY,demo-nbfc-ev-001,SYN-EV-3W-2025,SYN-B-LN-0010,SYN-B-GU-0010,LINKED_PARTY,11743065
SYNTHETIC_ONLY,demo-nbfc-ev-001,SYN-EV-3W-2025,SYN-B-LN-0011,SYN-B-BR-0011,BORROWER,16612233
SYNTHETIC_ONLY,demo-nbfc-ev-001,SYN-EV-3W-2025,SYN-B-LN-0011,SYN-B-CO-0011,CO_BORROWER,16612233
SYNTHETIC_ONLY,demo-nbfc-ev-001,SYN-EV-3W-2025,SYN-B-LN-0011,SYN-B-GU-0011,LINKED_PARTY,16612233
SYNTHETIC_ONLY,demo-nbfc-ev-001,SYN-EV-3W-2025,SYN-B-LN-0012,SYN-B-BR-0012,BORROWER,17040616
SYNTHETIC_ONLY,demo-nbfc-ev-001,SYN-EV-3W-2025,SYN-B-LN-0012,SYN-B-CO-0012,CO_BORROWER,17040616
SYNTHETIC_ONLY,demo-nbfc-ev-001,SYN-EV-3W-2025,SYN-B-LN-0012,SYN-B-GU-0012,LINKED_PARTY,17040616
SYNTHETIC_ONLY,demo-nbfc-ev-001,SYN-EV-3W-2025,SYN-B-LN-0013,SYN-B-BR-0013,BORROWER,20044605
SYNTHETIC_ONLY,demo-nbfc-ev-001,SYN-EV-3W-2025,SYN-B-LN-0013,SYN-B-CO-0013,CO_BORROWER,20044605
SYNTHETIC_ONLY,demo-nbfc-ev-001,SYN-EV-3W-2025,SYN-B-LN-0013,SYN-B-GU-0013,LINKED_PARTY,20044605
SYNTHETIC_ONLY,demo-nbfc-ev-001,SYN-EV-3W-2025,SYN-B-LN-0014,SYN-B-BR-0014,BORROWER,18594676
SYNTHETIC_ONLY,demo-nbfc-ev-001,SYN-EV-3W-2025,SYN-B-LN-0014,SYN-B-CO-0014,CO_BORROWER,18594676
SYNTHETIC_ONLY,demo-nbfc-ev-001,SYN-EV-3W-2025,SYN-B-LN-0014,SYN-B-GU-0014,LINKED_PARTY,18594676
SYNTHETIC_ONLY,demo-nbfc-ev-001,SYN-EV-3W-2025,SYN-B-LN-0015,SYN-B-BR-0015,BORROWER,23142587
SYNTHETIC_ONLY,demo-nbfc-ev-001,SYN-EV-3W-2025,SYN-B-LN-0015,SYN-B-CO-0015,CO_BORROWER,23142587
SYNTHETIC_ONLY,demo-nbfc-ev-001,SYN-EV-3W-2025,SYN-B-LN-0015,SYN-B-GU-0015,LINKED_PARTY,23142587
SYNTHETIC_ONLY,demo-nbfc-ev-001,SYN-EV-3W-2025,SYN-B-LN-0016,SYN-B-BR-0016,BORROWER,21987041
SYNTHETIC_ONLY,demo-nbfc-ev-001,SYN-EV-3W-2025,SYN-B-LN-0016,SYN-B-CO-0016,CO_BORROWER,21987041
SYNTHETIC_ONLY,demo-nbfc-ev-001,SYN-EV-3W-2025,SYN-B-LN-0016,SYN-B-GU-0016,LINKED_PARTY,21987041
SYNTHETIC_ONLY,demo-nbfc-ev-001,SYN-EV-3W-2025,SYN-B-LN-0017,SYN-B-BR-0017,BORROWER,26992624
SYNTHETIC_ONLY,demo-nbfc-ev-001,SYN-EV-3W-2025,SYN-B-LN-0017,SYN-B-CO-0017,CO_BORROWER,26992624
SYNTHETIC_ONLY,demo-nbfc-ev-001,SYN-EV-3W-2025,SYN-B-LN-0017,SYN-B-GU-0017,LINKED_PARTY,26992624
SYNTHETIC_ONLY,demo-nbfc-ev-001,SYN-EV-3W-2025,SYN-B-LN-0018,SYN-B-BR-0018,BORROWER,11142119
SYNTHETIC_ONLY,demo-nbfc-ev-001,SYN-EV-3W-2025,SYN-B-LN-0018,SYN-B-CO-0018,CO_BORROWER,11142119
SYNTHETIC_ONLY,demo-nbfc-ev-001,SYN-EV-3W-2025,SYN-B-LN-0018,SYN-B-GU-0018,LINKED_PARTY,11142119
SYNTHETIC_ONLY,demo-nbfc-ev-001,SYN-EV-3W-2025,SYN-B-LN-0019,SYN-B-BR-0019,BORROWER,15380701
SYNTHETIC_ONLY,demo-nbfc-ev-001,SYN-EV-3W-2025,SYN-B-LN-0019,SYN-B-CO-0019,CO_BORROWER,15380701
SYNTHETIC_ONLY,demo-nbfc-ev-001,SYN-EV-3W-2025,SYN-B-LN-0019,SYN-B-GU-0019,LINKED_PARTY,15380701
SYNTHETIC_ONLY,demo-nbfc-ev-001,SYN-EV-3W-2025,SYN-B-LN-0020,SYN-B-BR-0020,BORROWER,13238603
SYNTHETIC_ONLY,demo-nbfc-ev-001,SYN-EV-3W-2025,SYN-B-LN-0020,SYN-B-CO-0020,CO_BORROWER,13238603
SYNTHETIC_ONLY,demo-nbfc-ev-001,SYN-EV-3W-2025,SYN-B-LN-0020,SYN-B-GU-0020,LINKED_PARTY,13238603
SYNTHETIC_ONLY,demo-nbfc-ev-001,SYN-EV-3W-2025,SYN-B-LN-0021,SYN-B-BR-0021,BORROWER,18193382
SYNTHETIC_ONLY,demo-nbfc-ev-001,SYN-EV-3W-2025,SYN-B-LN-0021,SYN-B-CO-0021,CO_BORROWER,18193382
SYNTHETIC_ONLY,demo-nbfc-ev-001,SYN-EV-3W-2025,SYN-B-LN-0021,SYN-B-GU-0021,LINKED_PARTY,18193382
SYNTHETIC_ONLY,demo-nbfc-ev-001,SYN-EV-3W-2025,SYN-B-LN-0022,SYN-B-BR-0022,BORROWER,16660245
SYNTHETIC_ONLY,demo-nbfc-ev-001,SYN-EV-3W-2025,SYN-B-LN-0022,SYN-B-CO-0022,CO_BORROWER,16660245
SYNTHETIC_ONLY,demo-nbfc-ev-001,SYN-EV-3W-2025,SYN-B-LN-0022,SYN-B-GU-0022,LINKED_PARTY,16660245
SYNTHETIC_ONLY,demo-nbfc-ev-001,SYN-EV-3W-2025,SYN-B-LN-0023,SYN-B-BR-0023,BORROWER,21735079
SYNTHETIC_ONLY,demo-nbfc-ev-001,SYN-EV-3W-2025,SYN-B-LN-0023,SYN-B-CO-0023,CO_BORROWER,21735079
SYNTHETIC_ONLY,demo-nbfc-ev-001,SYN-EV-3W-2025,SYN-B-LN-0023,SYN-B-GU-0023,LINKED_PARTY,21735079
SYNTHETIC_ONLY,demo-nbfc-ev-001,SYN-EV-3W-2025,SYN-B-LN-0024,SYN-B-BR-0024,BORROWER,21954476
SYNTHETIC_ONLY,demo-nbfc-ev-001,SYN-EV-3W-2025,SYN-B-LN-0024,SYN-B-CO-0024,CO_BORROWER,21954476
SYNTHETIC_ONLY,demo-nbfc-ev-001,SYN-EV-3W-2025,SYN-B-LN-0024,SYN-B-GU-0024,LINKED_PARTY,21954476
SYNTHETIC_ONLY,demo-nbfc-ev-001,SYN-EV-3W-2025,SYN-B-LN-0025,SYN-B-BR-0025,BORROWER,24932404
SYNTHETIC_ONLY,demo-nbfc-ev-001,SYN-EV-3W-2025,SYN-B-LN-0025,SYN-B-CO-0025,CO_BORROWER,24932404
SYNTHETIC_ONLY,demo-nbfc-ev-001,SYN-EV-3W-2025,SYN-B-LN-0025,SYN-B-GU-0025,LINKED_PARTY,24932404
SYNTHETIC_ONLY,demo-nbfc-ev-001,SYN-EV-3W-2025,SYN-B-LN-0026,SYN-B-BR-0026,BORROWER,23940121
SYNTHETIC_ONLY,demo-nbfc-ev-001,SYN-EV-3W-2025,SYN-B-LN-0026,SYN-B-CO-0026,CO_BORROWER,23940121
SYNTHETIC_ONLY,demo-nbfc-ev-001,SYN-EV-3W-2025,SYN-B-LN-0026,SYN-B-GU-0026,LINKED_PARTY,23940121
SYNTHETIC_ONLY,demo-nbfc-ev-001,SYN-EV-3W-2025,SYN-B-LN-0027,SYN-B-BR-0027,BORROWER,13709309
SYNTHETIC_ONLY,demo-nbfc-ev-001,SYN-EV-3W-2025,SYN-B-LN-0027,SYN-B-CO-0027,CO_BORROWER,13709309
SYNTHETIC_ONLY,demo-nbfc-ev-001,SYN-EV-3W-2025,SYN-B-LN-0027,SYN-B-GU-0027,LINKED_PARTY,13709309
SYNTHETIC_ONLY,demo-nbfc-ev-001,SYN-EV-3W-2025,SYN-B-LN-0028,SYN-B-BR-0028,BORROWER,11989889
SYNTHETIC_ONLY,demo-nbfc-ev-001,SYN-EV-3W-2025,SYN-B-LN-0028,SYN-B-CO-0028,CO_BORROWER,11989889
SYNTHETIC_ONLY,demo-nbfc-ev-001,SYN-EV-3W-2025,SYN-B-LN-0028,SYN-B-GU-0028,LINKED_PARTY,11989889
SYNTHETIC_ONLY,demo-nbfc-ev-001,SYN-EV-3W-2025,SYN-B-LN-0029,SYN-B-BR-0029,BORROWER,16918932
SYNTHETIC_ONLY,demo-nbfc-ev-001,SYN-EV-3W-2025,SYN-B-LN-0029,SYN-B-CO-0029,CO_BORROWER,16918932
SYNTHETIC_ONLY,demo-nbfc-ev-001,SYN-EV-3W-2025,SYN-B-LN-0029,SYN-B-GU-0029,LINKED_PARTY,16918932
SYNTHETIC_ONLY,demo-nbfc-ev-001,SYN-EV-3W-2025,SYN-B-LN-0030,SYN-B-BR-0030,BORROWER,16868607
SYNTHETIC_ONLY,demo-nbfc-ev-001,SYN-EV-3W-2025,SYN-B-LN-0030,SYN-B-CO-0030,CO_BORROWER,16868607
SYNTHETIC_ONLY,demo-nbfc-ev-001,SYN-EV-3W-2025,SYN-B-LN-0030,SYN-B-GU-0030,LINKED_PARTY,16868607
SYNTHETIC_ONLY,demo-nbfc-ev-001,SYN-EV-3W-2025,SYN-B-LN-0031,SYN-B-BR-0031,BORROWER,19828164
SYNTHETIC_ONLY,demo-nbfc-ev-001,SYN-EV-3W-2025,SYN-B-LN-0031,SYN-B-CO-0031,CO_BORROWER,19828164
SYNTHETIC_ONLY,demo-nbfc-ev-001,SYN-EV-3W-2025,SYN-B-LN-0031,SYN-B-GU-0031,LINKED_PARTY,19828164
SYNTHETIC_ONLY,demo-nbfc-ev-001,SYN-EV-3W-2025,SYN-B-LN-0032,SYN-B-BR-0032,BORROWER,18397000
SYNTHETIC_ONLY,demo-nbfc-ev-001,SYN-EV-3W-2025,SYN-B-LN-0032,SYN-B-CO-0032,CO_BORROWER,18397000
SYNTHETIC_ONLY,demo-nbfc-ev-001,SYN-EV-3W-2025,SYN-B-LN-0032,SYN-B-GU-0032,LINKED_PARTY,18397000
SYNTHETIC_ONLY,demo-nbfc-ev-001,SYN-EV-3W-2025,SYN-B-LN-0033,SYN-B-BR-0033,BORROWER,23475327
SYNTHETIC_ONLY,demo-nbfc-ev-001,SYN-EV-3W-2025,SYN-B-LN-0033,SYN-B-CO-0033,CO_BORROWER,23475327
SYNTHETIC_ONLY,demo-nbfc-ev-001,SYN-EV-3W-2025,SYN-B-LN-0033,SYN-B-GU-0033,LINKED_PARTY,23475327
SYNTHETIC_ONLY,demo-nbfc-ev-001,SYN-EV-3W-2025,SYN-B-LN-0034,SYN-B-BR-0034,BORROWER,22294557
SYNTHETIC_ONLY,demo-nbfc-ev-001,SYN-EV-3W-2025,SYN-B-LN-0034,SYN-B-CO-0034,CO_BORROWER,22294557
SYNTHETIC_ONLY,demo-nbfc-ev-001,SYN-EV-3W-2025,SYN-B-LN-0034,SYN-B-GU-0034,LINKED_PARTY,22294557
SYNTHETIC_ONLY,demo-nbfc-ev-001,SYN-EV-3W-2025,SYN-B-LN-0035,SYN-B-BR-0035,BORROWER,26772866
SYNTHETIC_ONLY,demo-nbfc-ev-001,SYN-EV-3W-2025,SYN-B-LN-0035,SYN-B-CO-0035,CO_BORROWER,26772866
SYNTHETIC_ONLY,demo-nbfc-ev-001,SYN-EV-3W-2025,SYN-B-LN-0035,SYN-B-GU-0035,LINKED_PARTY,26772866
SYNTHETIC_ONLY,demo-nbfc-ev-001,SYN-EV-3W-2025,SYN-B-LN-0036,SYN-B-BR-0036,BORROWER,10989355
SYNTHETIC_ONLY,demo-nbfc-ev-001,SYN-EV-3W-2025,SYN-B-LN-0036,SYN-B-CO-0036,CO_BORROWER,10989355
SYNTHETIC_ONLY,demo-nbfc-ev-001,SYN-EV-3W-2025,SYN-B-LN-0036,SYN-B-GU-0036,LINKED_PARTY,10989355
SYNTHETIC_ONLY,demo-nbfc-ev-001,SYN-EV-3W-2025,SYN-B-LN-0037,SYN-B-BR-0037,BORROWER,15184737
SYNTHETIC_ONLY,demo-nbfc-ev-001,SYN-EV-3W-2025,SYN-B-LN-0037,SYN-B-CO-0037,CO_BORROWER,15184737
SYNTHETIC_ONLY,demo-nbfc-ev-001,SYN-EV-3W-2025,SYN-B-LN-0037,SYN-B-GU-0037,LINKED_PARTY,15184737
SYNTHETIC_ONLY,demo-nbfc-ev-001,SYN-EV-3W-2025,SYN-B-LN-0038,SYN-B-BR-0038,BORROWER,13501436
SYNTHETIC_ONLY,demo-nbfc-ev-001,SYN-EV-3W-2025,SYN-B-LN-0038,SYN-B-CO-0038,CO_BORROWER,13501436
SYNTHETIC_ONLY,demo-nbfc-ev-001,SYN-EV-3W-2025,SYN-B-LN-0038,SYN-B-GU-0038,LINKED_PARTY,13501436
SYNTHETIC_ONLY,demo-nbfc-ev-001,SYN-EV-3W-2025,SYN-B-LN-0039,SYN-B-BR-0039,BORROWER,18509590
SYNTHETIC_ONLY,demo-nbfc-ev-001,SYN-EV-3W-2025,SYN-B-LN-0039,SYN-B-CO-0039,CO_BORROWER,18509590
SYNTHETIC_ONLY,demo-nbfc-ev-001,SYN-EV-3W-2025,SYN-B-LN-0039,SYN-B-GU-0039,LINKED_PARTY,18509590
SYNTHETIC_ONLY,demo-nbfc-ev-001,SYN-EV-3W-2025,SYN-B-LN-0040,SYN-B-BR-0040,BORROWER,16467303
SYNTHETIC_ONLY,demo-nbfc-ev-001,SYN-EV-3W-2025,SYN-B-LN-0040,SYN-B-CO-0040,CO_BORROWER,16467303
SYNTHETIC_ONLY,demo-nbfc-ev-001,SYN-EV-3W-2025,SYN-B-LN-0040,SYN-B-GU-0040,LINKED_PARTY,16467303
SYNTHETIC_ONLY,demo-nbfc-ev-001,SYN-EV-3W-2025,SYN-B-LN-0041,SYN-B-BR-0041,BORROWER,21515550
SYNTHETIC_ONLY,demo-nbfc-ev-001,SYN-EV-3W-2025,SYN-B-LN-0041,SYN-B-CO-0041,CO_BORROWER,21515550
SYNTHETIC_ONLY,demo-nbfc-ev-001,SYN-EV-3W-2025,SYN-B-LN-0041,SYN-B-GU-0041,LINKED_PARTY,21515550
SYNTHETIC_ONLY,demo-nbfc-ev-001,SYN-EV-3W-2025,SYN-B-LN-0042,SYN-B-BR-0042,BORROWER,21769050
SYNTHETIC_ONLY,demo-nbfc-ev-001,SYN-EV-3W-2025,SYN-B-LN-0042,SYN-B-CO-0042,CO_BORROWER,21769050
SYNTHETIC_ONLY,demo-nbfc-ev-001,SYN-EV-3W-2025,SYN-B-LN-0042,SYN-B-GU-0042,LINKED_PARTY,21769050
SYNTHETIC_ONLY,demo-nbfc-ev-001,SYN-EV-3W-2025,SYN-B-LN-0043,SYN-B-BR-0043,BORROWER,25264257
SYNTHETIC_ONLY,demo-nbfc-ev-001,SYN-EV-3W-2025,SYN-B-LN-0043,SYN-B-CO-0043,CO_BORROWER,25264257
SYNTHETIC_ONLY,demo-nbfc-ev-001,SYN-EV-3W-2025,SYN-B-LN-0043,SYN-B-GU-0043,LINKED_PARTY,25264257
SYNTHETIC_ONLY,demo-nbfc-ev-001,SYN-EV-3W-2025,SYN-B-LN-0044,SYN-B-BR-0044,BORROWER,24248227
SYNTHETIC_ONLY,demo-nbfc-ev-001,SYN-EV-3W-2025,SYN-B-LN-0044,SYN-B-CO-0044,CO_BORROWER,24248227
SYNTHETIC_ONLY,demo-nbfc-ev-001,SYN-EV-3W-2025,SYN-B-LN-0044,SYN-B-GU-0044,LINKED_PARTY,24248227
SYNTHETIC_ONLY,demo-nbfc-ev-001,SYN-EV-3W-2025,SYN-B-LN-0045,SYN-B-BR-0045,BORROWER,13520186
SYNTHETIC_ONLY,demo-nbfc-ev-001,SYN-EV-3W-2025,SYN-B-LN-0045,SYN-B-CO-0045,CO_BORROWER,13520186
SYNTHETIC_ONLY,demo-nbfc-ev-001,SYN-EV-3W-2025,SYN-B-LN-0045,SYN-B-GU-0045,LINKED_PARTY,13520186
SYNTHETIC_ONLY,demo-nbfc-ev-001,SYN-EV-3W-2025,SYN-B-LN-0046,SYN-B-BR-0046,BORROWER,11825501
SYNTHETIC_ONLY,demo-nbfc-ev-001,SYN-EV-3W-2025,SYN-B-LN-0046,SYN-B-CO-0046,CO_BORROWER,11825501
SYNTHETIC_ONLY,demo-nbfc-ev-001,SYN-EV-3W-2025,SYN-B-LN-0046,SYN-B-GU-0046,LINKED_PARTY,11825501
SYNTHETIC_ONLY,demo-nbfc-ev-001,SYN-EV-3W-2025,SYN-B-LN-0047,SYN-B-BR-0047,BORROWER,16715211
SYNTHETIC_ONLY,demo-nbfc-ev-001,SYN-EV-3W-2025,SYN-B-LN-0047,SYN-B-CO-0047,CO_BORROWER,16715211
SYNTHETIC_ONLY,demo-nbfc-ev-001,SYN-EV-3W-2025,SYN-B-LN-0047,SYN-B-GU-0047,LINKED_PARTY,16715211
SYNTHETIC_ONLY,demo-nbfc-ev-001,SYN-EV-3W-2025,SYN-B-LN-0048,SYN-B-BR-0048,BORROWER,17126011
SYNTHETIC_ONLY,demo-nbfc-ev-001,SYN-EV-3W-2025,SYN-B-LN-0048,SYN-B-CO-0048,CO_BORROWER,17126011
SYNTHETIC_ONLY,demo-nbfc-ev-001,SYN-EV-3W-2025,SYN-B-LN-0048,SYN-B-GU-0048,LINKED_PARTY,17126011
SYNTHETIC_ONLY,demo-nbfc-ev-001,SYN-EV-3W-2025,SYN-B-LN-0049,SYN-B-BR-0049,BORROWER,20151466
SYNTHETIC_ONLY,demo-nbfc-ev-001,SYN-EV-3W-2025,SYN-B-LN-0049,SYN-B-CO-0049,CO_BORROWER,20151466
SYNTHETIC_ONLY,demo-nbfc-ev-001,SYN-EV-3W-2025,SYN-B-LN-0049,SYN-B-GU-0049,LINKED_PARTY,20151466
SYNTHETIC_ONLY,demo-nbfc-ev-001,SYN-EV-3W-2025,SYN-B-LN-0050,SYN-B-BR-0050,BORROWER,18197648
SYNTHETIC_ONLY,demo-nbfc-ev-001,SYN-EV-3W-2025,SYN-B-LN-0050,SYN-B-CO-0050,CO_BORROWER,18197648
SYNTHETIC_ONLY,demo-nbfc-ev-001,SYN-EV-3W-2025,SYN-B-LN-0050,SYN-B-GU-0050,LINKED_PARTY,18197648
SYNTHETIC_ONLY,demo-nbfc-ev-001,SYN-EV-3W-2025,SYN-B-LN-0051,SYN-B-BR-0051,BORROWER,23254529
SYNTHETIC_ONLY,demo-nbfc-ev-001,SYN-EV-3W-2025,SYN-B-LN-0051,SYN-B-CO-0051,CO_BORROWER,23254529
SYNTHETIC_ONLY,demo-nbfc-ev-001,SYN-EV-3W-2025,SYN-B-LN-0051,SYN-B-GU-0051,LINKED_PARTY,23254529
SYNTHETIC_ONLY,demo-nbfc-ev-001,SYN-EV-3W-2025,SYN-B-LN-0052,SYN-B-BR-0052,BORROWER,22090095
SYNTHETIC_ONLY,demo-nbfc-ev-001,SYN-EV-3W-2025,SYN-B-LN-0052,SYN-B-CO-0052,CO_BORROWER,22090095
SYNTHETIC_ONLY,demo-nbfc-ev-001,SYN-EV-3W-2025,SYN-B-LN-0052,SYN-B-GU-0052,LINKED_PARTY,22090095
SYNTHETIC_ONLY,demo-nbfc-ev-001,SYN-EV-3W-2025,SYN-B-LN-0053,SYN-B-BR-0053,BORROWER,27100802
SYNTHETIC_ONLY,demo-nbfc-ev-001,SYN-EV-3W-2025,SYN-B-LN-0053,SYN-B-CO-0053,CO_BORROWER,27100802
SYNTHETIC_ONLY,demo-nbfc-ev-001,SYN-EV-3W-2025,SYN-B-LN-0053,SYN-B-GU-0053,LINKED_PARTY,27100802
SYNTHETIC_ONLY,demo-nbfc-ev-001,SYN-EV-3W-2025,SYN-B-LN-0054,SYN-B-BR-0054,BORROWER,11218260
SYNTHETIC_ONLY,demo-nbfc-ev-001,SYN-EV-3W-2025,SYN-B-LN-0054,SYN-B-CO-0054,CO_BORROWER,11218260
SYNTHETIC_ONLY,demo-nbfc-ev-001,SYN-EV-3W-2025,SYN-B-LN-0054,SYN-B-GU-0054,LINKED_PARTY,11218260
SYNTHETIC_ONLY,demo-nbfc-ev-001,SYN-EV-3W-2025,SYN-B-LN-0055,SYN-B-BR-0055,BORROWER,14986141
SYNTHETIC_ONLY,demo-nbfc-ev-001,SYN-EV-3W-2025,SYN-B-LN-0055,SYN-B-CO-0055,CO_BORROWER,14986141
SYNTHETIC_ONLY,demo-nbfc-ev-001,SYN-EV-3W-2025,SYN-B-LN-0055,SYN-B-GU-0055,LINKED_PARTY,14986141
SYNTHETIC_ONLY,demo-nbfc-ev-001,SYN-EV-3W-2025,SYN-B-LN-0056,SYN-B-BR-0056,BORROWER,13326434
SYNTHETIC_ONLY,demo-nbfc-ev-001,SYN-EV-3W-2025,SYN-B-LN-0056,SYN-B-CO-0056,CO_BORROWER,13326434
SYNTHETIC_ONLY,demo-nbfc-ev-001,SYN-EV-3W-2025,SYN-B-LN-0056,SYN-B-GU-0056,LINKED_PARTY,13326434
SYNTHETIC_ONLY,demo-nbfc-ev-001,SYN-EV-3W-2025,SYN-B-LN-0057,SYN-B-BR-0057,BORROWER,18299610
SYNTHETIC_ONLY,demo-nbfc-ev-001,SYN-EV-3W-2025,SYN-B-LN-0057,SYN-B-CO-0057,CO_BORROWER,18299610
SYNTHETIC_ONLY,demo-nbfc-ev-001,SYN-EV-3W-2025,SYN-B-LN-0057,SYN-B-GU-0057,LINKED_PARTY,18299610
SYNTHETIC_ONLY,demo-nbfc-ev-001,SYN-EV-3W-2025,SYN-B-LN-0058,SYN-B-BR-0058,BORROWER,16756191
SYNTHETIC_ONLY,demo-nbfc-ev-001,SYN-EV-3W-2025,SYN-B-LN-0058,SYN-B-CO-0058,CO_BORROWER,16756191
SYNTHETIC_ONLY,demo-nbfc-ev-001,SYN-EV-3W-2025,SYN-B-LN-0058,SYN-B-GU-0058,LINKED_PARTY,16756191
SYNTHETIC_ONLY,demo-nbfc-ev-001,SYN-EV-3W-2025,SYN-B-LN-0059,SYN-B-BR-0059,BORROWER,21843376
SYNTHETIC_ONLY,demo-nbfc-ev-001,SYN-EV-3W-2025,SYN-B-LN-0059,SYN-B-CO-0059,CO_BORROWER,21843376
SYNTHETIC_ONLY,demo-nbfc-ev-001,SYN-EV-3W-2025,SYN-B-LN-0059,SYN-B-GU-0059,LINKED_PARTY,21843376
SYNTHETIC_ONLY,demo-nbfc-ev-001,SYN-EV-3W-2025,SYN-B-LN-0060,SYN-B-BR-0060,BORROWER,21581440
SYNTHETIC_ONLY,demo-nbfc-ev-001,SYN-EV-3W-2025,SYN-B-LN-0060,SYN-B-CO-0060,CO_BORROWER,21581440
SYNTHETIC_ONLY,demo-nbfc-ev-001,SYN-EV-3W-2025,SYN-B-LN-0060,SYN-B-GU-0060,LINKED_PARTY,21581440
SYNTHETIC_ONLY,demo-nbfc-ev-001,SYN-EV-3W-2025,SYN-B-LN-0061,SYN-B-BR-0061,BORROWER,25044108
SYNTHETIC_ONLY,demo-nbfc-ev-001,SYN-EV-3W-2025,SYN-B-LN-0061,SYN-B-CO-0061,CO_BORROWER,25044108
SYNTHETIC_ONLY,demo-nbfc-ev-001,SYN-EV-3W-2025,SYN-B-LN-0061,SYN-B-GU-0061,LINKED_PARTY,25044108
SYNTHETIC_ONLY,demo-nbfc-ev-001,SYN-EV-3W-2025,SYN-B-LN-0062,SYN-B-BR-0062,BORROWER,24043428
SYNTHETIC_ONLY,demo-nbfc-ev-001,SYN-EV-3W-2025,SYN-B-LN-0062,SYN-B-CO-0062,CO_BORROWER,24043428
SYNTHETIC_ONLY,demo-nbfc-ev-001,SYN-EV-3W-2025,SYN-B-LN-0062,SYN-B-GU-0062,LINKED_PARTY,24043428
SYNTHETIC_ONLY,demo-nbfc-ev-001,SYN-EV-3W-2025,SYN-B-LN-0063,SYN-B-BR-0063,BORROWER,13803015
SYNTHETIC_ONLY,demo-nbfc-ev-001,SYN-EV-3W-2025,SYN-B-LN-0063,SYN-B-CO-0063,CO_BORROWER,13803015
SYNTHETIC_ONLY,demo-nbfc-ev-001,SYN-EV-3W-2025,SYN-B-LN-0063,SYN-B-GU-0063,LINKED_PARTY,13803015
SYNTHETIC_ONLY,demo-nbfc-ev-001,SYN-EV-3W-2025,SYN-B-LN-0064,SYN-B-BR-0064,BORROWER,12071824
SYNTHETIC_ONLY,demo-nbfc-ev-001,SYN-EV-3W-2025,SYN-B-LN-0064,SYN-B-CO-0064,CO_BORROWER,12071824
SYNTHETIC_ONLY,demo-nbfc-ev-001,SYN-EV-3W-2025,SYN-B-LN-0064,SYN-B-GU-0064,LINKED_PARTY,12071824
SYNTHETIC_ONLY,demo-nbfc-ev-001,SYN-EV-3W-2025,SYN-B-LN-0065,SYN-B-BR-0065,BORROWER,16508529
SYNTHETIC_ONLY,demo-nbfc-ev-001,SYN-EV-3W-2025,SYN-B-LN-0065,SYN-B-CO-0065,CO_BORROWER,16508529
SYNTHETIC_ONLY,demo-nbfc-ev-001,SYN-EV-3W-2025,SYN-B-LN-0065,SYN-B-GU-0065,LINKED_PARTY,16508529
SYNTHETIC_ONLY,demo-nbfc-ev-001,SYN-EV-3W-2025,SYN-B-LN-0066,SYN-B-BR-0066,BORROWER,16954812
SYNTHETIC_ONLY,demo-nbfc-ev-001,SYN-EV-3W-2025,SYN-B-LN-0066,SYN-B-CO-0066,CO_BORROWER,16954812
SYNTHETIC_ONLY,demo-nbfc-ev-001,SYN-EV-3W-2025,SYN-B-LN-0066,SYN-B-GU-0066,LINKED_PARTY,16954812
SYNTHETIC_ONLY,demo-nbfc-ev-001,SYN-EV-3W-2025,SYN-B-LN-0067,SYN-B-BR-0067,BORROWER,19936834
SYNTHETIC_ONLY,demo-nbfc-ev-001,SYN-EV-3W-2025,SYN-B-LN-0067,SYN-B-CO-0067,CO_BORROWER,19936834
SYNTHETIC_ONLY,demo-nbfc-ev-001,SYN-EV-3W-2025,SYN-B-LN-0067,SYN-B-GU-0067,LINKED_PARTY,19936834
SYNTHETIC_ONLY,demo-nbfc-ev-001,SYN-EV-3W-2025,SYN-B-LN-0068,SYN-B-BR-0068,BORROWER,18496052
SYNTHETIC_ONLY,demo-nbfc-ev-001,SYN-EV-3W-2025,SYN-B-LN-0068,SYN-B-CO-0068,CO_BORROWER,18496052
SYNTHETIC_ONLY,demo-nbfc-ev-001,SYN-EV-3W-2025,SYN-B-LN-0068,SYN-B-GU-0068,LINKED_PARTY,18496052
SYNTHETIC_ONLY,demo-nbfc-ev-001,SYN-EV-3W-2025,SYN-B-LN-0069,SYN-B-BR-0069,BORROWER,23584163
SYNTHETIC_ONLY,demo-nbfc-ev-001,SYN-EV-3W-2025,SYN-B-LN-0069,SYN-B-CO-0069,CO_BORROWER,23584163
SYNTHETIC_ONLY,demo-nbfc-ev-001,SYN-EV-3W-2025,SYN-B-LN-0069,SYN-B-GU-0069,LINKED_PARTY,23584163
SYNTHETIC_ONLY,demo-nbfc-ev-001,SYN-EV-3W-2025,SYN-B-LN-0070,SYN-B-BR-0070,BORROWER,21883448
SYNTHETIC_ONLY,demo-nbfc-ev-001,SYN-EV-3W-2025,SYN-B-LN-0070,SYN-B-CO-0070,CO_BORROWER,21883448
SYNTHETIC_ONLY,demo-nbfc-ev-001,SYN-EV-3W-2025,SYN-B-LN-0070,SYN-B-GU-0070,LINKED_PARTY,21883448
SYNTHETIC_ONLY,demo-nbfc-ev-001,SYN-EV-3W-2025,SYN-B-LN-0071,SYN-B-BR-0071,BORROWER,26883310
SYNTHETIC_ONLY,demo-nbfc-ev-001,SYN-EV-3W-2025,SYN-B-LN-0071,SYN-B-CO-0071,CO_BORROWER,26883310
SYNTHETIC_ONLY,demo-nbfc-ev-001,SYN-EV-3W-2025,SYN-B-LN-0071,SYN-B-GU-0071,LINKED_PARTY,26883310
SYNTHETIC_ONLY,demo-nbfc-ev-001,SYN-EV-3W-2025,SYN-B-LN-0072,SYN-B-BR-0072,BORROWER,11065814
SYNTHETIC_ONLY,demo-nbfc-ev-001,SYN-EV-3W-2025,SYN-B-LN-0072,SYN-B-CO-0072,CO_BORROWER,11065814
SYNTHETIC_ONLY,demo-nbfc-ev-001,SYN-EV-3W-2025,SYN-B-LN-0072,SYN-B-GU-0072,LINKED_PARTY,11065814
SYNTHETIC_ONLY,demo-nbfc-ev-001,SYN-EV-3W-2025,SYN-B-LN-0073,SYN-B-BR-0073,BORROWER,15283055
SYNTHETIC_ONLY,demo-nbfc-ev-001,SYN-EV-3W-2025,SYN-B-LN-0073,SYN-B-CO-0073,CO_BORROWER,15283055
SYNTHETIC_ONLY,demo-nbfc-ev-001,SYN-EV-3W-2025,SYN-B-LN-0073,SYN-B-GU-0073,LINKED_PARTY,15283055
SYNTHETIC_ONLY,demo-nbfc-ev-001,SYN-EV-3W-2025,SYN-B-LN-0074,SYN-B-BR-0074,BORROWER,13588589
SYNTHETIC_ONLY,demo-nbfc-ev-001,SYN-EV-3W-2025,SYN-B-LN-0074,SYN-B-CO-0074,CO_BORROWER,13588589
SYNTHETIC_ONLY,demo-nbfc-ev-001,SYN-EV-3W-2025,SYN-B-LN-0074,SYN-B-GU-0074,LINKED_PARTY,13588589
SYNTHETIC_ONLY,demo-nbfc-ev-001,SYN-EV-3W-2025,SYN-B-LN-0075,SYN-B-BR-0075,BORROWER,18086347
SYNTHETIC_ONLY,demo-nbfc-ev-001,SYN-EV-3W-2025,SYN-B-LN-0075,SYN-B-CO-0075,CO_BORROWER,18086347
SYNTHETIC_ONLY,demo-nbfc-ev-001,SYN-EV-3W-2025,SYN-B-LN-0075,SYN-B-GU-0075,LINKED_PARTY,18086347
SYNTHETIC_ONLY,demo-nbfc-ev-001,SYN-EV-3W-2025,SYN-B-LN-0076,SYN-B-BR-0076,BORROWER,16563946
SYNTHETIC_ONLY,demo-nbfc-ev-001,SYN-EV-3W-2025,SYN-B-LN-0076,SYN-B-CO-0076,CO_BORROWER,16563946
SYNTHETIC_ONLY,demo-nbfc-ev-001,SYN-EV-3W-2025,SYN-B-LN-0076,SYN-B-GU-0076,LINKED_PARTY,16563946
SYNTHETIC_ONLY,demo-nbfc-ev-001,SYN-EV-3W-2025,SYN-B-LN-0077,SYN-B-BR-0077,BORROWER,21625799
SYNTHETIC_ONLY,demo-nbfc-ev-001,SYN-EV-3W-2025,SYN-B-LN-0077,SYN-B-CO-0077,CO_BORROWER,21625799
SYNTHETIC_ONLY,demo-nbfc-ev-001,SYN-EV-3W-2025,SYN-B-LN-0077,SYN-B-GU-0077,LINKED_PARTY,21625799
SYNTHETIC_ONLY,demo-nbfc-ev-001,SYN-EV-3W-2025,SYN-B-LN-0078,SYN-B-BR-0078,BORROWER,21862040
SYNTHETIC_ONLY,demo-nbfc-ev-001,SYN-EV-3W-2025,SYN-B-LN-0078,SYN-B-CO-0078,CO_BORROWER,21862040
SYNTHETIC_ONLY,demo-nbfc-ev-001,SYN-EV-3W-2025,SYN-B-LN-0078,SYN-B-GU-0078,LINKED_PARTY,21862040
SYNTHETIC_ONLY,demo-nbfc-ev-001,SYN-EV-3W-2025,SYN-B-LN-0079,SYN-B-BR-0079,BORROWER,25372686
SYNTHETIC_ONLY,demo-nbfc-ev-001,SYN-EV-3W-2025,SYN-B-LN-0079,SYN-B-CO-0079,CO_BORROWER,25372686
SYNTHETIC_ONLY,demo-nbfc-ev-001,SYN-EV-3W-2025,SYN-B-LN-0079,SYN-B-GU-0079,LINKED_PARTY,25372686
SYNTHETIC_ONLY,demo-nbfc-ev-001,SYN-EV-3W-2025,SYN-B-LN-0080,SYN-B-BR-0080,BORROWER,23836217
SYNTHETIC_ONLY,demo-nbfc-ev-001,SYN-EV-3W-2025,SYN-B-LN-0080,SYN-B-CO-0080,CO_BORROWER,23836217
SYNTHETIC_ONLY,demo-nbfc-ev-001,SYN-EV-3W-2025,SYN-B-LN-0080,SYN-B-GU-0080,LINKED_PARTY,23836217
SYNTHETIC_ONLY,demo-nbfc-ev-001,SYN-EV-3W-2025,SYN-B-LN-0081,SYN-B-BR-0081,BORROWER,13615029
SYNTHETIC_ONLY,demo-nbfc-ev-001,SYN-EV-3W-2025,SYN-B-LN-0081,SYN-B-CO-0081,CO_BORROWER,13615029
SYNTHETIC_ONLY,demo-nbfc-ev-001,SYN-EV-3W-2025,SYN-B-LN-0082,SYN-B-BR-0082,BORROWER,11907778
SYNTHETIC_ONLY,demo-nbfc-ev-001,SYN-EV-3W-2025,SYN-B-LN-0082,SYN-B-CO-0082,CO_BORROWER,11907778
SYNTHETIC_ONLY,demo-nbfc-ev-001,SYN-EV-3W-2025,SYN-B-LN-0083,SYN-B-BR-0083,BORROWER,16817448
SYNTHETIC_ONLY,demo-nbfc-ev-001,SYN-EV-3W-2025,SYN-B-LN-0083,SYN-B-CO-0083,CO_BORROWER,16817448
SYNTHETIC_ONLY,demo-nbfc-ev-001,SYN-EV-3W-2025,SYN-B-LN-0084,SYN-B-BR-0084,BORROWER,17210991
SYNTHETIC_ONLY,demo-nbfc-ev-001,SYN-EV-3W-2025,SYN-B-LN-0084,SYN-B-CO-0084,CO_BORROWER,17210991
SYNTHETIC_ONLY,demo-nbfc-ev-001,SYN-EV-3W-2025,SYN-B-LN-0085,SYN-B-BR-0085,BORROWER,19718609
SYNTHETIC_ONLY,demo-nbfc-ev-001,SYN-EV-3W-2025,SYN-B-LN-0085,SYN-B-CO-0085,CO_BORROWER,19718609
SYNTHETIC_ONLY,demo-nbfc-ev-001,SYN-EV-3W-2025,SYN-B-LN-0086,SYN-B-BR-0086,BORROWER,18297529
SYNTHETIC_ONLY,demo-nbfc-ev-001,SYN-EV-3W-2025,SYN-B-LN-0086,SYN-B-CO-0086,CO_BORROWER,18297529
SYNTHETIC_ONLY,demo-nbfc-ev-001,SYN-EV-3W-2025,SYN-B-LN-0087,SYN-B-BR-0087,BORROWER,23365446
SYNTHETIC_ONLY,demo-nbfc-ev-001,SYN-EV-3W-2025,SYN-B-LN-0087,SYN-B-CO-0087,CO_BORROWER,23365446
SYNTHETIC_ONLY,demo-nbfc-ev-001,SYN-EV-3W-2025,SYN-B-LN-0088,SYN-B-BR-0088,BORROWER,22192603
SYNTHETIC_ONLY,demo-nbfc-ev-001,SYN-EV-3W-2025,SYN-B-LN-0088,SYN-B-CO-0088,CO_BORROWER,22192603
SYNTHETIC_ONLY,demo-nbfc-ev-001,SYN-EV-3W-2025,SYN-B-LN-0089,SYN-B-BR-0089,BORROWER,27207834
SYNTHETIC_ONLY,demo-nbfc-ev-001,SYN-EV-3W-2025,SYN-B-LN-0089,SYN-B-CO-0089,CO_BORROWER,27207834
SYNTHETIC_ONLY,demo-nbfc-ev-001,SYN-EV-3W-2025,SYN-B-LN-0090,SYN-B-BR-0090,BORROWER,10912748
SYNTHETIC_ONLY,demo-nbfc-ev-001,SYN-EV-3W-2025,SYN-B-LN-0090,SYN-B-CO-0090,CO_BORROWER,10912748
SYNTHETIC_ONLY,demo-nbfc-ev-001,SYN-EV-3W-2025,SYN-B-LN-0091,SYN-B-BR-0091,BORROWER,15085761
SYNTHETIC_ONLY,demo-nbfc-ev-001,SYN-EV-3W-2025,SYN-B-LN-0091,SYN-B-CO-0091,CO_BORROWER,15085761
SYNTHETIC_ONLY,demo-nbfc-ev-001,SYN-EV-3W-2025,SYN-B-LN-0092,SYN-B-BR-0092,BORROWER,13414048
SYNTHETIC_ONLY,demo-nbfc-ev-001,SYN-EV-3W-2025,SYN-B-LN-0092,SYN-B-CO-0092,CO_BORROWER,13414048
SYNTHETIC_ONLY,demo-nbfc-ev-001,SYN-EV-3W-2025,SYN-B-LN-0093,SYN-B-BR-0093,BORROWER,18405017
SYNTHETIC_ONLY,demo-nbfc-ev-001,SYN-EV-3W-2025,SYN-B-LN-0093,SYN-B-CO-0093,CO_BORROWER,18405017
SYNTHETIC_ONLY,demo-nbfc-ev-001,SYN-EV-3W-2025,SYN-B-LN-0094,SYN-B-BR-0094,BORROWER,16851775
SYNTHETIC_ONLY,demo-nbfc-ev-001,SYN-EV-3W-2025,SYN-B-LN-0094,SYN-B-CO-0094,CO_BORROWER,16851775
SYNTHETIC_ONLY,demo-nbfc-ev-001,SYN-EV-3W-2025,SYN-B-LN-0095,SYN-B-BR-0095,BORROWER,21404341
SYNTHETIC_ONLY,demo-nbfc-ev-001,SYN-EV-3W-2025,SYN-B-LN-0095,SYN-B-CO-0095,CO_BORROWER,21404341
SYNTHETIC_ONLY,demo-nbfc-ev-001,SYN-EV-3W-2025,SYN-B-LN-0096,SYN-B-BR-0096,BORROWER,21675514
SYNTHETIC_ONLY,demo-nbfc-ev-001,SYN-EV-3W-2025,SYN-B-LN-0096,SYN-B-CO-0096,CO_BORROWER,21675514
SYNTHETIC_ONLY,demo-nbfc-ev-001,SYN-EV-3W-2025,SYN-B-LN-0097,SYN-B-BR-0097,BORROWER,25154729
SYNTHETIC_ONLY,demo-nbfc-ev-001,SYN-EV-3W-2025,SYN-B-LN-0097,SYN-B-CO-0097,CO_BORROWER,25154729
SYNTHETIC_ONLY,demo-nbfc-ev-001,SYN-EV-3W-2025,SYN-B-LN-0098,SYN-B-BR-0098,BORROWER,24146133
SYNTHETIC_ONLY,demo-nbfc-ev-001,SYN-EV-3W-2025,SYN-B-LN-0098,SYN-B-CO-0098,CO_BORROWER,24146133
SYNTHETIC_ONLY,demo-nbfc-ev-001,SYN-EV-3W-2025,SYN-B-LN-0099,SYN-B-BR-0099,BORROWER,13896130
SYNTHETIC_ONLY,demo-nbfc-ev-001,SYN-EV-3W-2025,SYN-B-LN-0099,SYN-B-CO-0099,CO_BORROWER,13896130
SYNTHETIC_ONLY,demo-nbfc-ev-001,SYN-EV-3W-2025,SYN-B-LN-0100,SYN-B-BR-0100,BORROWER,11743065
SYNTHETIC_ONLY,demo-nbfc-ev-001,SYN-EV-3W-2025,SYN-B-LN-0100,SYN-B-CO-0100,CO_BORROWER,11743065
SYNTHETIC_ONLY,demo-nbfc-ev-001,SYN-EV-3W-2025,SYN-B-LN-0101,SYN-B-BR-0101,BORROWER,16612233
SYNTHETIC_ONLY,demo-nbfc-ev-001,SYN-EV-3W-2025,SYN-B-LN-0101,SYN-B-CO-0101,CO_BORROWER,16612233
SYNTHETIC_ONLY,demo-nbfc-ev-001,SYN-EV-3W-2025,SYN-B-LN-0102,SYN-B-BR-0102,BORROWER,17040616
SYNTHETIC_ONLY,demo-nbfc-ev-001,SYN-EV-3W-2025,SYN-B-LN-0102,SYN-B-CO-0102,CO_BORROWER,17040616
SYNTHETIC_ONLY,demo-nbfc-ev-001,SYN-EV-3W-2025,SYN-B-LN-0103,SYN-B-BR-0103,BORROWER,20044605
SYNTHETIC_ONLY,demo-nbfc-ev-001,SYN-EV-3W-2025,SYN-B-LN-0103,SYN-B-CO-0103,CO_BORROWER,20044605
SYNTHETIC_ONLY,demo-nbfc-ev-001,SYN-EV-3W-2025,SYN-B-LN-0104,SYN-B-BR-0104,BORROWER,18594676
SYNTHETIC_ONLY,demo-nbfc-ev-001,SYN-EV-3W-2025,SYN-B-LN-0104,SYN-B-CO-0104,CO_BORROWER,18594676
SYNTHETIC_ONLY,demo-nbfc-ev-001,SYN-EV-3W-2025,SYN-B-LN-0105,SYN-B-BR-0105,BORROWER,23142587
SYNTHETIC_ONLY,demo-nbfc-ev-001,SYN-EV-3W-2025,SYN-B-LN-0105,SYN-B-CO-0105,CO_BORROWER,23142587
SYNTHETIC_ONLY,demo-nbfc-ev-001,SYN-EV-3W-2025,SYN-B-LN-0106,SYN-B-BR-0106,BORROWER,21987041
SYNTHETIC_ONLY,demo-nbfc-ev-001,SYN-EV-3W-2025,SYN-B-LN-0106,SYN-B-CO-0106,CO_BORROWER,21987041
SYNTHETIC_ONLY,demo-nbfc-ev-001,SYN-EV-3W-2025,SYN-B-LN-0107,SYN-B-BR-0107,BORROWER,26992624
SYNTHETIC_ONLY,demo-nbfc-ev-001,SYN-EV-3W-2025,SYN-B-LN-0107,SYN-B-CO-0107,CO_BORROWER,26992624
SYNTHETIC_ONLY,demo-nbfc-ev-001,SYN-EV-3W-2025,SYN-B-LN-0108,SYN-B-BR-0108,BORROWER,11142119
SYNTHETIC_ONLY,demo-nbfc-ev-001,SYN-EV-3W-2025,SYN-B-LN-0108,SYN-B-CO-0108,CO_BORROWER,11142119
SYNTHETIC_ONLY,demo-nbfc-ev-001,SYN-EV-3W-2025,SYN-B-LN-0109,SYN-B-BR-0109,BORROWER,15380701
SYNTHETIC_ONLY,demo-nbfc-ev-001,SYN-EV-3W-2025,SYN-B-LN-0109,SYN-B-CO-0109,CO_BORROWER,15380701
SYNTHETIC_ONLY,demo-nbfc-ev-001,SYN-EV-3W-2025,SYN-B-LN-0110,SYN-B-BR-0110,BORROWER,13238603
SYNTHETIC_ONLY,demo-nbfc-ev-001,SYN-EV-3W-2025,SYN-B-LN-0110,SYN-B-CO-0110,CO_BORROWER,13238603
SYNTHETIC_ONLY,demo-nbfc-ev-001,SYN-EV-3W-2025,SYN-B-LN-0111,SYN-B-BR-0111,BORROWER,18193382
SYNTHETIC_ONLY,demo-nbfc-ev-001,SYN-EV-3W-2025,SYN-B-LN-0111,SYN-B-CO-0111,CO_BORROWER,18193382
SYNTHETIC_ONLY,demo-nbfc-ev-001,SYN-EV-3W-2025,SYN-B-LN-0112,SYN-B-BR-0112,BORROWER,16660245
SYNTHETIC_ONLY,demo-nbfc-ev-001,SYN-EV-3W-2025,SYN-B-LN-0112,SYN-B-CO-0112,CO_BORROWER,16660245
SYNTHETIC_ONLY,demo-nbfc-ev-001,SYN-EV-3W-2025,SYN-B-LN-0113,SYN-B-BR-0113,BORROWER,21735079
SYNTHETIC_ONLY,demo-nbfc-ev-001,SYN-EV-3W-2025,SYN-B-LN-0113,SYN-B-CO-0113,CO_BORROWER,21735079
SYNTHETIC_ONLY,demo-nbfc-ev-001,SYN-EV-3W-2025,SYN-B-LN-0114,SYN-B-BR-0114,BORROWER,21954476
SYNTHETIC_ONLY,demo-nbfc-ev-001,SYN-EV-3W-2025,SYN-B-LN-0114,SYN-B-CO-0114,CO_BORROWER,21954476
SYNTHETIC_ONLY,demo-nbfc-ev-001,SYN-EV-3W-2025,SYN-B-LN-0115,SYN-B-BR-0115,BORROWER,24932404
SYNTHETIC_ONLY,demo-nbfc-ev-001,SYN-EV-3W-2025,SYN-B-LN-0115,SYN-B-CO-0115,CO_BORROWER,24932404
SYNTHETIC_ONLY,demo-nbfc-ev-001,SYN-EV-3W-2025,SYN-B-LN-0116,SYN-B-BR-0116,BORROWER,23940121
SYNTHETIC_ONLY,demo-nbfc-ev-001,SYN-EV-3W-2025,SYN-B-LN-0116,SYN-B-CO-0116,CO_BORROWER,23940121
SYNTHETIC_ONLY,demo-nbfc-ev-001,SYN-EV-3W-2025,SYN-B-LN-0117,SYN-B-BR-0117,BORROWER,13709309
SYNTHETIC_ONLY,demo-nbfc-ev-001,SYN-EV-3W-2025,SYN-B-LN-0117,SYN-B-CO-0117,CO_BORROWER,13709309
SYNTHETIC_ONLY,demo-nbfc-ev-001,SYN-EV-3W-2025,SYN-B-LN-0118,SYN-B-BR-0118,BORROWER,11989889
SYNTHETIC_ONLY,demo-nbfc-ev-001,SYN-EV-3W-2025,SYN-B-LN-0118,SYN-B-CO-0118,CO_BORROWER,11989889
SYNTHETIC_ONLY,demo-nbfc-ev-001,SYN-EV-3W-2025,SYN-B-LN-0119,SYN-B-BR-0119,BORROWER,16918932
SYNTHETIC_ONLY,demo-nbfc-ev-001,SYN-EV-3W-2025,SYN-B-LN-0119,SYN-B-CO-0119,CO_BORROWER,16918932
SYNTHETIC_ONLY,demo-nbfc-ev-001,SYN-EV-3W-2025,SYN-B-LN-0120,SYN-B-BR-0120,BORROWER,16868607
SYNTHETIC_ONLY,demo-nbfc-ev-001,SYN-EV-3W-2025,SYN-B-LN-0120,SYN-B-CO-0120,CO_BORROWER,16868607
SYNTHETIC_ONLY,demo-nbfc-ev-001,SYN-EV-3W-2025,SYN-B-LN-0121,SYN-B-BR-0121,BORROWER,19828164
SYNTHETIC_ONLY,demo-nbfc-ev-001,SYN-EV-3W-2025,SYN-B-LN-0121,SYN-B-CO-0121,CO_BORROWER,19828164
SYNTHETIC_ONLY,demo-nbfc-ev-001,SYN-EV-3W-2025,SYN-B-LN-0122,SYN-B-BR-0122,BORROWER,18397000
SYNTHETIC_ONLY,demo-nbfc-ev-001,SYN-EV-3W-2025,SYN-B-LN-0122,SYN-B-CO-0122,CO_BORROWER,18397000
SYNTHETIC_ONLY,demo-nbfc-ev-001,SYN-EV-3W-2025,SYN-B-LN-0123,SYN-B-BR-0123,BORROWER,23475327
SYNTHETIC_ONLY,demo-nbfc-ev-001,SYN-EV-3W-2025,SYN-B-LN-0123,SYN-B-CO-0123,CO_BORROWER,23475327
SYNTHETIC_ONLY,demo-nbfc-ev-001,SYN-EV-3W-2025,SYN-B-LN-0124,SYN-B-BR-0124,BORROWER,22294557
SYNTHETIC_ONLY,demo-nbfc-ev-001,SYN-EV-3W-2025,SYN-B-LN-0124,SYN-B-CO-0124,CO_BORROWER,22294557
SYNTHETIC_ONLY,demo-nbfc-ev-001,SYN-EV-3W-2025,SYN-B-LN-0125,SYN-B-BR-0125,BORROWER,26772866
SYNTHETIC_ONLY,demo-nbfc-ev-001,SYN-EV-3W-2025,SYN-B-LN-0125,SYN-B-CO-0125,CO_BORROWER,26772866
SYNTHETIC_ONLY,demo-nbfc-ev-001,SYN-EV-3W-2025,SYN-B-LN-0126,SYN-B-BR-0126,BORROWER,10989355
SYNTHETIC_ONLY,demo-nbfc-ev-001,SYN-EV-3W-2025,SYN-B-LN-0126,SYN-B-CO-0126,CO_BORROWER,10989355
SYNTHETIC_ONLY,demo-nbfc-ev-001,SYN-EV-3W-2025,SYN-B-LN-0127,SYN-B-BR-0127,BORROWER,15184737
SYNTHETIC_ONLY,demo-nbfc-ev-001,SYN-EV-3W-2025,SYN-B-LN-0127,SYN-B-CO-0127,CO_BORROWER,15184737
SYNTHETIC_ONLY,demo-nbfc-ev-001,SYN-EV-3W-2025,SYN-B-LN-0128,SYN-B-BR-0128,BORROWER,13501436
SYNTHETIC_ONLY,demo-nbfc-ev-001,SYN-EV-3W-2025,SYN-B-LN-0128,SYN-B-CO-0128,CO_BORROWER,13501436
SYNTHETIC_ONLY,demo-nbfc-ev-001,SYN-EV-3W-2025,SYN-B-LN-0129,SYN-B-BR-0129,BORROWER,18509590
SYNTHETIC_ONLY,demo-nbfc-ev-001,SYN-EV-3W-2025,SYN-B-LN-0129,SYN-B-CO-0129,CO_BORROWER,18509590
SYNTHETIC_ONLY,demo-nbfc-ev-001,SYN-EV-3W-2025,SYN-B-LN-0130,SYN-B-BR-0130,BORROWER,16467303
SYNTHETIC_ONLY,demo-nbfc-ev-001,SYN-EV-3W-2025,SYN-B-LN-0130,SYN-B-CO-0130,CO_BORROWER,16467303
SYNTHETIC_ONLY,demo-nbfc-ev-001,SYN-EV-3W-2025,SYN-B-LN-0131,SYN-B-BR-0131,BORROWER,21515550
SYNTHETIC_ONLY,demo-nbfc-ev-001,SYN-EV-3W-2025,SYN-B-LN-0131,SYN-B-CO-0131,CO_BORROWER,21515550
SYNTHETIC_ONLY,demo-nbfc-ev-001,SYN-EV-3W-2025,SYN-B-LN-0132,SYN-B-BR-0132,BORROWER,21769050
SYNTHETIC_ONLY,demo-nbfc-ev-001,SYN-EV-3W-2025,SYN-B-LN-0132,SYN-B-CO-0132,CO_BORROWER,21769050
SYNTHETIC_ONLY,demo-nbfc-ev-001,SYN-EV-3W-2025,SYN-B-LN-0133,SYN-B-BR-0133,BORROWER,25264257
SYNTHETIC_ONLY,demo-nbfc-ev-001,SYN-EV-3W-2025,SYN-B-LN-0133,SYN-B-CO-0133,CO_BORROWER,25264257
SYNTHETIC_ONLY,demo-nbfc-ev-001,SYN-EV-3W-2025,SYN-B-LN-0134,SYN-B-BR-0134,BORROWER,24248227
SYNTHETIC_ONLY,demo-nbfc-ev-001,SYN-EV-3W-2025,SYN-B-LN-0134,SYN-B-CO-0134,CO_BORROWER,24248227
SYNTHETIC_ONLY,demo-nbfc-ev-001,SYN-EV-3W-2025,SYN-B-LN-0135,SYN-B-BR-0135,BORROWER,13520186
SYNTHETIC_ONLY,demo-nbfc-ev-001,SYN-EV-3W-2025,SYN-B-LN-0135,SYN-B-CO-0135,CO_BORROWER,13520186
SYNTHETIC_ONLY,demo-nbfc-ev-001,SYN-EV-3W-2025,SYN-B-LN-0136,SYN-B-BR-0136,BORROWER,11825501
SYNTHETIC_ONLY,demo-nbfc-ev-001,SYN-EV-3W-2025,SYN-B-LN-0136,SYN-B-CO-0136,CO_BORROWER,11825501
SYNTHETIC_ONLY,demo-nbfc-ev-001,SYN-EV-3W-2025,SYN-B-LN-0137,SYN-B-BR-0137,BORROWER,16715211
SYNTHETIC_ONLY,demo-nbfc-ev-001,SYN-EV-3W-2025,SYN-B-LN-0137,SYN-B-CO-0137,CO_BORROWER,16715211
SYNTHETIC_ONLY,demo-nbfc-ev-001,SYN-EV-3W-2025,SYN-B-LN-0138,SYN-B-BR-0138,BORROWER,17126011
SYNTHETIC_ONLY,demo-nbfc-ev-001,SYN-EV-3W-2025,SYN-B-LN-0138,SYN-B-CO-0138,CO_BORROWER,17126011
SYNTHETIC_ONLY,demo-nbfc-ev-001,SYN-EV-3W-2025,SYN-B-LN-0139,SYN-B-BR-0139,BORROWER,20151466
SYNTHETIC_ONLY,demo-nbfc-ev-001,SYN-EV-3W-2025,SYN-B-LN-0139,SYN-B-CO-0139,CO_BORROWER,20151466
SYNTHETIC_ONLY,demo-nbfc-ev-001,SYN-EV-3W-2025,SYN-B-LN-0140,SYN-B-BR-0140,BORROWER,18197648
SYNTHETIC_ONLY,demo-nbfc-ev-001,SYN-EV-3W-2025,SYN-B-LN-0140,SYN-B-CO-0140,CO_BORROWER,18197648
SYNTHETIC_ONLY,demo-nbfc-ev-001,SYN-EV-3W-2025,SYN-B-LN-0141,SYN-B-BR-0141,BORROWER,23254529
SYNTHETIC_ONLY,demo-nbfc-ev-001,SYN-EV-3W-2025,SYN-B-LN-0141,SYN-B-CO-0141,CO_BORROWER,23254529
SYNTHETIC_ONLY,demo-nbfc-ev-001,SYN-EV-3W-2025,SYN-B-LN-0142,SYN-B-BR-0142,BORROWER,22090095
SYNTHETIC_ONLY,demo-nbfc-ev-001,SYN-EV-3W-2025,SYN-B-LN-0142,SYN-B-CO-0142,CO_BORROWER,22090095
SYNTHETIC_ONLY,demo-nbfc-ev-001,SYN-EV-3W-2025,SYN-B-LN-0143,SYN-B-BR-0143,BORROWER,27100802
SYNTHETIC_ONLY,demo-nbfc-ev-001,SYN-EV-3W-2025,SYN-B-LN-0143,SYN-B-CO-0143,CO_BORROWER,27100802
SYNTHETIC_ONLY,demo-nbfc-ev-001,SYN-EV-3W-2025,SYN-B-LN-0144,SYN-B-BR-0144,BORROWER,11218260
SYNTHETIC_ONLY,demo-nbfc-ev-001,SYN-EV-3W-2025,SYN-B-LN-0144,SYN-B-CO-0144,CO_BORROWER,11218260
SYNTHETIC_ONLY,demo-nbfc-ev-001,SYN-EV-3W-2025,SYN-B-LN-0145,SYN-B-BR-0145,BORROWER,14986141
SYNTHETIC_ONLY,demo-nbfc-ev-001,SYN-EV-3W-2025,SYN-B-LN-0145,SYN-B-CO-0145,CO_BORROWER,14986141
SYNTHETIC_ONLY,demo-nbfc-ev-001,SYN-EV-3W-2025,SYN-B-LN-0146,SYN-B-BR-0146,BORROWER,13326434
SYNTHETIC_ONLY,demo-nbfc-ev-001,SYN-EV-3W-2025,SYN-B-LN-0146,SYN-B-CO-0146,CO_BORROWER,13326434
SYNTHETIC_ONLY,demo-nbfc-ev-001,SYN-EV-3W-2025,SYN-B-LN-0147,SYN-B-BR-0147,BORROWER,18299610
SYNTHETIC_ONLY,demo-nbfc-ev-001,SYN-EV-3W-2025,SYN-B-LN-0147,SYN-B-CO-0147,CO_BORROWER,18299610
SYNTHETIC_ONLY,demo-nbfc-ev-001,SYN-EV-3W-2025,SYN-B-LN-0148,SYN-B-BR-0148,BORROWER,16756191
SYNTHETIC_ONLY,demo-nbfc-ev-001,SYN-EV-3W-2025,SYN-B-LN-0148,SYN-B-CO-0148,CO_BORROWER,16756191
SYNTHETIC_ONLY,demo-nbfc-ev-001,SYN-EV-3W-2025,SYN-B-LN-0149,SYN-B-BR-0149,BORROWER,21843376
SYNTHETIC_ONLY,demo-nbfc-ev-001,SYN-EV-3W-2025,SYN-B-LN-0149,SYN-B-CO-0149,CO_BORROWER,21843376
SYNTHETIC_ONLY,demo-nbfc-ev-001,SYN-EV-3W-2025,SYN-B-LN-0150,SYN-B-BR-0150,BORROWER,21581440
SYNTHETIC_ONLY,demo-nbfc-ev-001,SYN-EV-3W-2025,SYN-B-LN-0150,SYN-B-CO-0150,CO_BORROWER,21581440
SYNTHETIC_ONLY,demo-nbfc-ev-001,SYN-EV-3W-2025,SYN-B-LN-0151,SYN-B-BR-0151,BORROWER,25044108
SYNTHETIC_ONLY,demo-nbfc-ev-001,SYN-EV-3W-2025,SYN-B-LN-0151,SYN-B-CO-0151,CO_BORROWER,25044108
SYNTHETIC_ONLY,demo-nbfc-ev-001,SYN-EV-3W-2025,SYN-B-LN-0152,SYN-B-BR-0152,BORROWER,24043428
SYNTHETIC_ONLY,demo-nbfc-ev-001,SYN-EV-3W-2025,SYN-B-LN-0152,SYN-B-CO-0152,CO_BORROWER,24043428
SYNTHETIC_ONLY,demo-nbfc-ev-001,SYN-EV-3W-2025,SYN-B-LN-0153,SYN-B-BR-0153,BORROWER,13803015
SYNTHETIC_ONLY,demo-nbfc-ev-001,SYN-EV-3W-2025,SYN-B-LN-0153,SYN-B-CO-0153,CO_BORROWER,13803015
SYNTHETIC_ONLY,demo-nbfc-ev-001,SYN-EV-3W-2025,SYN-B-LN-0154,SYN-B-BR-0154,BORROWER,12071824
SYNTHETIC_ONLY,demo-nbfc-ev-001,SYN-EV-3W-2025,SYN-B-LN-0154,SYN-B-CO-0154,CO_BORROWER,12071824
SYNTHETIC_ONLY,demo-nbfc-ev-001,SYN-EV-3W-2025,SYN-B-LN-0155,SYN-B-BR-0155,BORROWER,16508529
SYNTHETIC_ONLY,demo-nbfc-ev-001,SYN-EV-3W-2025,SYN-B-LN-0155,SYN-B-CO-0155,CO_BORROWER,16508529
SYNTHETIC_ONLY,demo-nbfc-ev-001,SYN-EV-3W-2025,SYN-B-LN-0156,SYN-B-BR-0156,BORROWER,16954812
SYNTHETIC_ONLY,demo-nbfc-ev-001,SYN-EV-3W-2025,SYN-B-LN-0156,SYN-B-CO-0156,CO_BORROWER,16954812
SYNTHETIC_ONLY,demo-nbfc-ev-001,SYN-EV-3W-2025,SYN-B-LN-0157,SYN-B-BR-0157,BORROWER,19936834
SYNTHETIC_ONLY,demo-nbfc-ev-001,SYN-EV-3W-2025,SYN-B-LN-0157,SYN-B-CO-0157,CO_BORROWER,19936834
SYNTHETIC_ONLY,demo-nbfc-ev-001,SYN-EV-3W-2025,SYN-B-LN-0158,SYN-B-BR-0158,BORROWER,18496052
SYNTHETIC_ONLY,demo-nbfc-ev-001,SYN-EV-3W-2025,SYN-B-LN-0158,SYN-B-CO-0158,CO_BORROWER,18496052
SYNTHETIC_ONLY,demo-nbfc-ev-001,SYN-EV-3W-2025,SYN-B-LN-0159,SYN-B-BR-0159,BORROWER,23584163
SYNTHETIC_ONLY,demo-nbfc-ev-001,SYN-EV-3W-2025,SYN-B-LN-0159,SYN-B-CO-0159,CO_BORROWER,23584163
SYNTHETIC_ONLY,demo-nbfc-ev-001,SYN-EV-3W-2025,SYN-B-LN-0160,SYN-B-BR-0160,BORROWER,21883448
SYNTHETIC_ONLY,demo-nbfc-ev-001,SYN-EV-3W-2025,SYN-B-LN-0160,SYN-B-CO-0160,CO_BORROWER,21883448
SYNTHETIC_ONLY,demo-nbfc-ev-001,SYN-EV-3W-2025,SYN-B-LN-0161,SYN-B-BR-0161,BORROWER,26883310
SYNTHETIC_ONLY,demo-nbfc-ev-001,SYN-EV-3W-2025,SYN-B-LN-0161,SYN-B-CO-0161,CO_BORROWER,26883310
SYNTHETIC_ONLY,demo-nbfc-ev-001,SYN-EV-3W-2025,SYN-B-LN-0162,SYN-B-BR-0162,BORROWER,11065814
SYNTHETIC_ONLY,demo-nbfc-ev-001,SYN-EV-3W-2025,SYN-B-LN-0162,SYN-B-CO-0162,CO_BORROWER,11065814
SYNTHETIC_ONLY,demo-nbfc-ev-001,SYN-EV-3W-2025,SYN-B-LN-0163,SYN-B-BR-0163,BORROWER,15283055
SYNTHETIC_ONLY,demo-nbfc-ev-001,SYN-EV-3W-2025,SYN-B-LN-0163,SYN-B-CO-0163,CO_BORROWER,15283055
SYNTHETIC_ONLY,demo-nbfc-ev-001,SYN-EV-3W-2025,SYN-B-LN-0164,SYN-B-BR-0164,BORROWER,13588589
SYNTHETIC_ONLY,demo-nbfc-ev-001,SYN-EV-3W-2025,SYN-B-LN-0164,SYN-B-CO-0164,CO_BORROWER,13588589
SYNTHETIC_ONLY,demo-nbfc-ev-001,SYN-EV-3W-2025,SYN-B-LN-0165,SYN-B-BR-0165,BORROWER,18086347
SYNTHETIC_ONLY,demo-nbfc-ev-001,SYN-EV-3W-2025,SYN-B-LN-0165,SYN-B-CO-0165,CO_BORROWER,18086347
SYNTHETIC_ONLY,demo-nbfc-ev-001,SYN-EV-3W-2025,SYN-B-LN-0166,SYN-B-BR-0166,BORROWER,16563946
SYNTHETIC_ONLY,demo-nbfc-ev-001,SYN-EV-3W-2025,SYN-B-LN-0166,SYN-B-CO-0166,CO_BORROWER,16563946
SYNTHETIC_ONLY,demo-nbfc-ev-001,SYN-EV-3W-2025,SYN-B-LN-0167,SYN-B-BR-0167,BORROWER,21625799
SYNTHETIC_ONLY,demo-nbfc-ev-001,SYN-EV-3W-2025,SYN-B-LN-0167,SYN-B-CO-0167,CO_BORROWER,21625799
SYNTHETIC_ONLY,demo-nbfc-ev-001,SYN-EV-3W-2025,SYN-B-LN-0168,SYN-B-BR-0168,BORROWER,21862040
SYNTHETIC_ONLY,demo-nbfc-ev-001,SYN-EV-3W-2025,SYN-B-LN-0168,SYN-B-CO-0168,CO_BORROWER,21862040
SYNTHETIC_ONLY,demo-nbfc-ev-001,SYN-EV-3W-2025,SYN-B-LN-0169,SYN-B-BR-0169,BORROWER,25372686
SYNTHETIC_ONLY,demo-nbfc-ev-001,SYN-EV-3W-2025,SYN-B-LN-0169,SYN-B-CO-0169,CO_BORROWER,25372686
SYNTHETIC_ONLY,demo-nbfc-ev-001,SYN-EV-3W-2025,SYN-B-LN-0170,SYN-B-BR-0170,BORROWER,23836217
SYNTHETIC_ONLY,demo-nbfc-ev-001,SYN-EV-3W-2025,SYN-B-LN-0170,SYN-B-CO-0170,CO_BORROWER,23836217
SYNTHETIC_ONLY,demo-nbfc-ev-001,SYN-EV-3W-2025,SYN-B-LN-0171,SYN-B-BR-0171,BORROWER,13615029
SYNTHETIC_ONLY,demo-nbfc-ev-001,SYN-EV-3W-2025,SYN-B-LN-0171,SYN-B-CO-0171,CO_BORROWER,13615029
SYNTHETIC_ONLY,demo-nbfc-ev-001,SYN-EV-3W-2025,SYN-B-LN-0172,SYN-B-BR-0172,BORROWER,11907778
SYNTHETIC_ONLY,demo-nbfc-ev-001,SYN-EV-3W-2025,SYN-B-LN-0172,SYN-B-CO-0172,CO_BORROWER,11907778
SYNTHETIC_ONLY,demo-nbfc-ev-001,SYN-EV-3W-2025,SYN-B-LN-0173,SYN-B-BR-0173,BORROWER,16817448
SYNTHETIC_ONLY,demo-nbfc-ev-001,SYN-EV-3W-2025,SYN-B-LN-0173,SYN-B-CO-0173,CO_BORROWER,16817448
SYNTHETIC_ONLY,demo-nbfc-ev-001,SYN-EV-3W-2025,SYN-B-LN-0174,SYN-B-BR-0174,BORROWER,17210991
SYNTHETIC_ONLY,demo-nbfc-ev-001,SYN-EV-3W-2025,SYN-B-LN-0174,SYN-B-CO-0174,CO_BORROWER,17210991
SYNTHETIC_ONLY,demo-nbfc-ev-001,SYN-EV-3W-2025,SYN-B-LN-0175,SYN-B-BR-0175,BORROWER,19718609
SYNTHETIC_ONLY,demo-nbfc-ev-001,SYN-EV-3W-2025,SYN-B-LN-0175,SYN-B-CO-0175,CO_BORROWER,19718609
SYNTHETIC_ONLY,demo-nbfc-ev-001,SYN-EV-3W-2025,SYN-B-LN-0176,SYN-B-BR-0176,BORROWER,18297529
SYNTHETIC_ONLY,demo-nbfc-ev-001,SYN-EV-3W-2025,SYN-B-LN-0176,SYN-B-CO-0176,CO_BORROWER,18297529
SYNTHETIC_ONLY,demo-nbfc-ev-001,SYN-EV-3W-2025,SYN-B-LN-0177,SYN-B-BR-0177,BORROWER,23365446
SYNTHETIC_ONLY,demo-nbfc-ev-001,SYN-EV-3W-2025,SYN-B-LN-0177,SYN-B-CO-0177,CO_BORROWER,23365446
SYNTHETIC_ONLY,demo-nbfc-ev-001,SYN-EV-3W-2025,SYN-B-LN-0178,SYN-B-BR-0178,BORROWER,22192603
SYNTHETIC_ONLY,demo-nbfc-ev-001,SYN-EV-3W-2025,SYN-B-LN-0178,SYN-B-CO-0178,CO_BORROWER,22192603
SYNTHETIC_ONLY,demo-nbfc-ev-001,SYN-EV-3W-2025,SYN-B-LN-0179,SYN-B-BR-0179,BORROWER,27207834
SYNTHETIC_ONLY,demo-nbfc-ev-001,SYN-EV-3W-2025,SYN-B-LN-0179,SYN-B-CO-0179,CO_BORROWER,27207834
SYNTHETIC_ONLY,demo-nbfc-ev-001,SYN-EV-3W-2025,SYN-B-LN-0180,SYN-B-BR-0180,BORROWER,10912748
SYNTHETIC_ONLY,demo-nbfc-ev-001,SYN-EV-3W-2025,SYN-B-LN-0180,SYN-B-CO-0180,CO_BORROWER,10912748
SYNTHETIC_ONLY,demo-nbfc-ev-001,SYN-EV-3W-2025,SYN-B-LN-0181,SYN-B-BR-0181,BORROWER,15085761
SYNTHETIC_ONLY,demo-nbfc-ev-001,SYN-EV-3W-2025,SYN-B-LN-0181,SYN-B-CO-0181,CO_BORROWER,15085761
SYNTHETIC_ONLY,demo-nbfc-ev-001,SYN-EV-3W-2025,SYN-B-LN-0182,SYN-B-BR-0182,BORROWER,13414048
SYNTHETIC_ONLY,demo-nbfc-ev-001,SYN-EV-3W-2025,SYN-B-LN-0182,SYN-B-CO-0182,CO_BORROWER,13414048
SYNTHETIC_ONLY,demo-nbfc-ev-001,SYN-EV-3W-2025,SYN-B-LN-0183,SYN-B-BR-0183,BORROWER,18405017
SYNTHETIC_ONLY,demo-nbfc-ev-001,SYN-EV-3W-2025,SYN-B-LN-0183,SYN-B-CO-0183,CO_BORROWER,18405017
SYNTHETIC_ONLY,demo-nbfc-ev-001,SYN-EV-3W-2025,SYN-B-LN-0184,SYN-B-BR-0184,BORROWER,16851775
SYNTHETIC_ONLY,demo-nbfc-ev-001,SYN-EV-3W-2025,SYN-B-LN-0184,SYN-B-CO-0184,CO_BORROWER,16851775
SYNTHETIC_ONLY,demo-nbfc-ev-001,SYN-EV-3W-2025,SYN-B-LN-0185,SYN-B-BR-0185,BORROWER,21404341
SYNTHETIC_ONLY,demo-nbfc-ev-001,SYN-EV-3W-2025,SYN-B-LN-0185,SYN-B-CO-0185,CO_BORROWER,21404341
SYNTHETIC_ONLY,demo-nbfc-ev-001,SYN-EV-3W-2025,SYN-B-LN-0186,SYN-B-BR-0186,BORROWER,21675514
SYNTHETIC_ONLY,demo-nbfc-ev-001,SYN-EV-3W-2025,SYN-B-LN-0186,SYN-B-CO-0186,CO_BORROWER,21675514
SYNTHETIC_ONLY,demo-nbfc-ev-001,SYN-EV-3W-2025,SYN-B-LN-0187,SYN-B-BR-0187,BORROWER,25154729
SYNTHETIC_ONLY,demo-nbfc-ev-001,SYN-EV-3W-2025,SYN-B-LN-0187,SYN-B-CO-0187,CO_BORROWER,25154729
SYNTHETIC_ONLY,demo-nbfc-ev-001,SYN-EV-3W-2025,SYN-B-LN-0188,SYN-B-BR-0188,BORROWER,24146133
SYNTHETIC_ONLY,demo-nbfc-ev-001,SYN-EV-3W-2025,SYN-B-LN-0188,SYN-B-CO-0188,CO_BORROWER,24146133
SYNTHETIC_ONLY,demo-nbfc-ev-001,SYN-EV-3W-2025,SYN-B-LN-0189,SYN-B-BR-0189,BORROWER,13896130
SYNTHETIC_ONLY,demo-nbfc-ev-001,SYN-EV-3W-2025,SYN-B-LN-0189,SYN-B-CO-0189,CO_BORROWER,13896130
SYNTHETIC_ONLY,demo-nbfc-ev-001,SYN-EV-3W-2025,SYN-B-LN-0190,SYN-B-BR-0190,BORROWER,11743065
SYNTHETIC_ONLY,demo-nbfc-ev-001,SYN-EV-3W-2025,SYN-B-LN-0190,SYN-B-CO-0190,CO_BORROWER,11743065
SYNTHETIC_ONLY,demo-nbfc-ev-001,SYN-EV-3W-2025,SYN-B-LN-0191,SYN-B-BR-0191,BORROWER,16612233
SYNTHETIC_ONLY,demo-nbfc-ev-001,SYN-EV-3W-2025,SYN-B-LN-0191,SYN-B-CO-0191,CO_BORROWER,16612233
SYNTHETIC_ONLY,demo-nbfc-ev-001,SYN-EV-3W-2025,SYN-B-LN-0192,SYN-B-BR-0192,BORROWER,17040616
SYNTHETIC_ONLY,demo-nbfc-ev-001,SYN-EV-3W-2025,SYN-B-LN-0192,SYN-B-CO-0192,CO_BORROWER,17040616
SYNTHETIC_ONLY,demo-nbfc-ev-001,SYN-EV-3W-2025,SYN-B-LN-0193,SYN-B-BR-0193,BORROWER,20044605
SYNTHETIC_ONLY,demo-nbfc-ev-001,SYN-EV-3W-2025,SYN-B-LN-0193,SYN-B-CO-0193,CO_BORROWER,20044605
SYNTHETIC_ONLY,demo-nbfc-ev-001,SYN-EV-3W-2025,SYN-B-LN-0194,SYN-B-BR-0194,BORROWER,18594676
SYNTHETIC_ONLY,demo-nbfc-ev-001,SYN-EV-3W-2025,SYN-B-LN-0194,SYN-B-CO-0194,CO_BORROWER,18594676
SYNTHETIC_ONLY,demo-nbfc-ev-001,SYN-EV-3W-2025,SYN-B-LN-0195,SYN-B-BR-0195,BORROWER,23142587
SYNTHETIC_ONLY,demo-nbfc-ev-001,SYN-EV-3W-2025,SYN-B-LN-0195,SYN-B-CO-0195,CO_BORROWER,23142587
SYNTHETIC_ONLY,demo-nbfc-ev-001,SYN-EV-3W-2025,SYN-B-LN-0196,SYN-B-BR-0196,BORROWER,21987041
SYNTHETIC_ONLY,demo-nbfc-ev-001,SYN-EV-3W-2025,SYN-B-LN-0196,SYN-B-CO-0196,CO_BORROWER,21987041
SYNTHETIC_ONLY,demo-nbfc-ev-001,SYN-EV-3W-2025,SYN-B-LN-0197,SYN-B-BR-0197,BORROWER,26992624
SYNTHETIC_ONLY,demo-nbfc-ev-001,SYN-EV-3W-2025,SYN-B-LN-0197,SYN-B-CO-0197,CO_BORROWER,26992624
SYNTHETIC_ONLY,demo-nbfc-ev-001,SYN-EV-3W-2025,SYN-B-LN-0198,SYN-B-BR-0198,BORROWER,11142119
SYNTHETIC_ONLY,demo-nbfc-ev-001,SYN-EV-3W-2025,SYN-B-LN-0198,SYN-B-CO-0198,CO_BORROWER,11142119
SYNTHETIC_ONLY,demo-nbfc-ev-001,SYN-EV-3W-2025,SYN-B-LN-0199,SYN-B-BR-0199,BORROWER,15380701
SYNTHETIC_ONLY,demo-nbfc-ev-001,SYN-EV-3W-2025,SYN-B-LN-0199,SYN-B-CO-0199,CO_BORROWER,15380701
SYNTHETIC_ONLY,demo-nbfc-ev-001,SYN-EV-3W-2025,SYN-B-LN-0200,SYN-B-BR-0200,BORROWER,13238603
SYNTHETIC_ONLY,demo-nbfc-ev-001,SYN-EV-3W-2025,SYN-B-LN-0200,SYN-B-CO-0200,CO_BORROWER,13238603
SYNTHETIC_ONLY,demo-nbfc-ev-001,SYN-EV-3W-2025,SYN-B-LN-0201,SYN-B-BR-0201,BORROWER,18193382
SYNTHETIC_ONLY,demo-nbfc-ev-001,SYN-EV-3W-2025,SYN-B-LN-0202,SYN-B-BR-0202,BORROWER,16660245
SYNTHETIC_ONLY,demo-nbfc-ev-001,SYN-EV-3W-2025,SYN-B-LN-0203,SYN-B-BR-0203,BORROWER,21735079
SYNTHETIC_ONLY,demo-nbfc-ev-001,SYN-EV-3W-2025,SYN-B-LN-0204,SYN-B-BR-0204,BORROWER,21954476
SYNTHETIC_ONLY,demo-nbfc-ev-001,SYN-EV-3W-2025,SYN-B-LN-0205,SYN-B-BR-0205,BORROWER,24932404
SYNTHETIC_ONLY,demo-nbfc-ev-001,SYN-EV-3W-2025,SYN-B-LN-0206,SYN-B-BR-0206,BORROWER,23940121
SYNTHETIC_ONLY,demo-nbfc-ev-001,SYN-EV-3W-2025,SYN-B-LN-0207,SYN-B-BR-0207,BORROWER,13709309
SYNTHETIC_ONLY,demo-nbfc-ev-001,SYN-EV-3W-2025,SYN-B-LN-0208,SYN-B-BR-0208,BORROWER,11989889
SYNTHETIC_ONLY,demo-nbfc-ev-001,SYN-EV-3W-2025,SYN-B-LN-0209,SYN-B-BR-0209,BORROWER,16918932
SYNTHETIC_ONLY,demo-nbfc-ev-001,SYN-EV-3W-2025,SYN-B-LN-0210,SYN-B-BR-0210,BORROWER,16868607
SYNTHETIC_ONLY,demo-nbfc-ev-001,SYN-EV-3W-2025,SYN-B-LN-0211,SYN-B-BR-0211,BORROWER,19828164
SYNTHETIC_ONLY,demo-nbfc-ev-001,SYN-EV-3W-2025,SYN-B-LN-0212,SYN-B-BR-0212,BORROWER,18397000
SYNTHETIC_ONLY,demo-nbfc-ev-001,SYN-EV-3W-2025,SYN-B-LN-0213,SYN-B-BR-0213,BORROWER,23475327
SYNTHETIC_ONLY,demo-nbfc-ev-001,SYN-EV-3W-2025,SYN-B-LN-0214,SYN-B-BR-0214,BORROWER,22294557
SYNTHETIC_ONLY,demo-nbfc-ev-001,SYN-EV-3W-2025,SYN-B-LN-0215,SYN-B-BR-0215,BORROWER,26772866
SYNTHETIC_ONLY,demo-nbfc-ev-001,SYN-EV-3W-2025,SYN-B-LN-0216,SYN-B-BR-0216,BORROWER,10989355
SYNTHETIC_ONLY,demo-nbfc-ev-001,SYN-EV-3W-2025,SYN-B-LN-0217,SYN-B-BR-0217,BORROWER,15184737
SYNTHETIC_ONLY,demo-nbfc-ev-001,SYN-EV-3W-2025,SYN-B-LN-0218,SYN-B-BR-0218,BORROWER,13501436
SYNTHETIC_ONLY,demo-nbfc-ev-001,SYN-EV-3W-2025,SYN-B-LN-0219,SYN-B-BR-0219,BORROWER,18509590
SYNTHETIC_ONLY,demo-nbfc-ev-001,SYN-EV-3W-2025,SYN-B-LN-0220,SYN-B-BR-0220,BORROWER,16467303
SYNTHETIC_ONLY,demo-nbfc-ev-001,SYN-EV-3W-2025,SYN-B-LN-0221,SYN-B-BR-0221,BORROWER,21515550
SYNTHETIC_ONLY,demo-nbfc-ev-001,SYN-EV-3W-2025,SYN-B-LN-0222,SYN-B-BR-0222,BORROWER,21769050
SYNTHETIC_ONLY,demo-nbfc-ev-001,SYN-EV-3W-2025,SYN-B-LN-0223,SYN-B-BR-0223,BORROWER,25264257
SYNTHETIC_ONLY,demo-nbfc-ev-001,SYN-EV-3W-2025,SYN-B-LN-0224,SYN-B-BR-0224,BORROWER,24248227
SYNTHETIC_ONLY,demo-nbfc-ev-001,SYN-EV-3W-2025,SYN-B-LN-0225,SYN-B-BR-0225,BORROWER,13520186
SYNTHETIC_ONLY,demo-nbfc-ev-001,SYN-EV-3W-2025,SYN-B-LN-0226,SYN-B-BR-0226,BORROWER,11825501
SYNTHETIC_ONLY,demo-nbfc-ev-001,SYN-EV-3W-2025,SYN-B-LN-0227,SYN-B-BR-0227,BORROWER,16715211
SYNTHETIC_ONLY,demo-nbfc-ev-001,SYN-EV-3W-2025,SYN-B-LN-0228,SYN-B-BR-0228,BORROWER,17126011
SYNTHETIC_ONLY,demo-nbfc-ev-001,SYN-EV-3W-2025,SYN-B-LN-0229,SYN-B-BR-0229,BORROWER,20151466
SYNTHETIC_ONLY,demo-nbfc-ev-001,SYN-EV-3W-2025,SYN-B-LN-0230,SYN-B-BR-0230,BORROWER,18197648
SYNTHETIC_ONLY,demo-nbfc-ev-001,SYN-EV-3W-2025,SYN-B-LN-0231,SYN-B-BR-0231,BORROWER,23254529
SYNTHETIC_ONLY,demo-nbfc-ev-001,SYN-EV-3W-2025,SYN-B-LN-0232,SYN-B-BR-0232,BORROWER,22090095
SYNTHETIC_ONLY,demo-nbfc-ev-001,SYN-EV-3W-2025,SYN-B-LN-0233,SYN-B-BR-0233,BORROWER,27100802
SYNTHETIC_ONLY,demo-nbfc-ev-001,SYN-EV-3W-2025,SYN-B-LN-0234,SYN-B-BR-0234,BORROWER,11218260
SYNTHETIC_ONLY,demo-nbfc-ev-001,SYN-EV-3W-2025,SYN-B-LN-0235,SYN-B-BR-0235,BORROWER,14986141
SYNTHETIC_ONLY,demo-nbfc-ev-001,SYN-EV-3W-2025,SYN-B-LN-0236,SYN-B-BR-0236,BORROWER,13326434
SYNTHETIC_ONLY,demo-nbfc-ev-001,SYN-EV-3W-2025,SYN-B-LN-0237,SYN-B-BR-0237,BORROWER,18299610
SYNTHETIC_ONLY,demo-nbfc-ev-001,SYN-EV-3W-2025,SYN-B-LN-0238,SYN-B-BR-0238,BORROWER,16756191
SYNTHETIC_ONLY,demo-nbfc-ev-001,SYN-EV-3W-2025,SYN-B-LN-0239,SYN-B-BR-0239,BORROWER,21843376
SYNTHETIC_ONLY,demo-nbfc-ev-001,SYN-EV-3W-2025,SYN-B-LN-0240,SYN-B-BR-0240,BORROWER,21581440
SYNTHETIC_ONLY,demo-nbfc-ev-001,SYN-EV-3W-2025,SYN-B-LN-0241,SYN-B-BR-0241,BORROWER,25044108
SYNTHETIC_ONLY,demo-nbfc-ev-001,SYN-EV-3W-2025,SYN-B-LN-0242,SYN-B-BR-0242,BORROWER,24043428
SYNTHETIC_ONLY,demo-nbfc-ev-001,SYN-EV-3W-2025,SYN-B-LN-0243,SYN-B-BR-0243,BORROWER,13803015
SYNTHETIC_ONLY,demo-nbfc-ev-001,SYN-EV-3W-2025,SYN-B-LN-0244,SYN-B-BR-0244,BORROWER,12071824
SYNTHETIC_ONLY,demo-nbfc-ev-001,SYN-EV-3W-2025,SYN-B-LN-0245,SYN-B-BR-0245,BORROWER,16508529
SYNTHETIC_ONLY,demo-nbfc-ev-001,SYN-EV-3W-2025,SYN-B-LN-0246,SYN-B-BR-0246,BORROWER,16954812
SYNTHETIC_ONLY,demo-nbfc-ev-001,SYN-EV-3W-2025,SYN-B-LN-0247,SYN-B-BR-0247,BORROWER,19936834
SYNTHETIC_ONLY,demo-nbfc-ev-001,SYN-EV-3W-2025,SYN-B-LN-0248,SYN-B-BR-0248,BORROWER,18496052
SYNTHETIC_ONLY,demo-nbfc-ev-001,SYN-EV-3W-2025,SYN-B-LN-0249,SYN-B-BR-0249,BORROWER,23584163
SYNTHETIC_ONLY,demo-nbfc-ev-001,SYN-EV-3W-2025,SYN-B-LN-0250,SYN-B-BR-0250,BORROWER,21883448
SYNTHETIC_ONLY,demo-nbfc-ev-001,SYN-EV-3W-2025,SYN-B-LN-0251,SYN-B-BR-0251,BORROWER,26883310
SYNTHETIC_ONLY,demo-nbfc-ev-001,SYN-EV-3W-2025,SYN-B-LN-0252,SYN-B-BR-0252,BORROWER,11065814
SYNTHETIC_ONLY,demo-nbfc-ev-001,SYN-EV-3W-2025,SYN-B-LN-0253,SYN-B-BR-0253,BORROWER,15283055
SYNTHETIC_ONLY,demo-nbfc-ev-001,SYN-EV-3W-2025,SYN-B-LN-0254,SYN-B-BR-0254,BORROWER,13588589
SYNTHETIC_ONLY,demo-nbfc-ev-001,SYN-EV-3W-2025,SYN-B-LN-0255,SYN-B-BR-0255,BORROWER,18086347
SYNTHETIC_ONLY,demo-nbfc-ev-001,SYN-EV-3W-2025,SYN-B-LN-0256,SYN-B-BR-0256,BORROWER,16563946
SYNTHETIC_ONLY,demo-nbfc-ev-001,SYN-EV-3W-2025,SYN-B-LN-0257,SYN-B-BR-0257,BORROWER,21625799
SYNTHETIC_ONLY,demo-nbfc-ev-001,SYN-EV-3W-2025,SYN-B-LN-0258,SYN-B-BR-0258,BORROWER,21862040
SYNTHETIC_ONLY,demo-nbfc-ev-001,SYN-EV-3W-2025,SYN-B-LN-0259,SYN-B-BR-0259,BORROWER,25372686
SYNTHETIC_ONLY,demo-nbfc-ev-001,SYN-EV-3W-2025,SYN-B-LN-0260,SYN-B-BR-0260,BORROWER,23836217
SYNTHETIC_ONLY,demo-nbfc-ev-001,SYN-EV-3W-2025,SYN-B-LN-0261,SYN-B-BR-0261,BORROWER,13615029
SYNTHETIC_ONLY,demo-nbfc-ev-001,SYN-EV-3W-2025,SYN-B-LN-0262,SYN-B-BR-0262,BORROWER,11907778
SYNTHETIC_ONLY,demo-nbfc-ev-001,SYN-EV-3W-2025,SYN-B-LN-0263,SYN-B-BR-0263,BORROWER,16817448
SYNTHETIC_ONLY,demo-nbfc-ev-001,SYN-EV-3W-2025,SYN-B-LN-0264,SYN-B-BR-0264,BORROWER,17210991
SYNTHETIC_ONLY,demo-nbfc-ev-001,SYN-EV-3W-2025,SYN-B-LN-0265,SYN-B-BR-0265,BORROWER,19718609
SYNTHETIC_ONLY,demo-nbfc-ev-001,SYN-EV-3W-2025,SYN-B-LN-0266,SYN-B-BR-0266,BORROWER,18297529
SYNTHETIC_ONLY,demo-nbfc-ev-001,SYN-EV-3W-2025,SYN-B-LN-0267,SYN-B-BR-0267,BORROWER,23365446
SYNTHETIC_ONLY,demo-nbfc-ev-001,SYN-EV-3W-2025,SYN-B-LN-0268,SYN-B-BR-0268,BORROWER,22192603
SYNTHETIC_ONLY,demo-nbfc-ev-001,SYN-EV-3W-2025,SYN-B-LN-0269,SYN-B-BR-0269,BORROWER,27207834
SYNTHETIC_ONLY,demo-nbfc-ev-001,SYN-EV-3W-2025,SYN-B-LN-0270,SYN-B-BR-0270,BORROWER,10912748
SYNTHETIC_ONLY,demo-nbfc-ev-001,SYN-EV-3W-2025,SYN-B-LN-0271,SYN-B-BR-0271,BORROWER,15085761
SYNTHETIC_ONLY,demo-nbfc-ev-001,SYN-EV-3W-2025,SYN-B-LN-0272,SYN-B-BR-0272,BORROWER,13414048
SYNTHETIC_ONLY,demo-nbfc-ev-001,SYN-EV-3W-2025,SYN-B-LN-0273,SYN-B-BR-0273,BORROWER,18405017
SYNTHETIC_ONLY,demo-nbfc-ev-001,SYN-EV-3W-2025,SYN-B-LN-0274,SYN-B-BR-0274,BORROWER,16851775
SYNTHETIC_ONLY,demo-nbfc-ev-001,SYN-EV-3W-2025,SYN-B-LN-0275,SYN-B-BR-0275,BORROWER,21404341
SYNTHETIC_ONLY,demo-nbfc-ev-001,SYN-EV-3W-2025,SYN-B-LN-0276,SYN-B-BR-0276,BORROWER,21675514
SYNTHETIC_ONLY,demo-nbfc-ev-001,SYN-EV-3W-2025,SYN-B-LN-0277,SYN-B-BR-0277,BORROWER,25154729
SYNTHETIC_ONLY,demo-nbfc-ev-001,SYN-EV-3W-2025,SYN-B-LN-0278,SYN-B-BR-0278,BORROWER,24146133
SYNTHETIC_ONLY,demo-nbfc-ev-001,SYN-EV-3W-2025,SYN-B-LN-0279,SYN-B-BR-0279,BORROWER,13896130
SYNTHETIC_ONLY,demo-nbfc-ev-001,SYN-EV-3W-2025,SYN-B-LN-0280,SYN-B-BR-0280,BORROWER,11743065
SYNTHETIC_ONLY,demo-nbfc-ev-001,SYN-EV-3W-2025,SYN-B-LN-0281,SYN-B-BR-0281,BORROWER,16612233
SYNTHETIC_ONLY,demo-nbfc-ev-001,SYN-EV-3W-2025,SYN-B-LN-0282,SYN-B-BR-0282,BORROWER,17040616
SYNTHETIC_ONLY,demo-nbfc-ev-001,SYN-EV-3W-2025,SYN-B-LN-0283,SYN-B-BR-0283,BORROWER,20044605
SYNTHETIC_ONLY,demo-nbfc-ev-001,SYN-EV-3W-2025,SYN-B-LN-0284,SYN-B-BR-0284,BORROWER,18594676
SYNTHETIC_ONLY,demo-nbfc-ev-001,SYN-EV-3W-2025,SYN-B-LN-0285,SYN-B-BR-0285,BORROWER,23142587
SYNTHETIC_ONLY,demo-nbfc-ev-001,SYN-EV-3W-2025,SYN-B-LN-0286,SYN-B-BR-0286,BORROWER,21987041
SYNTHETIC_ONLY,demo-nbfc-ev-001,SYN-EV-3W-2025,SYN-B-LN-0287,SYN-B-BR-0287,BORROWER,26992624
SYNTHETIC_ONLY,demo-nbfc-ev-001,SYN-EV-3W-2025,SYN-B-LN-0288,SYN-B-BR-0288,BORROWER,11142119
SYNTHETIC_ONLY,demo-nbfc-ev-001,SYN-EV-3W-2025,SYN-B-LN-0289,SYN-B-BR-0289,BORROWER,15380701
SYNTHETIC_ONLY,demo-nbfc-ev-001,SYN-EV-3W-2025,SYN-B-LN-0290,SYN-B-BR-0290,BORROWER,13238603
SYNTHETIC_ONLY,demo-nbfc-ev-001,SYN-EV-3W-2025,SYN-B-LN-0291,SYN-B-BR-0291,BORROWER,18193382
SYNTHETIC_ONLY,demo-nbfc-ev-001,SYN-EV-3W-2025,SYN-B-LN-0292,SYN-B-BR-0292,BORROWER,16660245
SYNTHETIC_ONLY,demo-nbfc-ev-001,SYN-EV-3W-2025,SYN-B-LN-0293,SYN-B-BR-0293,BORROWER,21735079
SYNTHETIC_ONLY,demo-nbfc-ev-001,SYN-EV-3W-2025,SYN-B-LN-0294,SYN-B-BR-0294,BORROWER,21954476
SYNTHETIC_ONLY,demo-nbfc-ev-001,SYN-EV-3W-2025,SYN-B-LN-0295,SYN-B-BR-0295,BORROWER,24932404
SYNTHETIC_ONLY,demo-nbfc-ev-001,SYN-EV-3W-2025,SYN-B-LN-0296,SYN-B-BR-0296,BORROWER,23940121
SYNTHETIC_ONLY,demo-nbfc-ev-001,SYN-EV-3W-2025,SYN-B-LN-0297,SYN-B-BR-0297,BORROWER,13709309
SYNTHETIC_ONLY,demo-nbfc-ev-001,SYN-EV-3W-2025,SYN-B-LN-0298,SYN-B-BR-0298,BORROWER,11989889
SYNTHETIC_ONLY,demo-nbfc-ev-001,SYN-EV-3W-2025,SYN-B-LN-0299,SYN-B-BR-0299,BORROWER,16918932
SYNTHETIC_ONLY,demo-nbfc-ev-001,SYN-EV-3W-2025,SYN-B-LN-0300,SYN-B-BR-0300,BORROWER,16868607
SYNTHETIC_ONLY,demo-nbfc-ev-001,SYN-EV-3W-2025,SYN-B-LN-0301,SYN-B-BR-0301,BORROWER,19828164
SYNTHETIC_ONLY,demo-nbfc-ev-001,SYN-EV-3W-2025,SYN-B-LN-0302,SYN-B-BR-0302,BORROWER,18397000
SYNTHETIC_ONLY,demo-nbfc-ev-001,SYN-EV-3W-2025,SYN-B-LN-0303,SYN-B-BR-0303,BORROWER,23475327
SYNTHETIC_ONLY,demo-nbfc-ev-001,SYN-EV-3W-2025,SYN-B-LN-0304,SYN-B-BR-0304,BORROWER,22294557
SYNTHETIC_ONLY,demo-nbfc-ev-001,SYN-EV-3W-2025,SYN-B-LN-0305,SYN-B-BR-0305,BORROWER,26772866
SYNTHETIC_ONLY,demo-nbfc-ev-001,SYN-EV-3W-2025,SYN-B-LN-0306,SYN-B-BR-0306,BORROWER,10989355
SYNTHETIC_ONLY,demo-nbfc-ev-001,SYN-EV-3W-2025,SYN-B-LN-0307,SYN-B-BR-0307,BORROWER,15184737
SYNTHETIC_ONLY,demo-nbfc-ev-001,SYN-EV-3W-2025,SYN-B-LN-0308,SYN-B-BR-0308,BORROWER,13501436
SYNTHETIC_ONLY,demo-nbfc-ev-001,SYN-EV-3W-2025,SYN-B-LN-0309,SYN-B-BR-0309,BORROWER,18509590
SYNTHETIC_ONLY,demo-nbfc-ev-001,SYN-EV-3W-2025,SYN-B-LN-0310,SYN-B-BR-0310,BORROWER,16467303
SYNTHETIC_ONLY,demo-nbfc-ev-001,SYN-EV-3W-2025,SYN-B-LN-0311,SYN-B-BR-0311,BORROWER,21515550
SYNTHETIC_ONLY,demo-nbfc-ev-001,SYN-EV-3W-2025,SYN-B-LN-0312,SYN-B-BR-0312,BORROWER,21769050
SYNTHETIC_ONLY,demo-nbfc-ev-001,SYN-EV-3W-2025,SYN-B-LN-0313,SYN-B-BR-0313,BORROWER,25264257
SYNTHETIC_ONLY,demo-nbfc-ev-001,SYN-EV-3W-2025,SYN-B-LN-0314,SYN-B-BR-0314,BORROWER,24248227
SYNTHETIC_ONLY,demo-nbfc-ev-001,SYN-EV-3W-2025,SYN-B-LN-0315,SYN-B-BR-0315,BORROWER,13520186
SYNTHETIC_ONLY,demo-nbfc-ev-001,SYN-EV-3W-2025,SYN-B-LN-0316,SYN-B-BR-0316,BORROWER,11825501
SYNTHETIC_ONLY,demo-nbfc-ev-001,SYN-EV-3W-2025,SYN-B-LN-0317,SYN-B-BR-0317,BORROWER,16715211
SYNTHETIC_ONLY,demo-nbfc-ev-001,SYN-EV-3W-2025,SYN-B-LN-0318,SYN-B-BR-0318,BORROWER,17126011
SYNTHETIC_ONLY,demo-nbfc-ev-001,SYN-EV-3W-2025,SYN-B-LN-0319,SYN-B-BR-0319,BORROWER,20151466
SYNTHETIC_ONLY,demo-nbfc-ev-001,SYN-EV-3W-2025,SYN-B-LN-0320,SYN-B-BR-0320,BORROWER,18197648
SYNTHETIC_ONLY,demo-nbfc-ev-001,SYN-EV-3W-2025,SYN-B-LN-0321,SYN-B-BR-0321,BORROWER,23254529
SYNTHETIC_ONLY,demo-nbfc-ev-001,SYN-EV-3W-2025,SYN-B-LN-0322,SYN-B-BR-0322,BORROWER,22090095
SYNTHETIC_ONLY,demo-nbfc-ev-001,SYN-EV-3W-2025,SYN-B-LN-0323,SYN-B-BR-0323,BORROWER,27100802
SYNTHETIC_ONLY,demo-nbfc-ev-001,SYN-EV-3W-2025,SYN-B-LN-0324,SYN-B-BR-0324,BORROWER,11218260
SYNTHETIC_ONLY,demo-nbfc-ev-001,SYN-EV-3W-2025,SYN-B-LN-0325,SYN-B-BR-0325,BORROWER,14986141
SYNTHETIC_ONLY,demo-nbfc-ev-001,SYN-EV-3W-2025,SYN-B-LN-0326,SYN-B-BR-0326,BORROWER,13326434
SYNTHETIC_ONLY,demo-nbfc-ev-001,SYN-EV-3W-2025,SYN-B-LN-0327,SYN-B-BR-0327,BORROWER,18299610
SYNTHETIC_ONLY,demo-nbfc-ev-001,SYN-EV-3W-2025,SYN-B-LN-0328,SYN-B-BR-0328,BORROWER,16756191
SYNTHETIC_ONLY,demo-nbfc-ev-001,SYN-EV-3W-2025,SYN-B-LN-0329,SYN-B-BR-0329,BORROWER,21843376
SYNTHETIC_ONLY,demo-nbfc-ev-001,SYN-EV-3W-2025,SYN-B-LN-0330,SYN-B-BR-0330,BORROWER,21581440
SYNTHETIC_ONLY,demo-nbfc-ev-001,SYN-EV-3W-2025,SYN-B-LN-0331,SYN-B-BR-0331,BORROWER,25044108
SYNTHETIC_ONLY,demo-nbfc-ev-001,SYN-EV-3W-2025,SYN-B-LN-0332,SYN-B-BR-0332,BORROWER,24043428
SYNTHETIC_ONLY,demo-nbfc-ev-001,SYN-EV-3W-2025,SYN-B-LN-0333,SYN-B-BR-0333,BORROWER,13803015
SYNTHETIC_ONLY,demo-nbfc-ev-001,SYN-EV-3W-2025,SYN-B-LN-0334,SYN-B-BR-0334,BORROWER,12071824
SYNTHETIC_ONLY,demo-nbfc-ev-001,SYN-EV-3W-2025,SYN-B-LN-0335,SYN-B-BR-0335,BORROWER,16508529
SYNTHETIC_ONLY,demo-nbfc-ev-001,SYN-EV-3W-2025,SYN-B-LN-0336,SYN-B-BR-0336,BORROWER,16954812
SYNTHETIC_ONLY,demo-nbfc-ev-001,SYN-EV-3W-2025,SYN-B-LN-0337,SYN-B-BR-0337,BORROWER,19936834
SYNTHETIC_ONLY,demo-nbfc-ev-001,SYN-EV-3W-2025,SYN-B-LN-0338,SYN-B-BR-0338,BORROWER,18496052
SYNTHETIC_ONLY,demo-nbfc-ev-001,SYN-EV-3W-2025,SYN-B-LN-0339,SYN-B-BR-0339,BORROWER,23584163
SYNTHETIC_ONLY,demo-nbfc-ev-001,SYN-EV-3W-2025,SYN-B-LN-0340,SYN-B-BR-0340,BORROWER,21883448
SYNTHETIC_ONLY,demo-nbfc-ev-001,SYN-EV-3W-2025,SYN-B-LN-0341,SYN-B-BR-0341,BORROWER,26883310
SYNTHETIC_ONLY,demo-nbfc-ev-001,SYN-EV-3W-2025,SYN-B-LN-0342,SYN-B-BR-0342,BORROWER,11065814
SYNTHETIC_ONLY,demo-nbfc-ev-001,SYN-EV-3W-2025,SYN-B-LN-0343,SYN-B-BR-0343,BORROWER,15283055
SYNTHETIC_ONLY,demo-nbfc-ev-001,SYN-EV-3W-2025,SYN-B-LN-0344,SYN-B-BR-0344,BORROWER,13588589
SYNTHETIC_ONLY,demo-nbfc-ev-001,SYN-EV-3W-2025,SYN-B-LN-0345,SYN-B-BR-0345,BORROWER,18086347
SYNTHETIC_ONLY,demo-nbfc-ev-001,SYN-EV-3W-2025,SYN-B-LN-0346,SYN-B-BR-0346,BORROWER,16563946
SYNTHETIC_ONLY,demo-nbfc-ev-001,SYN-EV-3W-2025,SYN-B-LN-0347,SYN-B-BR-0347,BORROWER,21625799
SYNTHETIC_ONLY,demo-nbfc-ev-001,SYN-EV-3W-2025,SYN-B-LN-0348,SYN-B-BR-0348,BORROWER,21862040
SYNTHETIC_ONLY,demo-nbfc-ev-001,SYN-EV-3W-2025,SYN-B-LN-0349,SYN-B-BR-0349,BORROWER,25372686
SYNTHETIC_ONLY,demo-nbfc-ev-001,SYN-EV-3W-2025,SYN-B-LN-0350,SYN-B-BR-0350,BORROWER,23836217
SYNTHETIC_ONLY,demo-nbfc-ev-001,SYN-EV-3W-2025,SYN-B-LN-0351,SYN-B-BR-0351,BORROWER,13615029
SYNTHETIC_ONLY,demo-nbfc-ev-001,SYN-EV-3W-2025,SYN-B-LN-0352,SYN-B-BR-0352,BORROWER,11907778
SYNTHETIC_ONLY,demo-nbfc-ev-001,SYN-EV-3W-2025,SYN-B-LN-0353,SYN-B-BR-0353,BORROWER,16817448
SYNTHETIC_ONLY,demo-nbfc-ev-001,SYN-EV-3W-2025,SYN-B-LN-0354,SYN-B-BR-0354,BORROWER,17210991
SYNTHETIC_ONLY,demo-nbfc-ev-001,SYN-EV-3W-2025,SYN-B-LN-0355,SYN-B-BR-0355,BORROWER,19718609
SYNTHETIC_ONLY,demo-nbfc-ev-001,SYN-EV-3W-2025,SYN-B-LN-0356,SYN-B-BR-0356,BORROWER,18297529
SYNTHETIC_ONLY,demo-nbfc-ev-001,SYN-EV-3W-2025,SYN-B-LN-0357,SYN-B-BR-0357,BORROWER,23365446
SYNTHETIC_ONLY,demo-nbfc-ev-001,SYN-EV-3W-2025,SYN-B-LN-0358,SYN-B-BR-0358,BORROWER,22192603
SYNTHETIC_ONLY,demo-nbfc-ev-001,SYN-EV-3W-2025,SYN-B-LN-0359,SYN-B-BR-0359,BORROWER,27207834
SYNTHETIC_ONLY,demo-nbfc-ev-001,SYN-EV-3W-2025,SYN-B-LN-0360,SYN-B-BR-0360,BORROWER,10912748
SYNTHETIC_ONLY,demo-nbfc-ev-001,SYN-EV-3W-2025,SYN-B-LN-0361,SYN-B-BR-0361,BORROWER,15085761
SYNTHETIC_ONLY,demo-nbfc-ev-001,SYN-EV-3W-2025,SYN-B-LN-0362,SYN-B-BR-0362,BORROWER,13414048
SYNTHETIC_ONLY,demo-nbfc-ev-001,SYN-EV-3W-2025,SYN-B-LN-0363,SYN-B-BR-0363,BORROWER,18405017
SYNTHETIC_ONLY,demo-nbfc-ev-001,SYN-EV-3W-2025,SYN-B-LN-0364,SYN-B-BR-0364,BORROWER,16851775
SYNTHETIC_ONLY,demo-nbfc-ev-001,SYN-EV-3W-2025,SYN-B-LN-0365,SYN-B-BR-0365,BORROWER,21404341
SYNTHETIC_ONLY,demo-nbfc-ev-001,SYN-EV-3W-2025,SYN-B-LN-0366,SYN-B-BR-0366,BORROWER,21675514
SYNTHETIC_ONLY,demo-nbfc-ev-001,SYN-EV-3W-2025,SYN-B-LN-0367,SYN-B-BR-0367,BORROWER,25154729
SYNTHETIC_ONLY,demo-nbfc-ev-001,SYN-EV-3W-2025,SYN-B-LN-0368,SYN-B-BR-0368,BORROWER,24146133
SYNTHETIC_ONLY,demo-nbfc-ev-001,SYN-EV-3W-2025,SYN-B-LN-0369,SYN-B-BR-0369,BORROWER,13896130
SYNTHETIC_ONLY,demo-nbfc-ev-001,SYN-EV-3W-2025,SYN-B-LN-0370,SYN-B-BR-0370,BORROWER,11743065
SYNTHETIC_ONLY,demo-nbfc-ev-001,SYN-EV-3W-2025,SYN-B-LN-0371,SYN-B-BR-0371,BORROWER,16612233
SYNTHETIC_ONLY,demo-nbfc-ev-001,SYN-EV-3W-2025,SYN-B-LN-0372,SYN-B-BR-0372,BORROWER,17040616
SYNTHETIC_ONLY,demo-nbfc-ev-001,SYN-EV-3W-2025,SYN-B-LN-0373,SYN-B-BR-0373,BORROWER,20044605
SYNTHETIC_ONLY,demo-nbfc-ev-001,SYN-EV-3W-2025,SYN-B-LN-0374,SYN-B-BR-0374,BORROWER,18594676
SYNTHETIC_ONLY,demo-nbfc-ev-001,SYN-EV-3W-2025,SYN-B-LN-0375,SYN-B-BR-0375,BORROWER,23142587
SYNTHETIC_ONLY,demo-nbfc-ev-001,SYN-EV-3W-2025,SYN-B-LN-0376,SYN-B-BR-0376,BORROWER,21987041
SYNTHETIC_ONLY,demo-nbfc-ev-001,SYN-EV-3W-2025,SYN-B-LN-0377,SYN-B-BR-0377,BORROWER,26992624
SYNTHETIC_ONLY,demo-nbfc-ev-001,SYN-EV-3W-2025,SYN-B-LN-0378,SYN-B-BR-0378,BORROWER,11142119
SYNTHETIC_ONLY,demo-nbfc-ev-001,SYN-EV-3W-2025,SYN-B-LN-0379,SYN-B-BR-0379,BORROWER,15380701
SYNTHETIC_ONLY,demo-nbfc-ev-001,SYN-EV-3W-2025,SYN-B-LN-0380,SYN-B-BR-0380,BORROWER,13238603
SYNTHETIC_ONLY,demo-nbfc-ev-001,SYN-EV-3W-2025,SYN-B-LN-0381,SYN-B-BR-0381,BORROWER,18193382
SYNTHETIC_ONLY,demo-nbfc-ev-001,SYN-EV-3W-2025,SYN-B-LN-0382,SYN-B-BR-0382,BORROWER,16660245
SYNTHETIC_ONLY,demo-nbfc-ev-001,SYN-EV-3W-2025,SYN-B-LN-0383,SYN-B-BR-0383,BORROWER,21735079
SYNTHETIC_ONLY,demo-nbfc-ev-001,SYN-EV-3W-2025,SYN-B-LN-0384,SYN-B-BR-0384,BORROWER,21954476
SYNTHETIC_ONLY,demo-nbfc-ev-001,SYN-EV-3W-2025,SYN-B-LN-0385,SYN-B-BR-0385,BORROWER,24932404
SYNTHETIC_ONLY,demo-nbfc-ev-001,SYN-EV-3W-2025,SYN-B-LN-0386,SYN-B-BR-0386,BORROWER,23940121
SYNTHETIC_ONLY,demo-nbfc-ev-001,SYN-EV-3W-2025,SYN-B-LN-0387,SYN-B-BR-0387,BORROWER,13709309
SYNTHETIC_ONLY,demo-nbfc-ev-001,SYN-EV-3W-2025,SYN-B-LN-0388,SYN-B-BR-0388,BORROWER,11989889
SYNTHETIC_ONLY,demo-nbfc-ev-001,SYN-EV-3W-2025,SYN-B-LN-0389,SYN-B-BR-0389,BORROWER,16918932
SYNTHETIC_ONLY,demo-nbfc-ev-001,SYN-EV-3W-2025,SYN-B-LN-0390,SYN-B-BR-0390,BORROWER,16868607
SYNTHETIC_ONLY,demo-nbfc-ev-001,SYN-EV-3W-2025,SYN-B-LN-0391,SYN-B-BR-0391,BORROWER,19828164
SYNTHETIC_ONLY,demo-nbfc-ev-001,SYN-EV-3W-2025,SYN-B-LN-0392,SYN-B-BR-0392,BORROWER,18397000
SYNTHETIC_ONLY,demo-nbfc-ev-001,SYN-EV-3W-2025,SYN-B-LN-0393,SYN-B-BR-0393,BORROWER,23475327
SYNTHETIC_ONLY,demo-nbfc-ev-001,SYN-EV-3W-2025,SYN-B-LN-0394,SYN-B-BR-0394,BORROWER,22294557
SYNTHETIC_ONLY,demo-nbfc-ev-001,SYN-EV-3W-2025,SYN-B-LN-0395,SYN-B-BR-0395,BORROWER,26772866
SYNTHETIC_ONLY,demo-nbfc-ev-001,SYN-EV-3W-2025,SYN-B-LN-0396,SYN-B-BR-0396,BORROWER,10989355
SYNTHETIC_ONLY,demo-nbfc-ev-001,SYN-EV-3W-2025,SYN-B-LN-0397,SYN-B-BR-0397,BORROWER,15184737
SYNTHETIC_ONLY,demo-nbfc-ev-001,SYN-EV-3W-2025,SYN-B-LN-0398,SYN-B-BR-0398,BORROWER,13501436
SYNTHETIC_ONLY,demo-nbfc-ev-001,SYN-EV-3W-2025,SYN-B-LN-0399,SYN-B-BR-0399,BORROWER,18509590
SYNTHETIC_ONLY,demo-nbfc-ev-001,SYN-EV-3W-2025,SYN-B-LN-0400,SYN-B-BR-0400,BORROWER,16467303
SYNTHETIC_ONLY,demo-nbfc-ev-001,SYN-EV-3W-2025,SYN-B-LN-0401,SYN-B-BR-0401,BORROWER,21515550
SYNTHETIC_ONLY,demo-nbfc-ev-001,SYN-EV-3W-2025,SYN-B-LN-0402,SYN-B-BR-0402,BORROWER,21769050
SYNTHETIC_ONLY,demo-nbfc-ev-001,SYN-EV-3W-2025,SYN-B-LN-0403,SYN-B-BR-0403,BORROWER,25264257
SYNTHETIC_ONLY,demo-nbfc-ev-001,SYN-EV-3W-2025,SYN-B-LN-0404,SYN-B-BR-0404,BORROWER,24248227
SYNTHETIC_ONLY,demo-nbfc-ev-001,SYN-EV-3W-2025,SYN-B-LN-0405,SYN-B-BR-0405,BORROWER,13520186
SYNTHETIC_ONLY,demo-nbfc-ev-001,SYN-EV-3W-2025,SYN-B-LN-0406,SYN-B-BR-0406,BORROWER,11825501
SYNTHETIC_ONLY,demo-nbfc-ev-001,SYN-EV-3W-2025,SYN-B-LN-0407,SYN-B-BR-0407,BORROWER,16715211
SYNTHETIC_ONLY,demo-nbfc-ev-001,SYN-EV-3W-2025,SYN-B-LN-0408,SYN-B-BR-0408,BORROWER,17126011
SYNTHETIC_ONLY,demo-nbfc-ev-001,SYN-EV-3W-2025,SYN-B-LN-0409,SYN-B-BR-0409,BORROWER,20151466
SYNTHETIC_ONLY,demo-nbfc-ev-001,SYN-EV-3W-2025,SYN-B-LN-0410,SYN-B-BR-0410,BORROWER,18197648
SYNTHETIC_ONLY,demo-nbfc-ev-001,SYN-EV-3W-2025,SYN-B-LN-0411,SYN-B-BR-0411,BORROWER,23254529
SYNTHETIC_ONLY,demo-nbfc-ev-001,SYN-EV-3W-2025,SYN-B-LN-0412,SYN-B-BR-0412,BORROWER,22090095
SYNTHETIC_ONLY,demo-nbfc-ev-001,SYN-EV-3W-2025,SYN-B-LN-0413,SYN-B-BR-0413,BORROWER,27100802
SYNTHETIC_ONLY,demo-nbfc-ev-001,SYN-EV-3W-2025,SYN-B-LN-0414,SYN-B-BR-0414,BORROWER,11218260
SYNTHETIC_ONLY,demo-nbfc-ev-001,SYN-EV-3W-2025,SYN-B-LN-0415,SYN-B-BR-0415,BORROWER,14986141
SYNTHETIC_ONLY,demo-nbfc-ev-001,SYN-EV-3W-2025,SYN-B-LN-0416,SYN-B-BR-0416,BORROWER,13326434
SYNTHETIC_ONLY,demo-nbfc-ev-001,SYN-EV-3W-2025,SYN-B-LN-0417,SYN-B-BR-0417,BORROWER,18299610
SYNTHETIC_ONLY,demo-nbfc-ev-001,SYN-EV-3W-2025,SYN-B-LN-0418,SYN-B-BR-0418,BORROWER,16756191
SYNTHETIC_ONLY,demo-nbfc-ev-001,SYN-EV-3W-2025,SYN-B-LN-0419,SYN-B-BR-0419,BORROWER,21843376
SYNTHETIC_ONLY,demo-nbfc-ev-001,SYN-EV-3W-2025,SYN-B-LN-0420,SYN-B-BR-0420,BORROWER,21581440
SYNTHETIC_ONLY,demo-nbfc-ev-001,SYN-EV-3W-2025,SYN-B-LN-0421,SYN-B-BR-0421,BORROWER,25044108
SYNTHETIC_ONLY,demo-nbfc-ev-001,SYN-EV-3W-2025,SYN-B-LN-0422,SYN-B-BR-0422,BORROWER,24043428
SYNTHETIC_ONLY,demo-nbfc-ev-001,SYN-EV-3W-2025,SYN-B-LN-0423,SYN-B-BR-0423,BORROWER,13803015
SYNTHETIC_ONLY,demo-nbfc-ev-001,SYN-EV-3W-2025,SYN-B-LN-0424,SYN-B-BR-0424,BORROWER,12071824
SYNTHETIC_ONLY,demo-nbfc-ev-001,SYN-EV-3W-2025,SYN-B-LN-0425,SYN-B-BR-0425,BORROWER,16508529
SYNTHETIC_ONLY,demo-nbfc-ev-001,SYN-EV-3W-2025,SYN-B-LN-0426,SYN-B-BR-0426,BORROWER,16954812
SYNTHETIC_ONLY,demo-nbfc-ev-001,SYN-EV-3W-2025,SYN-B-LN-0427,SYN-B-BR-0427,BORROWER,19936834
SYNTHETIC_ONLY,demo-nbfc-ev-001,SYN-EV-3W-2025,SYN-B-LN-0428,SYN-B-BR-0428,BORROWER,18496052
SYNTHETIC_ONLY,demo-nbfc-ev-001,SYN-EV-3W-2025,SYN-B-LN-0429,SYN-B-BR-0429,BORROWER,23584163
SYNTHETIC_ONLY,demo-nbfc-ev-001,SYN-EV-3W-2025,SYN-B-LN-0430,SYN-B-BR-0430,BORROWER,21883448
SYNTHETIC_ONLY,demo-nbfc-ev-001,SYN-EV-3W-2025,SYN-B-LN-0431,SYN-B-BR-0431,BORROWER,26883310
SYNTHETIC_ONLY,demo-nbfc-ev-001,SYN-EV-3W-2025,SYN-B-LN-0432,SYN-B-BR-0432,BORROWER,11065814
SYNTHETIC_ONLY,demo-nbfc-ev-001,SYN-EV-3W-2025,SYN-B-LN-0433,SYN-B-BR-0433,BORROWER,15283055
SYNTHETIC_ONLY,demo-nbfc-ev-001,SYN-EV-3W-2025,SYN-B-LN-0434,SYN-B-BR-0434,BORROWER,13588589
SYNTHETIC_ONLY,demo-nbfc-ev-001,SYN-EV-3W-2025,SYN-B-LN-0435,SYN-B-BR-0435,BORROWER,18086347
SYNTHETIC_ONLY,demo-nbfc-ev-001,SYN-EV-3W-2025,SYN-B-LN-0436,SYN-B-BR-0436,BORROWER,16563946
SYNTHETIC_ONLY,demo-nbfc-ev-001,SYN-EV-3W-2025,SYN-B-LN-0437,SYN-B-BR-0437,BORROWER,21625799
SYNTHETIC_ONLY,demo-nbfc-ev-001,SYN-EV-3W-2025,SYN-B-LN-0438,SYN-B-BR-0438,BORROWER,21862040
SYNTHETIC_ONLY,demo-nbfc-ev-001,SYN-EV-3W-2025,SYN-B-LN-0439,SYN-B-BR-0439,BORROWER,25372686
SYNTHETIC_ONLY,demo-nbfc-ev-001,SYN-EV-3W-2025,SYN-B-LN-0440,SYN-B-BR-0440,BORROWER,23836217
SYNTHETIC_ONLY,demo-nbfc-ev-001,SYN-EV-3W-2025,SYN-B-LN-0441,SYN-B-BR-0441,BORROWER,13615029
SYNTHETIC_ONLY,demo-nbfc-ev-001,SYN-EV-3W-2025,SYN-B-LN-0442,SYN-B-BR-0442,BORROWER,11907778
SYNTHETIC_ONLY,demo-nbfc-ev-001,SYN-EV-3W-2025,SYN-B-LN-0443,SYN-B-BR-0443,BORROWER,16817448
SYNTHETIC_ONLY,demo-nbfc-ev-001,SYN-EV-3W-2025,SYN-B-LN-0444,SYN-B-BR-0444,BORROWER,17210991
SYNTHETIC_ONLY,demo-nbfc-ev-001,SYN-EV-3W-2025,SYN-B-LN-0445,SYN-B-BR-0445,BORROWER,19718609
SYNTHETIC_ONLY,demo-nbfc-ev-001,SYN-EV-3W-2025,SYN-B-LN-0446,SYN-B-BR-0446,BORROWER,18297529
SYNTHETIC_ONLY,demo-nbfc-ev-001,SYN-EV-3W-2025,SYN-B-LN-0447,SYN-B-BR-0447,BORROWER,23365446
SYNTHETIC_ONLY,demo-nbfc-ev-001,SYN-EV-3W-2025,SYN-B-LN-0448,SYN-B-BR-0448,BORROWER,22192603
SYNTHETIC_ONLY,demo-nbfc-ev-001,SYN-EV-3W-2025,SYN-B-LN-0449,SYN-B-BR-0449,BORROWER,27207834
SYNTHETIC_ONLY,demo-nbfc-ev-001,SYN-EV-3W-2025,SYN-B-LN-0450,SYN-B-BR-0450,BORROWER,10912748
SYNTHETIC_ONLY,demo-nbfc-ev-001,SYN-EV-3W-2025,SYN-B-LN-0451,SYN-B-BR-0451,BORROWER,15085761
SYNTHETIC_ONLY,demo-nbfc-ev-001,SYN-EV-3W-2025,SYN-B-LN-0452,SYN-B-BR-0452,BORROWER,13414048
SYNTHETIC_ONLY,demo-nbfc-ev-001,SYN-EV-3W-2025,SYN-B-LN-0453,SYN-B-BR-0453,BORROWER,18405017
SYNTHETIC_ONLY,demo-nbfc-ev-001,SYN-EV-3W-2025,SYN-B-LN-0454,SYN-B-BR-0454,BORROWER,16851775
SYNTHETIC_ONLY,demo-nbfc-ev-001,SYN-EV-3W-2025,SYN-B-LN-0455,SYN-B-BR-0455,BORROWER,21404341
SYNTHETIC_ONLY,demo-nbfc-ev-001,SYN-EV-3W-2025,SYN-B-LN-0456,SYN-B-BR-0456,BORROWER,21675514
SYNTHETIC_ONLY,demo-nbfc-ev-001,SYN-EV-3W-2025,SYN-B-LN-0457,SYN-B-BR-0457,BORROWER,25154729
SYNTHETIC_ONLY,demo-nbfc-ev-001,SYN-EV-3W-2025,SYN-B-LN-0458,SYN-B-BR-0458,BORROWER,24146133
SYNTHETIC_ONLY,demo-nbfc-ev-001,SYN-EV-3W-2025,SYN-B-LN-0459,SYN-B-BR-0459,BORROWER,13896130
SYNTHETIC_ONLY,demo-nbfc-ev-001,SYN-EV-3W-2025,SYN-B-LN-0460,SYN-B-BR-0460,BORROWER,11743065
SYNTHETIC_ONLY,demo-nbfc-ev-001,SYN-EV-3W-2025,SYN-B-LN-0461,SYN-B-BR-0461,BORROWER,16612233
SYNTHETIC_ONLY,demo-nbfc-ev-001,SYN-EV-3W-2025,SYN-B-LN-0462,SYN-B-BR-0462,BORROWER,17040616
SYNTHETIC_ONLY,demo-nbfc-ev-001,SYN-EV-3W-2025,SYN-B-LN-0463,SYN-B-BR-0463,BORROWER,20044605
SYNTHETIC_ONLY,demo-nbfc-ev-001,SYN-EV-3W-2025,SYN-B-LN-0464,SYN-B-BR-0464,BORROWER,18594676
SYNTHETIC_ONLY,demo-nbfc-ev-001,SYN-EV-3W-2025,SYN-B-LN-0465,SYN-B-BR-0465,BORROWER,23142587
SYNTHETIC_ONLY,demo-nbfc-ev-001,SYN-EV-3W-2025,SYN-B-LN-0466,SYN-B-BR-0466,BORROWER,21987041
SYNTHETIC_ONLY,demo-nbfc-ev-001,SYN-EV-3W-2025,SYN-B-LN-0467,SYN-B-BR-0467,BORROWER,26992624
SYNTHETIC_ONLY,demo-nbfc-ev-001,SYN-EV-3W-2025,SYN-B-LN-0468,SYN-B-BR-0468,BORROWER,11142119
SYNTHETIC_ONLY,demo-nbfc-ev-001,SYN-EV-3W-2025,SYN-B-LN-0469,SYN-B-BR-0469,BORROWER,15380701
SYNTHETIC_ONLY,demo-nbfc-ev-001,SYN-EV-3W-2025,SYN-B-LN-0470,SYN-B-BR-0470,BORROWER,13238603
SYNTHETIC_ONLY,demo-nbfc-ev-001,SYN-EV-3W-2025,SYN-B-LN-0471,SYN-B-BR-0471,BORROWER,18193382
SYNTHETIC_ONLY,demo-nbfc-ev-001,SYN-EV-3W-2025,SYN-B-LN-0472,SYN-B-BR-0472,BORROWER,16660245
SYNTHETIC_ONLY,demo-nbfc-ev-001,SYN-EV-3W-2025,SYN-B-LN-0473,SYN-B-BR-0473,BORROWER,21735079
SYNTHETIC_ONLY,demo-nbfc-ev-001,SYN-EV-3W-2025,SYN-B-LN-0474,SYN-B-BR-0474,BORROWER,21954476
SYNTHETIC_ONLY,demo-nbfc-ev-001,SYN-EV-3W-2025,SYN-B-LN-0475,SYN-B-BR-0475,BORROWER,24932404
SYNTHETIC_ONLY,demo-nbfc-ev-001,SYN-EV-3W-2025,SYN-B-LN-0476,SYN-B-BR-0476,BORROWER,23940121
SYNTHETIC_ONLY,demo-nbfc-ev-001,SYN-EV-3W-2025,SYN-B-LN-0477,SYN-B-BR-0477,BORROWER,13709309
SYNTHETIC_ONLY,demo-nbfc-ev-001,SYN-EV-3W-2025,SYN-B-LN-0478,SYN-B-BR-0478,BORROWER,11989889
SYNTHETIC_ONLY,demo-nbfc-ev-001,SYN-EV-3W-2025,SYN-B-LN-0479,SYN-B-BR-0479,BORROWER,16918932
SYNTHETIC_ONLY,demo-nbfc-ev-001,SYN-EV-3W-2025,SYN-B-LN-0480,SYN-B-BR-0480,BORROWER,16868607
SYNTHETIC_ONLY,demo-nbfc-ev-001,SYN-EV-3W-2025,SYN-B-LN-0481,SYN-B-BR-0481,BORROWER,19828164
SYNTHETIC_ONLY,demo-nbfc-ev-001,SYN-EV-3W-2025,SYN-B-LN-0482,SYN-B-BR-0482,BORROWER,18397000
SYNTHETIC_ONLY,demo-nbfc-ev-001,SYN-EV-3W-2025,SYN-B-LN-0483,SYN-B-BR-0483,BORROWER,23475327
SYNTHETIC_ONLY,demo-nbfc-ev-001,SYN-EV-3W-2025,SYN-B-LN-0484,SYN-B-BR-0484,BORROWER,22294557
SYNTHETIC_ONLY,demo-nbfc-ev-001,SYN-EV-3W-2025,SYN-B-LN-0485,SYN-B-BR-0485,BORROWER,26772866
SYNTHETIC_ONLY,demo-nbfc-ev-001,SYN-EV-3W-2025,SYN-B-LN-0486,SYN-B-BR-0486,BORROWER,10989355
SYNTHETIC_ONLY,demo-nbfc-ev-001,SYN-EV-3W-2025,SYN-B-LN-0487,SYN-B-BR-0487,BORROWER,15184737
SYNTHETIC_ONLY,demo-nbfc-ev-001,SYN-EV-3W-2025,SYN-B-LN-0488,SYN-B-BR-0488,BORROWER,13501436
SYNTHETIC_ONLY,demo-nbfc-ev-001,SYN-EV-3W-2025,SYN-B-LN-0489,SYN-B-BR-0489,BORROWER,18509590
SYNTHETIC_ONLY,demo-nbfc-ev-001,SYN-EV-3W-2025,SYN-B-LN-0490,SYN-B-BR-0490,BORROWER,16467303
SYNTHETIC_ONLY,demo-nbfc-ev-001,SYN-EV-3W-2025,SYN-B-LN-0491,SYN-B-BR-0491,BORROWER,21515550
SYNTHETIC_ONLY,demo-nbfc-ev-001,SYN-EV-3W-2025,SYN-B-LN-0492,SYN-B-BR-0492,BORROWER,21769050
SYNTHETIC_ONLY,demo-nbfc-ev-001,SYN-EV-3W-2025,SYN-B-LN-0493,SYN-B-BR-0493,BORROWER,25264257
SYNTHETIC_ONLY,demo-nbfc-ev-001,SYN-EV-3W-2025,SYN-B-LN-0494,SYN-B-BR-0494,BORROWER,24248227
SYNTHETIC_ONLY,demo-nbfc-ev-001,SYN-EV-3W-2025,SYN-B-LN-0495,SYN-B-BR-0495,BORROWER,13520186
SYNTHETIC_ONLY,demo-nbfc-ev-001,SYN-EV-3W-2025,SYN-B-LN-0496,SYN-B-BR-0496,BORROWER,11825501
SYNTHETIC_ONLY,demo-nbfc-ev-001,SYN-EV-3W-2025,SYN-B-LN-0497,SYN-B-BR-0497,BORROWER,16715211
SYNTHETIC_ONLY,demo-nbfc-ev-001,SYN-EV-3W-2025,SYN-B-LN-0498,SYN-B-BR-0498,BORROWER,17126011
SYNTHETIC_ONLY,demo-nbfc-ev-001,SYN-EV-3W-2025,SYN-B-LN-0499,SYN-B-BR-0499,BORROWER,20151466
SYNTHETIC_ONLY,demo-nbfc-ev-001,SYN-EV-3W-2025,SYN-B-LN-0500,SYN-B-BR-0500,BORROWER,18197648
SYNTHETIC_ONLY,demo-nbfc-ev-001,SYN-EV-3W-2025,SYN-B-LN-0501,SYN-B-BR-0501,BORROWER,23254529
SYNTHETIC_ONLY,demo-nbfc-ev-001,SYN-EV-3W-2025,SYN-B-LN-0502,SYN-B-BR-0502,BORROWER,22090095
SYNTHETIC_ONLY,demo-nbfc-ev-001,SYN-EV-3W-2025,SYN-B-LN-0503,SYN-B-BR-0503,BORROWER,27100802
SYNTHETIC_ONLY,demo-nbfc-ev-001,SYN-EV-3W-2025,SYN-B-LN-0504,SYN-B-BR-0504,BORROWER,11218260
SYNTHETIC_ONLY,demo-nbfc-ev-001,SYN-EV-3W-2025,SYN-B-LN-0505,SYN-B-BR-0505,BORROWER,14986141
SYNTHETIC_ONLY,demo-nbfc-ev-001,SYN-EV-3W-2025,SYN-B-LN-0506,SYN-B-BR-0506,BORROWER,13326434
SYNTHETIC_ONLY,demo-nbfc-ev-001,SYN-EV-3W-2025,SYN-B-LN-0507,SYN-B-BR-0507,BORROWER,18299610
SYNTHETIC_ONLY,demo-nbfc-ev-001,SYN-EV-3W-2025,SYN-B-LN-0508,SYN-B-BR-0508,BORROWER,16756191
SYNTHETIC_ONLY,demo-nbfc-ev-001,SYN-EV-3W-2025,SYN-B-LN-0509,SYN-B-BR-0509,BORROWER,21843376
SYNTHETIC_ONLY,demo-nbfc-ev-001,SYN-EV-3W-2025,SYN-B-LN-0510,SYN-B-BR-0510,BORROWER,21581440
SYNTHETIC_ONLY,demo-nbfc-ev-001,SYN-EV-3W-2025,SYN-B-LN-0511,SYN-B-BR-0511,BORROWER,25044108
SYNTHETIC_ONLY,demo-nbfc-ev-001,SYN-EV-3W-2025,SYN-B-LN-0512,SYN-B-BR-0512,BORROWER,24043428
SYNTHETIC_ONLY,demo-nbfc-ev-001,SYN-EV-3W-2025,SYN-B-LN-0513,SYN-B-BR-0513,BORROWER,13803015
SYNTHETIC_ONLY,demo-nbfc-ev-001,SYN-EV-3W-2025,SYN-B-LN-0514,SYN-B-BR-0514,BORROWER,12071824
SYNTHETIC_ONLY,demo-nbfc-ev-001,SYN-EV-3W-2025,SYN-B-LN-0515,SYN-B-BR-0515,BORROWER,16508529
SYNTHETIC_ONLY,demo-nbfc-ev-001,SYN-EV-3W-2025,SYN-B-LN-0516,SYN-B-BR-0516,BORROWER,16954812
SYNTHETIC_ONLY,demo-nbfc-ev-001,SYN-EV-3W-2025,SYN-B-LN-0517,SYN-B-BR-0517,BORROWER,19936834
SYNTHETIC_ONLY,demo-nbfc-ev-001,SYN-EV-3W-2025,SYN-B-LN-0518,SYN-B-BR-0518,BORROWER,18496052
SYNTHETIC_ONLY,demo-nbfc-ev-001,SYN-EV-3W-2025,SYN-B-LN-0519,SYN-B-BR-0519,BORROWER,23584163
SYNTHETIC_ONLY,demo-nbfc-ev-001,SYN-EV-3W-2025,SYN-B-LN-0520,SYN-B-BR-0520,BORROWER,21883448
SYNTHETIC_ONLY,demo-nbfc-ev-001,SYN-EV-3W-2025,SYN-B-LN-0521,SYN-B-BR-0521,BORROWER,26883310
SYNTHETIC_ONLY,demo-nbfc-ev-001,SYN-EV-3W-2025,SYN-B-LN-0522,SYN-B-BR-0522,BORROWER,11065814
SYNTHETIC_ONLY,demo-nbfc-ev-001,SYN-EV-3W-2025,SYN-B-LN-0523,SYN-B-BR-0523,BORROWER,15283055
SYNTHETIC_ONLY,demo-nbfc-ev-001,SYN-EV-3W-2025,SYN-B-LN-0524,SYN-B-BR-0524,BORROWER,13588589
SYNTHETIC_ONLY,demo-nbfc-ev-001,SYN-EV-3W-2025,SYN-B-LN-0525,SYN-B-BR-0525,BORROWER,18086347
SYNTHETIC_ONLY,demo-nbfc-ev-001,SYN-EV-3W-2025,SYN-B-LN-0526,SYN-B-BR-0526,BORROWER,16563946
SYNTHETIC_ONLY,demo-nbfc-ev-001,SYN-EV-3W-2025,SYN-B-LN-0527,SYN-B-BR-0527,BORROWER,21625799
SYNTHETIC_ONLY,demo-nbfc-ev-001,SYN-EV-3W-2025,SYN-B-LN-0528,SYN-B-BR-0528,BORROWER,21862040
SYNTHETIC_ONLY,demo-nbfc-ev-001,SYN-EV-3W-2025,SYN-B-LN-0529,SYN-B-BR-0529,BORROWER,25372686
SYNTHETIC_ONLY,demo-nbfc-ev-001,SYN-EV-3W-2025,SYN-B-LN-0530,SYN-B-BR-0530,BORROWER,23836217
SYNTHETIC_ONLY,demo-nbfc-ev-001,SYN-EV-3W-2025,SYN-B-LN-0531,SYN-B-BR-0531,BORROWER,13615029
SYNTHETIC_ONLY,demo-nbfc-ev-001,SYN-EV-3W-2025,SYN-B-LN-0532,SYN-B-BR-0532,BORROWER,11907778
SYNTHETIC_ONLY,demo-nbfc-ev-001,SYN-EV-3W-2025,SYN-B-LN-0533,SYN-B-BR-0533,BORROWER,16817448
SYNTHETIC_ONLY,demo-nbfc-ev-001,SYN-EV-3W-2025,SYN-B-LN-0534,SYN-B-BR-0534,BORROWER,17210991
SYNTHETIC_ONLY,demo-nbfc-ev-001,SYN-EV-3W-2025,SYN-B-LN-0535,SYN-B-BR-0535,BORROWER,19718609
SYNTHETIC_ONLY,demo-nbfc-ev-001,SYN-EV-3W-2025,SYN-B-LN-0536,SYN-B-BR-0536,BORROWER,18297529
SYNTHETIC_ONLY,demo-nbfc-ev-001,SYN-EV-3W-2025,SYN-B-LN-0537,SYN-B-BR-0537,BORROWER,23365446
SYNTHETIC_ONLY,demo-nbfc-ev-001,SYN-EV-3W-2025,SYN-B-LN-0538,SYN-B-BR-0538,BORROWER,22192603
SYNTHETIC_ONLY,demo-nbfc-ev-001,SYN-EV-3W-2025,SYN-B-LN-0539,SYN-B-BR-0539,BORROWER,27207834
SYNTHETIC_ONLY,demo-nbfc-ev-001,SYN-EV-3W-2025,SYN-B-LN-0540,SYN-B-BR-0540,BORROWER,10912748
SYNTHETIC_ONLY,demo-nbfc-ev-001,SYN-EV-3W-2025,SYN-B-LN-0541,SYN-B-BR-0541,BORROWER,15085761
SYNTHETIC_ONLY,demo-nbfc-ev-001,SYN-EV-3W-2025,SYN-B-LN-0542,SYN-B-BR-0542,BORROWER,13414048
SYNTHETIC_ONLY,demo-nbfc-ev-001,SYN-EV-3W-2025,SYN-B-LN-0543,SYN-B-BR-0543,BORROWER,18405017
SYNTHETIC_ONLY,demo-nbfc-ev-001,SYN-EV-3W-2025,SYN-B-LN-0544,SYN-B-BR-0544,BORROWER,16851775
SYNTHETIC_ONLY,demo-nbfc-ev-001,SYN-EV-3W-2025,SYN-B-LN-0545,SYN-B-BR-0545,BORROWER,21404341
SYNTHETIC_ONLY,demo-nbfc-ev-001,SYN-EV-3W-2025,SYN-B-LN-0546,SYN-B-BR-0546,BORROWER,21675514
SYNTHETIC_ONLY,demo-nbfc-ev-001,SYN-EV-3W-2025,SYN-B-LN-0547,SYN-B-BR-0547,BORROWER,25154729
SYNTHETIC_ONLY,demo-nbfc-ev-001,SYN-EV-3W-2025,SYN-B-LN-0548,SYN-B-BR-0548,BORROWER,24146133
SYNTHETIC_ONLY,demo-nbfc-ev-001,SYN-EV-3W-2025,SYN-B-LN-0549,SYN-B-BR-0549,BORROWER,13896130
SYNTHETIC_ONLY,demo-nbfc-ev-001,SYN-EV-3W-2025,SYN-B-LN-0550,SYN-B-BR-0550,BORROWER,11743065
SYNTHETIC_ONLY,demo-nbfc-ev-001,SYN-EV-3W-2025,SYN-B-LN-0551,SYN-B-BR-0551,BORROWER,16612233
SYNTHETIC_ONLY,demo-nbfc-ev-001,SYN-EV-3W-2025,SYN-B-LN-0552,SYN-B-BR-0552,BORROWER,17040616
SYNTHETIC_ONLY,demo-nbfc-ev-001,SYN-EV-3W-2025,SYN-B-LN-0553,SYN-B-BR-0553,BORROWER,20044605
SYNTHETIC_ONLY,demo-nbfc-ev-001,SYN-EV-3W-2025,SYN-B-LN-0554,SYN-B-BR-0554,BORROWER,18594676
SYNTHETIC_ONLY,demo-nbfc-ev-001,SYN-EV-3W-2025,SYN-B-LN-0555,SYN-B-BR-0555,BORROWER,23142587
SYNTHETIC_ONLY,demo-nbfc-ev-001,SYN-EV-3W-2025,SYN-B-LN-0556,SYN-B-BR-0556,BORROWER,21987041
SYNTHETIC_ONLY,demo-nbfc-ev-001,SYN-EV-3W-2025,SYN-B-LN-0557,SYN-B-BR-0557,BORROWER,26992624
SYNTHETIC_ONLY,demo-nbfc-ev-001,SYN-EV-3W-2025,SYN-B-LN-0558,SYN-B-BR-0558,BORROWER,11142119
SYNTHETIC_ONLY,demo-nbfc-ev-001,SYN-EV-3W-2025,SYN-B-LN-0559,SYN-B-BR-0559,BORROWER,15380701
SYNTHETIC_ONLY,demo-nbfc-ev-001,SYN-EV-3W-2025,SYN-B-LN-0560,SYN-B-BR-0560,BORROWER,13238603
SYNTHETIC_ONLY,demo-nbfc-ev-001,SYN-EV-3W-2025,SYN-B-LN-0561,SYN-B-BR-0561,BORROWER,18193382
SYNTHETIC_ONLY,demo-nbfc-ev-001,SYN-EV-3W-2025,SYN-B-LN-0562,SYN-B-BR-0562,BORROWER,16660245
SYNTHETIC_ONLY,demo-nbfc-ev-001,SYN-EV-3W-2025,SYN-B-LN-0563,SYN-B-BR-0563,BORROWER,21735079
SYNTHETIC_ONLY,demo-nbfc-ev-001,SYN-EV-3W-2025,SYN-B-LN-0564,SYN-B-BR-0564,BORROWER,21954476
SYNTHETIC_ONLY,demo-nbfc-ev-001,SYN-EV-3W-2025,SYN-B-LN-0565,SYN-B-BR-0565,BORROWER,24932404
SYNTHETIC_ONLY,demo-nbfc-ev-001,SYN-EV-3W-2025,SYN-B-LN-0566,SYN-B-BR-0566,BORROWER,23940121
SYNTHETIC_ONLY,demo-nbfc-ev-001,SYN-EV-3W-2025,SYN-B-LN-0567,SYN-B-BR-0567,BORROWER,13709309
SYNTHETIC_ONLY,demo-nbfc-ev-001,SYN-EV-3W-2025,SYN-B-LN-0568,SYN-B-BR-0568,BORROWER,11989889
SYNTHETIC_ONLY,demo-nbfc-ev-001,SYN-EV-3W-2025,SYN-B-LN-0569,SYN-B-BR-0569,BORROWER,16918932
SYNTHETIC_ONLY,demo-nbfc-ev-001,SYN-EV-3W-2025,SYN-B-LN-0570,SYN-B-BR-0570,BORROWER,16868607
SYNTHETIC_ONLY,demo-nbfc-ev-001,SYN-EV-3W-2025,SYN-B-LN-0571,SYN-B-BR-0571,BORROWER,19828164
SYNTHETIC_ONLY,demo-nbfc-ev-001,SYN-EV-3W-2025,SYN-B-LN-0572,SYN-B-BR-0572,BORROWER,18397000
SYNTHETIC_ONLY,demo-nbfc-ev-001,SYN-EV-3W-2025,SYN-B-LN-0573,SYN-B-BR-0573,BORROWER,23475327
SYNTHETIC_ONLY,demo-nbfc-ev-001,SYN-EV-3W-2025,SYN-B-LN-0574,SYN-B-BR-0574,BORROWER,22294557
SYNTHETIC_ONLY,demo-nbfc-ev-001,SYN-EV-3W-2025,SYN-B-LN-0575,SYN-B-BR-0575,BORROWER,26772866
SYNTHETIC_ONLY,demo-nbfc-ev-001,SYN-EV-3W-2025,SYN-B-LN-0576,SYN-B-BR-0576,BORROWER,10989355
SYNTHETIC_ONLY,demo-nbfc-ev-001,SYN-EV-3W-2025,SYN-B-LN-0577,SYN-B-BR-0577,BORROWER,15184737
SYNTHETIC_ONLY,demo-nbfc-ev-001,SYN-EV-3W-2025,SYN-B-LN-0578,SYN-B-BR-0578,BORROWER,13501436
SYNTHETIC_ONLY,demo-nbfc-ev-001,SYN-EV-3W-2025,SYN-B-LN-0579,SYN-B-BR-0579,BORROWER,18509590
SYNTHETIC_ONLY,demo-nbfc-ev-001,SYN-EV-3W-2025,SYN-B-LN-0580,SYN-B-BR-0580,BORROWER,16467303
SYNTHETIC_ONLY,demo-nbfc-ev-001,SYN-EV-3W-2025,SYN-B-LN-0581,SYN-B-BR-0581,BORROWER,21515550
SYNTHETIC_ONLY,demo-nbfc-ev-001,SYN-EV-3W-2025,SYN-B-LN-0582,SYN-B-BR-0582,BORROWER,21769050
SYNTHETIC_ONLY,demo-nbfc-ev-001,SYN-EV-3W-2025,SYN-B-LN-0583,SYN-B-BR-0583,BORROWER,25264257
SYNTHETIC_ONLY,demo-nbfc-ev-001,SYN-EV-3W-2025,SYN-B-LN-0584,SYN-B-BR-0584,BORROWER,24248227
SYNTHETIC_ONLY,demo-nbfc-ev-001,SYN-EV-3W-2025,SYN-B-LN-0585,SYN-B-BR-0585,BORROWER,13520186
SYNTHETIC_ONLY,demo-nbfc-ev-001,SYN-EV-3W-2025,SYN-B-LN-0586,SYN-B-BR-0586,BORROWER,11825501
SYNTHETIC_ONLY,demo-nbfc-ev-001,SYN-EV-3W-2025,SYN-B-LN-0587,SYN-B-BR-0587,BORROWER,16715211
SYNTHETIC_ONLY,demo-nbfc-ev-001,SYN-EV-3W-2025,SYN-B-LN-0588,SYN-B-BR-0588,BORROWER,17126011
SYNTHETIC_ONLY,demo-nbfc-ev-001,SYN-EV-3W-2025,SYN-B-LN-0589,SYN-B-BR-0589,BORROWER,20151466
SYNTHETIC_ONLY,demo-nbfc-ev-001,SYN-EV-3W-2025,SYN-B-LN-0590,SYN-B-BR-0590,BORROWER,18197648
SYNTHETIC_ONLY,demo-nbfc-ev-001,SYN-EV-3W-2025,SYN-B-LN-0591,SYN-B-BR-0591,BORROWER,23254529
SYNTHETIC_ONLY,demo-nbfc-ev-001,SYN-EV-3W-2025,SYN-B-LN-0592,SYN-B-BR-0592,BORROWER,22090095
SYNTHETIC_ONLY,demo-nbfc-ev-001,SYN-EV-3W-2025,SYN-B-LN-0593,SYN-B-BR-0593,BORROWER,27100802
SYNTHETIC_ONLY,demo-nbfc-ev-001,SYN-EV-3W-2025,SYN-B-LN-0594,SYN-B-BR-0594,BORROWER,11218260
SYNTHETIC_ONLY,demo-nbfc-ev-001,SYN-EV-3W-2025,SYN-B-LN-0595,SYN-B-BR-0595,BORROWER,14986141
SYNTHETIC_ONLY,demo-nbfc-ev-001,SYN-EV-3W-2025,SYN-B-LN-0596,SYN-B-BR-0596,BORROWER,13326434
SYNTHETIC_ONLY,demo-nbfc-ev-001,SYN-EV-3W-2025,SYN-B-LN-0597,SYN-B-BR-0597,BORROWER,18299610
SYNTHETIC_ONLY,demo-nbfc-ev-001,SYN-EV-3W-2025,SYN-B-LN-0598,SYN-B-BR-0598,BORROWER,16756191
SYNTHETIC_ONLY,demo-nbfc-ev-001,SYN-EV-3W-2025,SYN-B-LN-0599,SYN-B-BR-0599,BORROWER,21843376
SYNTHETIC_ONLY,demo-nbfc-ev-001,SYN-EV-3W-2025,SYN-B-LN-0600,SYN-B-BR-0600,BORROWER,21581440
SYNTHETIC_ONLY,demo-nbfc-ev-001,SYN-EV-3W-2025,SYN-B-LN-0601,SYN-B-BR-0601,BORROWER,25044108
SYNTHETIC_ONLY,demo-nbfc-ev-001,SYN-EV-3W-2025,SYN-B-LN-0602,SYN-B-BR-0602,BORROWER,24043428
SYNTHETIC_ONLY,demo-nbfc-ev-001,SYN-EV-3W-2025,SYN-B-LN-0603,SYN-B-BR-0603,BORROWER,13803015
SYNTHETIC_ONLY,demo-nbfc-ev-001,SYN-EV-3W-2025,SYN-B-LN-0604,SYN-B-BR-0604,BORROWER,12071824
SYNTHETIC_ONLY,demo-nbfc-ev-001,SYN-EV-3W-2025,SYN-B-LN-0605,SYN-B-BR-0605,BORROWER,16508529
SYNTHETIC_ONLY,demo-nbfc-ev-001,SYN-EV-3W-2025,SYN-B-LN-0606,SYN-B-BR-0606,BORROWER,16954812
SYNTHETIC_ONLY,demo-nbfc-ev-001,SYN-EV-3W-2025,SYN-B-LN-0607,SYN-B-BR-0607,BORROWER,19936834
SYNTHETIC_ONLY,demo-nbfc-ev-001,SYN-EV-3W-2025,SYN-B-LN-0608,SYN-B-BR-0608,BORROWER,18496052
SYNTHETIC_ONLY,demo-nbfc-ev-001,SYN-EV-3W-2025,SYN-B-LN-0609,SYN-B-BR-0609,BORROWER,23584163
SYNTHETIC_ONLY,demo-nbfc-ev-001,SYN-EV-3W-2025,SYN-B-LN-0610,SYN-B-BR-0610,BORROWER,21883448
SYNTHETIC_ONLY,demo-nbfc-ev-001,SYN-EV-3W-2025,SYN-B-LN-0611,SYN-B-BR-0611,BORROWER,26883310
SYNTHETIC_ONLY,demo-nbfc-ev-001,SYN-EV-3W-2025,SYN-B-LN-0612,SYN-B-BR-0612,BORROWER,11065814
SYNTHETIC_ONLY,demo-nbfc-ev-001,SYN-EV-3W-2025,SYN-B-LN-0613,SYN-B-BR-0613,BORROWER,15283055
SYNTHETIC_ONLY,demo-nbfc-ev-001,SYN-EV-3W-2025,SYN-B-LN-0614,SYN-B-BR-0614,BORROWER,13588589
SYNTHETIC_ONLY,demo-nbfc-ev-001,SYN-EV-3W-2025,SYN-B-LN-0615,SYN-B-BR-0615,BORROWER,18086347
SYNTHETIC_ONLY,demo-nbfc-ev-001,SYN-EV-3W-2025,SYN-B-LN-0616,SYN-B-BR-0616,BORROWER,16563946
SYNTHETIC_ONLY,demo-nbfc-ev-001,SYN-EV-3W-2025,SYN-B-LN-0617,SYN-B-BR-0617,BORROWER,21625799
SYNTHETIC_ONLY,demo-nbfc-ev-001,SYN-EV-3W-2025,SYN-B-LN-0618,SYN-B-BR-0618,BORROWER,21862040
SYNTHETIC_ONLY,demo-nbfc-ev-001,SYN-EV-3W-2025,SYN-B-LN-0619,SYN-B-BR-0619,BORROWER,25372686
SYNTHETIC_ONLY,demo-nbfc-ev-001,SYN-EV-3W-2025,SYN-B-LN-0620,SYN-B-BR-0620,BORROWER,23836217
SYNTHETIC_ONLY,demo-nbfc-ev-001,SYN-EV-3W-2025,SYN-B-LN-0621,SYN-B-BR-0621,BORROWER,13615029
SYNTHETIC_ONLY,demo-nbfc-ev-001,SYN-EV-3W-2025,SYN-B-LN-0622,SYN-B-BR-0622,BORROWER,11907778
SYNTHETIC_ONLY,demo-nbfc-ev-001,SYN-EV-3W-2025,SYN-B-LN-0623,SYN-B-BR-0623,BORROWER,16817448
SYNTHETIC_ONLY,demo-nbfc-ev-001,SYN-EV-3W-2025,SYN-B-LN-0624,SYN-B-BR-0624,BORROWER,17210991
SYNTHETIC_ONLY,demo-nbfc-ev-001,SYN-EV-3W-2025,SYN-B-LN-0625,SYN-B-BR-0625,BORROWER,19718609
SYNTHETIC_ONLY,demo-nbfc-ev-001,SYN-EV-3W-2025,SYN-B-LN-0626,SYN-B-BR-0626,BORROWER,18297529
SYNTHETIC_ONLY,demo-nbfc-ev-001,SYN-EV-3W-2025,SYN-B-LN-0627,SYN-B-BR-0627,BORROWER,23365446
SYNTHETIC_ONLY,demo-nbfc-ev-001,SYN-EV-3W-2025,SYN-B-LN-0628,SYN-B-BR-0628,BORROWER,22192603
SYNTHETIC_ONLY,demo-nbfc-ev-001,SYN-EV-3W-2025,SYN-B-LN-0629,SYN-B-BR-0629,BORROWER,27207834
SYNTHETIC_ONLY,demo-nbfc-ev-001,SYN-EV-3W-2025,SYN-B-LN-0630,SYN-B-BR-0630,BORROWER,10912748
SYNTHETIC_ONLY,demo-nbfc-ev-001,SYN-EV-3W-2025,SYN-B-LN-0631,SYN-B-BR-0631,BORROWER,15085761
SYNTHETIC_ONLY,demo-nbfc-ev-001,SYN-EV-3W-2025,SYN-B-LN-0632,SYN-B-BR-0632,BORROWER,13414048
SYNTHETIC_ONLY,demo-nbfc-ev-001,SYN-EV-3W-2025,SYN-B-LN-0633,SYN-B-BR-0633,BORROWER,18405017
SYNTHETIC_ONLY,demo-nbfc-ev-001,SYN-EV-3W-2025,SYN-B-LN-0634,SYN-B-BR-0634,BORROWER,16851775
SYNTHETIC_ONLY,demo-nbfc-ev-001,SYN-EV-3W-2025,SYN-B-LN-0635,SYN-B-BR-0635,BORROWER,21404341
SYNTHETIC_ONLY,demo-nbfc-ev-001,SYN-EV-3W-2025,SYN-B-LN-0636,SYN-B-BR-0636,BORROWER,21675514
SYNTHETIC_ONLY,demo-nbfc-ev-001,SYN-EV-3W-2025,SYN-B-LN-0637,SYN-B-BR-0637,BORROWER,25154729
SYNTHETIC_ONLY,demo-nbfc-ev-001,SYN-EV-3W-2025,SYN-B-LN-0638,SYN-B-BR-0638,BORROWER,24146133
SYNTHETIC_ONLY,demo-nbfc-ev-001,SYN-EV-3W-2025,SYN-B-LN-0639,SYN-B-BR-0639,BORROWER,13896130
SYNTHETIC_ONLY,demo-nbfc-ev-001,SYN-EV-3W-2025,SYN-B-LN-0640,SYN-B-BR-0640,BORROWER,11743065
SYNTHETIC_ONLY,demo-nbfc-ev-001,SYN-EV-3W-2025,SYN-B-LN-0641,SYN-B-BR-0641,BORROWER,16612233
SYNTHETIC_ONLY,demo-nbfc-ev-001,SYN-EV-3W-2025,SYN-B-LN-0642,SYN-B-BR-0642,BORROWER,17040616
SYNTHETIC_ONLY,demo-nbfc-ev-001,SYN-EV-3W-2025,SYN-B-LN-0643,SYN-B-BR-0643,BORROWER,20044605
SYNTHETIC_ONLY,demo-nbfc-ev-001,SYN-EV-3W-2025,SYN-B-LN-0644,SYN-B-BR-0644,BORROWER,18594676
SYNTHETIC_ONLY,demo-nbfc-ev-001,SYN-EV-3W-2025,SYN-B-LN-0645,SYN-B-BR-0645,BORROWER,23142587
SYNTHETIC_ONLY,demo-nbfc-ev-001,SYN-EV-3W-2025,SYN-B-LN-0646,SYN-B-BR-0646,BORROWER,21987041
SYNTHETIC_ONLY,demo-nbfc-ev-001,SYN-EV-3W-2025,SYN-B-LN-0647,SYN-B-BR-0647,BORROWER,26992624
SYNTHETIC_ONLY,demo-nbfc-ev-001,SYN-EV-3W-2025,SYN-B-LN-0648,SYN-B-BR-0648,BORROWER,11142119
SYNTHETIC_ONLY,demo-nbfc-ev-001,SYN-EV-3W-2025,SYN-B-LN-0649,SYN-B-BR-0649,BORROWER,15380701
SYNTHETIC_ONLY,demo-nbfc-ev-001,SYN-EV-3W-2025,SYN-B-LN-0650,SYN-B-BR-0650,BORROWER,13238603
SYNTHETIC_ONLY,demo-nbfc-ev-001,SYN-EV-3W-2025,SYN-B-LN-0651,SYN-B-BR-0651,BORROWER,18193382
SYNTHETIC_ONLY,demo-nbfc-ev-001,SYN-EV-3W-2025,SYN-B-LN-0652,SYN-B-BR-0652,BORROWER,16660245
SYNTHETIC_ONLY,demo-nbfc-ev-001,SYN-EV-3W-2025,SYN-B-LN-0653,SYN-B-BR-0653,BORROWER,21735079
SYNTHETIC_ONLY,demo-nbfc-ev-001,SYN-EV-3W-2025,SYN-B-LN-0654,SYN-B-BR-0654,BORROWER,21954476
SYNTHETIC_ONLY,demo-nbfc-ev-001,SYN-EV-3W-2025,SYN-B-LN-0655,SYN-B-BR-0655,BORROWER,24932404
SYNTHETIC_ONLY,demo-nbfc-ev-001,SYN-EV-3W-2025,SYN-B-LN-0656,SYN-B-BR-0656,BORROWER,23940121
SYNTHETIC_ONLY,demo-nbfc-ev-001,SYN-EV-3W-2025,SYN-B-LN-0657,SYN-B-BR-0657,BORROWER,13709309
SYNTHETIC_ONLY,demo-nbfc-ev-001,SYN-EV-3W-2025,SYN-B-LN-0658,SYN-B-BR-0658,BORROWER,11989889
SYNTHETIC_ONLY,demo-nbfc-ev-001,SYN-EV-3W-2025,SYN-B-LN-0659,SYN-B-BR-0659,BORROWER,16918932
SYNTHETIC_ONLY,demo-nbfc-ev-001,SYN-EV-3W-2025,SYN-B-LN-0660,SYN-B-BR-0660,BORROWER,16868607
SYNTHETIC_ONLY,demo-nbfc-ev-001,SYN-EV-3W-2025,SYN-B-LN-0661,SYN-B-BR-0661,BORROWER,19828164
SYNTHETIC_ONLY,demo-nbfc-ev-001,SYN-EV-3W-2025,SYN-B-LN-0662,SYN-B-BR-0662,BORROWER,18397000
SYNTHETIC_ONLY,demo-nbfc-ev-001,SYN-EV-3W-2025,SYN-B-LN-0663,SYN-B-BR-0663,BORROWER,23475327
SYNTHETIC_ONLY,demo-nbfc-ev-001,SYN-EV-3W-2025,SYN-B-LN-0664,SYN-B-BR-0664,BORROWER,22294557
SYNTHETIC_ONLY,demo-nbfc-ev-001,SYN-EV-3W-2025,SYN-B-LN-0665,SYN-B-BR-0665,BORROWER,26772866
SYNTHETIC_ONLY,demo-nbfc-ev-001,SYN-EV-3W-2025,SYN-B-LN-0666,SYN-B-BR-0666,BORROWER,10989355
SYNTHETIC_ONLY,demo-nbfc-ev-001,SYN-EV-3W-2025,SYN-B-LN-0667,SYN-B-BR-0667,BORROWER,15184737
SYNTHETIC_ONLY,demo-nbfc-ev-001,SYN-EV-3W-2025,SYN-B-LN-0668,SYN-B-BR-0668,BORROWER,13501436
SYNTHETIC_ONLY,demo-nbfc-ev-001,SYN-EV-3W-2025,SYN-B-LN-0669,SYN-B-BR-0669,BORROWER,18509590
SYNTHETIC_ONLY,demo-nbfc-ev-001,SYN-EV-3W-2025,SYN-B-LN-0670,SYN-B-BR-0670,BORROWER,16467303
SYNTHETIC_ONLY,demo-nbfc-ev-001,SYN-EV-3W-2025,SYN-B-LN-0671,SYN-B-BR-0671,BORROWER,21515550
SYNTHETIC_ONLY,demo-nbfc-ev-001,SYN-EV-3W-2025,SYN-B-LN-0672,SYN-B-BR-0672,BORROWER,21769050
SYNTHETIC_ONLY,demo-nbfc-ev-001,SYN-EV-3W-2025,SYN-B-LN-0673,SYN-B-BR-0673,BORROWER,25264257
SYNTHETIC_ONLY,demo-nbfc-ev-001,SYN-EV-3W-2025,SYN-B-LN-0674,SYN-B-BR-0674,BORROWER,24248227
SYNTHETIC_ONLY,demo-nbfc-ev-001,SYN-EV-3W-2025,SYN-B-LN-0675,SYN-B-BR-0675,BORROWER,13520186
SYNTHETIC_ONLY,demo-nbfc-ev-001,SYN-EV-3W-2025,SYN-B-LN-0676,SYN-B-BR-0676,BORROWER,11825500
SYNTHETIC_ONLY,demo-nbfc-ev-001,SYN-EV-3W-2025,SYN-B-LN-0677,SYN-B-BR-0677,BORROWER,16715211
SYNTHETIC_ONLY,demo-nbfc-ev-001,SYN-EV-3W-2025,SYN-B-LN-0678,SYN-B-BR-0678,BORROWER,17126011
SYNTHETIC_ONLY,demo-nbfc-ev-001,SYN-EV-3W-2025,SYN-B-LN-0679,SYN-B-BR-0679,BORROWER,20151466
SYNTHETIC_ONLY,demo-nbfc-ev-001,SYN-EV-3W-2025,SYN-B-LN-0680,SYN-B-BR-0680,BORROWER,18197648
SYNTHETIC_ONLY,demo-nbfc-ev-001,SYN-EV-3W-2025,SYN-B-LN-0681,SYN-B-BR-0681,BORROWER,23254529
SYNTHETIC_ONLY,demo-nbfc-ev-001,SYN-EV-3W-2025,SYN-B-LN-0682,SYN-B-BR-0682,BORROWER,22090095
SYNTHETIC_ONLY,demo-nbfc-ev-001,SYN-EV-3W-2025,SYN-B-LN-0683,SYN-B-BR-0683,BORROWER,27100802
SYNTHETIC_ONLY,demo-nbfc-ev-001,SYN-EV-3W-2025,SYN-B-LN-0684,SYN-B-BR-0684,BORROWER,11218260
SYNTHETIC_ONLY,demo-nbfc-ev-001,SYN-EV-3W-2025,SYN-B-LN-0685,SYN-B-BR-0685,BORROWER,14986141
SYNTHETIC_ONLY,demo-nbfc-ev-001,SYN-EV-3W-2025,SYN-B-LN-0686,SYN-B-BR-0686,BORROWER,13326434
SYNTHETIC_ONLY,demo-nbfc-ev-001,SYN-EV-3W-2025,SYN-B-LN-0687,SYN-B-BR-0687,BORROWER,18299610
SYNTHETIC_ONLY,demo-nbfc-ev-001,SYN-EV-3W-2025,SYN-B-LN-0688,SYN-B-BR-0688,BORROWER,16756191
SYNTHETIC_ONLY,demo-nbfc-ev-001,SYN-EV-3W-2025,SYN-B-LN-0689,SYN-B-BR-0689,BORROWER,21843376
SYNTHETIC_ONLY,demo-nbfc-ev-001,SYN-EV-3W-2025,SYN-B-LN-0690,SYN-B-BR-0690,BORROWER,21581440
SYNTHETIC_ONLY,demo-nbfc-ev-001,SYN-EV-3W-2025,SYN-B-LN-0691,SYN-B-BR-0691,BORROWER,25044108
SYNTHETIC_ONLY,demo-nbfc-ev-001,SYN-EV-3W-2025,SYN-B-LN-0692,SYN-B-BR-0692,BORROWER,24043428
SYNTHETIC_ONLY,demo-nbfc-ev-001,SYN-EV-3W-2025,SYN-B-LN-0693,SYN-B-BR-0693,BORROWER,13803015
SYNTHETIC_ONLY,demo-nbfc-ev-001,SYN-EV-3W-2025,SYN-B-LN-0694,SYN-B-BR-0694,BORROWER,12071824
SYNTHETIC_ONLY,demo-nbfc-ev-001,SYN-EV-3W-2025,SYN-B-LN-0695,SYN-B-BR-0695,BORROWER,16508529
SYNTHETIC_ONLY,demo-nbfc-ev-001,SYN-EV-3W-2025,SYN-B-LN-0696,SYN-B-BR-0696,BORROWER,16954812
SYNTHETIC_ONLY,demo-nbfc-ev-001,SYN-EV-3W-2025,SYN-B-LN-0697,SYN-B-BR-0697,BORROWER,19936834
SYNTHETIC_ONLY,demo-nbfc-ev-001,SYN-EV-3W-2025,SYN-B-LN-0698,SYN-B-BR-0698,BORROWER,18496052
SYNTHETIC_ONLY,demo-nbfc-ev-001,SYN-EV-3W-2025,SYN-B-LN-0699,SYN-B-BR-0699,BORROWER,23584163
SYNTHETIC_ONLY,demo-nbfc-ev-001,SYN-EV-3W-2025,SYN-B-LN-0700,SYN-B-BR-0700,BORROWER,21883448
SYNTHETIC_ONLY,demo-nbfc-ev-001,SYN-EV-3W-2025,SYN-B-LN-0701,SYN-B-BR-0701,BORROWER,26883310
SYNTHETIC_ONLY,demo-nbfc-ev-001,SYN-EV-3W-2025,SYN-B-LN-0702,SYN-B-BR-0702,BORROWER,11065814
SYNTHETIC_ONLY,demo-nbfc-ev-001,SYN-EV-3W-2025,SYN-B-LN-0703,SYN-B-BR-0703,BORROWER,15283055
SYNTHETIC_ONLY,demo-nbfc-ev-001,SYN-EV-3W-2025,SYN-B-LN-0704,SYN-B-BR-0704,BORROWER,13588589
SYNTHETIC_ONLY,demo-nbfc-ev-001,SYN-EV-3W-2025,SYN-B-LN-0705,SYN-B-BR-0705,BORROWER,18086347
SYNTHETIC_ONLY,demo-nbfc-ev-001,SYN-EV-3W-2025,SYN-B-LN-0706,SYN-B-BR-0706,BORROWER,16563946
SYNTHETIC_ONLY,demo-nbfc-ev-001,SYN-EV-3W-2025,SYN-B-LN-0707,SYN-B-BR-0707,BORROWER,21625799
SYNTHETIC_ONLY,demo-nbfc-ev-001,SYN-EV-3W-2025,SYN-B-LN-0708,SYN-B-BR-0708,BORROWER,21862040
SYNTHETIC_ONLY,demo-nbfc-ev-001,SYN-EV-3W-2025,SYN-B-LN-0709,SYN-B-BR-0709,BORROWER,25372686
SYNTHETIC_ONLY,demo-nbfc-ev-001,SYN-EV-3W-2025,SYN-B-LN-0710,SYN-B-BR-0710,BORROWER,23836217
SYNTHETIC_ONLY,demo-nbfc-ev-001,SYN-EV-3W-2025,SYN-B-LN-0711,SYN-B-BR-0711,BORROWER,13615029
SYNTHETIC_ONLY,demo-nbfc-ev-001,SYN-EV-3W-2025,SYN-B-LN-0712,SYN-B-BR-0712,BORROWER,11907778
SYNTHETIC_ONLY,demo-nbfc-ev-001,SYN-EV-3W-2025,SYN-B-LN-0713,SYN-B-BR-0713,BORROWER,16817448
SYNTHETIC_ONLY,demo-nbfc-ev-001,SYN-EV-3W-2025,SYN-B-LN-0714,SYN-B-BR-0714,BORROWER,17210991
SYNTHETIC_ONLY,demo-nbfc-ev-001,SYN-EV-3W-2025,SYN-B-LN-0715,SYN-B-BR-0715,BORROWER,19718609
SYNTHETIC_ONLY,demo-nbfc-ev-001,SYN-EV-3W-2025,SYN-B-LN-0716,SYN-B-BR-0716,BORROWER,18297529
SYNTHETIC_ONLY,demo-nbfc-ev-001,SYN-EV-3W-2025,SYN-B-LN-0717,SYN-B-BR-0717,BORROWER,23365446
SYNTHETIC_ONLY,demo-nbfc-ev-001,SYN-EV-3W-2025,SYN-B-LN-0718,SYN-B-BR-0718,BORROWER,22192603
SYNTHETIC_ONLY,demo-nbfc-ev-001,SYN-EV-3W-2025,SYN-B-LN-0719,SYN-B-BR-0719,BORROWER,27207834
SYNTHETIC_ONLY,demo-nbfc-ev-001,SYN-EV-3W-2025,SYN-B-LN-0720,SYN-B-BR-0720,BORROWER,10912748
SYNTHETIC_ONLY,demo-nbfc-ev-001,SYN-EV-3W-2025,SYN-B-LN-0721,SYN-B-BR-0721,BORROWER,15085761
SYNTHETIC_ONLY,demo-nbfc-ev-001,SYN-EV-3W-2025,SYN-B-LN-0722,SYN-B-BR-0722,BORROWER,13414048
SYNTHETIC_ONLY,demo-nbfc-ev-001,SYN-EV-3W-2025,SYN-B-LN-0723,SYN-B-BR-0723,BORROWER,18405017
SYNTHETIC_ONLY,demo-nbfc-ev-001,SYN-EV-3W-2025,SYN-B-LN-0724,SYN-B-BR-0724,BORROWER,16851775
SYNTHETIC_ONLY,demo-nbfc-ev-001,SYN-EV-3W-2025,SYN-B-LN-0725,SYN-B-BR-0725,BORROWER,21404341
SYNTHETIC_ONLY,demo-nbfc-ev-001,SYN-EV-3W-2025,SYN-B-LN-0726,SYN-B-BR-0726,BORROWER,21675514
SYNTHETIC_ONLY,demo-nbfc-ev-001,SYN-EV-3W-2025,SYN-B-LN-0727,SYN-B-BR-0727,BORROWER,25154729
SYNTHETIC_ONLY,demo-nbfc-ev-001,SYN-EV-3W-2025,SYN-B-LN-0728,SYN-B-BR-0728,BORROWER,24146133
SYNTHETIC_ONLY,demo-nbfc-ev-001,SYN-EV-3W-2025,SYN-B-LN-0729,SYN-B-BR-0729,BORROWER,13896130
SYNTHETIC_ONLY,demo-nbfc-ev-001,SYN-EV-3W-2025,SYN-B-LN-0730,SYN-B-BR-0730,BORROWER,11743065
SYNTHETIC_ONLY,demo-nbfc-ev-001,SYN-EV-3W-2025,SYN-B-LN-0731,SYN-B-BR-0731,BORROWER,16612233
SYNTHETIC_ONLY,demo-nbfc-ev-001,SYN-EV-3W-2025,SYN-B-LN-0732,SYN-B-BR-0732,BORROWER,17040616
SYNTHETIC_ONLY,demo-nbfc-ev-001,SYN-EV-3W-2025,SYN-B-LN-0733,SYN-B-BR-0733,BORROWER,20044605
SYNTHETIC_ONLY,demo-nbfc-ev-001,SYN-EV-3W-2025,SYN-B-LN-0734,SYN-B-BR-0734,BORROWER,18594676
SYNTHETIC_ONLY,demo-nbfc-ev-001,SYN-EV-3W-2025,SYN-B-LN-0735,SYN-B-BR-0735,BORROWER,23142587
SYNTHETIC_ONLY,demo-nbfc-ev-001,SYN-EV-3W-2025,SYN-B-LN-0736,SYN-B-BR-0736,BORROWER,21987041
SYNTHETIC_ONLY,demo-nbfc-ev-001,SYN-EV-3W-2025,SYN-B-LN-0737,SYN-B-BR-0737,BORROWER,26992624
SYNTHETIC_ONLY,demo-nbfc-ev-001,SYN-EV-3W-2025,SYN-B-LN-0738,SYN-B-BR-0738,BORROWER,11142119
SYNTHETIC_ONLY,demo-nbfc-ev-001,SYN-EV-3W-2025,SYN-B-LN-0739,SYN-B-BR-0739,BORROWER,15380701
SYNTHETIC_ONLY,demo-nbfc-ev-001,SYN-EV-3W-2025,SYN-B-LN-0740,SYN-B-BR-0740,BORROWER,13238603
SYNTHETIC_ONLY,demo-nbfc-ev-001,SYN-EV-3W-2025,SYN-B-LN-0741,SYN-B-BR-0741,BORROWER,18193382
SYNTHETIC_ONLY,demo-nbfc-ev-001,SYN-EV-3W-2025,SYN-B-LN-0742,SYN-B-BR-0742,BORROWER,16660245
SYNTHETIC_ONLY,demo-nbfc-ev-001,SYN-EV-3W-2025,SYN-B-LN-0743,SYN-B-BR-0743,BORROWER,21735079
SYNTHETIC_ONLY,demo-nbfc-ev-001,SYN-EV-3W-2025,SYN-B-LN-0744,SYN-B-BR-0744,BORROWER,21954476
SYNTHETIC_ONLY,demo-nbfc-ev-001,SYN-EV-3W-2025,SYN-B-LN-0745,SYN-B-BR-0745,BORROWER,24932404
SYNTHETIC_ONLY,demo-nbfc-ev-001,SYN-EV-3W-2025,SYN-B-LN-0746,SYN-B-BR-0746,BORROWER,23940121
SYNTHETIC_ONLY,demo-nbfc-ev-001,SYN-EV-3W-2025,SYN-B-LN-0747,SYN-B-BR-0747,BORROWER,13709309
SYNTHETIC_ONLY,demo-nbfc-ev-001,SYN-EV-3W-2025,SYN-B-LN-0748,SYN-B-BR-0748,BORROWER,11989889
SYNTHETIC_ONLY,demo-nbfc-ev-001,SYN-EV-3W-2025,SYN-B-LN-0749,SYN-B-BR-0749,BORROWER,16918932
SYNTHETIC_ONLY,demo-nbfc-ev-001,SYN-EV-3W-2025,SYN-B-LN-0750,SYN-B-BR-0750,BORROWER,16868607
SYNTHETIC_ONLY,demo-nbfc-ev-001,SYN-EV-3W-2025,SYN-B-LN-0751,SYN-B-BR-0751,BORROWER,19828164
SYNTHETIC_ONLY,demo-nbfc-ev-001,SYN-EV-3W-2025,SYN-B-LN-0752,SYN-B-BR-0752,BORROWER,18397000
SYNTHETIC_ONLY,demo-nbfc-ev-001,SYN-EV-3W-2025,SYN-B-LN-0753,SYN-B-BR-0753,BORROWER,23475327
SYNTHETIC_ONLY,demo-nbfc-ev-001,SYN-EV-3W-2025,SYN-B-LN-0754,SYN-B-BR-0754,BORROWER,22294557
SYNTHETIC_ONLY,demo-nbfc-ev-001,SYN-EV-3W-2025,SYN-B-LN-0755,SYN-B-BR-0755,BORROWER,26772866
SYNTHETIC_ONLY,demo-nbfc-ev-001,SYN-EV-3W-2025,SYN-B-LN-0756,SYN-B-BR-0756,BORROWER,10989355
SYNTHETIC_ONLY,demo-nbfc-ev-001,SYN-EV-3W-2025,SYN-B-LN-0757,SYN-B-BR-0757,BORROWER,15184737
SYNTHETIC_ONLY,demo-nbfc-ev-001,SYN-EV-3W-2025,SYN-B-LN-0758,SYN-B-BR-0758,BORROWER,13501436
SYNTHETIC_ONLY,demo-nbfc-ev-001,SYN-EV-3W-2025,SYN-B-LN-0759,SYN-B-BR-0759,BORROWER,18509590
SYNTHETIC_ONLY,demo-nbfc-ev-001,SYN-EV-3W-2025,SYN-B-LN-0760,SYN-B-BR-0760,BORROWER,16467303
SYNTHETIC_ONLY,demo-nbfc-ev-001,SYN-EV-3W-2025,SYN-B-LN-0761,SYN-B-BR-0761,BORROWER,21515550
SYNTHETIC_ONLY,demo-nbfc-ev-001,SYN-EV-3W-2025,SYN-B-LN-0762,SYN-B-BR-0762,BORROWER,21769050
SYNTHETIC_ONLY,demo-nbfc-ev-001,SYN-EV-3W-2025,SYN-B-LN-0763,SYN-B-BR-0763,BORROWER,25264257
SYNTHETIC_ONLY,demo-nbfc-ev-001,SYN-EV-3W-2025,SYN-B-LN-0764,SYN-B-BR-0764,BORROWER,24248227
SYNTHETIC_ONLY,demo-nbfc-ev-001,SYN-EV-3W-2025,SYN-B-LN-0765,SYN-B-BR-0765,BORROWER,13520186
SYNTHETIC_ONLY,demo-nbfc-ev-001,SYN-EV-3W-2025,SYN-B-LN-0766,SYN-B-BR-0766,BORROWER,11825500
SYNTHETIC_ONLY,demo-nbfc-ev-001,SYN-EV-3W-2025,SYN-B-LN-0767,SYN-B-BR-0767,BORROWER,16715211
SYNTHETIC_ONLY,demo-nbfc-ev-001,SYN-EV-3W-2025,SYN-B-LN-0768,SYN-B-BR-0768,BORROWER,17126011
SYNTHETIC_ONLY,demo-nbfc-ev-001,SYN-EV-3W-2025,SYN-B-LN-0769,SYN-B-BR-0769,BORROWER,20151466
SYNTHETIC_ONLY,demo-nbfc-ev-001,SYN-EV-3W-2025,SYN-B-LN-0770,SYN-B-BR-0770,BORROWER,18197648
SYNTHETIC_ONLY,demo-nbfc-ev-001,SYN-EV-3W-2025,SYN-B-LN-0771,SYN-B-BR-0771,BORROWER,23254529
SYNTHETIC_ONLY,demo-nbfc-ev-001,SYN-EV-3W-2025,SYN-B-LN-0772,SYN-B-BR-0772,BORROWER,22090095
SYNTHETIC_ONLY,demo-nbfc-ev-001,SYN-EV-3W-2025,SYN-B-LN-0773,SYN-B-BR-0773,BORROWER,27100802
SYNTHETIC_ONLY,demo-nbfc-ev-001,SYN-EV-3W-2025,SYN-B-LN-0774,SYN-B-BR-0774,BORROWER,11218260
SYNTHETIC_ONLY,demo-nbfc-ev-001,SYN-EV-3W-2025,SYN-B-LN-0775,SYN-B-BR-0775,BORROWER,14986141
SYNTHETIC_ONLY,demo-nbfc-ev-001,SYN-EV-3W-2025,SYN-B-LN-0776,SYN-B-BR-0776,BORROWER,13326434
SYNTHETIC_ONLY,demo-nbfc-ev-001,SYN-EV-3W-2025,SYN-B-LN-0777,SYN-B-BR-0777,BORROWER,18299610
SYNTHETIC_ONLY,demo-nbfc-ev-001,SYN-EV-3W-2025,SYN-B-LN-0778,SYN-B-BR-0778,BORROWER,16756191
SYNTHETIC_ONLY,demo-nbfc-ev-001,SYN-EV-3W-2025,SYN-B-LN-0779,SYN-B-BR-0779,BORROWER,21843376
SYNTHETIC_ONLY,demo-nbfc-ev-001,SYN-EV-3W-2025,SYN-B-LN-0780,SYN-B-BR-0780,BORROWER,21581440
SYNTHETIC_ONLY,demo-nbfc-ev-001,SYN-EV-3W-2025,SYN-B-LN-0781,SYN-B-BR-0781,BORROWER,25044108
SYNTHETIC_ONLY,demo-nbfc-ev-001,SYN-EV-3W-2025,SYN-B-LN-0782,SYN-B-BR-0782,BORROWER,24043428
SYNTHETIC_ONLY,demo-nbfc-ev-001,SYN-EV-3W-2025,SYN-B-LN-0783,SYN-B-BR-0783,BORROWER,13803015
SYNTHETIC_ONLY,demo-nbfc-ev-001,SYN-EV-3W-2025,SYN-B-LN-0784,SYN-B-BR-0784,BORROWER,12071824
SYNTHETIC_ONLY,demo-nbfc-ev-001,SYN-EV-3W-2025,SYN-B-LN-0785,SYN-B-BR-0785,BORROWER,16508529
SYNTHETIC_ONLY,demo-nbfc-ev-001,SYN-EV-3W-2025,SYN-B-LN-0786,SYN-B-BR-0786,BORROWER,16954812
SYNTHETIC_ONLY,demo-nbfc-ev-001,SYN-EV-3W-2025,SYN-B-LN-0787,SYN-B-BR-0787,BORROWER,19936834
SYNTHETIC_ONLY,demo-nbfc-ev-001,SYN-EV-3W-2025,SYN-B-LN-0788,SYN-B-BR-0788,BORROWER,18496052
SYNTHETIC_ONLY,demo-nbfc-ev-001,SYN-EV-3W-2025,SYN-B-LN-0789,SYN-B-BR-0789,BORROWER,23584163
SYNTHETIC_ONLY,demo-nbfc-ev-001,SYN-EV-3W-2025,SYN-B-LN-0790,SYN-B-BR-0790,BORROWER,21883448
SYNTHETIC_ONLY,demo-nbfc-ev-001,SYN-EV-3W-2025,SYN-B-LN-0791,SYN-B-BR-0791,BORROWER,26883310
SYNTHETIC_ONLY,demo-nbfc-ev-001,SYN-EV-3W-2025,SYN-B-LN-0792,SYN-B-BR-0792,BORROWER,11065814
SYNTHETIC_ONLY,demo-nbfc-ev-001,SYN-EV-3W-2025,SYN-B-LN-0793,SYN-B-BR-0793,BORROWER,15283055
SYNTHETIC_ONLY,demo-nbfc-ev-001,SYN-EV-3W-2025,SYN-B-LN-0794,SYN-B-BR-0794,BORROWER,13588589
SYNTHETIC_ONLY,demo-nbfc-ev-001,SYN-EV-3W-2025,SYN-B-LN-0795,SYN-B-BR-0795,BORROWER,18086347
SYNTHETIC_ONLY,demo-nbfc-ev-001,SYN-EV-3W-2025,SYN-B-LN-0796,SYN-B-BR-0796,BORROWER,16563946
SYNTHETIC_ONLY,demo-nbfc-ev-001,SYN-EV-3W-2025,SYN-B-LN-0797,SYN-B-BR-0797,BORROWER,21625799
SYNTHETIC_ONLY,demo-nbfc-ev-001,SYN-EV-3W-2025,SYN-B-LN-0798,SYN-B-BR-0798,BORROWER,21862040
SYNTHETIC_ONLY,demo-nbfc-ev-001,SYN-EV-3W-2025,SYN-B-LN-0799,SYN-B-BR-0799,BORROWER,25372686
SYNTHETIC_ONLY,demo-nbfc-ev-001,SYN-EV-3W-2025,SYN-B-LN-0800,SYN-B-BR-0800,BORROWER,23836217
SYNTHETIC_ONLY,demo-nbfc-ev-002,SYN-EV-2W-2025,SYN-C-LN-0001,SYN-C-BR-0001,BORROWER,16790313
SYNTHETIC_ONLY,demo-nbfc-ev-002,SYN-EV-2W-2025,SYN-C-LN-0001,SYN-C-CO-0001,CO_BORROWER,16790313
SYNTHETIC_ONLY,demo-nbfc-ev-002,SYN-EV-2W-2025,SYN-C-LN-0001,SYN-C-GU-0001,LINKED_PARTY,16790313
SYNTHETIC_ONLY,demo-nbfc-ev-002,SYN-EV-2W-2025,SYN-C-LN-0002,SYN-C-BR-0002,BORROWER,14712342
SYNTHETIC_ONLY,demo-nbfc-ev-002,SYN-EV-2W-2025,SYN-C-LN-0002,SYN-C-CO-0002,CO_BORROWER,14712342
SYNTHETIC_ONLY,demo-nbfc-ev-002,SYN-EV-2W-2025,SYN-C-LN-0002,SYN-C-GU-0002,LINKED_PARTY,14712342
SYNTHETIC_ONLY,demo-nbfc-ev-002,SYN-EV-2W-2025,SYN-C-LN-0003,SYN-C-BR-0003,BORROWER,19925074
SYNTHETIC_ONLY,demo-nbfc-ev-002,SYN-EV-2W-2025,SYN-C-LN-0003,SYN-C-CO-0003,CO_BORROWER,19925074
SYNTHETIC_ONLY,demo-nbfc-ev-002,SYN-EV-2W-2025,SYN-C-LN-0003,SYN-C-GU-0003,LINKED_PARTY,19925074
SYNTHETIC_ONLY,demo-nbfc-ev-002,SYN-EV-2W-2025,SYN-C-LN-0004,SYN-C-BR-0004,BORROWER,18032220
SYNTHETIC_ONLY,demo-nbfc-ev-002,SYN-EV-2W-2025,SYN-C-LN-0004,SYN-C-CO-0004,CO_BORROWER,18032220
SYNTHETIC_ONLY,demo-nbfc-ev-002,SYN-EV-2W-2025,SYN-C-LN-0004,SYN-C-GU-0004,LINKED_PARTY,18032220
SYNTHETIC_ONLY,demo-nbfc-ev-002,SYN-EV-2W-2025,SYN-C-LN-0005,SYN-C-BR-0005,BORROWER,22664853
SYNTHETIC_ONLY,demo-nbfc-ev-002,SYN-EV-2W-2025,SYN-C-LN-0005,SYN-C-CO-0005,CO_BORROWER,22664853
SYNTHETIC_ONLY,demo-nbfc-ev-002,SYN-EV-2W-2025,SYN-C-LN-0005,SYN-C-GU-0005,LINKED_PARTY,22664853
SYNTHETIC_ONLY,demo-nbfc-ev-002,SYN-EV-2W-2025,SYN-C-LN-0006,SYN-C-BR-0006,BORROWER,22735405
SYNTHETIC_ONLY,demo-nbfc-ev-002,SYN-EV-2W-2025,SYN-C-LN-0006,SYN-C-CO-0006,CO_BORROWER,22735405
SYNTHETIC_ONLY,demo-nbfc-ev-002,SYN-EV-2W-2025,SYN-C-LN-0006,SYN-C-GU-0006,LINKED_PARTY,22735405
SYNTHETIC_ONLY,demo-nbfc-ev-002,SYN-EV-2W-2025,SYN-C-LN-0007,SYN-C-BR-0007,BORROWER,26158346
SYNTHETIC_ONLY,demo-nbfc-ev-002,SYN-EV-2W-2025,SYN-C-LN-0007,SYN-C-CO-0007,CO_BORROWER,26158346
SYNTHETIC_ONLY,demo-nbfc-ev-002,SYN-EV-2W-2025,SYN-C-LN-0007,SYN-C-GU-0007,LINKED_PARTY,26158346
SYNTHETIC_ONLY,demo-nbfc-ev-002,SYN-EV-2W-2025,SYN-C-LN-0008,SYN-C-BR-0008,BORROWER,24912746
SYNTHETIC_ONLY,demo-nbfc-ev-002,SYN-EV-2W-2025,SYN-C-LN-0008,SYN-C-CO-0008,CO_BORROWER,24912746
SYNTHETIC_ONLY,demo-nbfc-ev-002,SYN-EV-2W-2025,SYN-C-LN-0008,SYN-C-GU-0008,LINKED_PARTY,24912746
SYNTHETIC_ONLY,demo-nbfc-ev-002,SYN-EV-2W-2025,SYN-C-LN-0009,SYN-C-BR-0009,BORROWER,15725713
SYNTHETIC_ONLY,demo-nbfc-ev-002,SYN-EV-2W-2025,SYN-C-LN-0009,SYN-C-CO-0009,CO_BORROWER,15725713
SYNTHETIC_ONLY,demo-nbfc-ev-002,SYN-EV-2W-2025,SYN-C-LN-0009,SYN-C-GU-0009,LINKED_PARTY,15725713
SYNTHETIC_ONLY,demo-nbfc-ev-002,SYN-EV-2W-2025,SYN-C-LN-0010,SYN-C-BR-0010,BORROWER,13069924
SYNTHETIC_ONLY,demo-nbfc-ev-002,SYN-EV-2W-2025,SYN-C-LN-0010,SYN-C-CO-0010,CO_BORROWER,13069924
SYNTHETIC_ONLY,demo-nbfc-ev-002,SYN-EV-2W-2025,SYN-C-LN-0010,SYN-C-GU-0010,LINKED_PARTY,13069924
SYNTHETIC_ONLY,demo-nbfc-ev-002,SYN-EV-2W-2025,SYN-C-LN-0011,SYN-C-BR-0011,BORROWER,18220069
SYNTHETIC_ONLY,demo-nbfc-ev-002,SYN-EV-2W-2025,SYN-C-LN-0011,SYN-C-CO-0011,CO_BORROWER,18220069
SYNTHETIC_ONLY,demo-nbfc-ev-002,SYN-EV-2W-2025,SYN-C-LN-0011,SYN-C-GU-0011,LINKED_PARTY,18220069
SYNTHETIC_ONLY,demo-nbfc-ev-002,SYN-EV-2W-2025,SYN-C-LN-0012,SYN-C-BR-0012,BORROWER,18447988
SYNTHETIC_ONLY,demo-nbfc-ev-002,SYN-EV-2W-2025,SYN-C-LN-0012,SYN-C-CO-0012,CO_BORROWER,18447988
SYNTHETIC_ONLY,demo-nbfc-ev-002,SYN-EV-2W-2025,SYN-C-LN-0012,SYN-C-GU-0012,LINKED_PARTY,18447988
SYNTHETIC_ONLY,demo-nbfc-ev-002,SYN-EV-2W-2025,SYN-C-LN-0013,SYN-C-BR-0013,BORROWER,21448703
SYNTHETIC_ONLY,demo-nbfc-ev-002,SYN-EV-2W-2025,SYN-C-LN-0013,SYN-C-CO-0013,CO_BORROWER,21448703
SYNTHETIC_ONLY,demo-nbfc-ev-002,SYN-EV-2W-2025,SYN-C-LN-0013,SYN-C-GU-0013,LINKED_PARTY,21448703
SYNTHETIC_ONLY,demo-nbfc-ev-002,SYN-EV-2W-2025,SYN-C-LN-0014,SYN-C-BR-0014,BORROWER,19689725
SYNTHETIC_ONLY,demo-nbfc-ev-002,SYN-EV-2W-2025,SYN-C-LN-0014,SYN-C-CO-0014,CO_BORROWER,19689725
SYNTHETIC_ONLY,demo-nbfc-ev-002,SYN-EV-2W-2025,SYN-C-LN-0014,SYN-C-GU-0014,LINKED_PARTY,19689725
SYNTHETIC_ONLY,demo-nbfc-ev-002,SYN-EV-2W-2025,SYN-C-LN-0015,SYN-C-BR-0015,BORROWER,24274214
SYNTHETIC_ONLY,demo-nbfc-ev-002,SYN-EV-2W-2025,SYN-C-LN-0015,SYN-C-CO-0015,CO_BORROWER,24274214
SYNTHETIC_ONLY,demo-nbfc-ev-002,SYN-EV-2W-2025,SYN-C-LN-0015,SYN-C-GU-0015,LINKED_PARTY,24274214
SYNTHETIC_ONLY,demo-nbfc-ev-002,SYN-EV-2W-2025,SYN-C-LN-0016,SYN-C-BR-0016,BORROWER,22864274
SYNTHETIC_ONLY,demo-nbfc-ev-002,SYN-EV-2W-2025,SYN-C-LN-0016,SYN-C-CO-0016,CO_BORROWER,22864274
SYNTHETIC_ONLY,demo-nbfc-ev-002,SYN-EV-2W-2025,SYN-C-LN-0016,SYN-C-GU-0016,LINKED_PARTY,22864274
SYNTHETIC_ONLY,demo-nbfc-ev-002,SYN-EV-2W-2025,SYN-C-LN-0017,SYN-C-BR-0017,BORROWER,27849610
SYNTHETIC_ONLY,demo-nbfc-ev-002,SYN-EV-2W-2025,SYN-C-LN-0017,SYN-C-CO-0017,CO_BORROWER,27849610
SYNTHETIC_ONLY,demo-nbfc-ev-002,SYN-EV-2W-2025,SYN-C-LN-0017,SYN-C-GU-0017,LINKED_PARTY,27849610
SYNTHETIC_ONLY,demo-nbfc-ev-002,SYN-EV-2W-2025,SYN-C-LN-0018,SYN-C-BR-0018,BORROWER,12609105
SYNTHETIC_ONLY,demo-nbfc-ev-002,SYN-EV-2W-2025,SYN-C-LN-0018,SYN-C-CO-0018,CO_BORROWER,12609105
SYNTHETIC_ONLY,demo-nbfc-ev-002,SYN-EV-2W-2025,SYN-C-LN-0018,SYN-C-GU-0018,LINKED_PARTY,12609105
SYNTHETIC_ONLY,demo-nbfc-ev-002,SYN-EV-2W-2025,SYN-C-LN-0019,SYN-C-BR-0019,BORROWER,17118579
SYNTHETIC_ONLY,demo-nbfc-ev-002,SYN-EV-2W-2025,SYN-C-LN-0019,SYN-C-CO-0019,CO_BORROWER,17118579
SYNTHETIC_ONLY,demo-nbfc-ev-002,SYN-EV-2W-2025,SYN-C-LN-0019,SYN-C-GU-0019,LINKED_PARTY,17118579
SYNTHETIC_ONLY,demo-nbfc-ev-002,SYN-EV-2W-2025,SYN-C-LN-0020,SYN-C-BR-0020,BORROWER,14519917
SYNTHETIC_ONLY,demo-nbfc-ev-002,SYN-EV-2W-2025,SYN-C-LN-0020,SYN-C-CO-0020,CO_BORROWER,14519917
SYNTHETIC_ONLY,demo-nbfc-ev-002,SYN-EV-2W-2025,SYN-C-LN-0020,SYN-C-GU-0020,LINKED_PARTY,14519917
SYNTHETIC_ONLY,demo-nbfc-ev-002,SYN-EV-2W-2025,SYN-C-LN-0021,SYN-C-BR-0021,BORROWER,19695962
SYNTHETIC_ONLY,demo-nbfc-ev-002,SYN-EV-2W-2025,SYN-C-LN-0021,SYN-C-CO-0021,CO_BORROWER,19695962
SYNTHETIC_ONLY,demo-nbfc-ev-002,SYN-EV-2W-2025,SYN-C-LN-0021,SYN-C-GU-0021,LINKED_PARTY,19695962
SYNTHETIC_ONLY,demo-nbfc-ev-002,SYN-EV-2W-2025,SYN-C-LN-0022,SYN-C-BR-0022,BORROWER,17827273
SYNTHETIC_ONLY,demo-nbfc-ev-002,SYN-EV-2W-2025,SYN-C-LN-0022,SYN-C-CO-0022,CO_BORROWER,17827273
SYNTHETIC_ONLY,demo-nbfc-ev-002,SYN-EV-2W-2025,SYN-C-LN-0022,SYN-C-GU-0022,LINKED_PARTY,17827273
SYNTHETIC_ONLY,demo-nbfc-ev-002,SYN-EV-2W-2025,SYN-C-LN-0023,SYN-C-BR-0023,BORROWER,23015068
SYNTHETIC_ONLY,demo-nbfc-ev-002,SYN-EV-2W-2025,SYN-C-LN-0023,SYN-C-CO-0023,CO_BORROWER,23015068
SYNTHETIC_ONLY,demo-nbfc-ev-002,SYN-EV-2W-2025,SYN-C-LN-0023,SYN-C-GU-0023,LINKED_PARTY,23015068
SYNTHETIC_ONLY,demo-nbfc-ev-002,SYN-EV-2W-2025,SYN-C-LN-0024,SYN-C-BR-0024,BORROWER,23028007
SYNTHETIC_ONLY,demo-nbfc-ev-002,SYN-EV-2W-2025,SYN-C-LN-0024,SYN-C-CO-0024,CO_BORROWER,23028007
SYNTHETIC_ONLY,demo-nbfc-ev-002,SYN-EV-2W-2025,SYN-C-LN-0024,SYN-C-GU-0024,LINKED_PARTY,23028007
SYNTHETIC_ONLY,demo-nbfc-ev-002,SYN-EV-2W-2025,SYN-C-LN-0025,SYN-C-BR-0025,BORROWER,25927152
SYNTHETIC_ONLY,demo-nbfc-ev-002,SYN-EV-2W-2025,SYN-C-LN-0025,SYN-C-CO-0025,CO_BORROWER,25927152
SYNTHETIC_ONLY,demo-nbfc-ev-002,SYN-EV-2W-2025,SYN-C-LN-0025,SYN-C-GU-0025,LINKED_PARTY,25927152
SYNTHETIC_ONLY,demo-nbfc-ev-002,SYN-EV-2W-2025,SYN-C-LN-0026,SYN-C-BR-0026,BORROWER,24700193
SYNTHETIC_ONLY,demo-nbfc-ev-002,SYN-EV-2W-2025,SYN-C-LN-0026,SYN-C-CO-0026,CO_BORROWER,24700193
SYNTHETIC_ONLY,demo-nbfc-ev-002,SYN-EV-2W-2025,SYN-C-LN-0026,SYN-C-GU-0026,LINKED_PARTY,24700193
SYNTHETIC_ONLY,demo-nbfc-ev-002,SYN-EV-2W-2025,SYN-C-LN-0027,SYN-C-BR-0027,BORROWER,15514296
SYNTHETIC_ONLY,demo-nbfc-ev-002,SYN-EV-2W-2025,SYN-C-LN-0027,SYN-C-CO-0027,CO_BORROWER,15514296
SYNTHETIC_ONLY,demo-nbfc-ev-002,SYN-EV-2W-2025,SYN-C-LN-0027,SYN-C-GU-0027,LINKED_PARTY,15514296
SYNTHETIC_ONLY,demo-nbfc-ev-002,SYN-EV-2W-2025,SYN-C-LN-0028,SYN-C-BR-0028,BORROWER,13344636
SYNTHETIC_ONLY,demo-nbfc-ev-002,SYN-EV-2W-2025,SYN-C-LN-0028,SYN-C-CO-0028,CO_BORROWER,13344636
SYNTHETIC_ONLY,demo-nbfc-ev-002,SYN-EV-2W-2025,SYN-C-LN-0028,SYN-C-GU-0028,LINKED_PARTY,13344636
SYNTHETIC_ONLY,demo-nbfc-ev-002,SYN-EV-2W-2025,SYN-C-LN-0029,SYN-C-BR-0029,BORROWER,18556451
SYNTHETIC_ONLY,demo-nbfc-ev-002,SYN-EV-2W-2025,SYN-C-LN-0029,SYN-C-CO-0029,CO_BORROWER,18556451
SYNTHETIC_ONLY,demo-nbfc-ev-002,SYN-EV-2W-2025,SYN-C-LN-0029,SYN-C-GU-0029,LINKED_PARTY,18556451
SYNTHETIC_ONLY,demo-nbfc-ev-002,SYN-EV-2W-2025,SYN-C-LN-0030,SYN-C-BR-0030,BORROWER,18261774
SYNTHETIC_ONLY,demo-nbfc-ev-002,SYN-EV-2W-2025,SYN-C-LN-0030,SYN-C-CO-0030,CO_BORROWER,18261774
SYNTHETIC_ONLY,demo-nbfc-ev-002,SYN-EV-2W-2025,SYN-C-LN-0030,SYN-C-GU-0030,LINKED_PARTY,18261774
SYNTHETIC_ONLY,demo-nbfc-ev-002,SYN-EV-2W-2025,SYN-C-LN-0031,SYN-C-BR-0031,BORROWER,21217101
SYNTHETIC_ONLY,demo-nbfc-ev-002,SYN-EV-2W-2025,SYN-C-LN-0031,SYN-C-CO-0031,CO_BORROWER,21217101
SYNTHETIC_ONLY,demo-nbfc-ev-002,SYN-EV-2W-2025,SYN-C-LN-0031,SYN-C-GU-0031,LINKED_PARTY,21217101
SYNTHETIC_ONLY,demo-nbfc-ev-002,SYN-EV-2W-2025,SYN-C-LN-0032,SYN-C-BR-0032,BORROWER,19480407
SYNTHETIC_ONLY,demo-nbfc-ev-002,SYN-EV-2W-2025,SYN-C-LN-0032,SYN-C-CO-0032,CO_BORROWER,19480407
SYNTHETIC_ONLY,demo-nbfc-ev-002,SYN-EV-2W-2025,SYN-C-LN-0032,SYN-C-GU-0032,LINKED_PARTY,19480407
SYNTHETIC_ONLY,demo-nbfc-ev-002,SYN-EV-2W-2025,SYN-C-LN-0033,SYN-C-BR-0033,BORROWER,24623225
SYNTHETIC_ONLY,demo-nbfc-ev-002,SYN-EV-2W-2025,SYN-C-LN-0033,SYN-C-CO-0033,CO_BORROWER,24623225
SYNTHETIC_ONLY,demo-nbfc-ev-002,SYN-EV-2W-2025,SYN-C-LN-0033,SYN-C-GU-0033,LINKED_PARTY,24623225
SYNTHETIC_ONLY,demo-nbfc-ev-002,SYN-EV-2W-2025,SYN-C-LN-0034,SYN-C-BR-0034,BORROWER,23184061
SYNTHETIC_ONLY,demo-nbfc-ev-002,SYN-EV-2W-2025,SYN-C-LN-0034,SYN-C-CO-0034,CO_BORROWER,23184061
SYNTHETIC_ONLY,demo-nbfc-ev-002,SYN-EV-2W-2025,SYN-C-LN-0034,SYN-C-GU-0034,LINKED_PARTY,23184061
SYNTHETIC_ONLY,demo-nbfc-ev-002,SYN-EV-2W-2025,SYN-C-LN-0035,SYN-C-BR-0035,BORROWER,27622876
SYNTHETIC_ONLY,demo-nbfc-ev-002,SYN-EV-2W-2025,SYN-C-LN-0035,SYN-C-CO-0035,CO_BORROWER,27622876
SYNTHETIC_ONLY,demo-nbfc-ev-002,SYN-EV-2W-2025,SYN-C-LN-0035,SYN-C-GU-0035,LINKED_PARTY,27622876
SYNTHETIC_ONLY,demo-nbfc-ev-002,SYN-EV-2W-2025,SYN-C-LN-0036,SYN-C-BR-0036,BORROWER,12436228
SYNTHETIC_ONLY,demo-nbfc-ev-002,SYN-EV-2W-2025,SYN-C-LN-0036,SYN-C-CO-0036,CO_BORROWER,12436228
SYNTHETIC_ONLY,demo-nbfc-ev-002,SYN-EV-2W-2025,SYN-C-LN-0036,SYN-C-GU-0036,LINKED_PARTY,12436228
SYNTHETIC_ONLY,demo-nbfc-ev-002,SYN-EV-2W-2025,SYN-C-LN-0037,SYN-C-BR-0037,BORROWER,16900473
SYNTHETIC_ONLY,demo-nbfc-ev-002,SYN-EV-2W-2025,SYN-C-LN-0037,SYN-C-CO-0037,CO_BORROWER,16900473
SYNTHETIC_ONLY,demo-nbfc-ev-002,SYN-EV-2W-2025,SYN-C-LN-0037,SYN-C-GU-0037,LINKED_PARTY,16900473
SYNTHETIC_ONLY,demo-nbfc-ev-002,SYN-EV-2W-2025,SYN-C-LN-0038,SYN-C-BR-0038,BORROWER,14808189
SYNTHETIC_ONLY,demo-nbfc-ev-002,SYN-EV-2W-2025,SYN-C-LN-0038,SYN-C-CO-0038,CO_BORROWER,14808189
SYNTHETIC_ONLY,demo-nbfc-ev-002,SYN-EV-2W-2025,SYN-C-LN-0038,SYN-C-GU-0038,LINKED_PARTY,14808189
SYNTHETIC_ONLY,demo-nbfc-ev-002,SYN-EV-2W-2025,SYN-C-LN-0039,SYN-C-BR-0039,BORROWER,20038283
SYNTHETIC_ONLY,demo-nbfc-ev-002,SYN-EV-2W-2025,SYN-C-LN-0039,SYN-C-CO-0039,CO_BORROWER,20038283
SYNTHETIC_ONLY,demo-nbfc-ev-002,SYN-EV-2W-2025,SYN-C-LN-0039,SYN-C-GU-0039,LINKED_PARTY,20038283
SYNTHETIC_ONLY,demo-nbfc-ev-002,SYN-EV-2W-2025,SYN-C-LN-0040,SYN-C-BR-0040,BORROWER,17620816
SYNTHETIC_ONLY,demo-nbfc-ev-002,SYN-EV-2W-2025,SYN-C-LN-0040,SYN-C-CO-0040,CO_BORROWER,17620816
SYNTHETIC_ONLY,demo-nbfc-ev-002,SYN-EV-2W-2025,SYN-C-LN-0040,SYN-C-GU-0040,LINKED_PARTY,17620816
SYNTHETIC_ONLY,demo-nbfc-ev-002,SYN-EV-2W-2025,SYN-C-LN-0041,SYN-C-BR-0041,BORROWER,22782611
SYNTHETIC_ONLY,demo-nbfc-ev-002,SYN-EV-2W-2025,SYN-C-LN-0041,SYN-C-CO-0041,CO_BORROWER,22782611
SYNTHETIC_ONLY,demo-nbfc-ev-002,SYN-EV-2W-2025,SYN-C-LN-0041,SYN-C-GU-0041,LINKED_PARTY,22782611
SYNTHETIC_ONLY,demo-nbfc-ev-002,SYN-EV-2W-2025,SYN-C-LN-0042,SYN-C-BR-0042,BORROWER,22833514
SYNTHETIC_ONLY,demo-nbfc-ev-002,SYN-EV-2W-2025,SYN-C-LN-0042,SYN-C-CO-0042,CO_BORROWER,22833514
SYNTHETIC_ONLY,demo-nbfc-ev-002,SYN-EV-2W-2025,SYN-C-LN-0042,SYN-C-GU-0042,LINKED_PARTY,22833514
SYNTHETIC_ONLY,demo-nbfc-ev-002,SYN-EV-2W-2025,SYN-C-LN-0043,SYN-C-BR-0043,BORROWER,26272245
SYNTHETIC_ONLY,demo-nbfc-ev-002,SYN-EV-2W-2025,SYN-C-LN-0043,SYN-C-CO-0043,CO_BORROWER,26272245
SYNTHETIC_ONLY,demo-nbfc-ev-002,SYN-EV-2W-2025,SYN-C-LN-0043,SYN-C-GU-0043,LINKED_PARTY,26272245
SYNTHETIC_ONLY,demo-nbfc-ev-002,SYN-EV-2W-2025,SYN-C-LN-0044,SYN-C-BR-0044,BORROWER,25018082
SYNTHETIC_ONLY,demo-nbfc-ev-002,SYN-EV-2W-2025,SYN-C-LN-0044,SYN-C-CO-0044,CO_BORROWER,25018082
SYNTHETIC_ONLY,demo-nbfc-ev-002,SYN-EV-2W-2025,SYN-C-LN-0044,SYN-C-GU-0044,LINKED_PARTY,25018082
SYNTHETIC_ONLY,demo-nbfc-ev-002,SYN-EV-2W-2025,SYN-C-LN-0045,SYN-C-BR-0045,BORROWER,15300272
SYNTHETIC_ONLY,demo-nbfc-ev-002,SYN-EV-2W-2025,SYN-C-LN-0045,SYN-C-CO-0045,CO_BORROWER,15300272
SYNTHETIC_ONLY,demo-nbfc-ev-002,SYN-EV-2W-2025,SYN-C-LN-0045,SYN-C-GU-0045,LINKED_PARTY,15300272
SYNTHETIC_ONLY,demo-nbfc-ev-002,SYN-EV-2W-2025,SYN-C-LN-0046,SYN-C-BR-0046,BORROWER,13161674
SYNTHETIC_ONLY,demo-nbfc-ev-002,SYN-EV-2W-2025,SYN-C-LN-0046,SYN-C-CO-0046,CO_BORROWER,13161674
SYNTHETIC_ONLY,demo-nbfc-ev-002,SYN-EV-2W-2025,SYN-C-LN-0046,SYN-C-GU-0046,LINKED_PARTY,13161674
SYNTHETIC_ONLY,demo-nbfc-ev-002,SYN-EV-2W-2025,SYN-C-LN-0047,SYN-C-BR-0047,BORROWER,18333013
SYNTHETIC_ONLY,demo-nbfc-ev-002,SYN-EV-2W-2025,SYN-C-LN-0047,SYN-C-CO-0047,CO_BORROWER,18333013
SYNTHETIC_ONLY,demo-nbfc-ev-002,SYN-EV-2W-2025,SYN-C-LN-0047,SYN-C-GU-0047,LINKED_PARTY,18333013
SYNTHETIC_ONLY,demo-nbfc-ev-002,SYN-EV-2W-2025,SYN-C-LN-0048,SYN-C-BR-0048,BORROWER,18540436
SYNTHETIC_ONLY,demo-nbfc-ev-002,SYN-EV-2W-2025,SYN-C-LN-0048,SYN-C-CO-0048,CO_BORROWER,18540436
SYNTHETIC_ONLY,demo-nbfc-ev-002,SYN-EV-2W-2025,SYN-C-LN-0048,SYN-C-GU-0048,LINKED_PARTY,18540436
SYNTHETIC_ONLY,demo-nbfc-ev-002,SYN-EV-2W-2025,SYN-C-LN-0049,SYN-C-BR-0049,BORROWER,21563049
SYNTHETIC_ONLY,demo-nbfc-ev-002,SYN-EV-2W-2025,SYN-C-LN-0049,SYN-C-CO-0049,CO_BORROWER,21563049
SYNTHETIC_ONLY,demo-nbfc-ev-002,SYN-EV-2W-2025,SYN-C-LN-0049,SYN-C-GU-0049,LINKED_PARTY,21563049
SYNTHETIC_ONLY,demo-nbfc-ev-002,SYN-EV-2W-2025,SYN-C-LN-0050,SYN-C-BR-0050,BORROWER,19269315
SYNTHETIC_ONLY,demo-nbfc-ev-002,SYN-EV-2W-2025,SYN-C-LN-0050,SYN-C-CO-0050,CO_BORROWER,19269315
SYNTHETIC_ONLY,demo-nbfc-ev-002,SYN-EV-2W-2025,SYN-C-LN-0050,SYN-C-GU-0050,LINKED_PARTY,19269315
SYNTHETIC_ONLY,demo-nbfc-ev-002,SYN-EV-2W-2025,SYN-C-LN-0051,SYN-C-BR-0051,BORROWER,24391630
SYNTHETIC_ONLY,demo-nbfc-ev-002,SYN-EV-2W-2025,SYN-C-LN-0051,SYN-C-CO-0051,CO_BORROWER,24391630
SYNTHETIC_ONLY,demo-nbfc-ev-002,SYN-EV-2W-2025,SYN-C-LN-0051,SYN-C-GU-0051,LINKED_PARTY,24391630
SYNTHETIC_ONLY,demo-nbfc-ev-002,SYN-EV-2W-2025,SYN-C-LN-0052,SYN-C-BR-0052,BORROWER,22971440
SYNTHETIC_ONLY,demo-nbfc-ev-002,SYN-EV-2W-2025,SYN-C-LN-0052,SYN-C-CO-0052,CO_BORROWER,22971440
SYNTHETIC_ONLY,demo-nbfc-ev-002,SYN-EV-2W-2025,SYN-C-LN-0052,SYN-C-GU-0052,LINKED_PARTY,22971440
SYNTHETIC_ONLY,demo-nbfc-ev-002,SYN-EV-2W-2025,SYN-C-LN-0053,SYN-C-BR-0053,BORROWER,27961222
SYNTHETIC_ONLY,demo-nbfc-ev-002,SYN-EV-2W-2025,SYN-C-LN-0053,SYN-C-CO-0053,CO_BORROWER,27961222
SYNTHETIC_ONLY,demo-nbfc-ev-002,SYN-EV-2W-2025,SYN-C-LN-0053,SYN-C-GU-0053,LINKED_PARTY,27961222
SYNTHETIC_ONLY,demo-nbfc-ev-002,SYN-EV-2W-2025,SYN-C-LN-0054,SYN-C-BR-0054,BORROWER,12695272
SYNTHETIC_ONLY,demo-nbfc-ev-002,SYN-EV-2W-2025,SYN-C-LN-0054,SYN-C-CO-0054,CO_BORROWER,12695272
SYNTHETIC_ONLY,demo-nbfc-ev-002,SYN-EV-2W-2025,SYN-C-LN-0054,SYN-C-GU-0054,LINKED_PARTY,12695272
SYNTHETIC_ONLY,demo-nbfc-ev-002,SYN-EV-2W-2025,SYN-C-LN-0055,SYN-C-BR-0055,BORROWER,16679437
SYNTHETIC_ONLY,demo-nbfc-ev-002,SYN-EV-2W-2025,SYN-C-LN-0055,SYN-C-CO-0055,CO_BORROWER,16679437
SYNTHETIC_ONLY,demo-nbfc-ev-002,SYN-EV-2W-2025,SYN-C-LN-0055,SYN-C-GU-0055,LINKED_PARTY,16679437
SYNTHETIC_ONLY,demo-nbfc-ev-002,SYN-EV-2W-2025,SYN-C-LN-0056,SYN-C-BR-0056,BORROWER,14616249
SYNTHETIC_ONLY,demo-nbfc-ev-002,SYN-EV-2W-2025,SYN-C-LN-0056,SYN-C-CO-0056,CO_BORROWER,14616249
SYNTHETIC_ONLY,demo-nbfc-ev-002,SYN-EV-2W-2025,SYN-C-LN-0056,SYN-C-GU-0056,LINKED_PARTY,14616249
SYNTHETIC_ONLY,demo-nbfc-ev-002,SYN-EV-2W-2025,SYN-C-LN-0057,SYN-C-BR-0057,BORROWER,19810962
SYNTHETIC_ONLY,demo-nbfc-ev-002,SYN-EV-2W-2025,SYN-C-LN-0057,SYN-C-CO-0057,CO_BORROWER,19810962
SYNTHETIC_ONLY,demo-nbfc-ev-002,SYN-EV-2W-2025,SYN-C-LN-0057,SYN-C-GU-0057,LINKED_PARTY,19810962
SYNTHETIC_ONLY,demo-nbfc-ev-002,SYN-EV-2W-2025,SYN-C-LN-0058,SYN-C-BR-0058,BORROWER,17929940
SYNTHETIC_ONLY,demo-nbfc-ev-002,SYN-EV-2W-2025,SYN-C-LN-0058,SYN-C-CO-0058,CO_BORROWER,17929940
SYNTHETIC_ONLY,demo-nbfc-ev-002,SYN-EV-2W-2025,SYN-C-LN-0058,SYN-C-GU-0058,LINKED_PARTY,17929940
SYNTHETIC_ONLY,demo-nbfc-ev-002,SYN-EV-2W-2025,SYN-C-LN-0059,SYN-C-BR-0059,BORROWER,23129743
SYNTHETIC_ONLY,demo-nbfc-ev-002,SYN-EV-2W-2025,SYN-C-LN-0059,SYN-C-CO-0059,CO_BORROWER,23129743
SYNTHETIC_ONLY,demo-nbfc-ev-002,SYN-EV-2W-2025,SYN-C-LN-0059,SYN-C-GU-0059,LINKED_PARTY,23129743
SYNTHETIC_ONLY,demo-nbfc-ev-002,SYN-EV-2W-2025,SYN-C-LN-0060,SYN-C-BR-0060,BORROWER,22636730
SYNTHETIC_ONLY,demo-nbfc-ev-002,SYN-EV-2W-2025,SYN-C-LN-0060,SYN-C-CO-0060,CO_BORROWER,22636730
SYNTHETIC_ONLY,demo-nbfc-ev-002,SYN-EV-2W-2025,SYN-C-LN-0060,SYN-C-GU-0060,LINKED_PARTY,22636730
SYNTHETIC_ONLY,demo-nbfc-ev-002,SYN-EV-2W-2025,SYN-C-LN-0061,SYN-C-BR-0061,BORROWER,26043312
SYNTHETIC_ONLY,demo-nbfc-ev-002,SYN-EV-2W-2025,SYN-C-LN-0061,SYN-C-CO-0061,CO_BORROWER,26043312
SYNTHETIC_ONLY,demo-nbfc-ev-002,SYN-EV-2W-2025,SYN-C-LN-0062,SYN-C-BR-0062,BORROWER,24806781
SYNTHETIC_ONLY,demo-nbfc-ev-002,SYN-EV-2W-2025,SYN-C-LN-0062,SYN-C-CO-0062,CO_BORROWER,24806781
SYNTHETIC_ONLY,demo-nbfc-ev-002,SYN-EV-2W-2025,SYN-C-LN-0063,SYN-C-BR-0063,BORROWER,15620338
SYNTHETIC_ONLY,demo-nbfc-ev-002,SYN-EV-2W-2025,SYN-C-LN-0063,SYN-C-CO-0063,CO_BORROWER,15620338
SYNTHETIC_ONLY,demo-nbfc-ev-002,SYN-EV-2W-2025,SYN-C-LN-0064,SYN-C-BR-0064,BORROWER,13435830
SYNTHETIC_ONLY,demo-nbfc-ev-002,SYN-EV-2W-2025,SYN-C-LN-0064,SYN-C-CO-0064,CO_BORROWER,13435830
SYNTHETIC_ONLY,demo-nbfc-ev-002,SYN-EV-2W-2025,SYN-C-LN-0065,SYN-C-BR-0065,BORROWER,18106327
SYNTHETIC_ONLY,demo-nbfc-ev-002,SYN-EV-2W-2025,SYN-C-LN-0065,SYN-C-CO-0065,CO_BORROWER,18106327
SYNTHETIC_ONLY,demo-nbfc-ev-002,SYN-EV-2W-2025,SYN-C-LN-0066,SYN-C-BR-0066,BORROWER,18355097
SYNTHETIC_ONLY,demo-nbfc-ev-002,SYN-EV-2W-2025,SYN-C-LN-0066,SYN-C-CO-0066,CO_BORROWER,18355097
SYNTHETIC_ONLY,demo-nbfc-ev-002,SYN-EV-2W-2025,SYN-C-LN-0067,SYN-C-BR-0067,BORROWER,21333383
SYNTHETIC_ONLY,demo-nbfc-ev-002,SYN-EV-2W-2025,SYN-C-LN-0067,SYN-C-CO-0067,CO_BORROWER,21333383
SYNTHETIC_ONLY,demo-nbfc-ev-002,SYN-EV-2W-2025,SYN-C-LN-0068,SYN-C-BR-0068,BORROWER,19585293
SYNTHETIC_ONLY,demo-nbfc-ev-002,SYN-EV-2W-2025,SYN-C-LN-0068,SYN-C-CO-0068,CO_BORROWER,19585293
SYNTHETIC_ONLY,demo-nbfc-ev-002,SYN-EV-2W-2025,SYN-C-LN-0069,SYN-C-BR-0069,BORROWER,24737382
SYNTHETIC_ONLY,demo-nbfc-ev-002,SYN-EV-2W-2025,SYN-C-LN-0069,SYN-C-CO-0069,CO_BORROWER,24737382
SYNTHETIC_ONLY,demo-nbfc-ev-002,SYN-EV-2W-2025,SYN-C-LN-0070,SYN-C-BR-0070,BORROWER,22756550
SYNTHETIC_ONLY,demo-nbfc-ev-002,SYN-EV-2W-2025,SYN-C-LN-0070,SYN-C-CO-0070,CO_BORROWER,22756550
SYNTHETIC_ONLY,demo-nbfc-ev-002,SYN-EV-2W-2025,SYN-C-LN-0071,SYN-C-BR-0071,BORROWER,27736826
SYNTHETIC_ONLY,demo-nbfc-ev-002,SYN-EV-2W-2025,SYN-C-LN-0071,SYN-C-CO-0071,CO_BORROWER,27736826
SYNTHETIC_ONLY,demo-nbfc-ev-002,SYN-EV-2W-2025,SYN-C-LN-0072,SYN-C-BR-0072,BORROWER,12522754
SYNTHETIC_ONLY,demo-nbfc-ev-002,SYN-EV-2W-2025,SYN-C-LN-0072,SYN-C-CO-0072,CO_BORROWER,12522754
SYNTHETIC_ONLY,demo-nbfc-ev-002,SYN-EV-2W-2025,SYN-C-LN-0073,SYN-C-BR-0073,BORROWER,17009900
SYNTHETIC_ONLY,demo-nbfc-ev-002,SYN-EV-2W-2025,SYN-C-LN-0073,SYN-C-CO-0073,CO_BORROWER,17009900
SYNTHETIC_ONLY,demo-nbfc-ev-002,SYN-EV-2W-2025,SYN-C-LN-0074,SYN-C-BR-0074,BORROWER,14903778
SYNTHETIC_ONLY,demo-nbfc-ev-002,SYN-EV-2W-2025,SYN-C-LN-0074,SYN-C-CO-0074,CO_BORROWER,14903778
SYNTHETIC_ONLY,demo-nbfc-ev-002,SYN-EV-2W-2025,SYN-C-LN-0075,SYN-C-BR-0075,BORROWER,19580086
SYNTHETIC_ONLY,demo-nbfc-ev-002,SYN-EV-2W-2025,SYN-C-LN-0075,SYN-C-CO-0075,CO_BORROWER,19580086
SYNTHETIC_ONLY,demo-nbfc-ev-002,SYN-EV-2W-2025,SYN-C-LN-0076,SYN-C-BR-0076,BORROWER,17724229
SYNTHETIC_ONLY,demo-nbfc-ev-002,SYN-EV-2W-2025,SYN-C-LN-0076,SYN-C-CO-0076,CO_BORROWER,17724229
SYNTHETIC_ONLY,demo-nbfc-ev-002,SYN-EV-2W-2025,SYN-C-LN-0077,SYN-C-BR-0077,BORROWER,22899353
SYNTHETIC_ONLY,demo-nbfc-ev-002,SYN-EV-2W-2025,SYN-C-LN-0077,SYN-C-CO-0077,CO_BORROWER,22899353
SYNTHETIC_ONLY,demo-nbfc-ev-002,SYN-EV-2W-2025,SYN-C-LN-0078,SYN-C-BR-0078,BORROWER,22931050
SYNTHETIC_ONLY,demo-nbfc-ev-002,SYN-EV-2W-2025,SYN-C-LN-0078,SYN-C-CO-0078,CO_BORROWER,22931050
SYNTHETIC_ONLY,demo-nbfc-ev-002,SYN-EV-2W-2025,SYN-C-LN-0079,SYN-C-BR-0079,BORROWER,26385000
SYNTHETIC_ONLY,demo-nbfc-ev-002,SYN-EV-2W-2025,SYN-C-LN-0079,SYN-C-CO-0079,CO_BORROWER,26385000
SYNTHETIC_ONLY,demo-nbfc-ev-002,SYN-EV-2W-2025,SYN-C-LN-0080,SYN-C-BR-0080,BORROWER,24592990
SYNTHETIC_ONLY,demo-nbfc-ev-002,SYN-EV-2W-2025,SYN-C-LN-0080,SYN-C-CO-0080,CO_BORROWER,24592990
SYNTHETIC_ONLY,demo-nbfc-ev-002,SYN-EV-2W-2025,SYN-C-LN-0081,SYN-C-BR-0081,BORROWER,15407602
SYNTHETIC_ONLY,demo-nbfc-ev-002,SYN-EV-2W-2025,SYN-C-LN-0081,SYN-C-CO-0081,CO_BORROWER,15407602
SYNTHETIC_ONLY,demo-nbfc-ev-002,SYN-EV-2W-2025,SYN-C-LN-0082,SYN-C-BR-0082,BORROWER,13253248
SYNTHETIC_ONLY,demo-nbfc-ev-002,SYN-EV-2W-2025,SYN-C-LN-0082,SYN-C-CO-0082,CO_BORROWER,13253248
SYNTHETIC_ONLY,demo-nbfc-ev-002,SYN-EV-2W-2025,SYN-C-LN-0083,SYN-C-BR-0083,BORROWER,18445146
SYNTHETIC_ONLY,demo-nbfc-ev-002,SYN-EV-2W-2025,SYN-C-LN-0083,SYN-C-CO-0083,CO_BORROWER,18445146
SYNTHETIC_ONLY,demo-nbfc-ev-002,SYN-EV-2W-2025,SYN-C-LN-0084,SYN-C-BR-0084,BORROWER,18632435
SYNTHETIC_ONLY,demo-nbfc-ev-002,SYN-EV-2W-2025,SYN-C-LN-0084,SYN-C-CO-0084,CO_BORROWER,18632435
SYNTHETIC_ONLY,demo-nbfc-ev-002,SYN-EV-2W-2025,SYN-C-LN-0085,SYN-C-BR-0085,BORROWER,21099871
SYNTHETIC_ONLY,demo-nbfc-ev-002,SYN-EV-2W-2025,SYN-C-LN-0085,SYN-C-CO-0085,CO_BORROWER,21099871
SYNTHETIC_ONLY,demo-nbfc-ev-002,SYN-EV-2W-2025,SYN-C-LN-0086,SYN-C-BR-0086,BORROWER,19375079
SYNTHETIC_ONLY,demo-nbfc-ev-002,SYN-EV-2W-2025,SYN-C-LN-0086,SYN-C-CO-0086,CO_BORROWER,19375079
SYNTHETIC_ONLY,demo-nbfc-ev-002,SYN-EV-2W-2025,SYN-C-LN-0087,SYN-C-BR-0087,BORROWER,24507971
SYNTHETIC_ONLY,demo-nbfc-ev-002,SYN-EV-2W-2025,SYN-C-LN-0087,SYN-C-CO-0087,CO_BORROWER,24507971
SYNTHETIC_ONLY,demo-nbfc-ev-002,SYN-EV-2W-2025,SYN-C-LN-0088,SYN-C-BR-0088,BORROWER,23078038
SYNTHETIC_ONLY,demo-nbfc-ev-002,SYN-EV-2W-2025,SYN-C-LN-0088,SYN-C-CO-0088,CO_BORROWER,23078038
SYNTHETIC_ONLY,demo-nbfc-ev-002,SYN-EV-2W-2025,SYN-C-LN-0089,SYN-C-BR-0089,BORROWER,28071652
SYNTHETIC_ONLY,demo-nbfc-ev-002,SYN-EV-2W-2025,SYN-C-LN-0089,SYN-C-CO-0089,CO_BORROWER,28071652
SYNTHETIC_ONLY,demo-nbfc-ev-002,SYN-EV-2W-2025,SYN-C-LN-0090,SYN-C-BR-0090,BORROWER,12349535
SYNTHETIC_ONLY,demo-nbfc-ev-002,SYN-EV-2W-2025,SYN-C-LN-0090,SYN-C-CO-0090,CO_BORROWER,12349535
SYNTHETIC_ONLY,demo-nbfc-ev-002,SYN-EV-2W-2025,SYN-C-LN-0091,SYN-C-BR-0091,BORROWER,16790313
SYNTHETIC_ONLY,demo-nbfc-ev-002,SYN-EV-2W-2025,SYN-C-LN-0091,SYN-C-CO-0091,CO_BORROWER,16790313
SYNTHETIC_ONLY,demo-nbfc-ev-002,SYN-EV-2W-2025,SYN-C-LN-0092,SYN-C-BR-0092,BORROWER,14712342
SYNTHETIC_ONLY,demo-nbfc-ev-002,SYN-EV-2W-2025,SYN-C-LN-0092,SYN-C-CO-0092,CO_BORROWER,14712342
SYNTHETIC_ONLY,demo-nbfc-ev-002,SYN-EV-2W-2025,SYN-C-LN-0093,SYN-C-BR-0093,BORROWER,19925074
SYNTHETIC_ONLY,demo-nbfc-ev-002,SYN-EV-2W-2025,SYN-C-LN-0093,SYN-C-CO-0093,CO_BORROWER,19925074
SYNTHETIC_ONLY,demo-nbfc-ev-002,SYN-EV-2W-2025,SYN-C-LN-0094,SYN-C-BR-0094,BORROWER,18032220
SYNTHETIC_ONLY,demo-nbfc-ev-002,SYN-EV-2W-2025,SYN-C-LN-0094,SYN-C-CO-0094,CO_BORROWER,18032220
SYNTHETIC_ONLY,demo-nbfc-ev-002,SYN-EV-2W-2025,SYN-C-LN-0095,SYN-C-BR-0095,BORROWER,22664853
SYNTHETIC_ONLY,demo-nbfc-ev-002,SYN-EV-2W-2025,SYN-C-LN-0095,SYN-C-CO-0095,CO_BORROWER,22664853
SYNTHETIC_ONLY,demo-nbfc-ev-002,SYN-EV-2W-2025,SYN-C-LN-0096,SYN-C-BR-0096,BORROWER,22735405
SYNTHETIC_ONLY,demo-nbfc-ev-002,SYN-EV-2W-2025,SYN-C-LN-0096,SYN-C-CO-0096,CO_BORROWER,22735405
SYNTHETIC_ONLY,demo-nbfc-ev-002,SYN-EV-2W-2025,SYN-C-LN-0097,SYN-C-BR-0097,BORROWER,26158346
SYNTHETIC_ONLY,demo-nbfc-ev-002,SYN-EV-2W-2025,SYN-C-LN-0097,SYN-C-CO-0097,CO_BORROWER,26158346
SYNTHETIC_ONLY,demo-nbfc-ev-002,SYN-EV-2W-2025,SYN-C-LN-0098,SYN-C-BR-0098,BORROWER,24912746
SYNTHETIC_ONLY,demo-nbfc-ev-002,SYN-EV-2W-2025,SYN-C-LN-0098,SYN-C-CO-0098,CO_BORROWER,24912746
SYNTHETIC_ONLY,demo-nbfc-ev-002,SYN-EV-2W-2025,SYN-C-LN-0099,SYN-C-BR-0099,BORROWER,15725713
SYNTHETIC_ONLY,demo-nbfc-ev-002,SYN-EV-2W-2025,SYN-C-LN-0099,SYN-C-CO-0099,CO_BORROWER,15725713
SYNTHETIC_ONLY,demo-nbfc-ev-002,SYN-EV-2W-2025,SYN-C-LN-0100,SYN-C-BR-0100,BORROWER,13069924
SYNTHETIC_ONLY,demo-nbfc-ev-002,SYN-EV-2W-2025,SYN-C-LN-0100,SYN-C-CO-0100,CO_BORROWER,13069924
SYNTHETIC_ONLY,demo-nbfc-ev-002,SYN-EV-2W-2025,SYN-C-LN-0101,SYN-C-BR-0101,BORROWER,18220069
SYNTHETIC_ONLY,demo-nbfc-ev-002,SYN-EV-2W-2025,SYN-C-LN-0101,SYN-C-CO-0101,CO_BORROWER,18220069
SYNTHETIC_ONLY,demo-nbfc-ev-002,SYN-EV-2W-2025,SYN-C-LN-0102,SYN-C-BR-0102,BORROWER,18447988
SYNTHETIC_ONLY,demo-nbfc-ev-002,SYN-EV-2W-2025,SYN-C-LN-0102,SYN-C-CO-0102,CO_BORROWER,18447988
SYNTHETIC_ONLY,demo-nbfc-ev-002,SYN-EV-2W-2025,SYN-C-LN-0103,SYN-C-BR-0103,BORROWER,21448703
SYNTHETIC_ONLY,demo-nbfc-ev-002,SYN-EV-2W-2025,SYN-C-LN-0103,SYN-C-CO-0103,CO_BORROWER,21448703
SYNTHETIC_ONLY,demo-nbfc-ev-002,SYN-EV-2W-2025,SYN-C-LN-0104,SYN-C-BR-0104,BORROWER,19689725
SYNTHETIC_ONLY,demo-nbfc-ev-002,SYN-EV-2W-2025,SYN-C-LN-0104,SYN-C-CO-0104,CO_BORROWER,19689725
SYNTHETIC_ONLY,demo-nbfc-ev-002,SYN-EV-2W-2025,SYN-C-LN-0105,SYN-C-BR-0105,BORROWER,24274214
SYNTHETIC_ONLY,demo-nbfc-ev-002,SYN-EV-2W-2025,SYN-C-LN-0105,SYN-C-CO-0105,CO_BORROWER,24274214
SYNTHETIC_ONLY,demo-nbfc-ev-002,SYN-EV-2W-2025,SYN-C-LN-0106,SYN-C-BR-0106,BORROWER,22864274
SYNTHETIC_ONLY,demo-nbfc-ev-002,SYN-EV-2W-2025,SYN-C-LN-0106,SYN-C-CO-0106,CO_BORROWER,22864274
SYNTHETIC_ONLY,demo-nbfc-ev-002,SYN-EV-2W-2025,SYN-C-LN-0107,SYN-C-BR-0107,BORROWER,27849610
SYNTHETIC_ONLY,demo-nbfc-ev-002,SYN-EV-2W-2025,SYN-C-LN-0107,SYN-C-CO-0107,CO_BORROWER,27849610
SYNTHETIC_ONLY,demo-nbfc-ev-002,SYN-EV-2W-2025,SYN-C-LN-0108,SYN-C-BR-0108,BORROWER,12609105
SYNTHETIC_ONLY,demo-nbfc-ev-002,SYN-EV-2W-2025,SYN-C-LN-0108,SYN-C-CO-0108,CO_BORROWER,12609105
SYNTHETIC_ONLY,demo-nbfc-ev-002,SYN-EV-2W-2025,SYN-C-LN-0109,SYN-C-BR-0109,BORROWER,17118579
SYNTHETIC_ONLY,demo-nbfc-ev-002,SYN-EV-2W-2025,SYN-C-LN-0109,SYN-C-CO-0109,CO_BORROWER,17118579
SYNTHETIC_ONLY,demo-nbfc-ev-002,SYN-EV-2W-2025,SYN-C-LN-0110,SYN-C-BR-0110,BORROWER,14519917
SYNTHETIC_ONLY,demo-nbfc-ev-002,SYN-EV-2W-2025,SYN-C-LN-0110,SYN-C-CO-0110,CO_BORROWER,14519917
SYNTHETIC_ONLY,demo-nbfc-ev-002,SYN-EV-2W-2025,SYN-C-LN-0111,SYN-C-BR-0111,BORROWER,19695962
SYNTHETIC_ONLY,demo-nbfc-ev-002,SYN-EV-2W-2025,SYN-C-LN-0111,SYN-C-CO-0111,CO_BORROWER,19695962
SYNTHETIC_ONLY,demo-nbfc-ev-002,SYN-EV-2W-2025,SYN-C-LN-0112,SYN-C-BR-0112,BORROWER,17827273
SYNTHETIC_ONLY,demo-nbfc-ev-002,SYN-EV-2W-2025,SYN-C-LN-0112,SYN-C-CO-0112,CO_BORROWER,17827273
SYNTHETIC_ONLY,demo-nbfc-ev-002,SYN-EV-2W-2025,SYN-C-LN-0113,SYN-C-BR-0113,BORROWER,23015068
SYNTHETIC_ONLY,demo-nbfc-ev-002,SYN-EV-2W-2025,SYN-C-LN-0113,SYN-C-CO-0113,CO_BORROWER,23015068
SYNTHETIC_ONLY,demo-nbfc-ev-002,SYN-EV-2W-2025,SYN-C-LN-0114,SYN-C-BR-0114,BORROWER,23028007
SYNTHETIC_ONLY,demo-nbfc-ev-002,SYN-EV-2W-2025,SYN-C-LN-0114,SYN-C-CO-0114,CO_BORROWER,23028007
SYNTHETIC_ONLY,demo-nbfc-ev-002,SYN-EV-2W-2025,SYN-C-LN-0115,SYN-C-BR-0115,BORROWER,25927152
SYNTHETIC_ONLY,demo-nbfc-ev-002,SYN-EV-2W-2025,SYN-C-LN-0115,SYN-C-CO-0115,CO_BORROWER,25927152
SYNTHETIC_ONLY,demo-nbfc-ev-002,SYN-EV-2W-2025,SYN-C-LN-0116,SYN-C-BR-0116,BORROWER,24700193
SYNTHETIC_ONLY,demo-nbfc-ev-002,SYN-EV-2W-2025,SYN-C-LN-0116,SYN-C-CO-0116,CO_BORROWER,24700193
SYNTHETIC_ONLY,demo-nbfc-ev-002,SYN-EV-2W-2025,SYN-C-LN-0117,SYN-C-BR-0117,BORROWER,15514296
SYNTHETIC_ONLY,demo-nbfc-ev-002,SYN-EV-2W-2025,SYN-C-LN-0117,SYN-C-CO-0117,CO_BORROWER,15514296
SYNTHETIC_ONLY,demo-nbfc-ev-002,SYN-EV-2W-2025,SYN-C-LN-0118,SYN-C-BR-0118,BORROWER,13344636
SYNTHETIC_ONLY,demo-nbfc-ev-002,SYN-EV-2W-2025,SYN-C-LN-0118,SYN-C-CO-0118,CO_BORROWER,13344636
SYNTHETIC_ONLY,demo-nbfc-ev-002,SYN-EV-2W-2025,SYN-C-LN-0119,SYN-C-BR-0119,BORROWER,18556451
SYNTHETIC_ONLY,demo-nbfc-ev-002,SYN-EV-2W-2025,SYN-C-LN-0119,SYN-C-CO-0119,CO_BORROWER,18556451
SYNTHETIC_ONLY,demo-nbfc-ev-002,SYN-EV-2W-2025,SYN-C-LN-0120,SYN-C-BR-0120,BORROWER,18261774
SYNTHETIC_ONLY,demo-nbfc-ev-002,SYN-EV-2W-2025,SYN-C-LN-0120,SYN-C-CO-0120,CO_BORROWER,18261774
SYNTHETIC_ONLY,demo-nbfc-ev-002,SYN-EV-2W-2025,SYN-C-LN-0121,SYN-C-BR-0121,BORROWER,21217101
SYNTHETIC_ONLY,demo-nbfc-ev-002,SYN-EV-2W-2025,SYN-C-LN-0121,SYN-C-CO-0121,CO_BORROWER,21217101
SYNTHETIC_ONLY,demo-nbfc-ev-002,SYN-EV-2W-2025,SYN-C-LN-0122,SYN-C-BR-0122,BORROWER,19480407
SYNTHETIC_ONLY,demo-nbfc-ev-002,SYN-EV-2W-2025,SYN-C-LN-0122,SYN-C-CO-0122,CO_BORROWER,19480407
SYNTHETIC_ONLY,demo-nbfc-ev-002,SYN-EV-2W-2025,SYN-C-LN-0123,SYN-C-BR-0123,BORROWER,24623225
SYNTHETIC_ONLY,demo-nbfc-ev-002,SYN-EV-2W-2025,SYN-C-LN-0123,SYN-C-CO-0123,CO_BORROWER,24623225
SYNTHETIC_ONLY,demo-nbfc-ev-002,SYN-EV-2W-2025,SYN-C-LN-0124,SYN-C-BR-0124,BORROWER,23184061
SYNTHETIC_ONLY,demo-nbfc-ev-002,SYN-EV-2W-2025,SYN-C-LN-0124,SYN-C-CO-0124,CO_BORROWER,23184061
SYNTHETIC_ONLY,demo-nbfc-ev-002,SYN-EV-2W-2025,SYN-C-LN-0125,SYN-C-BR-0125,BORROWER,27622876
SYNTHETIC_ONLY,demo-nbfc-ev-002,SYN-EV-2W-2025,SYN-C-LN-0125,SYN-C-CO-0125,CO_BORROWER,27622876
SYNTHETIC_ONLY,demo-nbfc-ev-002,SYN-EV-2W-2025,SYN-C-LN-0126,SYN-C-BR-0126,BORROWER,12436228
SYNTHETIC_ONLY,demo-nbfc-ev-002,SYN-EV-2W-2025,SYN-C-LN-0126,SYN-C-CO-0126,CO_BORROWER,12436228
SYNTHETIC_ONLY,demo-nbfc-ev-002,SYN-EV-2W-2025,SYN-C-LN-0127,SYN-C-BR-0127,BORROWER,16900473
SYNTHETIC_ONLY,demo-nbfc-ev-002,SYN-EV-2W-2025,SYN-C-LN-0127,SYN-C-CO-0127,CO_BORROWER,16900473
SYNTHETIC_ONLY,demo-nbfc-ev-002,SYN-EV-2W-2025,SYN-C-LN-0128,SYN-C-BR-0128,BORROWER,14808189
SYNTHETIC_ONLY,demo-nbfc-ev-002,SYN-EV-2W-2025,SYN-C-LN-0128,SYN-C-CO-0128,CO_BORROWER,14808189
SYNTHETIC_ONLY,demo-nbfc-ev-002,SYN-EV-2W-2025,SYN-C-LN-0129,SYN-C-BR-0129,BORROWER,20038283
SYNTHETIC_ONLY,demo-nbfc-ev-002,SYN-EV-2W-2025,SYN-C-LN-0129,SYN-C-CO-0129,CO_BORROWER,20038283
SYNTHETIC_ONLY,demo-nbfc-ev-002,SYN-EV-2W-2025,SYN-C-LN-0130,SYN-C-BR-0130,BORROWER,17620816
SYNTHETIC_ONLY,demo-nbfc-ev-002,SYN-EV-2W-2025,SYN-C-LN-0130,SYN-C-CO-0130,CO_BORROWER,17620816
SYNTHETIC_ONLY,demo-nbfc-ev-002,SYN-EV-2W-2025,SYN-C-LN-0131,SYN-C-BR-0131,BORROWER,22782611
SYNTHETIC_ONLY,demo-nbfc-ev-002,SYN-EV-2W-2025,SYN-C-LN-0131,SYN-C-CO-0131,CO_BORROWER,22782611
SYNTHETIC_ONLY,demo-nbfc-ev-002,SYN-EV-2W-2025,SYN-C-LN-0132,SYN-C-BR-0132,BORROWER,22833514
SYNTHETIC_ONLY,demo-nbfc-ev-002,SYN-EV-2W-2025,SYN-C-LN-0132,SYN-C-CO-0132,CO_BORROWER,22833514
SYNTHETIC_ONLY,demo-nbfc-ev-002,SYN-EV-2W-2025,SYN-C-LN-0133,SYN-C-BR-0133,BORROWER,26272245
SYNTHETIC_ONLY,demo-nbfc-ev-002,SYN-EV-2W-2025,SYN-C-LN-0133,SYN-C-CO-0133,CO_BORROWER,26272245
SYNTHETIC_ONLY,demo-nbfc-ev-002,SYN-EV-2W-2025,SYN-C-LN-0134,SYN-C-BR-0134,BORROWER,25018082
SYNTHETIC_ONLY,demo-nbfc-ev-002,SYN-EV-2W-2025,SYN-C-LN-0134,SYN-C-CO-0134,CO_BORROWER,25018082
SYNTHETIC_ONLY,demo-nbfc-ev-002,SYN-EV-2W-2025,SYN-C-LN-0135,SYN-C-BR-0135,BORROWER,15300272
SYNTHETIC_ONLY,demo-nbfc-ev-002,SYN-EV-2W-2025,SYN-C-LN-0135,SYN-C-CO-0135,CO_BORROWER,15300272
SYNTHETIC_ONLY,demo-nbfc-ev-002,SYN-EV-2W-2025,SYN-C-LN-0136,SYN-C-BR-0136,BORROWER,13161674
SYNTHETIC_ONLY,demo-nbfc-ev-002,SYN-EV-2W-2025,SYN-C-LN-0136,SYN-C-CO-0136,CO_BORROWER,13161674
SYNTHETIC_ONLY,demo-nbfc-ev-002,SYN-EV-2W-2025,SYN-C-LN-0137,SYN-C-BR-0137,BORROWER,18333013
SYNTHETIC_ONLY,demo-nbfc-ev-002,SYN-EV-2W-2025,SYN-C-LN-0137,SYN-C-CO-0137,CO_BORROWER,18333013
SYNTHETIC_ONLY,demo-nbfc-ev-002,SYN-EV-2W-2025,SYN-C-LN-0138,SYN-C-BR-0138,BORROWER,18540436
SYNTHETIC_ONLY,demo-nbfc-ev-002,SYN-EV-2W-2025,SYN-C-LN-0138,SYN-C-CO-0138,CO_BORROWER,18540436
SYNTHETIC_ONLY,demo-nbfc-ev-002,SYN-EV-2W-2025,SYN-C-LN-0139,SYN-C-BR-0139,BORROWER,21563049
SYNTHETIC_ONLY,demo-nbfc-ev-002,SYN-EV-2W-2025,SYN-C-LN-0139,SYN-C-CO-0139,CO_BORROWER,21563049
SYNTHETIC_ONLY,demo-nbfc-ev-002,SYN-EV-2W-2025,SYN-C-LN-0140,SYN-C-BR-0140,BORROWER,19269315
SYNTHETIC_ONLY,demo-nbfc-ev-002,SYN-EV-2W-2025,SYN-C-LN-0140,SYN-C-CO-0140,CO_BORROWER,19269315
SYNTHETIC_ONLY,demo-nbfc-ev-002,SYN-EV-2W-2025,SYN-C-LN-0141,SYN-C-BR-0141,BORROWER,24391630
SYNTHETIC_ONLY,demo-nbfc-ev-002,SYN-EV-2W-2025,SYN-C-LN-0141,SYN-C-CO-0141,CO_BORROWER,24391630
SYNTHETIC_ONLY,demo-nbfc-ev-002,SYN-EV-2W-2025,SYN-C-LN-0142,SYN-C-BR-0142,BORROWER,22971440
SYNTHETIC_ONLY,demo-nbfc-ev-002,SYN-EV-2W-2025,SYN-C-LN-0142,SYN-C-CO-0142,CO_BORROWER,22971440
SYNTHETIC_ONLY,demo-nbfc-ev-002,SYN-EV-2W-2025,SYN-C-LN-0143,SYN-C-BR-0143,BORROWER,27961222
SYNTHETIC_ONLY,demo-nbfc-ev-002,SYN-EV-2W-2025,SYN-C-LN-0143,SYN-C-CO-0143,CO_BORROWER,27961222
SYNTHETIC_ONLY,demo-nbfc-ev-002,SYN-EV-2W-2025,SYN-C-LN-0144,SYN-C-BR-0144,BORROWER,12695272
SYNTHETIC_ONLY,demo-nbfc-ev-002,SYN-EV-2W-2025,SYN-C-LN-0144,SYN-C-CO-0144,CO_BORROWER,12695272
SYNTHETIC_ONLY,demo-nbfc-ev-002,SYN-EV-2W-2025,SYN-C-LN-0145,SYN-C-BR-0145,BORROWER,16679437
SYNTHETIC_ONLY,demo-nbfc-ev-002,SYN-EV-2W-2025,SYN-C-LN-0145,SYN-C-CO-0145,CO_BORROWER,16679437
SYNTHETIC_ONLY,demo-nbfc-ev-002,SYN-EV-2W-2025,SYN-C-LN-0146,SYN-C-BR-0146,BORROWER,14616249
SYNTHETIC_ONLY,demo-nbfc-ev-002,SYN-EV-2W-2025,SYN-C-LN-0146,SYN-C-CO-0146,CO_BORROWER,14616249
SYNTHETIC_ONLY,demo-nbfc-ev-002,SYN-EV-2W-2025,SYN-C-LN-0147,SYN-C-BR-0147,BORROWER,19810962
SYNTHETIC_ONLY,demo-nbfc-ev-002,SYN-EV-2W-2025,SYN-C-LN-0147,SYN-C-CO-0147,CO_BORROWER,19810962
SYNTHETIC_ONLY,demo-nbfc-ev-002,SYN-EV-2W-2025,SYN-C-LN-0148,SYN-C-BR-0148,BORROWER,17929940
SYNTHETIC_ONLY,demo-nbfc-ev-002,SYN-EV-2W-2025,SYN-C-LN-0148,SYN-C-CO-0148,CO_BORROWER,17929940
SYNTHETIC_ONLY,demo-nbfc-ev-002,SYN-EV-2W-2025,SYN-C-LN-0149,SYN-C-BR-0149,BORROWER,23129743
SYNTHETIC_ONLY,demo-nbfc-ev-002,SYN-EV-2W-2025,SYN-C-LN-0149,SYN-C-CO-0149,CO_BORROWER,23129743
SYNTHETIC_ONLY,demo-nbfc-ev-002,SYN-EV-2W-2025,SYN-C-LN-0150,SYN-C-BR-0150,BORROWER,22636730
SYNTHETIC_ONLY,demo-nbfc-ev-002,SYN-EV-2W-2025,SYN-C-LN-0150,SYN-C-CO-0150,CO_BORROWER,22636730
SYNTHETIC_ONLY,demo-nbfc-ev-002,SYN-EV-2W-2025,SYN-C-LN-0151,SYN-C-BR-0151,BORROWER,26043312
SYNTHETIC_ONLY,demo-nbfc-ev-002,SYN-EV-2W-2025,SYN-C-LN-0152,SYN-C-BR-0152,BORROWER,24806781
SYNTHETIC_ONLY,demo-nbfc-ev-002,SYN-EV-2W-2025,SYN-C-LN-0153,SYN-C-BR-0153,BORROWER,15620338
SYNTHETIC_ONLY,demo-nbfc-ev-002,SYN-EV-2W-2025,SYN-C-LN-0154,SYN-C-BR-0154,BORROWER,13435830
SYNTHETIC_ONLY,demo-nbfc-ev-002,SYN-EV-2W-2025,SYN-C-LN-0155,SYN-C-BR-0155,BORROWER,18106327
SYNTHETIC_ONLY,demo-nbfc-ev-002,SYN-EV-2W-2025,SYN-C-LN-0156,SYN-C-BR-0156,BORROWER,18355097
SYNTHETIC_ONLY,demo-nbfc-ev-002,SYN-EV-2W-2025,SYN-C-LN-0157,SYN-C-BR-0157,BORROWER,21333383
SYNTHETIC_ONLY,demo-nbfc-ev-002,SYN-EV-2W-2025,SYN-C-LN-0158,SYN-C-BR-0158,BORROWER,19585293
SYNTHETIC_ONLY,demo-nbfc-ev-002,SYN-EV-2W-2025,SYN-C-LN-0159,SYN-C-BR-0159,BORROWER,24737382
SYNTHETIC_ONLY,demo-nbfc-ev-002,SYN-EV-2W-2025,SYN-C-LN-0160,SYN-C-BR-0160,BORROWER,22756550
SYNTHETIC_ONLY,demo-nbfc-ev-002,SYN-EV-2W-2025,SYN-C-LN-0161,SYN-C-BR-0161,BORROWER,27736825
SYNTHETIC_ONLY,demo-nbfc-ev-002,SYN-EV-2W-2025,SYN-C-LN-0162,SYN-C-BR-0162,BORROWER,12522754
SYNTHETIC_ONLY,demo-nbfc-ev-002,SYN-EV-2W-2025,SYN-C-LN-0163,SYN-C-BR-0163,BORROWER,17009900
SYNTHETIC_ONLY,demo-nbfc-ev-002,SYN-EV-2W-2025,SYN-C-LN-0164,SYN-C-BR-0164,BORROWER,14903778
SYNTHETIC_ONLY,demo-nbfc-ev-002,SYN-EV-2W-2025,SYN-C-LN-0165,SYN-C-BR-0165,BORROWER,19580086
SYNTHETIC_ONLY,demo-nbfc-ev-002,SYN-EV-2W-2025,SYN-C-LN-0166,SYN-C-BR-0166,BORROWER,17724229
SYNTHETIC_ONLY,demo-nbfc-ev-002,SYN-EV-2W-2025,SYN-C-LN-0167,SYN-C-BR-0167,BORROWER,22899353
SYNTHETIC_ONLY,demo-nbfc-ev-002,SYN-EV-2W-2025,SYN-C-LN-0168,SYN-C-BR-0168,BORROWER,22931050
SYNTHETIC_ONLY,demo-nbfc-ev-002,SYN-EV-2W-2025,SYN-C-LN-0169,SYN-C-BR-0169,BORROWER,26385000
SYNTHETIC_ONLY,demo-nbfc-ev-002,SYN-EV-2W-2025,SYN-C-LN-0170,SYN-C-BR-0170,BORROWER,24592990
SYNTHETIC_ONLY,demo-nbfc-ev-002,SYN-EV-2W-2025,SYN-C-LN-0171,SYN-C-BR-0171,BORROWER,15407602
SYNTHETIC_ONLY,demo-nbfc-ev-002,SYN-EV-2W-2025,SYN-C-LN-0172,SYN-C-BR-0172,BORROWER,13253248
SYNTHETIC_ONLY,demo-nbfc-ev-002,SYN-EV-2W-2025,SYN-C-LN-0173,SYN-C-BR-0173,BORROWER,18445146
SYNTHETIC_ONLY,demo-nbfc-ev-002,SYN-EV-2W-2025,SYN-C-LN-0174,SYN-C-BR-0174,BORROWER,18632435
SYNTHETIC_ONLY,demo-nbfc-ev-002,SYN-EV-2W-2025,SYN-C-LN-0175,SYN-C-BR-0175,BORROWER,21099871
SYNTHETIC_ONLY,demo-nbfc-ev-002,SYN-EV-2W-2025,SYN-C-LN-0176,SYN-C-BR-0176,BORROWER,19375079
SYNTHETIC_ONLY,demo-nbfc-ev-002,SYN-EV-2W-2025,SYN-C-LN-0177,SYN-C-BR-0177,BORROWER,24507971
SYNTHETIC_ONLY,demo-nbfc-ev-002,SYN-EV-2W-2025,SYN-C-LN-0178,SYN-C-BR-0178,BORROWER,23078038
SYNTHETIC_ONLY,demo-nbfc-ev-002,SYN-EV-2W-2025,SYN-C-LN-0179,SYN-C-BR-0179,BORROWER,28071652
SYNTHETIC_ONLY,demo-nbfc-ev-002,SYN-EV-2W-2025,SYN-C-LN-0180,SYN-C-BR-0180,BORROWER,12349535
SYNTHETIC_ONLY,demo-nbfc-ev-002,SYN-EV-2W-2025,SYN-C-LN-0181,SYN-C-BR-0181,BORROWER,16790313
SYNTHETIC_ONLY,demo-nbfc-ev-002,SYN-EV-2W-2025,SYN-C-LN-0182,SYN-C-BR-0182,BORROWER,14712342
SYNTHETIC_ONLY,demo-nbfc-ev-002,SYN-EV-2W-2025,SYN-C-LN-0183,SYN-C-BR-0183,BORROWER,19925074
SYNTHETIC_ONLY,demo-nbfc-ev-002,SYN-EV-2W-2025,SYN-C-LN-0184,SYN-C-BR-0184,BORROWER,18032220
SYNTHETIC_ONLY,demo-nbfc-ev-002,SYN-EV-2W-2025,SYN-C-LN-0185,SYN-C-BR-0185,BORROWER,22664853
SYNTHETIC_ONLY,demo-nbfc-ev-002,SYN-EV-2W-2025,SYN-C-LN-0186,SYN-C-BR-0186,BORROWER,22735405
SYNTHETIC_ONLY,demo-nbfc-ev-002,SYN-EV-2W-2025,SYN-C-LN-0187,SYN-C-BR-0187,BORROWER,26158346
SYNTHETIC_ONLY,demo-nbfc-ev-002,SYN-EV-2W-2025,SYN-C-LN-0188,SYN-C-BR-0188,BORROWER,24912746
SYNTHETIC_ONLY,demo-nbfc-ev-002,SYN-EV-2W-2025,SYN-C-LN-0189,SYN-C-BR-0189,BORROWER,15725713
SYNTHETIC_ONLY,demo-nbfc-ev-002,SYN-EV-2W-2025,SYN-C-LN-0190,SYN-C-BR-0190,BORROWER,13069924
SYNTHETIC_ONLY,demo-nbfc-ev-002,SYN-EV-2W-2025,SYN-C-LN-0191,SYN-C-BR-0191,BORROWER,18220069
SYNTHETIC_ONLY,demo-nbfc-ev-002,SYN-EV-2W-2025,SYN-C-LN-0192,SYN-C-BR-0192,BORROWER,18447988
SYNTHETIC_ONLY,demo-nbfc-ev-002,SYN-EV-2W-2025,SYN-C-LN-0193,SYN-C-BR-0193,BORROWER,21448703
SYNTHETIC_ONLY,demo-nbfc-ev-002,SYN-EV-2W-2025,SYN-C-LN-0194,SYN-C-BR-0194,BORROWER,19689725
SYNTHETIC_ONLY,demo-nbfc-ev-002,SYN-EV-2W-2025,SYN-C-LN-0195,SYN-C-BR-0195,BORROWER,24274214
SYNTHETIC_ONLY,demo-nbfc-ev-002,SYN-EV-2W-2025,SYN-C-LN-0196,SYN-C-BR-0196,BORROWER,22864274
SYNTHETIC_ONLY,demo-nbfc-ev-002,SYN-EV-2W-2025,SYN-C-LN-0197,SYN-C-BR-0197,BORROWER,27849610
SYNTHETIC_ONLY,demo-nbfc-ev-002,SYN-EV-2W-2025,SYN-C-LN-0198,SYN-C-BR-0198,BORROWER,12609105
SYNTHETIC_ONLY,demo-nbfc-ev-002,SYN-EV-2W-2025,SYN-C-LN-0199,SYN-C-BR-0199,BORROWER,17118579
SYNTHETIC_ONLY,demo-nbfc-ev-002,SYN-EV-2W-2025,SYN-C-LN-0200,SYN-C-BR-0200,BORROWER,14519917
SYNTHETIC_ONLY,demo-nbfc-ev-002,SYN-EV-2W-2025,SYN-C-LN-0201,SYN-C-BR-0201,BORROWER,19695962
SYNTHETIC_ONLY,demo-nbfc-ev-002,SYN-EV-2W-2025,SYN-C-LN-0202,SYN-C-BR-0202,BORROWER,17827273
SYNTHETIC_ONLY,demo-nbfc-ev-002,SYN-EV-2W-2025,SYN-C-LN-0203,SYN-C-BR-0203,BORROWER,23015068
SYNTHETIC_ONLY,demo-nbfc-ev-002,SYN-EV-2W-2025,SYN-C-LN-0204,SYN-C-BR-0204,BORROWER,23028007
SYNTHETIC_ONLY,demo-nbfc-ev-002,SYN-EV-2W-2025,SYN-C-LN-0205,SYN-C-BR-0205,BORROWER,25927152
SYNTHETIC_ONLY,demo-nbfc-ev-002,SYN-EV-2W-2025,SYN-C-LN-0206,SYN-C-BR-0206,BORROWER,24700193
SYNTHETIC_ONLY,demo-nbfc-ev-002,SYN-EV-2W-2025,SYN-C-LN-0207,SYN-C-BR-0207,BORROWER,15514296
SYNTHETIC_ONLY,demo-nbfc-ev-002,SYN-EV-2W-2025,SYN-C-LN-0208,SYN-C-BR-0208,BORROWER,13344636
SYNTHETIC_ONLY,demo-nbfc-ev-002,SYN-EV-2W-2025,SYN-C-LN-0209,SYN-C-BR-0209,BORROWER,18556451
SYNTHETIC_ONLY,demo-nbfc-ev-002,SYN-EV-2W-2025,SYN-C-LN-0210,SYN-C-BR-0210,BORROWER,18261774
SYNTHETIC_ONLY,demo-nbfc-ev-002,SYN-EV-2W-2025,SYN-C-LN-0211,SYN-C-BR-0211,BORROWER,21217101
SYNTHETIC_ONLY,demo-nbfc-ev-002,SYN-EV-2W-2025,SYN-C-LN-0212,SYN-C-BR-0212,BORROWER,19480407
SYNTHETIC_ONLY,demo-nbfc-ev-002,SYN-EV-2W-2025,SYN-C-LN-0213,SYN-C-BR-0213,BORROWER,24623225
SYNTHETIC_ONLY,demo-nbfc-ev-002,SYN-EV-2W-2025,SYN-C-LN-0214,SYN-C-BR-0214,BORROWER,23184061
SYNTHETIC_ONLY,demo-nbfc-ev-002,SYN-EV-2W-2025,SYN-C-LN-0215,SYN-C-BR-0215,BORROWER,27622876
SYNTHETIC_ONLY,demo-nbfc-ev-002,SYN-EV-2W-2025,SYN-C-LN-0216,SYN-C-BR-0216,BORROWER,12436228
SYNTHETIC_ONLY,demo-nbfc-ev-002,SYN-EV-2W-2025,SYN-C-LN-0217,SYN-C-BR-0217,BORROWER,16900473
SYNTHETIC_ONLY,demo-nbfc-ev-002,SYN-EV-2W-2025,SYN-C-LN-0218,SYN-C-BR-0218,BORROWER,14808189
SYNTHETIC_ONLY,demo-nbfc-ev-002,SYN-EV-2W-2025,SYN-C-LN-0219,SYN-C-BR-0219,BORROWER,20038283
SYNTHETIC_ONLY,demo-nbfc-ev-002,SYN-EV-2W-2025,SYN-C-LN-0220,SYN-C-BR-0220,BORROWER,17620816
SYNTHETIC_ONLY,demo-nbfc-ev-002,SYN-EV-2W-2025,SYN-C-LN-0221,SYN-C-BR-0221,BORROWER,22782611
SYNTHETIC_ONLY,demo-nbfc-ev-002,SYN-EV-2W-2025,SYN-C-LN-0222,SYN-C-BR-0222,BORROWER,22833514
SYNTHETIC_ONLY,demo-nbfc-ev-002,SYN-EV-2W-2025,SYN-C-LN-0223,SYN-C-BR-0223,BORROWER,26272245
SYNTHETIC_ONLY,demo-nbfc-ev-002,SYN-EV-2W-2025,SYN-C-LN-0224,SYN-C-BR-0224,BORROWER,25018082
SYNTHETIC_ONLY,demo-nbfc-ev-002,SYN-EV-2W-2025,SYN-C-LN-0225,SYN-C-BR-0225,BORROWER,15300272
SYNTHETIC_ONLY,demo-nbfc-ev-002,SYN-EV-2W-2025,SYN-C-LN-0226,SYN-C-BR-0226,BORROWER,13161674
SYNTHETIC_ONLY,demo-nbfc-ev-002,SYN-EV-2W-2025,SYN-C-LN-0227,SYN-C-BR-0227,BORROWER,18333013
SYNTHETIC_ONLY,demo-nbfc-ev-002,SYN-EV-2W-2025,SYN-C-LN-0228,SYN-C-BR-0228,BORROWER,18540436
SYNTHETIC_ONLY,demo-nbfc-ev-002,SYN-EV-2W-2025,SYN-C-LN-0229,SYN-C-BR-0229,BORROWER,21563049
SYNTHETIC_ONLY,demo-nbfc-ev-002,SYN-EV-2W-2025,SYN-C-LN-0230,SYN-C-BR-0230,BORROWER,19269315
SYNTHETIC_ONLY,demo-nbfc-ev-002,SYN-EV-2W-2025,SYN-C-LN-0231,SYN-C-BR-0231,BORROWER,24391630
SYNTHETIC_ONLY,demo-nbfc-ev-002,SYN-EV-2W-2025,SYN-C-LN-0232,SYN-C-BR-0232,BORROWER,22971440
SYNTHETIC_ONLY,demo-nbfc-ev-002,SYN-EV-2W-2025,SYN-C-LN-0233,SYN-C-BR-0233,BORROWER,27961222
SYNTHETIC_ONLY,demo-nbfc-ev-002,SYN-EV-2W-2025,SYN-C-LN-0234,SYN-C-BR-0234,BORROWER,12695272
SYNTHETIC_ONLY,demo-nbfc-ev-002,SYN-EV-2W-2025,SYN-C-LN-0235,SYN-C-BR-0235,BORROWER,16679437
SYNTHETIC_ONLY,demo-nbfc-ev-002,SYN-EV-2W-2025,SYN-C-LN-0236,SYN-C-BR-0236,BORROWER,14616249
SYNTHETIC_ONLY,demo-nbfc-ev-002,SYN-EV-2W-2025,SYN-C-LN-0237,SYN-C-BR-0237,BORROWER,19810962
SYNTHETIC_ONLY,demo-nbfc-ev-002,SYN-EV-2W-2025,SYN-C-LN-0238,SYN-C-BR-0238,BORROWER,17929940
SYNTHETIC_ONLY,demo-nbfc-ev-002,SYN-EV-2W-2025,SYN-C-LN-0239,SYN-C-BR-0239,BORROWER,23129743
SYNTHETIC_ONLY,demo-nbfc-ev-002,SYN-EV-2W-2025,SYN-C-LN-0240,SYN-C-BR-0240,BORROWER,22636730
SYNTHETIC_ONLY,demo-nbfc-ev-002,SYN-EV-2W-2025,SYN-C-LN-0241,SYN-C-BR-0241,BORROWER,26043312
SYNTHETIC_ONLY,demo-nbfc-ev-002,SYN-EV-2W-2025,SYN-C-LN-0242,SYN-C-BR-0242,BORROWER,24806781
SYNTHETIC_ONLY,demo-nbfc-ev-002,SYN-EV-2W-2025,SYN-C-LN-0243,SYN-C-BR-0243,BORROWER,15620338
SYNTHETIC_ONLY,demo-nbfc-ev-002,SYN-EV-2W-2025,SYN-C-LN-0244,SYN-C-BR-0244,BORROWER,13435830
SYNTHETIC_ONLY,demo-nbfc-ev-002,SYN-EV-2W-2025,SYN-C-LN-0245,SYN-C-BR-0245,BORROWER,18106327
SYNTHETIC_ONLY,demo-nbfc-ev-002,SYN-EV-2W-2025,SYN-C-LN-0246,SYN-C-BR-0246,BORROWER,18355097
SYNTHETIC_ONLY,demo-nbfc-ev-002,SYN-EV-2W-2025,SYN-C-LN-0247,SYN-C-BR-0247,BORROWER,21333383
SYNTHETIC_ONLY,demo-nbfc-ev-002,SYN-EV-2W-2025,SYN-C-LN-0248,SYN-C-BR-0248,BORROWER,19585293
SYNTHETIC_ONLY,demo-nbfc-ev-002,SYN-EV-2W-2025,SYN-C-LN-0249,SYN-C-BR-0249,BORROWER,24737382
SYNTHETIC_ONLY,demo-nbfc-ev-002,SYN-EV-2W-2025,SYN-C-LN-0250,SYN-C-BR-0250,BORROWER,22756550
SYNTHETIC_ONLY,demo-nbfc-ev-002,SYN-EV-2W-2025,SYN-C-LN-0251,SYN-C-BR-0251,BORROWER,27736825
SYNTHETIC_ONLY,demo-nbfc-ev-002,SYN-EV-2W-2025,SYN-C-LN-0252,SYN-C-BR-0252,BORROWER,12522754
SYNTHETIC_ONLY,demo-nbfc-ev-002,SYN-EV-2W-2025,SYN-C-LN-0253,SYN-C-BR-0253,BORROWER,17009900
SYNTHETIC_ONLY,demo-nbfc-ev-002,SYN-EV-2W-2025,SYN-C-LN-0254,SYN-C-BR-0254,BORROWER,14903778
SYNTHETIC_ONLY,demo-nbfc-ev-002,SYN-EV-2W-2025,SYN-C-LN-0255,SYN-C-BR-0255,BORROWER,19580086
SYNTHETIC_ONLY,demo-nbfc-ev-002,SYN-EV-2W-2025,SYN-C-LN-0256,SYN-C-BR-0256,BORROWER,17724229
SYNTHETIC_ONLY,demo-nbfc-ev-002,SYN-EV-2W-2025,SYN-C-LN-0257,SYN-C-BR-0257,BORROWER,22899353
SYNTHETIC_ONLY,demo-nbfc-ev-002,SYN-EV-2W-2025,SYN-C-LN-0258,SYN-C-BR-0258,BORROWER,22931050
SYNTHETIC_ONLY,demo-nbfc-ev-002,SYN-EV-2W-2025,SYN-C-LN-0259,SYN-C-BR-0259,BORROWER,26385000
SYNTHETIC_ONLY,demo-nbfc-ev-002,SYN-EV-2W-2025,SYN-C-LN-0260,SYN-C-BR-0260,BORROWER,24592990
SYNTHETIC_ONLY,demo-nbfc-ev-002,SYN-EV-2W-2025,SYN-C-LN-0261,SYN-C-BR-0261,BORROWER,15407602
SYNTHETIC_ONLY,demo-nbfc-ev-002,SYN-EV-2W-2025,SYN-C-LN-0262,SYN-C-BR-0262,BORROWER,13253248
SYNTHETIC_ONLY,demo-nbfc-ev-002,SYN-EV-2W-2025,SYN-C-LN-0263,SYN-C-BR-0263,BORROWER,18445146
SYNTHETIC_ONLY,demo-nbfc-ev-002,SYN-EV-2W-2025,SYN-C-LN-0264,SYN-C-BR-0264,BORROWER,18632435
SYNTHETIC_ONLY,demo-nbfc-ev-002,SYN-EV-2W-2025,SYN-C-LN-0265,SYN-C-BR-0265,BORROWER,21099871
SYNTHETIC_ONLY,demo-nbfc-ev-002,SYN-EV-2W-2025,SYN-C-LN-0266,SYN-C-BR-0266,BORROWER,19375079
SYNTHETIC_ONLY,demo-nbfc-ev-002,SYN-EV-2W-2025,SYN-C-LN-0267,SYN-C-BR-0267,BORROWER,24507971
SYNTHETIC_ONLY,demo-nbfc-ev-002,SYN-EV-2W-2025,SYN-C-LN-0268,SYN-C-BR-0268,BORROWER,23078038
SYNTHETIC_ONLY,demo-nbfc-ev-002,SYN-EV-2W-2025,SYN-C-LN-0269,SYN-C-BR-0269,BORROWER,28071652
SYNTHETIC_ONLY,demo-nbfc-ev-002,SYN-EV-2W-2025,SYN-C-LN-0270,SYN-C-BR-0270,BORROWER,12349535
SYNTHETIC_ONLY,demo-nbfc-ev-002,SYN-EV-2W-2025,SYN-C-LN-0271,SYN-C-BR-0271,BORROWER,16790313
SYNTHETIC_ONLY,demo-nbfc-ev-002,SYN-EV-2W-2025,SYN-C-LN-0272,SYN-C-BR-0272,BORROWER,14712342
SYNTHETIC_ONLY,demo-nbfc-ev-002,SYN-EV-2W-2025,SYN-C-LN-0273,SYN-C-BR-0273,BORROWER,19925074
SYNTHETIC_ONLY,demo-nbfc-ev-002,SYN-EV-2W-2025,SYN-C-LN-0274,SYN-C-BR-0274,BORROWER,18032220
SYNTHETIC_ONLY,demo-nbfc-ev-002,SYN-EV-2W-2025,SYN-C-LN-0275,SYN-C-BR-0275,BORROWER,22664853
SYNTHETIC_ONLY,demo-nbfc-ev-002,SYN-EV-2W-2025,SYN-C-LN-0276,SYN-C-BR-0276,BORROWER,22735405
SYNTHETIC_ONLY,demo-nbfc-ev-002,SYN-EV-2W-2025,SYN-C-LN-0277,SYN-C-BR-0277,BORROWER,26158346
SYNTHETIC_ONLY,demo-nbfc-ev-002,SYN-EV-2W-2025,SYN-C-LN-0278,SYN-C-BR-0278,BORROWER,24912746
SYNTHETIC_ONLY,demo-nbfc-ev-002,SYN-EV-2W-2025,SYN-C-LN-0279,SYN-C-BR-0279,BORROWER,15725713
SYNTHETIC_ONLY,demo-nbfc-ev-002,SYN-EV-2W-2025,SYN-C-LN-0280,SYN-C-BR-0280,BORROWER,13069924
SYNTHETIC_ONLY,demo-nbfc-ev-002,SYN-EV-2W-2025,SYN-C-LN-0281,SYN-C-BR-0281,BORROWER,18220069
SYNTHETIC_ONLY,demo-nbfc-ev-002,SYN-EV-2W-2025,SYN-C-LN-0282,SYN-C-BR-0282,BORROWER,18447988
SYNTHETIC_ONLY,demo-nbfc-ev-002,SYN-EV-2W-2025,SYN-C-LN-0283,SYN-C-BR-0283,BORROWER,21448703
SYNTHETIC_ONLY,demo-nbfc-ev-002,SYN-EV-2W-2025,SYN-C-LN-0284,SYN-C-BR-0284,BORROWER,19689725
SYNTHETIC_ONLY,demo-nbfc-ev-002,SYN-EV-2W-2025,SYN-C-LN-0285,SYN-C-BR-0285,BORROWER,24274214
SYNTHETIC_ONLY,demo-nbfc-ev-002,SYN-EV-2W-2025,SYN-C-LN-0286,SYN-C-BR-0286,BORROWER,22864274
SYNTHETIC_ONLY,demo-nbfc-ev-002,SYN-EV-2W-2025,SYN-C-LN-0287,SYN-C-BR-0287,BORROWER,27849610
SYNTHETIC_ONLY,demo-nbfc-ev-002,SYN-EV-2W-2025,SYN-C-LN-0288,SYN-C-BR-0288,BORROWER,12609105
SYNTHETIC_ONLY,demo-nbfc-ev-002,SYN-EV-2W-2025,SYN-C-LN-0289,SYN-C-BR-0289,BORROWER,17118579
SYNTHETIC_ONLY,demo-nbfc-ev-002,SYN-EV-2W-2025,SYN-C-LN-0290,SYN-C-BR-0290,BORROWER,14519917
SYNTHETIC_ONLY,demo-nbfc-ev-002,SYN-EV-2W-2025,SYN-C-LN-0291,SYN-C-BR-0291,BORROWER,19695962
SYNTHETIC_ONLY,demo-nbfc-ev-002,SYN-EV-2W-2025,SYN-C-LN-0292,SYN-C-BR-0292,BORROWER,17827273
SYNTHETIC_ONLY,demo-nbfc-ev-002,SYN-EV-2W-2025,SYN-C-LN-0293,SYN-C-BR-0293,BORROWER,23015068
SYNTHETIC_ONLY,demo-nbfc-ev-002,SYN-EV-2W-2025,SYN-C-LN-0294,SYN-C-BR-0294,BORROWER,23028007
SYNTHETIC_ONLY,demo-nbfc-ev-002,SYN-EV-2W-2025,SYN-C-LN-0295,SYN-C-BR-0295,BORROWER,25927152
SYNTHETIC_ONLY,demo-nbfc-ev-002,SYN-EV-2W-2025,SYN-C-LN-0296,SYN-C-BR-0296,BORROWER,24700193
SYNTHETIC_ONLY,demo-nbfc-ev-002,SYN-EV-2W-2025,SYN-C-LN-0297,SYN-C-BR-0297,BORROWER,15514296
SYNTHETIC_ONLY,demo-nbfc-ev-002,SYN-EV-2W-2025,SYN-C-LN-0298,SYN-C-BR-0298,BORROWER,13344636
SYNTHETIC_ONLY,demo-nbfc-ev-002,SYN-EV-2W-2025,SYN-C-LN-0299,SYN-C-BR-0299,BORROWER,18556451
SYNTHETIC_ONLY,demo-nbfc-ev-002,SYN-EV-2W-2025,SYN-C-LN-0300,SYN-C-BR-0300,BORROWER,18261774
SYNTHETIC_ONLY,demo-nbfc-ev-002,SYN-EV-2W-2025,SYN-C-LN-0301,SYN-C-BR-0301,BORROWER,21217101
SYNTHETIC_ONLY,demo-nbfc-ev-002,SYN-EV-2W-2025,SYN-C-LN-0302,SYN-C-BR-0302,BORROWER,19480407
SYNTHETIC_ONLY,demo-nbfc-ev-002,SYN-EV-2W-2025,SYN-C-LN-0303,SYN-C-BR-0303,BORROWER,24623225
SYNTHETIC_ONLY,demo-nbfc-ev-002,SYN-EV-2W-2025,SYN-C-LN-0304,SYN-C-BR-0304,BORROWER,23184061
SYNTHETIC_ONLY,demo-nbfc-ev-002,SYN-EV-2W-2025,SYN-C-LN-0305,SYN-C-BR-0305,BORROWER,27622876
SYNTHETIC_ONLY,demo-nbfc-ev-002,SYN-EV-2W-2025,SYN-C-LN-0306,SYN-C-BR-0306,BORROWER,12436228
SYNTHETIC_ONLY,demo-nbfc-ev-002,SYN-EV-2W-2025,SYN-C-LN-0307,SYN-C-BR-0307,BORROWER,16900473
SYNTHETIC_ONLY,demo-nbfc-ev-002,SYN-EV-2W-2025,SYN-C-LN-0308,SYN-C-BR-0308,BORROWER,14808189
SYNTHETIC_ONLY,demo-nbfc-ev-002,SYN-EV-2W-2025,SYN-C-LN-0309,SYN-C-BR-0309,BORROWER,20038283
SYNTHETIC_ONLY,demo-nbfc-ev-002,SYN-EV-2W-2025,SYN-C-LN-0310,SYN-C-BR-0310,BORROWER,17620816
SYNTHETIC_ONLY,demo-nbfc-ev-002,SYN-EV-2W-2025,SYN-C-LN-0311,SYN-C-BR-0311,BORROWER,22782611
SYNTHETIC_ONLY,demo-nbfc-ev-002,SYN-EV-2W-2025,SYN-C-LN-0312,SYN-C-BR-0312,BORROWER,22833514
SYNTHETIC_ONLY,demo-nbfc-ev-002,SYN-EV-2W-2025,SYN-C-LN-0313,SYN-C-BR-0313,BORROWER,26272245
SYNTHETIC_ONLY,demo-nbfc-ev-002,SYN-EV-2W-2025,SYN-C-LN-0314,SYN-C-BR-0314,BORROWER,25018082
SYNTHETIC_ONLY,demo-nbfc-ev-002,SYN-EV-2W-2025,SYN-C-LN-0315,SYN-C-BR-0315,BORROWER,15300272
SYNTHETIC_ONLY,demo-nbfc-ev-002,SYN-EV-2W-2025,SYN-C-LN-0316,SYN-C-BR-0316,BORROWER,13161674
SYNTHETIC_ONLY,demo-nbfc-ev-002,SYN-EV-2W-2025,SYN-C-LN-0317,SYN-C-BR-0317,BORROWER,18333013
SYNTHETIC_ONLY,demo-nbfc-ev-002,SYN-EV-2W-2025,SYN-C-LN-0318,SYN-C-BR-0318,BORROWER,18540436
SYNTHETIC_ONLY,demo-nbfc-ev-002,SYN-EV-2W-2025,SYN-C-LN-0319,SYN-C-BR-0319,BORROWER,21563049
SYNTHETIC_ONLY,demo-nbfc-ev-002,SYN-EV-2W-2025,SYN-C-LN-0320,SYN-C-BR-0320,BORROWER,19269315
SYNTHETIC_ONLY,demo-nbfc-ev-002,SYN-EV-2W-2025,SYN-C-LN-0321,SYN-C-BR-0321,BORROWER,24391630
SYNTHETIC_ONLY,demo-nbfc-ev-002,SYN-EV-2W-2025,SYN-C-LN-0322,SYN-C-BR-0322,BORROWER,22971440
SYNTHETIC_ONLY,demo-nbfc-ev-002,SYN-EV-2W-2025,SYN-C-LN-0323,SYN-C-BR-0323,BORROWER,27961222
SYNTHETIC_ONLY,demo-nbfc-ev-002,SYN-EV-2W-2025,SYN-C-LN-0324,SYN-C-BR-0324,BORROWER,12695272
SYNTHETIC_ONLY,demo-nbfc-ev-002,SYN-EV-2W-2025,SYN-C-LN-0325,SYN-C-BR-0325,BORROWER,16679437
SYNTHETIC_ONLY,demo-nbfc-ev-002,SYN-EV-2W-2025,SYN-C-LN-0326,SYN-C-BR-0326,BORROWER,14616249
SYNTHETIC_ONLY,demo-nbfc-ev-002,SYN-EV-2W-2025,SYN-C-LN-0327,SYN-C-BR-0327,BORROWER,19810962
SYNTHETIC_ONLY,demo-nbfc-ev-002,SYN-EV-2W-2025,SYN-C-LN-0328,SYN-C-BR-0328,BORROWER,17929940
SYNTHETIC_ONLY,demo-nbfc-ev-002,SYN-EV-2W-2025,SYN-C-LN-0329,SYN-C-BR-0329,BORROWER,23129743
SYNTHETIC_ONLY,demo-nbfc-ev-002,SYN-EV-2W-2025,SYN-C-LN-0330,SYN-C-BR-0330,BORROWER,22636730
SYNTHETIC_ONLY,demo-nbfc-ev-002,SYN-EV-2W-2025,SYN-C-LN-0331,SYN-C-BR-0331,BORROWER,26043312
SYNTHETIC_ONLY,demo-nbfc-ev-002,SYN-EV-2W-2025,SYN-C-LN-0332,SYN-C-BR-0332,BORROWER,24806781
SYNTHETIC_ONLY,demo-nbfc-ev-002,SYN-EV-2W-2025,SYN-C-LN-0333,SYN-C-BR-0333,BORROWER,15620338
SYNTHETIC_ONLY,demo-nbfc-ev-002,SYN-EV-2W-2025,SYN-C-LN-0334,SYN-C-BR-0334,BORROWER,13435830
SYNTHETIC_ONLY,demo-nbfc-ev-002,SYN-EV-2W-2025,SYN-C-LN-0335,SYN-C-BR-0335,BORROWER,18106327
SYNTHETIC_ONLY,demo-nbfc-ev-002,SYN-EV-2W-2025,SYN-C-LN-0336,SYN-C-BR-0336,BORROWER,18355097
SYNTHETIC_ONLY,demo-nbfc-ev-002,SYN-EV-2W-2025,SYN-C-LN-0337,SYN-C-BR-0337,BORROWER,21333383
SYNTHETIC_ONLY,demo-nbfc-ev-002,SYN-EV-2W-2025,SYN-C-LN-0338,SYN-C-BR-0338,BORROWER,19585293
SYNTHETIC_ONLY,demo-nbfc-ev-002,SYN-EV-2W-2025,SYN-C-LN-0339,SYN-C-BR-0339,BORROWER,24737382
SYNTHETIC_ONLY,demo-nbfc-ev-002,SYN-EV-2W-2025,SYN-C-LN-0340,SYN-C-BR-0340,BORROWER,22756550
SYNTHETIC_ONLY,demo-nbfc-ev-002,SYN-EV-2W-2025,SYN-C-LN-0341,SYN-C-BR-0341,BORROWER,27736825
SYNTHETIC_ONLY,demo-nbfc-ev-002,SYN-EV-2W-2025,SYN-C-LN-0342,SYN-C-BR-0342,BORROWER,12522754
SYNTHETIC_ONLY,demo-nbfc-ev-002,SYN-EV-2W-2025,SYN-C-LN-0343,SYN-C-BR-0343,BORROWER,17009900
SYNTHETIC_ONLY,demo-nbfc-ev-002,SYN-EV-2W-2025,SYN-C-LN-0344,SYN-C-BR-0344,BORROWER,14903778
SYNTHETIC_ONLY,demo-nbfc-ev-002,SYN-EV-2W-2025,SYN-C-LN-0345,SYN-C-BR-0345,BORROWER,19580086
SYNTHETIC_ONLY,demo-nbfc-ev-002,SYN-EV-2W-2025,SYN-C-LN-0346,SYN-C-BR-0346,BORROWER,17724229
SYNTHETIC_ONLY,demo-nbfc-ev-002,SYN-EV-2W-2025,SYN-C-LN-0347,SYN-C-BR-0347,BORROWER,22899353
SYNTHETIC_ONLY,demo-nbfc-ev-002,SYN-EV-2W-2025,SYN-C-LN-0348,SYN-C-BR-0348,BORROWER,22931050
SYNTHETIC_ONLY,demo-nbfc-ev-002,SYN-EV-2W-2025,SYN-C-LN-0349,SYN-C-BR-0349,BORROWER,26385000
SYNTHETIC_ONLY,demo-nbfc-ev-002,SYN-EV-2W-2025,SYN-C-LN-0350,SYN-C-BR-0350,BORROWER,24592990
SYNTHETIC_ONLY,demo-nbfc-ev-002,SYN-EV-2W-2025,SYN-C-LN-0351,SYN-C-BR-0351,BORROWER,15407602
SYNTHETIC_ONLY,demo-nbfc-ev-002,SYN-EV-2W-2025,SYN-C-LN-0352,SYN-C-BR-0352,BORROWER,13253248
SYNTHETIC_ONLY,demo-nbfc-ev-002,SYN-EV-2W-2025,SYN-C-LN-0353,SYN-C-BR-0353,BORROWER,18445146
SYNTHETIC_ONLY,demo-nbfc-ev-002,SYN-EV-2W-2025,SYN-C-LN-0354,SYN-C-BR-0354,BORROWER,18632435
SYNTHETIC_ONLY,demo-nbfc-ev-002,SYN-EV-2W-2025,SYN-C-LN-0355,SYN-C-BR-0355,BORROWER,21099871
SYNTHETIC_ONLY,demo-nbfc-ev-002,SYN-EV-2W-2025,SYN-C-LN-0356,SYN-C-BR-0356,BORROWER,19375079
SYNTHETIC_ONLY,demo-nbfc-ev-002,SYN-EV-2W-2025,SYN-C-LN-0357,SYN-C-BR-0357,BORROWER,24507971
SYNTHETIC_ONLY,demo-nbfc-ev-002,SYN-EV-2W-2025,SYN-C-LN-0358,SYN-C-BR-0358,BORROWER,23078038
SYNTHETIC_ONLY,demo-nbfc-ev-002,SYN-EV-2W-2025,SYN-C-LN-0359,SYN-C-BR-0359,BORROWER,28071652
SYNTHETIC_ONLY,demo-nbfc-ev-002,SYN-EV-2W-2025,SYN-C-LN-0360,SYN-C-BR-0360,BORROWER,12349535
SYNTHETIC_ONLY,demo-nbfc-ev-002,SYN-EV-2W-2025,SYN-C-LN-0361,SYN-C-BR-0361,BORROWER,16790313
SYNTHETIC_ONLY,demo-nbfc-ev-002,SYN-EV-2W-2025,SYN-C-LN-0362,SYN-C-BR-0362,BORROWER,14712342
SYNTHETIC_ONLY,demo-nbfc-ev-002,SYN-EV-2W-2025,SYN-C-LN-0363,SYN-C-BR-0363,BORROWER,19925074
SYNTHETIC_ONLY,demo-nbfc-ev-002,SYN-EV-2W-2025,SYN-C-LN-0364,SYN-C-BR-0364,BORROWER,18032220
SYNTHETIC_ONLY,demo-nbfc-ev-002,SYN-EV-2W-2025,SYN-C-LN-0365,SYN-C-BR-0365,BORROWER,22664853
SYNTHETIC_ONLY,demo-nbfc-ev-002,SYN-EV-2W-2025,SYN-C-LN-0366,SYN-C-BR-0366,BORROWER,22735405
SYNTHETIC_ONLY,demo-nbfc-ev-002,SYN-EV-2W-2025,SYN-C-LN-0367,SYN-C-BR-0367,BORROWER,26158346
SYNTHETIC_ONLY,demo-nbfc-ev-002,SYN-EV-2W-2025,SYN-C-LN-0368,SYN-C-BR-0368,BORROWER,24912746
SYNTHETIC_ONLY,demo-nbfc-ev-002,SYN-EV-2W-2025,SYN-C-LN-0369,SYN-C-BR-0369,BORROWER,15725713
SYNTHETIC_ONLY,demo-nbfc-ev-002,SYN-EV-2W-2025,SYN-C-LN-0370,SYN-C-BR-0370,BORROWER,13069924
SYNTHETIC_ONLY,demo-nbfc-ev-002,SYN-EV-2W-2025,SYN-C-LN-0371,SYN-C-BR-0371,BORROWER,18220069
SYNTHETIC_ONLY,demo-nbfc-ev-002,SYN-EV-2W-2025,SYN-C-LN-0372,SYN-C-BR-0372,BORROWER,18447988
SYNTHETIC_ONLY,demo-nbfc-ev-002,SYN-EV-2W-2025,SYN-C-LN-0373,SYN-C-BR-0373,BORROWER,21448703
SYNTHETIC_ONLY,demo-nbfc-ev-002,SYN-EV-2W-2025,SYN-C-LN-0374,SYN-C-BR-0374,BORROWER,19689725
SYNTHETIC_ONLY,demo-nbfc-ev-002,SYN-EV-2W-2025,SYN-C-LN-0375,SYN-C-BR-0375,BORROWER,24274214
SYNTHETIC_ONLY,demo-nbfc-ev-002,SYN-EV-2W-2025,SYN-C-LN-0376,SYN-C-BR-0376,BORROWER,22864274
SYNTHETIC_ONLY,demo-nbfc-ev-002,SYN-EV-2W-2025,SYN-C-LN-0377,SYN-C-BR-0377,BORROWER,27849610
SYNTHETIC_ONLY,demo-nbfc-ev-002,SYN-EV-2W-2025,SYN-C-LN-0378,SYN-C-BR-0378,BORROWER,12609105
SYNTHETIC_ONLY,demo-nbfc-ev-002,SYN-EV-2W-2025,SYN-C-LN-0379,SYN-C-BR-0379,BORROWER,17118579
SYNTHETIC_ONLY,demo-nbfc-ev-002,SYN-EV-2W-2025,SYN-C-LN-0380,SYN-C-BR-0380,BORROWER,14519917
SYNTHETIC_ONLY,demo-nbfc-ev-002,SYN-EV-2W-2025,SYN-C-LN-0381,SYN-C-BR-0381,BORROWER,19695962
SYNTHETIC_ONLY,demo-nbfc-ev-002,SYN-EV-2W-2025,SYN-C-LN-0382,SYN-C-BR-0382,BORROWER,17827273
SYNTHETIC_ONLY,demo-nbfc-ev-002,SYN-EV-2W-2025,SYN-C-LN-0383,SYN-C-BR-0383,BORROWER,23015068
SYNTHETIC_ONLY,demo-nbfc-ev-002,SYN-EV-2W-2025,SYN-C-LN-0384,SYN-C-BR-0384,BORROWER,23028007
SYNTHETIC_ONLY,demo-nbfc-ev-002,SYN-EV-2W-2025,SYN-C-LN-0385,SYN-C-BR-0385,BORROWER,25927152
SYNTHETIC_ONLY,demo-nbfc-ev-002,SYN-EV-2W-2025,SYN-C-LN-0386,SYN-C-BR-0386,BORROWER,24700193
SYNTHETIC_ONLY,demo-nbfc-ev-002,SYN-EV-2W-2025,SYN-C-LN-0387,SYN-C-BR-0387,BORROWER,15514296
SYNTHETIC_ONLY,demo-nbfc-ev-002,SYN-EV-2W-2025,SYN-C-LN-0388,SYN-C-BR-0388,BORROWER,13344636
SYNTHETIC_ONLY,demo-nbfc-ev-002,SYN-EV-2W-2025,SYN-C-LN-0389,SYN-C-BR-0389,BORROWER,18556451
SYNTHETIC_ONLY,demo-nbfc-ev-002,SYN-EV-2W-2025,SYN-C-LN-0390,SYN-C-BR-0390,BORROWER,18261774
SYNTHETIC_ONLY,demo-nbfc-ev-002,SYN-EV-2W-2025,SYN-C-LN-0391,SYN-C-BR-0391,BORROWER,21217101
SYNTHETIC_ONLY,demo-nbfc-ev-002,SYN-EV-2W-2025,SYN-C-LN-0392,SYN-C-BR-0392,BORROWER,19480407
SYNTHETIC_ONLY,demo-nbfc-ev-002,SYN-EV-2W-2025,SYN-C-LN-0393,SYN-C-BR-0393,BORROWER,24623225
SYNTHETIC_ONLY,demo-nbfc-ev-002,SYN-EV-2W-2025,SYN-C-LN-0394,SYN-C-BR-0394,BORROWER,23184061
SYNTHETIC_ONLY,demo-nbfc-ev-002,SYN-EV-2W-2025,SYN-C-LN-0395,SYN-C-BR-0395,BORROWER,27622876
SYNTHETIC_ONLY,demo-nbfc-ev-002,SYN-EV-2W-2025,SYN-C-LN-0396,SYN-C-BR-0396,BORROWER,12436228
SYNTHETIC_ONLY,demo-nbfc-ev-002,SYN-EV-2W-2025,SYN-C-LN-0397,SYN-C-BR-0397,BORROWER,16900473
SYNTHETIC_ONLY,demo-nbfc-ev-002,SYN-EV-2W-2025,SYN-C-LN-0398,SYN-C-BR-0398,BORROWER,14808189
SYNTHETIC_ONLY,demo-nbfc-ev-002,SYN-EV-2W-2025,SYN-C-LN-0399,SYN-C-BR-0399,BORROWER,20038283
SYNTHETIC_ONLY,demo-nbfc-ev-002,SYN-EV-2W-2025,SYN-C-LN-0400,SYN-C-BR-0400,BORROWER,17620816
SYNTHETIC_ONLY,demo-nbfc-ev-002,SYN-EV-2W-2025,SYN-C-LN-0401,SYN-C-BR-0401,BORROWER,22782611
SYNTHETIC_ONLY,demo-nbfc-ev-002,SYN-EV-2W-2025,SYN-C-LN-0402,SYN-C-BR-0402,BORROWER,22833514
SYNTHETIC_ONLY,demo-nbfc-ev-002,SYN-EV-2W-2025,SYN-C-LN-0403,SYN-C-BR-0403,BORROWER,26272245
SYNTHETIC_ONLY,demo-nbfc-ev-002,SYN-EV-2W-2025,SYN-C-LN-0404,SYN-C-BR-0404,BORROWER,25018082
SYNTHETIC_ONLY,demo-nbfc-ev-002,SYN-EV-2W-2025,SYN-C-LN-0405,SYN-C-BR-0405,BORROWER,15300272
SYNTHETIC_ONLY,demo-nbfc-ev-002,SYN-EV-2W-2025,SYN-C-LN-0406,SYN-C-BR-0406,BORROWER,13161674
SYNTHETIC_ONLY,demo-nbfc-ev-002,SYN-EV-2W-2025,SYN-C-LN-0407,SYN-C-BR-0407,BORROWER,18333013
SYNTHETIC_ONLY,demo-nbfc-ev-002,SYN-EV-2W-2025,SYN-C-LN-0408,SYN-C-BR-0408,BORROWER,18540436
SYNTHETIC_ONLY,demo-nbfc-ev-002,SYN-EV-2W-2025,SYN-C-LN-0409,SYN-C-BR-0409,BORROWER,21563049
SYNTHETIC_ONLY,demo-nbfc-ev-002,SYN-EV-2W-2025,SYN-C-LN-0410,SYN-C-BR-0410,BORROWER,19269315
SYNTHETIC_ONLY,demo-nbfc-ev-002,SYN-EV-2W-2025,SYN-C-LN-0411,SYN-C-BR-0411,BORROWER,24391630
SYNTHETIC_ONLY,demo-nbfc-ev-002,SYN-EV-2W-2025,SYN-C-LN-0412,SYN-C-BR-0412,BORROWER,22971440
SYNTHETIC_ONLY,demo-nbfc-ev-002,SYN-EV-2W-2025,SYN-C-LN-0413,SYN-C-BR-0413,BORROWER,27961222
SYNTHETIC_ONLY,demo-nbfc-ev-002,SYN-EV-2W-2025,SYN-C-LN-0414,SYN-C-BR-0414,BORROWER,12695272
SYNTHETIC_ONLY,demo-nbfc-ev-002,SYN-EV-2W-2025,SYN-C-LN-0415,SYN-C-BR-0415,BORROWER,16679437
SYNTHETIC_ONLY,demo-nbfc-ev-002,SYN-EV-2W-2025,SYN-C-LN-0416,SYN-C-BR-0416,BORROWER,14616249
SYNTHETIC_ONLY,demo-nbfc-ev-002,SYN-EV-2W-2025,SYN-C-LN-0417,SYN-C-BR-0417,BORROWER,19810962
SYNTHETIC_ONLY,demo-nbfc-ev-002,SYN-EV-2W-2025,SYN-C-LN-0418,SYN-C-BR-0418,BORROWER,17929940
SYNTHETIC_ONLY,demo-nbfc-ev-002,SYN-EV-2W-2025,SYN-C-LN-0419,SYN-C-BR-0419,BORROWER,23129743
SYNTHETIC_ONLY,demo-nbfc-ev-002,SYN-EV-2W-2025,SYN-C-LN-0420,SYN-C-BR-0420,BORROWER,22636730
SYNTHETIC_ONLY,demo-nbfc-ev-002,SYN-EV-2W-2025,SYN-C-LN-0421,SYN-C-BR-0421,BORROWER,26043312
SYNTHETIC_ONLY,demo-nbfc-ev-002,SYN-EV-2W-2025,SYN-C-LN-0422,SYN-C-BR-0422,BORROWER,24806781
SYNTHETIC_ONLY,demo-nbfc-ev-002,SYN-EV-2W-2025,SYN-C-LN-0423,SYN-C-BR-0423,BORROWER,15620338
SYNTHETIC_ONLY,demo-nbfc-ev-002,SYN-EV-2W-2025,SYN-C-LN-0424,SYN-C-BR-0424,BORROWER,13435830
SYNTHETIC_ONLY,demo-nbfc-ev-002,SYN-EV-2W-2025,SYN-C-LN-0425,SYN-C-BR-0425,BORROWER,18106327
SYNTHETIC_ONLY,demo-nbfc-ev-002,SYN-EV-2W-2025,SYN-C-LN-0426,SYN-C-BR-0426,BORROWER,18355097
SYNTHETIC_ONLY,demo-nbfc-ev-002,SYN-EV-2W-2025,SYN-C-LN-0427,SYN-C-BR-0427,BORROWER,21333383
SYNTHETIC_ONLY,demo-nbfc-ev-002,SYN-EV-2W-2025,SYN-C-LN-0428,SYN-C-BR-0428,BORROWER,19585293
SYNTHETIC_ONLY,demo-nbfc-ev-002,SYN-EV-2W-2025,SYN-C-LN-0429,SYN-C-BR-0429,BORROWER,24737382
SYNTHETIC_ONLY,demo-nbfc-ev-002,SYN-EV-2W-2025,SYN-C-LN-0430,SYN-C-BR-0430,BORROWER,22756550
SYNTHETIC_ONLY,demo-nbfc-ev-002,SYN-EV-2W-2025,SYN-C-LN-0431,SYN-C-BR-0431,BORROWER,27736825
SYNTHETIC_ONLY,demo-nbfc-ev-002,SYN-EV-2W-2025,SYN-C-LN-0432,SYN-C-BR-0432,BORROWER,12522754
SYNTHETIC_ONLY,demo-nbfc-ev-002,SYN-EV-2W-2025,SYN-C-LN-0433,SYN-C-BR-0433,BORROWER,17009900
SYNTHETIC_ONLY,demo-nbfc-ev-002,SYN-EV-2W-2025,SYN-C-LN-0434,SYN-C-BR-0434,BORROWER,14903778
SYNTHETIC_ONLY,demo-nbfc-ev-002,SYN-EV-2W-2025,SYN-C-LN-0435,SYN-C-BR-0435,BORROWER,19580086
SYNTHETIC_ONLY,demo-nbfc-ev-002,SYN-EV-2W-2025,SYN-C-LN-0436,SYN-C-BR-0436,BORROWER,17724229
SYNTHETIC_ONLY,demo-nbfc-ev-002,SYN-EV-2W-2025,SYN-C-LN-0437,SYN-C-BR-0437,BORROWER,22899353
SYNTHETIC_ONLY,demo-nbfc-ev-002,SYN-EV-2W-2025,SYN-C-LN-0438,SYN-C-BR-0438,BORROWER,22931050
SYNTHETIC_ONLY,demo-nbfc-ev-002,SYN-EV-2W-2025,SYN-C-LN-0439,SYN-C-BR-0439,BORROWER,26385000
SYNTHETIC_ONLY,demo-nbfc-ev-002,SYN-EV-2W-2025,SYN-C-LN-0440,SYN-C-BR-0440,BORROWER,24592990
SYNTHETIC_ONLY,demo-nbfc-ev-002,SYN-EV-2W-2025,SYN-C-LN-0441,SYN-C-BR-0441,BORROWER,15407602
SYNTHETIC_ONLY,demo-nbfc-ev-002,SYN-EV-2W-2025,SYN-C-LN-0442,SYN-C-BR-0442,BORROWER,13253248
SYNTHETIC_ONLY,demo-nbfc-ev-002,SYN-EV-2W-2025,SYN-C-LN-0443,SYN-C-BR-0443,BORROWER,18445146
SYNTHETIC_ONLY,demo-nbfc-ev-002,SYN-EV-2W-2025,SYN-C-LN-0444,SYN-C-BR-0444,BORROWER,18632435
SYNTHETIC_ONLY,demo-nbfc-ev-002,SYN-EV-2W-2025,SYN-C-LN-0445,SYN-C-BR-0445,BORROWER,21099871
SYNTHETIC_ONLY,demo-nbfc-ev-002,SYN-EV-2W-2025,SYN-C-LN-0446,SYN-C-BR-0446,BORROWER,19375079
SYNTHETIC_ONLY,demo-nbfc-ev-002,SYN-EV-2W-2025,SYN-C-LN-0447,SYN-C-BR-0447,BORROWER,24507971
SYNTHETIC_ONLY,demo-nbfc-ev-002,SYN-EV-2W-2025,SYN-C-LN-0448,SYN-C-BR-0448,BORROWER,23078038
SYNTHETIC_ONLY,demo-nbfc-ev-002,SYN-EV-2W-2025,SYN-C-LN-0449,SYN-C-BR-0449,BORROWER,28071652
SYNTHETIC_ONLY,demo-nbfc-ev-002,SYN-EV-2W-2025,SYN-C-LN-0450,SYN-C-BR-0450,BORROWER,12349535
SYNTHETIC_ONLY,demo-nbfc-ev-002,SYN-EV-2W-2025,SYN-C-LN-0451,SYN-C-BR-0451,BORROWER,16790313
SYNTHETIC_ONLY,demo-nbfc-ev-002,SYN-EV-2W-2025,SYN-C-LN-0452,SYN-C-BR-0452,BORROWER,14712342
SYNTHETIC_ONLY,demo-nbfc-ev-002,SYN-EV-2W-2025,SYN-C-LN-0453,SYN-C-BR-0453,BORROWER,19925074
SYNTHETIC_ONLY,demo-nbfc-ev-002,SYN-EV-2W-2025,SYN-C-LN-0454,SYN-C-BR-0454,BORROWER,18032220
SYNTHETIC_ONLY,demo-nbfc-ev-002,SYN-EV-2W-2025,SYN-C-LN-0455,SYN-C-BR-0455,BORROWER,22664853
SYNTHETIC_ONLY,demo-nbfc-ev-002,SYN-EV-2W-2025,SYN-C-LN-0456,SYN-C-BR-0456,BORROWER,22735405
SYNTHETIC_ONLY,demo-nbfc-ev-002,SYN-EV-2W-2025,SYN-C-LN-0457,SYN-C-BR-0457,BORROWER,26158346
SYNTHETIC_ONLY,demo-nbfc-ev-002,SYN-EV-2W-2025,SYN-C-LN-0458,SYN-C-BR-0458,BORROWER,24912746
SYNTHETIC_ONLY,demo-nbfc-ev-002,SYN-EV-2W-2025,SYN-C-LN-0459,SYN-C-BR-0459,BORROWER,15725713
SYNTHETIC_ONLY,demo-nbfc-ev-002,SYN-EV-2W-2025,SYN-C-LN-0460,SYN-C-BR-0460,BORROWER,13069924
SYNTHETIC_ONLY,demo-nbfc-ev-002,SYN-EV-2W-2025,SYN-C-LN-0461,SYN-C-BR-0461,BORROWER,18220069
SYNTHETIC_ONLY,demo-nbfc-ev-002,SYN-EV-2W-2025,SYN-C-LN-0462,SYN-C-BR-0462,BORROWER,18447988
SYNTHETIC_ONLY,demo-nbfc-ev-002,SYN-EV-2W-2025,SYN-C-LN-0463,SYN-C-BR-0463,BORROWER,21448703
SYNTHETIC_ONLY,demo-nbfc-ev-002,SYN-EV-2W-2025,SYN-C-LN-0464,SYN-C-BR-0464,BORROWER,19689725
SYNTHETIC_ONLY,demo-nbfc-ev-002,SYN-EV-2W-2025,SYN-C-LN-0465,SYN-C-BR-0465,BORROWER,24274214
SYNTHETIC_ONLY,demo-nbfc-ev-002,SYN-EV-2W-2025,SYN-C-LN-0466,SYN-C-BR-0466,BORROWER,22864274
SYNTHETIC_ONLY,demo-nbfc-ev-002,SYN-EV-2W-2025,SYN-C-LN-0467,SYN-C-BR-0467,BORROWER,27849610
SYNTHETIC_ONLY,demo-nbfc-ev-002,SYN-EV-2W-2025,SYN-C-LN-0468,SYN-C-BR-0468,BORROWER,12609105
SYNTHETIC_ONLY,demo-nbfc-ev-002,SYN-EV-2W-2025,SYN-C-LN-0469,SYN-C-BR-0469,BORROWER,17118579
SYNTHETIC_ONLY,demo-nbfc-ev-002,SYN-EV-2W-2025,SYN-C-LN-0470,SYN-C-BR-0470,BORROWER,14519917
SYNTHETIC_ONLY,demo-nbfc-ev-002,SYN-EV-2W-2025,SYN-C-LN-0471,SYN-C-BR-0471,BORROWER,19695962
SYNTHETIC_ONLY,demo-nbfc-ev-002,SYN-EV-2W-2025,SYN-C-LN-0472,SYN-C-BR-0472,BORROWER,17827273
SYNTHETIC_ONLY,demo-nbfc-ev-002,SYN-EV-2W-2025,SYN-C-LN-0473,SYN-C-BR-0473,BORROWER,23015068
SYNTHETIC_ONLY,demo-nbfc-ev-002,SYN-EV-2W-2025,SYN-C-LN-0474,SYN-C-BR-0474,BORROWER,23028007
SYNTHETIC_ONLY,demo-nbfc-ev-002,SYN-EV-2W-2025,SYN-C-LN-0475,SYN-C-BR-0475,BORROWER,25927152
SYNTHETIC_ONLY,demo-nbfc-ev-002,SYN-EV-2W-2025,SYN-C-LN-0476,SYN-C-BR-0476,BORROWER,24700193
SYNTHETIC_ONLY,demo-nbfc-ev-002,SYN-EV-2W-2025,SYN-C-LN-0477,SYN-C-BR-0477,BORROWER,15514296
SYNTHETIC_ONLY,demo-nbfc-ev-002,SYN-EV-2W-2025,SYN-C-LN-0478,SYN-C-BR-0478,BORROWER,13344636
SYNTHETIC_ONLY,demo-nbfc-ev-002,SYN-EV-2W-2025,SYN-C-LN-0479,SYN-C-BR-0479,BORROWER,18556451
SYNTHETIC_ONLY,demo-nbfc-ev-002,SYN-EV-2W-2025,SYN-C-LN-0480,SYN-C-BR-0480,BORROWER,18261774
SYNTHETIC_ONLY,demo-nbfc-ev-002,SYN-EV-2W-2025,SYN-C-LN-0481,SYN-C-BR-0481,BORROWER,21217101
SYNTHETIC_ONLY,demo-nbfc-ev-002,SYN-EV-2W-2025,SYN-C-LN-0482,SYN-C-BR-0482,BORROWER,19480407
SYNTHETIC_ONLY,demo-nbfc-ev-002,SYN-EV-2W-2025,SYN-C-LN-0483,SYN-C-BR-0483,BORROWER,24623225
SYNTHETIC_ONLY,demo-nbfc-ev-002,SYN-EV-2W-2025,SYN-C-LN-0484,SYN-C-BR-0484,BORROWER,23184061
SYNTHETIC_ONLY,demo-nbfc-ev-002,SYN-EV-2W-2025,SYN-C-LN-0485,SYN-C-BR-0485,BORROWER,27622876
SYNTHETIC_ONLY,demo-nbfc-ev-002,SYN-EV-2W-2025,SYN-C-LN-0486,SYN-C-BR-0486,BORROWER,12436228
SYNTHETIC_ONLY,demo-nbfc-ev-002,SYN-EV-2W-2025,SYN-C-LN-0487,SYN-C-BR-0487,BORROWER,16900473
SYNTHETIC_ONLY,demo-nbfc-ev-002,SYN-EV-2W-2025,SYN-C-LN-0488,SYN-C-BR-0488,BORROWER,14808189
SYNTHETIC_ONLY,demo-nbfc-ev-002,SYN-EV-2W-2025,SYN-C-LN-0489,SYN-C-BR-0489,BORROWER,20038283
SYNTHETIC_ONLY,demo-nbfc-ev-002,SYN-EV-2W-2025,SYN-C-LN-0490,SYN-C-BR-0490,BORROWER,17620816
SYNTHETIC_ONLY,demo-nbfc-ev-002,SYN-EV-2W-2025,SYN-C-LN-0491,SYN-C-BR-0491,BORROWER,22782611
SYNTHETIC_ONLY,demo-nbfc-ev-002,SYN-EV-2W-2025,SYN-C-LN-0492,SYN-C-BR-0492,BORROWER,22833514
SYNTHETIC_ONLY,demo-nbfc-ev-002,SYN-EV-2W-2025,SYN-C-LN-0493,SYN-C-BR-0493,BORROWER,26272245
SYNTHETIC_ONLY,demo-nbfc-ev-002,SYN-EV-2W-2025,SYN-C-LN-0494,SYN-C-BR-0494,BORROWER,25018082
SYNTHETIC_ONLY,demo-nbfc-ev-002,SYN-EV-2W-2025,SYN-C-LN-0495,SYN-C-BR-0495,BORROWER,15300272
SYNTHETIC_ONLY,demo-nbfc-ev-002,SYN-EV-2W-2025,SYN-C-LN-0496,SYN-C-BR-0496,BORROWER,13161674
SYNTHETIC_ONLY,demo-nbfc-ev-002,SYN-EV-2W-2025,SYN-C-LN-0497,SYN-C-BR-0497,BORROWER,18333013
SYNTHETIC_ONLY,demo-nbfc-ev-002,SYN-EV-2W-2025,SYN-C-LN-0498,SYN-C-BR-0498,BORROWER,18540436
SYNTHETIC_ONLY,demo-nbfc-ev-002,SYN-EV-2W-2025,SYN-C-LN-0499,SYN-C-BR-0499,BORROWER,21563049
SYNTHETIC_ONLY,demo-nbfc-ev-002,SYN-EV-2W-2025,SYN-C-LN-0500,SYN-C-BR-0500,BORROWER,19269315
SYNTHETIC_ONLY,demo-nbfc-ev-002,SYN-EV-2W-2025,SYN-C-LN-0501,SYN-C-BR-0501,BORROWER,24391630
SYNTHETIC_ONLY,demo-nbfc-ev-002,SYN-EV-2W-2025,SYN-C-LN-0502,SYN-C-BR-0502,BORROWER,22971440
SYNTHETIC_ONLY,demo-nbfc-ev-002,SYN-EV-2W-2025,SYN-C-LN-0503,SYN-C-BR-0503,BORROWER,27961222
SYNTHETIC_ONLY,demo-nbfc-ev-002,SYN-EV-2W-2025,SYN-C-LN-0504,SYN-C-BR-0504,BORROWER,12695272
SYNTHETIC_ONLY,demo-nbfc-ev-002,SYN-EV-2W-2025,SYN-C-LN-0505,SYN-C-BR-0505,BORROWER,16679437
SYNTHETIC_ONLY,demo-nbfc-ev-002,SYN-EV-2W-2025,SYN-C-LN-0506,SYN-C-BR-0506,BORROWER,14616249
SYNTHETIC_ONLY,demo-nbfc-ev-002,SYN-EV-2W-2025,SYN-C-LN-0507,SYN-C-BR-0507,BORROWER,19810962
SYNTHETIC_ONLY,demo-nbfc-ev-002,SYN-EV-2W-2025,SYN-C-LN-0508,SYN-C-BR-0508,BORROWER,17929940
SYNTHETIC_ONLY,demo-nbfc-ev-002,SYN-EV-2W-2025,SYN-C-LN-0509,SYN-C-BR-0509,BORROWER,23129743
SYNTHETIC_ONLY,demo-nbfc-ev-002,SYN-EV-2W-2025,SYN-C-LN-0510,SYN-C-BR-0510,BORROWER,22636730
SYNTHETIC_ONLY,demo-nbfc-ev-002,SYN-EV-2W-2025,SYN-C-LN-0511,SYN-C-BR-0511,BORROWER,26043312
SYNTHETIC_ONLY,demo-nbfc-ev-002,SYN-EV-2W-2025,SYN-C-LN-0512,SYN-C-BR-0512,BORROWER,24806781
SYNTHETIC_ONLY,demo-nbfc-ev-002,SYN-EV-2W-2025,SYN-C-LN-0513,SYN-C-BR-0513,BORROWER,15620338
SYNTHETIC_ONLY,demo-nbfc-ev-002,SYN-EV-2W-2025,SYN-C-LN-0514,SYN-C-BR-0514,BORROWER,13435830
SYNTHETIC_ONLY,demo-nbfc-ev-002,SYN-EV-2W-2025,SYN-C-LN-0515,SYN-C-BR-0515,BORROWER,18106327
SYNTHETIC_ONLY,demo-nbfc-ev-002,SYN-EV-2W-2025,SYN-C-LN-0516,SYN-C-BR-0516,BORROWER,18355097
SYNTHETIC_ONLY,demo-nbfc-ev-002,SYN-EV-2W-2025,SYN-C-LN-0517,SYN-C-BR-0517,BORROWER,21333383
SYNTHETIC_ONLY,demo-nbfc-ev-002,SYN-EV-2W-2025,SYN-C-LN-0518,SYN-C-BR-0518,BORROWER,19585293
SYNTHETIC_ONLY,demo-nbfc-ev-002,SYN-EV-2W-2025,SYN-C-LN-0519,SYN-C-BR-0519,BORROWER,24737382
SYNTHETIC_ONLY,demo-nbfc-ev-002,SYN-EV-2W-2025,SYN-C-LN-0520,SYN-C-BR-0520,BORROWER,22756550
SYNTHETIC_ONLY,demo-nbfc-ev-002,SYN-EV-2W-2025,SYN-C-LN-0521,SYN-C-BR-0521,BORROWER,27736825
SYNTHETIC_ONLY,demo-nbfc-ev-002,SYN-EV-2W-2025,SYN-C-LN-0522,SYN-C-BR-0522,BORROWER,12522754
SYNTHETIC_ONLY,demo-nbfc-ev-002,SYN-EV-2W-2025,SYN-C-LN-0523,SYN-C-BR-0523,BORROWER,17009900
SYNTHETIC_ONLY,demo-nbfc-ev-002,SYN-EV-2W-2025,SYN-C-LN-0524,SYN-C-BR-0524,BORROWER,14903778
SYNTHETIC_ONLY,demo-nbfc-ev-002,SYN-EV-2W-2025,SYN-C-LN-0525,SYN-C-BR-0525,BORROWER,19580086
SYNTHETIC_ONLY,demo-nbfc-ev-002,SYN-EV-2W-2025,SYN-C-LN-0526,SYN-C-BR-0526,BORROWER,17724229
SYNTHETIC_ONLY,demo-nbfc-ev-002,SYN-EV-2W-2025,SYN-C-LN-0527,SYN-C-BR-0527,BORROWER,22899353
SYNTHETIC_ONLY,demo-nbfc-ev-002,SYN-EV-2W-2025,SYN-C-LN-0528,SYN-C-BR-0528,BORROWER,22931050
SYNTHETIC_ONLY,demo-nbfc-ev-002,SYN-EV-2W-2025,SYN-C-LN-0529,SYN-C-BR-0529,BORROWER,26385000
SYNTHETIC_ONLY,demo-nbfc-ev-002,SYN-EV-2W-2025,SYN-C-LN-0530,SYN-C-BR-0530,BORROWER,24592990
SYNTHETIC_ONLY,demo-nbfc-ev-002,SYN-EV-2W-2025,SYN-C-LN-0531,SYN-C-BR-0531,BORROWER,15407602
SYNTHETIC_ONLY,demo-nbfc-ev-002,SYN-EV-2W-2025,SYN-C-LN-0532,SYN-C-BR-0532,BORROWER,13253248
SYNTHETIC_ONLY,demo-nbfc-ev-002,SYN-EV-2W-2025,SYN-C-LN-0533,SYN-C-BR-0533,BORROWER,18445146
SYNTHETIC_ONLY,demo-nbfc-ev-002,SYN-EV-2W-2025,SYN-C-LN-0534,SYN-C-BR-0534,BORROWER,18632435
SYNTHETIC_ONLY,demo-nbfc-ev-002,SYN-EV-2W-2025,SYN-C-LN-0535,SYN-C-BR-0535,BORROWER,21099871
SYNTHETIC_ONLY,demo-nbfc-ev-002,SYN-EV-2W-2025,SYN-C-LN-0536,SYN-C-BR-0536,BORROWER,19375079
SYNTHETIC_ONLY,demo-nbfc-ev-002,SYN-EV-2W-2025,SYN-C-LN-0537,SYN-C-BR-0537,BORROWER,24507971
SYNTHETIC_ONLY,demo-nbfc-ev-002,SYN-EV-2W-2025,SYN-C-LN-0538,SYN-C-BR-0538,BORROWER,23078038
SYNTHETIC_ONLY,demo-nbfc-ev-002,SYN-EV-2W-2025,SYN-C-LN-0539,SYN-C-BR-0539,BORROWER,28071652
SYNTHETIC_ONLY,demo-nbfc-ev-002,SYN-EV-2W-2025,SYN-C-LN-0540,SYN-C-BR-0540,BORROWER,12349535
SYNTHETIC_ONLY,demo-nbfc-ev-002,SYN-EV-2W-2025,SYN-C-LN-0541,SYN-C-BR-0541,BORROWER,16790313
SYNTHETIC_ONLY,demo-nbfc-ev-002,SYN-EV-2W-2025,SYN-C-LN-0542,SYN-C-BR-0542,BORROWER,14712342
SYNTHETIC_ONLY,demo-nbfc-ev-002,SYN-EV-2W-2025,SYN-C-LN-0543,SYN-C-BR-0543,BORROWER,19925074
SYNTHETIC_ONLY,demo-nbfc-ev-002,SYN-EV-2W-2025,SYN-C-LN-0544,SYN-C-BR-0544,BORROWER,18032220
SYNTHETIC_ONLY,demo-nbfc-ev-002,SYN-EV-2W-2025,SYN-C-LN-0545,SYN-C-BR-0545,BORROWER,22664853
SYNTHETIC_ONLY,demo-nbfc-ev-002,SYN-EV-2W-2025,SYN-C-LN-0546,SYN-C-BR-0546,BORROWER,22735405
SYNTHETIC_ONLY,demo-nbfc-ev-002,SYN-EV-2W-2025,SYN-C-LN-0547,SYN-C-BR-0547,BORROWER,26158346
SYNTHETIC_ONLY,demo-nbfc-ev-002,SYN-EV-2W-2025,SYN-C-LN-0548,SYN-C-BR-0548,BORROWER,24912746
SYNTHETIC_ONLY,demo-nbfc-ev-002,SYN-EV-2W-2025,SYN-C-LN-0549,SYN-C-BR-0549,BORROWER,15725713
SYNTHETIC_ONLY,demo-nbfc-ev-002,SYN-EV-2W-2025,SYN-C-LN-0550,SYN-C-BR-0550,BORROWER,13069924
SYNTHETIC_ONLY,demo-nbfc-ev-002,SYN-EV-2W-2025,SYN-C-LN-0551,SYN-C-BR-0551,BORROWER,18220069
SYNTHETIC_ONLY,demo-nbfc-ev-002,SYN-EV-2W-2025,SYN-C-LN-0552,SYN-C-BR-0552,BORROWER,18447988
SYNTHETIC_ONLY,demo-nbfc-ev-002,SYN-EV-2W-2025,SYN-C-LN-0553,SYN-C-BR-0553,BORROWER,21448703
SYNTHETIC_ONLY,demo-nbfc-ev-002,SYN-EV-2W-2025,SYN-C-LN-0554,SYN-C-BR-0554,BORROWER,19689725
SYNTHETIC_ONLY,demo-nbfc-ev-002,SYN-EV-2W-2025,SYN-C-LN-0555,SYN-C-BR-0555,BORROWER,24274214
SYNTHETIC_ONLY,demo-nbfc-ev-002,SYN-EV-2W-2025,SYN-C-LN-0556,SYN-C-BR-0556,BORROWER,22864274
SYNTHETIC_ONLY,demo-nbfc-ev-002,SYN-EV-2W-2025,SYN-C-LN-0557,SYN-C-BR-0557,BORROWER,27849610
SYNTHETIC_ONLY,demo-nbfc-ev-002,SYN-EV-2W-2025,SYN-C-LN-0558,SYN-C-BR-0558,BORROWER,12609105
SYNTHETIC_ONLY,demo-nbfc-ev-002,SYN-EV-2W-2025,SYN-C-LN-0559,SYN-C-BR-0559,BORROWER,17118579
SYNTHETIC_ONLY,demo-nbfc-ev-002,SYN-EV-2W-2025,SYN-C-LN-0560,SYN-C-BR-0560,BORROWER,14519917
SYNTHETIC_ONLY,demo-nbfc-ev-002,SYN-EV-2W-2025,SYN-C-LN-0561,SYN-C-BR-0561,BORROWER,19695962
SYNTHETIC_ONLY,demo-nbfc-ev-002,SYN-EV-2W-2025,SYN-C-LN-0562,SYN-C-BR-0562,BORROWER,17827273
SYNTHETIC_ONLY,demo-nbfc-ev-002,SYN-EV-2W-2025,SYN-C-LN-0563,SYN-C-BR-0563,BORROWER,23015068
SYNTHETIC_ONLY,demo-nbfc-ev-002,SYN-EV-2W-2025,SYN-C-LN-0564,SYN-C-BR-0564,BORROWER,23028007
SYNTHETIC_ONLY,demo-nbfc-ev-002,SYN-EV-2W-2025,SYN-C-LN-0565,SYN-C-BR-0565,BORROWER,25927152
SYNTHETIC_ONLY,demo-nbfc-ev-002,SYN-EV-2W-2025,SYN-C-LN-0566,SYN-C-BR-0566,BORROWER,24700193
SYNTHETIC_ONLY,demo-nbfc-ev-002,SYN-EV-2W-2025,SYN-C-LN-0567,SYN-C-BR-0567,BORROWER,15514296
SYNTHETIC_ONLY,demo-nbfc-ev-002,SYN-EV-2W-2025,SYN-C-LN-0568,SYN-C-BR-0568,BORROWER,13344636
SYNTHETIC_ONLY,demo-nbfc-ev-002,SYN-EV-2W-2025,SYN-C-LN-0569,SYN-C-BR-0569,BORROWER,18556451
SYNTHETIC_ONLY,demo-nbfc-ev-002,SYN-EV-2W-2025,SYN-C-LN-0570,SYN-C-BR-0570,BORROWER,18261774
SYNTHETIC_ONLY,demo-nbfc-ev-002,SYN-EV-2W-2025,SYN-C-LN-0571,SYN-C-BR-0571,BORROWER,21217101
SYNTHETIC_ONLY,demo-nbfc-ev-002,SYN-EV-2W-2025,SYN-C-LN-0572,SYN-C-BR-0572,BORROWER,19480407
SYNTHETIC_ONLY,demo-nbfc-ev-002,SYN-EV-2W-2025,SYN-C-LN-0573,SYN-C-BR-0573,BORROWER,24623225
SYNTHETIC_ONLY,demo-nbfc-ev-002,SYN-EV-2W-2025,SYN-C-LN-0574,SYN-C-BR-0574,BORROWER,23184061
SYNTHETIC_ONLY,demo-nbfc-ev-002,SYN-EV-2W-2025,SYN-C-LN-0575,SYN-C-BR-0575,BORROWER,27622876
SYNTHETIC_ONLY,demo-nbfc-ev-002,SYN-EV-2W-2025,SYN-C-LN-0576,SYN-C-BR-0576,BORROWER,12436228
SYNTHETIC_ONLY,demo-nbfc-ev-002,SYN-EV-2W-2025,SYN-C-LN-0577,SYN-C-BR-0577,BORROWER,16900473
SYNTHETIC_ONLY,demo-nbfc-ev-002,SYN-EV-2W-2025,SYN-C-LN-0578,SYN-C-BR-0578,BORROWER,14808189
SYNTHETIC_ONLY,demo-nbfc-ev-002,SYN-EV-2W-2025,SYN-C-LN-0579,SYN-C-BR-0579,BORROWER,20038283
SYNTHETIC_ONLY,demo-nbfc-ev-002,SYN-EV-2W-2025,SYN-C-LN-0580,SYN-C-BR-0580,BORROWER,17620816
SYNTHETIC_ONLY,demo-nbfc-ev-002,SYN-EV-2W-2025,SYN-C-LN-0581,SYN-C-BR-0581,BORROWER,22782611
SYNTHETIC_ONLY,demo-nbfc-ev-002,SYN-EV-2W-2025,SYN-C-LN-0582,SYN-C-BR-0582,BORROWER,22833514
SYNTHETIC_ONLY,demo-nbfc-ev-002,SYN-EV-2W-2025,SYN-C-LN-0583,SYN-C-BR-0583,BORROWER,26272245
SYNTHETIC_ONLY,demo-nbfc-ev-002,SYN-EV-2W-2025,SYN-C-LN-0584,SYN-C-BR-0584,BORROWER,25018082
SYNTHETIC_ONLY,demo-nbfc-ev-002,SYN-EV-2W-2025,SYN-C-LN-0585,SYN-C-BR-0585,BORROWER,15300272
SYNTHETIC_ONLY,demo-nbfc-ev-002,SYN-EV-2W-2025,SYN-C-LN-0586,SYN-C-BR-0586,BORROWER,13161674
SYNTHETIC_ONLY,demo-nbfc-ev-002,SYN-EV-2W-2025,SYN-C-LN-0587,SYN-C-BR-0587,BORROWER,18333013
SYNTHETIC_ONLY,demo-nbfc-ev-002,SYN-EV-2W-2025,SYN-C-LN-0588,SYN-C-BR-0588,BORROWER,18540436
SYNTHETIC_ONLY,demo-nbfc-ev-002,SYN-EV-2W-2025,SYN-C-LN-0589,SYN-C-BR-0589,BORROWER,21563049
SYNTHETIC_ONLY,demo-nbfc-ev-002,SYN-EV-2W-2025,SYN-C-LN-0590,SYN-C-BR-0590,BORROWER,19269315
SYNTHETIC_ONLY,demo-nbfc-ev-002,SYN-EV-2W-2025,SYN-C-LN-0591,SYN-C-BR-0591,BORROWER,24391630
SYNTHETIC_ONLY,demo-nbfc-ev-002,SYN-EV-2W-2025,SYN-C-LN-0592,SYN-C-BR-0592,BORROWER,22971440
SYNTHETIC_ONLY,demo-nbfc-ev-002,SYN-EV-2W-2025,SYN-C-LN-0593,SYN-C-BR-0593,BORROWER,27961222
SYNTHETIC_ONLY,demo-nbfc-ev-002,SYN-EV-2W-2025,SYN-C-LN-0594,SYN-C-BR-0594,BORROWER,12695272
SYNTHETIC_ONLY,demo-nbfc-ev-002,SYN-EV-2W-2025,SYN-C-LN-0595,SYN-C-BR-0595,BORROWER,16679437
SYNTHETIC_ONLY,demo-nbfc-ev-002,SYN-EV-2W-2025,SYN-C-LN-0596,SYN-C-BR-0596,BORROWER,14616249
SYNTHETIC_ONLY,demo-nbfc-ev-002,SYN-EV-2W-2025,SYN-C-LN-0597,SYN-C-BR-0597,BORROWER,19810962
SYNTHETIC_ONLY,demo-nbfc-ev-002,SYN-EV-2W-2025,SYN-C-LN-0598,SYN-C-BR-0598,BORROWER,17929940
SYNTHETIC_ONLY,demo-nbfc-ev-002,SYN-EV-2W-2025,SYN-C-LN-0599,SYN-C-BR-0599,BORROWER,23129743
SYNTHETIC_ONLY,demo-nbfc-ev-002,SYN-EV-2W-2025,SYN-C-LN-0600,SYN-C-BR-0600,BORROWER,22636730
SYNTHETIC_ONLY,demo-nbfc-ev-002,SYN-EV-3W-2025,SYN-D-LN-0001,SYN-D-BR-0001,BORROWER,17273397
SYNTHETIC_ONLY,demo-nbfc-ev-002,SYN-EV-3W-2025,SYN-D-LN-0001,SYN-D-CO-0001,CO_BORROWER,17273397
SYNTHETIC_ONLY,demo-nbfc-ev-002,SYN-EV-3W-2025,SYN-D-LN-0001,SYN-D-GU-0001,LINKED_PARTY,17273397
SYNTHETIC_ONLY,demo-nbfc-ev-002,SYN-EV-3W-2025,SYN-D-LN-0002,SYN-D-BR-0002,BORROWER,14992810
SYNTHETIC_ONLY,demo-nbfc-ev-002,SYN-EV-3W-2025,SYN-D-LN-0002,SYN-D-CO-0002,CO_BORROWER,14992810
SYNTHETIC_ONLY,demo-nbfc-ev-002,SYN-EV-3W-2025,SYN-D-LN-0002,SYN-D-GU-0002,LINKED_PARTY,14992810
SYNTHETIC_ONLY,demo-nbfc-ev-002,SYN-EV-3W-2025,SYN-D-LN-0003,SYN-D-BR-0003,BORROWER,20130683
SYNTHETIC_ONLY,demo-nbfc-ev-002,SYN-EV-3W-2025,SYN-D-LN-0003,SYN-D-CO-0003,CO_BORROWER,20130683
SYNTHETIC_ONLY,demo-nbfc-ev-002,SYN-EV-3W-2025,SYN-D-LN-0003,SYN-D-GU-0003,LINKED_PARTY,20130683
SYNTHETIC_ONLY,demo-nbfc-ev-002,SYN-EV-3W-2025,SYN-D-LN-0004,SYN-D-BR-0004,BORROWER,18075532
SYNTHETIC_ONLY,demo-nbfc-ev-002,SYN-EV-3W-2025,SYN-D-LN-0004,SYN-D-CO-0004,CO_BORROWER,18075532
SYNTHETIC_ONLY,demo-nbfc-ev-002,SYN-EV-3W-2025,SYN-D-LN-0004,SYN-D-GU-0004,LINKED_PARTY,18075532
SYNTHETIC_ONLY,demo-nbfc-ev-002,SYN-EV-3W-2025,SYN-D-LN-0005,SYN-D-BR-0005,BORROWER,22556061
SYNTHETIC_ONLY,demo-nbfc-ev-002,SYN-EV-3W-2025,SYN-D-LN-0005,SYN-D-CO-0005,CO_BORROWER,22556061
SYNTHETIC_ONLY,demo-nbfc-ev-002,SYN-EV-3W-2025,SYN-D-LN-0005,SYN-D-GU-0005,LINKED_PARTY,22556061
SYNTHETIC_ONLY,demo-nbfc-ev-002,SYN-EV-3W-2025,SYN-D-LN-0006,SYN-D-BR-0006,BORROWER,22476685
SYNTHETIC_ONLY,demo-nbfc-ev-002,SYN-EV-3W-2025,SYN-D-LN-0006,SYN-D-CO-0006,CO_BORROWER,22476685
SYNTHETIC_ONLY,demo-nbfc-ev-002,SYN-EV-3W-2025,SYN-D-LN-0006,SYN-D-GU-0006,LINKED_PARTY,22476685
SYNTHETIC_ONLY,demo-nbfc-ev-002,SYN-EV-3W-2025,SYN-D-LN-0007,SYN-D-BR-0007,BORROWER,25702821
SYNTHETIC_ONLY,demo-nbfc-ev-002,SYN-EV-3W-2025,SYN-D-LN-0007,SYN-D-CO-0007,CO_BORROWER,25702821
SYNTHETIC_ONLY,demo-nbfc-ev-002,SYN-EV-3W-2025,SYN-D-LN-0007,SYN-D-GU-0007,LINKED_PARTY,25702821
SYNTHETIC_ONLY,demo-nbfc-ev-002,SYN-EV-3W-2025,SYN-D-LN-0008,SYN-D-BR-0008,BORROWER,24340532
SYNTHETIC_ONLY,demo-nbfc-ev-002,SYN-EV-3W-2025,SYN-D-LN-0008,SYN-D-CO-0008,CO_BORROWER,24340532
SYNTHETIC_ONLY,demo-nbfc-ev-002,SYN-EV-3W-2025,SYN-D-LN-0008,SYN-D-GU-0008,LINKED_PARTY,24340532
SYNTHETIC_ONLY,demo-nbfc-ev-002,SYN-EV-3W-2025,SYN-D-LN-0009,SYN-D-BR-0009,BORROWER,16348646
SYNTHETIC_ONLY,demo-nbfc-ev-002,SYN-EV-3W-2025,SYN-D-LN-0009,SYN-D-CO-0009,CO_BORROWER,16348646
SYNTHETIC_ONLY,demo-nbfc-ev-002,SYN-EV-3W-2025,SYN-D-LN-0009,SYN-D-GU-0009,LINKED_PARTY,16348646
SYNTHETIC_ONLY,demo-nbfc-ev-002,SYN-EV-3W-2025,SYN-D-LN-0010,SYN-D-BR-0010,BORROWER,13445966
SYNTHETIC_ONLY,demo-nbfc-ev-002,SYN-EV-3W-2025,SYN-D-LN-0010,SYN-D-CO-0010,CO_BORROWER,13445966
SYNTHETIC_ONLY,demo-nbfc-ev-002,SYN-EV-3W-2025,SYN-D-LN-0010,SYN-D-GU-0010,LINKED_PARTY,13445966
SYNTHETIC_ONLY,demo-nbfc-ev-002,SYN-EV-3W-2025,SYN-D-LN-0011,SYN-D-BR-0011,BORROWER,18567405
SYNTHETIC_ONLY,demo-nbfc-ev-002,SYN-EV-3W-2025,SYN-D-LN-0011,SYN-D-CO-0011,CO_BORROWER,18567405
SYNTHETIC_ONLY,demo-nbfc-ev-002,SYN-EV-3W-2025,SYN-D-LN-0011,SYN-D-GU-0011,LINKED_PARTY,18567405
SYNTHETIC_ONLY,demo-nbfc-ev-002,SYN-EV-3W-2025,SYN-D-LN-0012,SYN-D-BR-0012,BORROWER,18638355
SYNTHETIC_ONLY,demo-nbfc-ev-002,SYN-EV-3W-2025,SYN-D-LN-0012,SYN-D-CO-0012,CO_BORROWER,18638355
SYNTHETIC_ONLY,demo-nbfc-ev-002,SYN-EV-3W-2025,SYN-D-LN-0012,SYN-D-GU-0012,LINKED_PARTY,18638355
SYNTHETIC_ONLY,demo-nbfc-ev-002,SYN-EV-3W-2025,SYN-D-LN-0013,SYN-D-BR-0013,BORROWER,21500223
SYNTHETIC_ONLY,demo-nbfc-ev-002,SYN-EV-3W-2025,SYN-D-LN-0013,SYN-D-CO-0013,CO_BORROWER,21500223
SYNTHETIC_ONLY,demo-nbfc-ev-002,SYN-EV-3W-2025,SYN-D-LN-0013,SYN-D-GU-0013,LINKED_PARTY,21500223
SYNTHETIC_ONLY,demo-nbfc-ev-002,SYN-EV-3W-2025,SYN-D-LN-0014,SYN-D-BR-0014,BORROWER,19595214
SYNTHETIC_ONLY,demo-nbfc-ev-002,SYN-EV-3W-2025,SYN-D-LN-0014,SYN-D-CO-0014,CO_BORROWER,19595214
SYNTHETIC_ONLY,demo-nbfc-ev-002,SYN-EV-3W-2025,SYN-D-LN-0014,SYN-D-GU-0014,LINKED_PARTY,19595214
SYNTHETIC_ONLY,demo-nbfc-ev-002,SYN-EV-3W-2025,SYN-D-LN-0015,SYN-D-BR-0015,BORROWER,23997983
SYNTHETIC_ONLY,demo-nbfc-ev-002,SYN-EV-3W-2025,SYN-D-LN-0015,SYN-D-CO-0015,CO_BORROWER,23997983
SYNTHETIC_ONLY,demo-nbfc-ev-002,SYN-EV-3W-2025,SYN-D-LN-0015,SYN-D-GU-0015,LINKED_PARTY,23997983
SYNTHETIC_ONLY,demo-nbfc-ev-002,SYN-EV-3W-2025,SYN-D-LN-0016,SYN-D-BR-0016,BORROWER,22466112
SYNTHETIC_ONLY,demo-nbfc-ev-002,SYN-EV-3W-2025,SYN-D-LN-0016,SYN-D-CO-0016,CO_BORROWER,22466112
SYNTHETIC_ONLY,demo-nbfc-ev-002,SYN-EV-3W-2025,SYN-D-LN-0016,SYN-D-GU-0016,LINKED_PARTY,22466112
SYNTHETIC_ONLY,demo-nbfc-ev-002,SYN-EV-3W-2025,SYN-D-LN-0017,SYN-D-BR-0017,BORROWER,27209941
SYNTHETIC_ONLY,demo-nbfc-ev-002,SYN-EV-3W-2025,SYN-D-LN-0017,SYN-D-CO-0017,CO_BORROWER,27209941
SYNTHETIC_ONLY,demo-nbfc-ev-002,SYN-EV-3W-2025,SYN-D-LN-0017,SYN-D-GU-0017,LINKED_PARTY,27209941
SYNTHETIC_ONLY,demo-nbfc-ev-002,SYN-EV-3W-2025,SYN-D-LN-0018,SYN-D-BR-0018,BORROWER,13108582
SYNTHETIC_ONLY,demo-nbfc-ev-002,SYN-EV-3W-2025,SYN-D-LN-0018,SYN-D-CO-0018,CO_BORROWER,13108582
SYNTHETIC_ONLY,demo-nbfc-ev-002,SYN-EV-3W-2025,SYN-D-LN-0018,SYN-D-GU-0018,LINKED_PARTY,13108582
SYNTHETIC_ONLY,demo-nbfc-ev-002,SYN-EV-3W-2025,SYN-D-LN-0019,SYN-D-BR-0019,BORROWER,17611107
SYNTHETIC_ONLY,demo-nbfc-ev-002,SYN-EV-3W-2025,SYN-D-LN-0019,SYN-D-CO-0019,CO_BORROWER,17611107
SYNTHETIC_ONLY,demo-nbfc-ev-002,SYN-EV-3W-2025,SYN-D-LN-0019,SYN-D-GU-0019,LINKED_PARTY,17611107
SYNTHETIC_ONLY,demo-nbfc-ev-002,SYN-EV-3W-2025,SYN-D-LN-0020,SYN-D-BR-0020,BORROWER,14796717
SYNTHETIC_ONLY,demo-nbfc-ev-002,SYN-EV-3W-2025,SYN-D-LN-0020,SYN-D-CO-0020,CO_BORROWER,14796717
SYNTHETIC_ONLY,demo-nbfc-ev-002,SYN-EV-3W-2025,SYN-D-LN-0020,SYN-D-GU-0020,LINKED_PARTY,14796717
SYNTHETIC_ONLY,demo-nbfc-ev-002,SYN-EV-3W-2025,SYN-D-LN-0021,SYN-D-BR-0021,BORROWER,19899206
SYNTHETIC_ONLY,demo-nbfc-ev-002,SYN-EV-3W-2025,SYN-D-LN-0021,SYN-D-CO-0021,CO_BORROWER,19899206
SYNTHETIC_ONLY,demo-nbfc-ev-002,SYN-EV-3W-2025,SYN-D-LN-0021,SYN-D-GU-0021,LINKED_PARTY,19899206
SYNTHETIC_ONLY,demo-nbfc-ev-002,SYN-EV-3W-2025,SYN-D-LN-0022,SYN-D-BR-0022,BORROWER,17870095
SYNTHETIC_ONLY,demo-nbfc-ev-002,SYN-EV-3W-2025,SYN-D-LN-0022,SYN-D-CO-0022,CO_BORROWER,17870095
SYNTHETIC_ONLY,demo-nbfc-ev-002,SYN-EV-3W-2025,SYN-D-LN-0022,SYN-D-GU-0022,LINKED_PARTY,17870095
SYNTHETIC_ONLY,demo-nbfc-ev-002,SYN-EV-3W-2025,SYN-D-LN-0023,SYN-D-BR-0023,BORROWER,22904595
SYNTHETIC_ONLY,demo-nbfc-ev-002,SYN-EV-3W-2025,SYN-D-LN-0023,SYN-D-CO-0023,CO_BORROWER,22904595
SYNTHETIC_ONLY,demo-nbfc-ev-002,SYN-EV-3W-2025,SYN-D-LN-0023,SYN-D-GU-0023,LINKED_PARTY,22904595
SYNTHETIC_ONLY,demo-nbfc-ev-002,SYN-EV-3W-2025,SYN-D-LN-0024,SYN-D-BR-0024,BORROWER,22765957
SYNTHETIC_ONLY,demo-nbfc-ev-002,SYN-EV-3W-2025,SYN-D-LN-0024,SYN-D-CO-0024,CO_BORROWER,22765957
SYNTHETIC_ONLY,demo-nbfc-ev-002,SYN-EV-3W-2025,SYN-D-LN-0024,SYN-D-GU-0024,LINKED_PARTY,22765957
SYNTHETIC_ONLY,demo-nbfc-ev-002,SYN-EV-3W-2025,SYN-D-LN-0025,SYN-D-BR-0025,BORROWER,25475652
SYNTHETIC_ONLY,demo-nbfc-ev-002,SYN-EV-3W-2025,SYN-D-LN-0025,SYN-D-CO-0025,CO_BORROWER,25475652
SYNTHETIC_ONLY,demo-nbfc-ev-002,SYN-EV-3W-2025,SYN-D-LN-0025,SYN-D-GU-0025,LINKED_PARTY,25475652
SYNTHETIC_ONLY,demo-nbfc-ev-002,SYN-EV-3W-2025,SYN-D-LN-0026,SYN-D-BR-0026,BORROWER,24132861
SYNTHETIC_ONLY,demo-nbfc-ev-002,SYN-EV-3W-2025,SYN-D-LN-0026,SYN-D-CO-0026,CO_BORROWER,24132861
SYNTHETIC_ONLY,demo-nbfc-ev-002,SYN-EV-3W-2025,SYN-D-LN-0026,SYN-D-GU-0026,LINKED_PARTY,24132861
SYNTHETIC_ONLY,demo-nbfc-ev-002,SYN-EV-3W-2025,SYN-D-LN-0027,SYN-D-BR-0027,BORROWER,16128853
SYNTHETIC_ONLY,demo-nbfc-ev-002,SYN-EV-3W-2025,SYN-D-LN-0027,SYN-D-CO-0027,CO_BORROWER,16128853
SYNTHETIC_ONLY,demo-nbfc-ev-002,SYN-EV-3W-2025,SYN-D-LN-0027,SYN-D-GU-0027,LINKED_PARTY,16128853
SYNTHETIC_ONLY,demo-nbfc-ev-002,SYN-EV-3W-2025,SYN-D-LN-0028,SYN-D-BR-0028,BORROWER,13728582
SYNTHETIC_ONLY,demo-nbfc-ev-002,SYN-EV-3W-2025,SYN-D-LN-0028,SYN-D-CO-0028,CO_BORROWER,13728582
SYNTHETIC_ONLY,demo-nbfc-ev-002,SYN-EV-3W-2025,SYN-D-LN-0028,SYN-D-GU-0028,LINKED_PARTY,13728582
SYNTHETIC_ONLY,demo-nbfc-ev-002,SYN-EV-3W-2025,SYN-D-LN-0029,SYN-D-BR-0029,BORROWER,18910200
SYNTHETIC_ONLY,demo-nbfc-ev-002,SYN-EV-3W-2025,SYN-D-LN-0029,SYN-D-CO-0029,CO_BORROWER,18910200
SYNTHETIC_ONLY,demo-nbfc-ev-002,SYN-EV-3W-2025,SYN-D-LN-0029,SYN-D-GU-0029,LINKED_PARTY,18910200
SYNTHETIC_ONLY,demo-nbfc-ev-002,SYN-EV-3W-2025,SYN-D-LN-0030,SYN-D-BR-0030,BORROWER,18450219
SYNTHETIC_ONLY,demo-nbfc-ev-002,SYN-EV-3W-2025,SYN-D-LN-0030,SYN-D-CO-0030,CO_BORROWER,18450219
SYNTHETIC_ONLY,demo-nbfc-ev-002,SYN-EV-3W-2025,SYN-D-LN-0030,SYN-D-GU-0030,LINKED_PARTY,18450219
SYNTHETIC_ONLY,demo-nbfc-ev-002,SYN-EV-3W-2025,SYN-D-LN-0031,SYN-D-BR-0031,BORROWER,21268064
SYNTHETIC_ONLY,demo-nbfc-ev-002,SYN-EV-3W-2025,SYN-D-LN-0031,SYN-D-CO-0031,CO_BORROWER,21268064
SYNTHETIC_ONLY,demo-nbfc-ev-002,SYN-EV-3W-2025,SYN-D-LN-0031,SYN-D-GU-0031,LINKED_PARTY,21268064
SYNTHETIC_ONLY,demo-nbfc-ev-002,SYN-EV-3W-2025,SYN-D-LN-0032,SYN-D-BR-0032,BORROWER,19386901
SYNTHETIC_ONLY,demo-nbfc-ev-002,SYN-EV-3W-2025,SYN-D-LN-0032,SYN-D-CO-0032,CO_BORROWER,19386901
SYNTHETIC_ONLY,demo-nbfc-ev-002,SYN-EV-3W-2025,SYN-D-LN-0032,SYN-D-GU-0032,LINKED_PARTY,19386901
SYNTHETIC_ONLY,demo-nbfc-ev-002,SYN-EV-3W-2025,SYN-D-LN-0033,SYN-D-BR-0033,BORROWER,24343022
SYNTHETIC_ONLY,demo-nbfc-ev-002,SYN-EV-3W-2025,SYN-D-LN-0033,SYN-D-CO-0033,CO_BORROWER,24343022
SYNTHETIC_ONLY,demo-nbfc-ev-002,SYN-EV-3W-2025,SYN-D-LN-0033,SYN-D-GU-0033,LINKED_PARTY,24343022
SYNTHETIC_ONLY,demo-nbfc-ev-002,SYN-EV-3W-2025,SYN-D-LN-0034,SYN-D-BR-0034,BORROWER,22780330
SYNTHETIC_ONLY,demo-nbfc-ev-002,SYN-EV-3W-2025,SYN-D-LN-0034,SYN-D-CO-0034,CO_BORROWER,22780330
SYNTHETIC_ONLY,demo-nbfc-ev-002,SYN-EV-3W-2025,SYN-D-LN-0034,SYN-D-GU-0034,LINKED_PARTY,22780330
SYNTHETIC_ONLY,demo-nbfc-ev-002,SYN-EV-3W-2025,SYN-D-LN-0035,SYN-D-BR-0035,BORROWER,26988414
SYNTHETIC_ONLY,demo-nbfc-ev-002,SYN-EV-3W-2025,SYN-D-LN-0035,SYN-D-CO-0035,CO_BORROWER,26988414
SYNTHETIC_ONLY,demo-nbfc-ev-002,SYN-EV-3W-2025,SYN-D-LN-0035,SYN-D-GU-0035,LINKED_PARTY,26988414
SYNTHETIC_ONLY,demo-nbfc-ev-002,SYN-EV-3W-2025,SYN-D-LN-0036,SYN-D-BR-0036,BORROWER,12928856
SYNTHETIC_ONLY,demo-nbfc-ev-002,SYN-EV-3W-2025,SYN-D-LN-0036,SYN-D-CO-0036,CO_BORROWER,12928856
SYNTHETIC_ONLY,demo-nbfc-ev-002,SYN-EV-3W-2025,SYN-D-LN-0036,SYN-D-GU-0036,LINKED_PARTY,12928856
SYNTHETIC_ONLY,demo-nbfc-ev-002,SYN-EV-3W-2025,SYN-D-LN-0037,SYN-D-BR-0037,BORROWER,17386726
SYNTHETIC_ONLY,demo-nbfc-ev-002,SYN-EV-3W-2025,SYN-D-LN-0037,SYN-D-CO-0037,CO_BORROWER,17386726
SYNTHETIC_ONLY,demo-nbfc-ev-002,SYN-EV-3W-2025,SYN-D-LN-0037,SYN-D-GU-0037,LINKED_PARTY,17386726
SYNTHETIC_ONLY,demo-nbfc-ev-002,SYN-EV-3W-2025,SYN-D-LN-0038,SYN-D-BR-0038,BORROWER,15090483
SYNTHETIC_ONLY,demo-nbfc-ev-002,SYN-EV-3W-2025,SYN-D-LN-0038,SYN-D-CO-0038,CO_BORROWER,15090483
SYNTHETIC_ONLY,demo-nbfc-ev-002,SYN-EV-3W-2025,SYN-D-LN-0038,SYN-D-GU-0038,LINKED_PARTY,15090483
SYNTHETIC_ONLY,demo-nbfc-ev-002,SYN-EV-3W-2025,SYN-D-LN-0039,SYN-D-BR-0039,BORROWER,20245061
SYNTHETIC_ONLY,demo-nbfc-ev-002,SYN-EV-3W-2025,SYN-D-LN-0039,SYN-D-CO-0039,CO_BORROWER,20245061
SYNTHETIC_ONLY,demo-nbfc-ev-002,SYN-EV-3W-2025,SYN-D-LN-0039,SYN-D-GU-0039,LINKED_PARTY,20245061
SYNTHETIC_ONLY,demo-nbfc-ev-002,SYN-EV-3W-2025,SYN-D-LN-0040,SYN-D-BR-0040,BORROWER,17663141
SYNTHETIC_ONLY,demo-nbfc-ev-002,SYN-EV-3W-2025,SYN-D-LN-0040,SYN-D-CO-0040,CO_BORROWER,17663141
SYNTHETIC_ONLY,demo-nbfc-ev-002,SYN-EV-3W-2025,SYN-D-LN-0040,SYN-D-GU-0040,LINKED_PARTY,17663141
SYNTHETIC_ONLY,demo-nbfc-ev-002,SYN-EV-3W-2025,SYN-D-LN-0041,SYN-D-BR-0041,BORROWER,22673254
SYNTHETIC_ONLY,demo-nbfc-ev-002,SYN-EV-3W-2025,SYN-D-LN-0041,SYN-D-CO-0041,CO_BORROWER,22673254
SYNTHETIC_ONLY,demo-nbfc-ev-002,SYN-EV-3W-2025,SYN-D-LN-0042,SYN-D-BR-0042,BORROWER,22573677
SYNTHETIC_ONLY,demo-nbfc-ev-002,SYN-EV-3W-2025,SYN-D-LN-0042,SYN-D-CO-0042,CO_BORROWER,22573677
SYNTHETIC_ONLY,demo-nbfc-ev-002,SYN-EV-3W-2025,SYN-D-LN-0043,SYN-D-BR-0043,BORROWER,25814737
SYNTHETIC_ONLY,demo-nbfc-ev-002,SYN-EV-3W-2025,SYN-D-LN-0043,SYN-D-CO-0043,CO_BORROWER,25814737
SYNTHETIC_ONLY,demo-nbfc-ev-002,SYN-EV-3W-2025,SYN-D-LN-0044,SYN-D-BR-0044,BORROWER,24443449
SYNTHETIC_ONLY,demo-nbfc-ev-002,SYN-EV-3W-2025,SYN-D-LN-0044,SYN-D-CO-0044,CO_BORROWER,24443449
SYNTHETIC_ONLY,demo-nbfc-ev-002,SYN-EV-3W-2025,SYN-D-LN-0045,SYN-D-BR-0045,BORROWER,15906352
SYNTHETIC_ONLY,demo-nbfc-ev-002,SYN-EV-3W-2025,SYN-D-LN-0045,SYN-D-CO-0045,CO_BORROWER,15906352
SYNTHETIC_ONLY,demo-nbfc-ev-002,SYN-EV-3W-2025,SYN-D-LN-0046,SYN-D-BR-0046,BORROWER,13540356
SYNTHETIC_ONLY,demo-nbfc-ev-002,SYN-EV-3W-2025,SYN-D-LN-0046,SYN-D-CO-0046,CO_BORROWER,13540356
SYNTHETIC_ONLY,demo-nbfc-ev-002,SYN-EV-3W-2025,SYN-D-LN-0047,SYN-D-BR-0047,BORROWER,18682503
SYNTHETIC_ONLY,demo-nbfc-ev-002,SYN-EV-3W-2025,SYN-D-LN-0047,SYN-D-CO-0047,CO_BORROWER,18682503
SYNTHETIC_ONLY,demo-nbfc-ev-002,SYN-EV-3W-2025,SYN-D-LN-0048,SYN-D-BR-0048,BORROWER,18731757
SYNTHETIC_ONLY,demo-nbfc-ev-002,SYN-EV-3W-2025,SYN-D-LN-0048,SYN-D-CO-0048,CO_BORROWER,18731757
SYNTHETIC_ONLY,demo-nbfc-ev-002,SYN-EV-3W-2025,SYN-D-LN-0049,SYN-D-BR-0049,BORROWER,21614843
SYNTHETIC_ONLY,demo-nbfc-ev-002,SYN-EV-3W-2025,SYN-D-LN-0049,SYN-D-CO-0049,CO_BORROWER,21614843
SYNTHETIC_ONLY,demo-nbfc-ev-002,SYN-EV-3W-2025,SYN-D-LN-0050,SYN-D-BR-0050,BORROWER,19176823
SYNTHETIC_ONLY,demo-nbfc-ev-002,SYN-EV-3W-2025,SYN-D-LN-0050,SYN-D-CO-0050,CO_BORROWER,19176823
SYNTHETIC_ONLY,demo-nbfc-ev-002,SYN-EV-3W-2025,SYN-D-LN-0051,SYN-D-BR-0051,BORROWER,24114063
SYNTHETIC_ONLY,demo-nbfc-ev-002,SYN-EV-3W-2025,SYN-D-LN-0051,SYN-D-CO-0051,CO_BORROWER,24114063
SYNTHETIC_ONLY,demo-nbfc-ev-002,SYN-EV-3W-2025,SYN-D-LN-0052,SYN-D-BR-0052,BORROWER,22571412
SYNTHETIC_ONLY,demo-nbfc-ev-002,SYN-EV-3W-2025,SYN-D-LN-0052,SYN-D-CO-0052,CO_BORROWER,22571412
SYNTHETIC_ONLY,demo-nbfc-ev-002,SYN-EV-3W-2025,SYN-D-LN-0053,SYN-D-BR-0053,BORROWER,27318988
SYNTHETIC_ONLY,demo-nbfc-ev-002,SYN-EV-3W-2025,SYN-D-LN-0053,SYN-D-CO-0053,CO_BORROWER,27318988
SYNTHETIC_ONLY,demo-nbfc-ev-002,SYN-EV-3W-2025,SYN-D-LN-0054,SYN-D-BR-0054,BORROWER,13198162
SYNTHETIC_ONLY,demo-nbfc-ev-002,SYN-EV-3W-2025,SYN-D-LN-0054,SYN-D-CO-0054,CO_BORROWER,13198162
SYNTHETIC_ONLY,demo-nbfc-ev-002,SYN-EV-3W-2025,SYN-D-LN-0055,SYN-D-BR-0055,BORROWER,17159330
SYNTHETIC_ONLY,demo-nbfc-ev-002,SYN-EV-3W-2025,SYN-D-LN-0055,SYN-D-CO-0055,CO_BORROWER,17159330
SYNTHETIC_ONLY,demo-nbfc-ev-002,SYN-EV-3W-2025,SYN-D-LN-0056,SYN-D-BR-0056,BORROWER,14894884
SYNTHETIC_ONLY,demo-nbfc-ev-002,SYN-EV-3W-2025,SYN-D-LN-0056,SYN-D-CO-0056,CO_BORROWER,14894884
SYNTHETIC_ONLY,demo-nbfc-ev-002,SYN-EV-3W-2025,SYN-D-LN-0057,SYN-D-BR-0057,BORROWER,20015394
SYNTHETIC_ONLY,demo-nbfc-ev-002,SYN-EV-3W-2025,SYN-D-LN-0057,SYN-D-CO-0057,CO_BORROWER,20015394
SYNTHETIC_ONLY,demo-nbfc-ev-002,SYN-EV-3W-2025,SYN-D-LN-0058,SYN-D-BR-0058,BORROWER,17973008
SYNTHETIC_ONLY,demo-nbfc-ev-002,SYN-EV-3W-2025,SYN-D-LN-0058,SYN-D-CO-0058,CO_BORROWER,17973008
SYNTHETIC_ONLY,demo-nbfc-ev-002,SYN-EV-3W-2025,SYN-D-LN-0059,SYN-D-BR-0059,BORROWER,23018720
SYNTHETIC_ONLY,demo-nbfc-ev-002,SYN-EV-3W-2025,SYN-D-LN-0059,SYN-D-CO-0059,CO_BORROWER,23018720
SYNTHETIC_ONLY,demo-nbfc-ev-002,SYN-EV-3W-2025,SYN-D-LN-0060,SYN-D-BR-0060,BORROWER,22379132
SYNTHETIC_ONLY,demo-nbfc-ev-002,SYN-EV-3W-2025,SYN-D-LN-0060,SYN-D-CO-0060,CO_BORROWER,22379132
SYNTHETIC_ONLY,demo-nbfc-ev-002,SYN-EV-3W-2025,SYN-D-LN-0061,SYN-D-BR-0061,BORROWER,25589790
SYNTHETIC_ONLY,demo-nbfc-ev-002,SYN-EV-3W-2025,SYN-D-LN-0061,SYN-D-CO-0061,CO_BORROWER,25589790
SYNTHETIC_ONLY,demo-nbfc-ev-002,SYN-EV-3W-2025,SYN-D-LN-0062,SYN-D-BR-0062,BORROWER,24237001
SYNTHETIC_ONLY,demo-nbfc-ev-002,SYN-EV-3W-2025,SYN-D-LN-0062,SYN-D-CO-0062,CO_BORROWER,24237001
SYNTHETIC_ONLY,demo-nbfc-ev-002,SYN-EV-3W-2025,SYN-D-LN-0063,SYN-D-BR-0063,BORROWER,16239097
SYNTHETIC_ONLY,demo-nbfc-ev-002,SYN-EV-3W-2025,SYN-D-LN-0063,SYN-D-CO-0063,CO_BORROWER,16239097
SYNTHETIC_ONLY,demo-nbfc-ev-002,SYN-EV-3W-2025,SYN-D-LN-0064,SYN-D-BR-0064,BORROWER,13822399
SYNTHETIC_ONLY,demo-nbfc-ev-002,SYN-EV-3W-2025,SYN-D-LN-0064,SYN-D-CO-0064,CO_BORROWER,13822399
SYNTHETIC_ONLY,demo-nbfc-ev-002,SYN-EV-3W-2025,SYN-D-LN-0065,SYN-D-BR-0065,BORROWER,18451495
SYNTHETIC_ONLY,demo-nbfc-ev-002,SYN-EV-3W-2025,SYN-D-LN-0065,SYN-D-CO-0065,CO_BORROWER,18451495
SYNTHETIC_ONLY,demo-nbfc-ev-002,SYN-EV-3W-2025,SYN-D-LN-0066,SYN-D-BR-0066,BORROWER,18544506
SYNTHETIC_ONLY,demo-nbfc-ev-002,SYN-EV-3W-2025,SYN-D-LN-0066,SYN-D-CO-0066,CO_BORROWER,18544506
SYNTHETIC_ONLY,demo-nbfc-ev-002,SYN-EV-3W-2025,SYN-D-LN-0067,SYN-D-BR-0067,BORROWER,21384626
SYNTHETIC_ONLY,demo-nbfc-ev-002,SYN-EV-3W-2025,SYN-D-LN-0067,SYN-D-CO-0067,CO_BORROWER,21384626
SYNTHETIC_ONLY,demo-nbfc-ev-002,SYN-EV-3W-2025,SYN-D-LN-0068,SYN-D-BR-0068,BORROWER,19491283
SYNTHETIC_ONLY,demo-nbfc-ev-002,SYN-EV-3W-2025,SYN-D-LN-0068,SYN-D-CO-0068,CO_BORROWER,19491283
SYNTHETIC_ONLY,demo-nbfc-ev-002,SYN-EV-3W-2025,SYN-D-LN-0069,SYN-D-BR-0069,BORROWER,24455880
SYNTHETIC_ONLY,demo-nbfc-ev-002,SYN-EV-3W-2025,SYN-D-LN-0069,SYN-D-CO-0069,CO_BORROWER,24455880
SYNTHETIC_ONLY,demo-nbfc-ev-002,SYN-EV-3W-2025,SYN-D-LN-0070,SYN-D-BR-0070,BORROWER,22360263
SYNTHETIC_ONLY,demo-nbfc-ev-002,SYN-EV-3W-2025,SYN-D-LN-0070,SYN-D-CO-0070,CO_BORROWER,22360263
SYNTHETIC_ONLY,demo-nbfc-ev-002,SYN-EV-3W-2025,SYN-D-LN-0071,SYN-D-BR-0071,BORROWER,27099746
SYNTHETIC_ONLY,demo-nbfc-ev-002,SYN-EV-3W-2025,SYN-D-LN-0071,SYN-D-CO-0071,CO_BORROWER,27099746
SYNTHETIC_ONLY,demo-nbfc-ev-002,SYN-EV-3W-2025,SYN-D-LN-0072,SYN-D-BR-0072,BORROWER,13018810
SYNTHETIC_ONLY,demo-nbfc-ev-002,SYN-EV-3W-2025,SYN-D-LN-0072,SYN-D-CO-0072,CO_BORROWER,13018810
SYNTHETIC_ONLY,demo-nbfc-ev-002,SYN-EV-3W-2025,SYN-D-LN-0073,SYN-D-BR-0073,BORROWER,17499301
SYNTHETIC_ONLY,demo-nbfc-ev-002,SYN-EV-3W-2025,SYN-D-LN-0073,SYN-D-CO-0073,CO_BORROWER,17499301
SYNTHETIC_ONLY,demo-nbfc-ev-002,SYN-EV-3W-2025,SYN-D-LN-0074,SYN-D-BR-0074,BORROWER,15187894
SYNTHETIC_ONLY,demo-nbfc-ev-002,SYN-EV-3W-2025,SYN-D-LN-0074,SYN-D-CO-0074,CO_BORROWER,15187894
SYNTHETIC_ONLY,demo-nbfc-ev-002,SYN-EV-3W-2025,SYN-D-LN-0075,SYN-D-BR-0075,BORROWER,19782135
SYNTHETIC_ONLY,demo-nbfc-ev-002,SYN-EV-3W-2025,SYN-D-LN-0075,SYN-D-CO-0075,CO_BORROWER,19782135
SYNTHETIC_ONLY,demo-nbfc-ev-002,SYN-EV-3W-2025,SYN-D-LN-0076,SYN-D-BR-0076,BORROWER,17766802
SYNTHETIC_ONLY,demo-nbfc-ev-002,SYN-EV-3W-2025,SYN-D-LN-0076,SYN-D-CO-0076,CO_BORROWER,17766802
SYNTHETIC_ONLY,demo-nbfc-ev-002,SYN-EV-3W-2025,SYN-D-LN-0077,SYN-D-BR-0077,BORROWER,22789437
SYNTHETIC_ONLY,demo-nbfc-ev-002,SYN-EV-3W-2025,SYN-D-LN-0077,SYN-D-CO-0077,CO_BORROWER,22789437
SYNTHETIC_ONLY,demo-nbfc-ev-002,SYN-EV-3W-2025,SYN-D-LN-0078,SYN-D-BR-0078,BORROWER,22670103
SYNTHETIC_ONLY,demo-nbfc-ev-002,SYN-EV-3W-2025,SYN-D-LN-0078,SYN-D-CO-0078,CO_BORROWER,22670103
SYNTHETIC_ONLY,demo-nbfc-ev-002,SYN-EV-3W-2025,SYN-D-LN-0079,SYN-D-BR-0079,BORROWER,25925527
SYNTHETIC_ONLY,demo-nbfc-ev-002,SYN-EV-3W-2025,SYN-D-LN-0079,SYN-D-CO-0079,CO_BORROWER,25925527
SYNTHETIC_ONLY,demo-nbfc-ev-002,SYN-EV-3W-2025,SYN-D-LN-0080,SYN-D-BR-0080,BORROWER,24028122
SYNTHETIC_ONLY,demo-nbfc-ev-002,SYN-EV-3W-2025,SYN-D-LN-0080,SYN-D-CO-0080,CO_BORROWER,24028122
SYNTHETIC_ONLY,demo-nbfc-ev-002,SYN-EV-3W-2025,SYN-D-LN-0081,SYN-D-BR-0081,BORROWER,16017933
SYNTHETIC_ONLY,demo-nbfc-ev-002,SYN-EV-3W-2025,SYN-D-LN-0081,SYN-D-CO-0081,CO_BORROWER,16017933
SYNTHETIC_ONLY,demo-nbfc-ev-002,SYN-EV-3W-2025,SYN-D-LN-0082,SYN-D-BR-0082,BORROWER,13634564
SYNTHETIC_ONLY,demo-nbfc-ev-002,SYN-EV-3W-2025,SYN-D-LN-0082,SYN-D-CO-0082,CO_BORROWER,13634564
SYNTHETIC_ONLY,demo-nbfc-ev-002,SYN-EV-3W-2025,SYN-D-LN-0083,SYN-D-BR-0083,BORROWER,18796773
SYNTHETIC_ONLY,demo-nbfc-ev-002,SYN-EV-3W-2025,SYN-D-LN-0083,SYN-D-CO-0083,CO_BORROWER,18796773
SYNTHETIC_ONLY,demo-nbfc-ev-002,SYN-EV-3W-2025,SYN-D-LN-0084,SYN-D-BR-0084,BORROWER,18824705
SYNTHETIC_ONLY,demo-nbfc-ev-002,SYN-EV-3W-2025,SYN-D-LN-0084,SYN-D-CO-0084,CO_BORROWER,18824705
SYNTHETIC_ONLY,demo-nbfc-ev-002,SYN-EV-3W-2025,SYN-D-LN-0085,SYN-D-BR-0085,BORROWER,21150553
SYNTHETIC_ONLY,demo-nbfc-ev-002,SYN-EV-3W-2025,SYN-D-LN-0085,SYN-D-CO-0085,CO_BORROWER,21150553
SYNTHETIC_ONLY,demo-nbfc-ev-002,SYN-EV-3W-2025,SYN-D-LN-0086,SYN-D-BR-0086,BORROWER,19282079
SYNTHETIC_ONLY,demo-nbfc-ev-002,SYN-EV-3W-2025,SYN-D-LN-0086,SYN-D-CO-0086,CO_BORROWER,19282079
SYNTHETIC_ONLY,demo-nbfc-ev-002,SYN-EV-3W-2025,SYN-D-LN-0087,SYN-D-BR-0087,BORROWER,24229079
SYNTHETIC_ONLY,demo-nbfc-ev-002,SYN-EV-3W-2025,SYN-D-LN-0087,SYN-D-CO-0087,CO_BORROWER,24229079
SYNTHETIC_ONLY,demo-nbfc-ev-002,SYN-EV-3W-2025,SYN-D-LN-0088,SYN-D-BR-0088,BORROWER,22676154
SYNTHETIC_ONLY,demo-nbfc-ev-002,SYN-EV-3W-2025,SYN-D-LN-0088,SYN-D-CO-0088,CO_BORROWER,22676154
SYNTHETIC_ONLY,demo-nbfc-ev-002,SYN-EV-3W-2025,SYN-D-LN-0089,SYN-D-BR-0089,BORROWER,27426883
SYNTHETIC_ONLY,demo-nbfc-ev-002,SYN-EV-3W-2025,SYN-D-LN-0089,SYN-D-CO-0089,CO_BORROWER,27426883
SYNTHETIC_ONLY,demo-nbfc-ev-002,SYN-EV-3W-2025,SYN-D-LN-0090,SYN-D-BR-0090,BORROWER,12838729
SYNTHETIC_ONLY,demo-nbfc-ev-002,SYN-EV-3W-2025,SYN-D-LN-0090,SYN-D-CO-0090,CO_BORROWER,12838729
SYNTHETIC_ONLY,demo-nbfc-ev-002,SYN-EV-3W-2025,SYN-D-LN-0091,SYN-D-BR-0091,BORROWER,17273397
SYNTHETIC_ONLY,demo-nbfc-ev-002,SYN-EV-3W-2025,SYN-D-LN-0091,SYN-D-CO-0091,CO_BORROWER,17273397
SYNTHETIC_ONLY,demo-nbfc-ev-002,SYN-EV-3W-2025,SYN-D-LN-0092,SYN-D-BR-0092,BORROWER,14992810
SYNTHETIC_ONLY,demo-nbfc-ev-002,SYN-EV-3W-2025,SYN-D-LN-0092,SYN-D-CO-0092,CO_BORROWER,14992810
SYNTHETIC_ONLY,demo-nbfc-ev-002,SYN-EV-3W-2025,SYN-D-LN-0093,SYN-D-BR-0093,BORROWER,20130683
SYNTHETIC_ONLY,demo-nbfc-ev-002,SYN-EV-3W-2025,SYN-D-LN-0093,SYN-D-CO-0093,CO_BORROWER,20130683
SYNTHETIC_ONLY,demo-nbfc-ev-002,SYN-EV-3W-2025,SYN-D-LN-0094,SYN-D-BR-0094,BORROWER,18075532
SYNTHETIC_ONLY,demo-nbfc-ev-002,SYN-EV-3W-2025,SYN-D-LN-0094,SYN-D-CO-0094,CO_BORROWER,18075532
SYNTHETIC_ONLY,demo-nbfc-ev-002,SYN-EV-3W-2025,SYN-D-LN-0095,SYN-D-BR-0095,BORROWER,22556061
SYNTHETIC_ONLY,demo-nbfc-ev-002,SYN-EV-3W-2025,SYN-D-LN-0095,SYN-D-CO-0095,CO_BORROWER,22556061
SYNTHETIC_ONLY,demo-nbfc-ev-002,SYN-EV-3W-2025,SYN-D-LN-0096,SYN-D-BR-0096,BORROWER,22476685
SYNTHETIC_ONLY,demo-nbfc-ev-002,SYN-EV-3W-2025,SYN-D-LN-0096,SYN-D-CO-0096,CO_BORROWER,22476685
SYNTHETIC_ONLY,demo-nbfc-ev-002,SYN-EV-3W-2025,SYN-D-LN-0097,SYN-D-BR-0097,BORROWER,25702821
SYNTHETIC_ONLY,demo-nbfc-ev-002,SYN-EV-3W-2025,SYN-D-LN-0097,SYN-D-CO-0097,CO_BORROWER,25702821
SYNTHETIC_ONLY,demo-nbfc-ev-002,SYN-EV-3W-2025,SYN-D-LN-0098,SYN-D-BR-0098,BORROWER,24340532
SYNTHETIC_ONLY,demo-nbfc-ev-002,SYN-EV-3W-2025,SYN-D-LN-0098,SYN-D-CO-0098,CO_BORROWER,24340532
SYNTHETIC_ONLY,demo-nbfc-ev-002,SYN-EV-3W-2025,SYN-D-LN-0099,SYN-D-BR-0099,BORROWER,16348646
SYNTHETIC_ONLY,demo-nbfc-ev-002,SYN-EV-3W-2025,SYN-D-LN-0099,SYN-D-CO-0099,CO_BORROWER,16348646
SYNTHETIC_ONLY,demo-nbfc-ev-002,SYN-EV-3W-2025,SYN-D-LN-0100,SYN-D-BR-0100,BORROWER,13445966
SYNTHETIC_ONLY,demo-nbfc-ev-002,SYN-EV-3W-2025,SYN-D-LN-0100,SYN-D-CO-0100,CO_BORROWER,13445966
SYNTHETIC_ONLY,demo-nbfc-ev-002,SYN-EV-3W-2025,SYN-D-LN-0101,SYN-D-BR-0101,BORROWER,18567405
SYNTHETIC_ONLY,demo-nbfc-ev-002,SYN-EV-3W-2025,SYN-D-LN-0102,SYN-D-BR-0102,BORROWER,18638355
SYNTHETIC_ONLY,demo-nbfc-ev-002,SYN-EV-3W-2025,SYN-D-LN-0103,SYN-D-BR-0103,BORROWER,21500223
SYNTHETIC_ONLY,demo-nbfc-ev-002,SYN-EV-3W-2025,SYN-D-LN-0104,SYN-D-BR-0104,BORROWER,19595214
SYNTHETIC_ONLY,demo-nbfc-ev-002,SYN-EV-3W-2025,SYN-D-LN-0105,SYN-D-BR-0105,BORROWER,23997983
SYNTHETIC_ONLY,demo-nbfc-ev-002,SYN-EV-3W-2025,SYN-D-LN-0106,SYN-D-BR-0106,BORROWER,22466112
SYNTHETIC_ONLY,demo-nbfc-ev-002,SYN-EV-3W-2025,SYN-D-LN-0107,SYN-D-BR-0107,BORROWER,27209941
SYNTHETIC_ONLY,demo-nbfc-ev-002,SYN-EV-3W-2025,SYN-D-LN-0108,SYN-D-BR-0108,BORROWER,13108582
SYNTHETIC_ONLY,demo-nbfc-ev-002,SYN-EV-3W-2025,SYN-D-LN-0109,SYN-D-BR-0109,BORROWER,17611107
SYNTHETIC_ONLY,demo-nbfc-ev-002,SYN-EV-3W-2025,SYN-D-LN-0110,SYN-D-BR-0110,BORROWER,14796717
SYNTHETIC_ONLY,demo-nbfc-ev-002,SYN-EV-3W-2025,SYN-D-LN-0111,SYN-D-BR-0111,BORROWER,19899206
SYNTHETIC_ONLY,demo-nbfc-ev-002,SYN-EV-3W-2025,SYN-D-LN-0112,SYN-D-BR-0112,BORROWER,17870095
SYNTHETIC_ONLY,demo-nbfc-ev-002,SYN-EV-3W-2025,SYN-D-LN-0113,SYN-D-BR-0113,BORROWER,22904595
SYNTHETIC_ONLY,demo-nbfc-ev-002,SYN-EV-3W-2025,SYN-D-LN-0114,SYN-D-BR-0114,BORROWER,22765957
SYNTHETIC_ONLY,demo-nbfc-ev-002,SYN-EV-3W-2025,SYN-D-LN-0115,SYN-D-BR-0115,BORROWER,25475652
SYNTHETIC_ONLY,demo-nbfc-ev-002,SYN-EV-3W-2025,SYN-D-LN-0116,SYN-D-BR-0116,BORROWER,24132861
SYNTHETIC_ONLY,demo-nbfc-ev-002,SYN-EV-3W-2025,SYN-D-LN-0117,SYN-D-BR-0117,BORROWER,16128853
SYNTHETIC_ONLY,demo-nbfc-ev-002,SYN-EV-3W-2025,SYN-D-LN-0118,SYN-D-BR-0118,BORROWER,13728582
SYNTHETIC_ONLY,demo-nbfc-ev-002,SYN-EV-3W-2025,SYN-D-LN-0119,SYN-D-BR-0119,BORROWER,18910200
SYNTHETIC_ONLY,demo-nbfc-ev-002,SYN-EV-3W-2025,SYN-D-LN-0120,SYN-D-BR-0120,BORROWER,18450219
SYNTHETIC_ONLY,demo-nbfc-ev-002,SYN-EV-3W-2025,SYN-D-LN-0121,SYN-D-BR-0121,BORROWER,21268064
SYNTHETIC_ONLY,demo-nbfc-ev-002,SYN-EV-3W-2025,SYN-D-LN-0122,SYN-D-BR-0122,BORROWER,19386901
SYNTHETIC_ONLY,demo-nbfc-ev-002,SYN-EV-3W-2025,SYN-D-LN-0123,SYN-D-BR-0123,BORROWER,24343022
SYNTHETIC_ONLY,demo-nbfc-ev-002,SYN-EV-3W-2025,SYN-D-LN-0124,SYN-D-BR-0124,BORROWER,22780330
SYNTHETIC_ONLY,demo-nbfc-ev-002,SYN-EV-3W-2025,SYN-D-LN-0125,SYN-D-BR-0125,BORROWER,26988414
SYNTHETIC_ONLY,demo-nbfc-ev-002,SYN-EV-3W-2025,SYN-D-LN-0126,SYN-D-BR-0126,BORROWER,12928856
SYNTHETIC_ONLY,demo-nbfc-ev-002,SYN-EV-3W-2025,SYN-D-LN-0127,SYN-D-BR-0127,BORROWER,17386726
SYNTHETIC_ONLY,demo-nbfc-ev-002,SYN-EV-3W-2025,SYN-D-LN-0128,SYN-D-BR-0128,BORROWER,15090483
SYNTHETIC_ONLY,demo-nbfc-ev-002,SYN-EV-3W-2025,SYN-D-LN-0129,SYN-D-BR-0129,BORROWER,20245061
SYNTHETIC_ONLY,demo-nbfc-ev-002,SYN-EV-3W-2025,SYN-D-LN-0130,SYN-D-BR-0130,BORROWER,17663141
SYNTHETIC_ONLY,demo-nbfc-ev-002,SYN-EV-3W-2025,SYN-D-LN-0131,SYN-D-BR-0131,BORROWER,22673254
SYNTHETIC_ONLY,demo-nbfc-ev-002,SYN-EV-3W-2025,SYN-D-LN-0132,SYN-D-BR-0132,BORROWER,22573677
SYNTHETIC_ONLY,demo-nbfc-ev-002,SYN-EV-3W-2025,SYN-D-LN-0133,SYN-D-BR-0133,BORROWER,25814737
SYNTHETIC_ONLY,demo-nbfc-ev-002,SYN-EV-3W-2025,SYN-D-LN-0134,SYN-D-BR-0134,BORROWER,24443449
SYNTHETIC_ONLY,demo-nbfc-ev-002,SYN-EV-3W-2025,SYN-D-LN-0135,SYN-D-BR-0135,BORROWER,15906352
SYNTHETIC_ONLY,demo-nbfc-ev-002,SYN-EV-3W-2025,SYN-D-LN-0136,SYN-D-BR-0136,BORROWER,13540356
SYNTHETIC_ONLY,demo-nbfc-ev-002,SYN-EV-3W-2025,SYN-D-LN-0137,SYN-D-BR-0137,BORROWER,18682503
SYNTHETIC_ONLY,demo-nbfc-ev-002,SYN-EV-3W-2025,SYN-D-LN-0138,SYN-D-BR-0138,BORROWER,18731757
SYNTHETIC_ONLY,demo-nbfc-ev-002,SYN-EV-3W-2025,SYN-D-LN-0139,SYN-D-BR-0139,BORROWER,21614843
SYNTHETIC_ONLY,demo-nbfc-ev-002,SYN-EV-3W-2025,SYN-D-LN-0140,SYN-D-BR-0140,BORROWER,19176823
SYNTHETIC_ONLY,demo-nbfc-ev-002,SYN-EV-3W-2025,SYN-D-LN-0141,SYN-D-BR-0141,BORROWER,24114063
SYNTHETIC_ONLY,demo-nbfc-ev-002,SYN-EV-3W-2025,SYN-D-LN-0142,SYN-D-BR-0142,BORROWER,22571412
SYNTHETIC_ONLY,demo-nbfc-ev-002,SYN-EV-3W-2025,SYN-D-LN-0143,SYN-D-BR-0143,BORROWER,27318988
SYNTHETIC_ONLY,demo-nbfc-ev-002,SYN-EV-3W-2025,SYN-D-LN-0144,SYN-D-BR-0144,BORROWER,13198162
SYNTHETIC_ONLY,demo-nbfc-ev-002,SYN-EV-3W-2025,SYN-D-LN-0145,SYN-D-BR-0145,BORROWER,17159330
SYNTHETIC_ONLY,demo-nbfc-ev-002,SYN-EV-3W-2025,SYN-D-LN-0146,SYN-D-BR-0146,BORROWER,14894884
SYNTHETIC_ONLY,demo-nbfc-ev-002,SYN-EV-3W-2025,SYN-D-LN-0147,SYN-D-BR-0147,BORROWER,20015394
SYNTHETIC_ONLY,demo-nbfc-ev-002,SYN-EV-3W-2025,SYN-D-LN-0148,SYN-D-BR-0148,BORROWER,17973008
SYNTHETIC_ONLY,demo-nbfc-ev-002,SYN-EV-3W-2025,SYN-D-LN-0149,SYN-D-BR-0149,BORROWER,23018720
SYNTHETIC_ONLY,demo-nbfc-ev-002,SYN-EV-3W-2025,SYN-D-LN-0150,SYN-D-BR-0150,BORROWER,22379132
SYNTHETIC_ONLY,demo-nbfc-ev-002,SYN-EV-3W-2025,SYN-D-LN-0151,SYN-D-BR-0151,BORROWER,25589790
SYNTHETIC_ONLY,demo-nbfc-ev-002,SYN-EV-3W-2025,SYN-D-LN-0152,SYN-D-BR-0152,BORROWER,24237001
SYNTHETIC_ONLY,demo-nbfc-ev-002,SYN-EV-3W-2025,SYN-D-LN-0153,SYN-D-BR-0153,BORROWER,16239097
SYNTHETIC_ONLY,demo-nbfc-ev-002,SYN-EV-3W-2025,SYN-D-LN-0154,SYN-D-BR-0154,BORROWER,13822399
SYNTHETIC_ONLY,demo-nbfc-ev-002,SYN-EV-3W-2025,SYN-D-LN-0155,SYN-D-BR-0155,BORROWER,18451495
SYNTHETIC_ONLY,demo-nbfc-ev-002,SYN-EV-3W-2025,SYN-D-LN-0156,SYN-D-BR-0156,BORROWER,18544506
SYNTHETIC_ONLY,demo-nbfc-ev-002,SYN-EV-3W-2025,SYN-D-LN-0157,SYN-D-BR-0157,BORROWER,21384626
SYNTHETIC_ONLY,demo-nbfc-ev-002,SYN-EV-3W-2025,SYN-D-LN-0158,SYN-D-BR-0158,BORROWER,19491283
SYNTHETIC_ONLY,demo-nbfc-ev-002,SYN-EV-3W-2025,SYN-D-LN-0159,SYN-D-BR-0159,BORROWER,24455880
SYNTHETIC_ONLY,demo-nbfc-ev-002,SYN-EV-3W-2025,SYN-D-LN-0160,SYN-D-BR-0160,BORROWER,22360263
SYNTHETIC_ONLY,demo-nbfc-ev-002,SYN-EV-3W-2025,SYN-D-LN-0161,SYN-D-BR-0161,BORROWER,27099746
SYNTHETIC_ONLY,demo-nbfc-ev-002,SYN-EV-3W-2025,SYN-D-LN-0162,SYN-D-BR-0162,BORROWER,13018810
SYNTHETIC_ONLY,demo-nbfc-ev-002,SYN-EV-3W-2025,SYN-D-LN-0163,SYN-D-BR-0163,BORROWER,17499301
SYNTHETIC_ONLY,demo-nbfc-ev-002,SYN-EV-3W-2025,SYN-D-LN-0164,SYN-D-BR-0164,BORROWER,15187894
SYNTHETIC_ONLY,demo-nbfc-ev-002,SYN-EV-3W-2025,SYN-D-LN-0165,SYN-D-BR-0165,BORROWER,19782135
SYNTHETIC_ONLY,demo-nbfc-ev-002,SYN-EV-3W-2025,SYN-D-LN-0166,SYN-D-BR-0166,BORROWER,17766802
SYNTHETIC_ONLY,demo-nbfc-ev-002,SYN-EV-3W-2025,SYN-D-LN-0167,SYN-D-BR-0167,BORROWER,22789437
SYNTHETIC_ONLY,demo-nbfc-ev-002,SYN-EV-3W-2025,SYN-D-LN-0168,SYN-D-BR-0168,BORROWER,22670103
SYNTHETIC_ONLY,demo-nbfc-ev-002,SYN-EV-3W-2025,SYN-D-LN-0169,SYN-D-BR-0169,BORROWER,25925527
SYNTHETIC_ONLY,demo-nbfc-ev-002,SYN-EV-3W-2025,SYN-D-LN-0170,SYN-D-BR-0170,BORROWER,24028122
SYNTHETIC_ONLY,demo-nbfc-ev-002,SYN-EV-3W-2025,SYN-D-LN-0171,SYN-D-BR-0171,BORROWER,16017933
SYNTHETIC_ONLY,demo-nbfc-ev-002,SYN-EV-3W-2025,SYN-D-LN-0172,SYN-D-BR-0172,BORROWER,13634564
SYNTHETIC_ONLY,demo-nbfc-ev-002,SYN-EV-3W-2025,SYN-D-LN-0173,SYN-D-BR-0173,BORROWER,18796773
SYNTHETIC_ONLY,demo-nbfc-ev-002,SYN-EV-3W-2025,SYN-D-LN-0174,SYN-D-BR-0174,BORROWER,18824705
SYNTHETIC_ONLY,demo-nbfc-ev-002,SYN-EV-3W-2025,SYN-D-LN-0175,SYN-D-BR-0175,BORROWER,21150553
SYNTHETIC_ONLY,demo-nbfc-ev-002,SYN-EV-3W-2025,SYN-D-LN-0176,SYN-D-BR-0176,BORROWER,19282079
SYNTHETIC_ONLY,demo-nbfc-ev-002,SYN-EV-3W-2025,SYN-D-LN-0177,SYN-D-BR-0177,BORROWER,24229079
SYNTHETIC_ONLY,demo-nbfc-ev-002,SYN-EV-3W-2025,SYN-D-LN-0178,SYN-D-BR-0178,BORROWER,22676154
SYNTHETIC_ONLY,demo-nbfc-ev-002,SYN-EV-3W-2025,SYN-D-LN-0179,SYN-D-BR-0179,BORROWER,27426883
SYNTHETIC_ONLY,demo-nbfc-ev-002,SYN-EV-3W-2025,SYN-D-LN-0180,SYN-D-BR-0180,BORROWER,12838729
SYNTHETIC_ONLY,demo-nbfc-ev-002,SYN-EV-3W-2025,SYN-D-LN-0181,SYN-D-BR-0181,BORROWER,17273397
SYNTHETIC_ONLY,demo-nbfc-ev-002,SYN-EV-3W-2025,SYN-D-LN-0182,SYN-D-BR-0182,BORROWER,14992810
SYNTHETIC_ONLY,demo-nbfc-ev-002,SYN-EV-3W-2025,SYN-D-LN-0183,SYN-D-BR-0183,BORROWER,20130683
SYNTHETIC_ONLY,demo-nbfc-ev-002,SYN-EV-3W-2025,SYN-D-LN-0184,SYN-D-BR-0184,BORROWER,18075532
SYNTHETIC_ONLY,demo-nbfc-ev-002,SYN-EV-3W-2025,SYN-D-LN-0185,SYN-D-BR-0185,BORROWER,22556061
SYNTHETIC_ONLY,demo-nbfc-ev-002,SYN-EV-3W-2025,SYN-D-LN-0186,SYN-D-BR-0186,BORROWER,22476685
SYNTHETIC_ONLY,demo-nbfc-ev-002,SYN-EV-3W-2025,SYN-D-LN-0187,SYN-D-BR-0187,BORROWER,25702821
SYNTHETIC_ONLY,demo-nbfc-ev-002,SYN-EV-3W-2025,SYN-D-LN-0188,SYN-D-BR-0188,BORROWER,24340532
SYNTHETIC_ONLY,demo-nbfc-ev-002,SYN-EV-3W-2025,SYN-D-LN-0189,SYN-D-BR-0189,BORROWER,16348646
SYNTHETIC_ONLY,demo-nbfc-ev-002,SYN-EV-3W-2025,SYN-D-LN-0190,SYN-D-BR-0190,BORROWER,13445966
SYNTHETIC_ONLY,demo-nbfc-ev-002,SYN-EV-3W-2025,SYN-D-LN-0191,SYN-D-BR-0191,BORROWER,18567405
SYNTHETIC_ONLY,demo-nbfc-ev-002,SYN-EV-3W-2025,SYN-D-LN-0192,SYN-D-BR-0192,BORROWER,18638355
SYNTHETIC_ONLY,demo-nbfc-ev-002,SYN-EV-3W-2025,SYN-D-LN-0193,SYN-D-BR-0193,BORROWER,21500223
SYNTHETIC_ONLY,demo-nbfc-ev-002,SYN-EV-3W-2025,SYN-D-LN-0194,SYN-D-BR-0194,BORROWER,19595214
SYNTHETIC_ONLY,demo-nbfc-ev-002,SYN-EV-3W-2025,SYN-D-LN-0195,SYN-D-BR-0195,BORROWER,23997983
SYNTHETIC_ONLY,demo-nbfc-ev-002,SYN-EV-3W-2025,SYN-D-LN-0196,SYN-D-BR-0196,BORROWER,22466112
SYNTHETIC_ONLY,demo-nbfc-ev-002,SYN-EV-3W-2025,SYN-D-LN-0197,SYN-D-BR-0197,BORROWER,27209941
SYNTHETIC_ONLY,demo-nbfc-ev-002,SYN-EV-3W-2025,SYN-D-LN-0198,SYN-D-BR-0198,BORROWER,13108582
SYNTHETIC_ONLY,demo-nbfc-ev-002,SYN-EV-3W-2025,SYN-D-LN-0199,SYN-D-BR-0199,BORROWER,17611107
SYNTHETIC_ONLY,demo-nbfc-ev-002,SYN-EV-3W-2025,SYN-D-LN-0200,SYN-D-BR-0200,BORROWER,14796717
SYNTHETIC_ONLY,demo-nbfc-ev-002,SYN-EV-3W-2025,SYN-D-LN-0201,SYN-D-BR-0201,BORROWER,19899206
SYNTHETIC_ONLY,demo-nbfc-ev-002,SYN-EV-3W-2025,SYN-D-LN-0202,SYN-D-BR-0202,BORROWER,17870095
SYNTHETIC_ONLY,demo-nbfc-ev-002,SYN-EV-3W-2025,SYN-D-LN-0203,SYN-D-BR-0203,BORROWER,22904595
SYNTHETIC_ONLY,demo-nbfc-ev-002,SYN-EV-3W-2025,SYN-D-LN-0204,SYN-D-BR-0204,BORROWER,22765957
SYNTHETIC_ONLY,demo-nbfc-ev-002,SYN-EV-3W-2025,SYN-D-LN-0205,SYN-D-BR-0205,BORROWER,25475652
SYNTHETIC_ONLY,demo-nbfc-ev-002,SYN-EV-3W-2025,SYN-D-LN-0206,SYN-D-BR-0206,BORROWER,24132861
SYNTHETIC_ONLY,demo-nbfc-ev-002,SYN-EV-3W-2025,SYN-D-LN-0207,SYN-D-BR-0207,BORROWER,16128853
SYNTHETIC_ONLY,demo-nbfc-ev-002,SYN-EV-3W-2025,SYN-D-LN-0208,SYN-D-BR-0208,BORROWER,13728582
SYNTHETIC_ONLY,demo-nbfc-ev-002,SYN-EV-3W-2025,SYN-D-LN-0209,SYN-D-BR-0209,BORROWER,18910200
SYNTHETIC_ONLY,demo-nbfc-ev-002,SYN-EV-3W-2025,SYN-D-LN-0210,SYN-D-BR-0210,BORROWER,18450219
SYNTHETIC_ONLY,demo-nbfc-ev-002,SYN-EV-3W-2025,SYN-D-LN-0211,SYN-D-BR-0211,BORROWER,21268064
SYNTHETIC_ONLY,demo-nbfc-ev-002,SYN-EV-3W-2025,SYN-D-LN-0212,SYN-D-BR-0212,BORROWER,19386901
SYNTHETIC_ONLY,demo-nbfc-ev-002,SYN-EV-3W-2025,SYN-D-LN-0213,SYN-D-BR-0213,BORROWER,24343022
SYNTHETIC_ONLY,demo-nbfc-ev-002,SYN-EV-3W-2025,SYN-D-LN-0214,SYN-D-BR-0214,BORROWER,22780330
SYNTHETIC_ONLY,demo-nbfc-ev-002,SYN-EV-3W-2025,SYN-D-LN-0215,SYN-D-BR-0215,BORROWER,26988414
SYNTHETIC_ONLY,demo-nbfc-ev-002,SYN-EV-3W-2025,SYN-D-LN-0216,SYN-D-BR-0216,BORROWER,12928856
SYNTHETIC_ONLY,demo-nbfc-ev-002,SYN-EV-3W-2025,SYN-D-LN-0217,SYN-D-BR-0217,BORROWER,17386726
SYNTHETIC_ONLY,demo-nbfc-ev-002,SYN-EV-3W-2025,SYN-D-LN-0218,SYN-D-BR-0218,BORROWER,15090483
SYNTHETIC_ONLY,demo-nbfc-ev-002,SYN-EV-3W-2025,SYN-D-LN-0219,SYN-D-BR-0219,BORROWER,20245061
SYNTHETIC_ONLY,demo-nbfc-ev-002,SYN-EV-3W-2025,SYN-D-LN-0220,SYN-D-BR-0220,BORROWER,17663141
SYNTHETIC_ONLY,demo-nbfc-ev-002,SYN-EV-3W-2025,SYN-D-LN-0221,SYN-D-BR-0221,BORROWER,22673254
SYNTHETIC_ONLY,demo-nbfc-ev-002,SYN-EV-3W-2025,SYN-D-LN-0222,SYN-D-BR-0222,BORROWER,22573677
SYNTHETIC_ONLY,demo-nbfc-ev-002,SYN-EV-3W-2025,SYN-D-LN-0223,SYN-D-BR-0223,BORROWER,25814736
SYNTHETIC_ONLY,demo-nbfc-ev-002,SYN-EV-3W-2025,SYN-D-LN-0224,SYN-D-BR-0224,BORROWER,24443449
SYNTHETIC_ONLY,demo-nbfc-ev-002,SYN-EV-3W-2025,SYN-D-LN-0225,SYN-D-BR-0225,BORROWER,15906352
SYNTHETIC_ONLY,demo-nbfc-ev-002,SYN-EV-3W-2025,SYN-D-LN-0226,SYN-D-BR-0226,BORROWER,13540356
SYNTHETIC_ONLY,demo-nbfc-ev-002,SYN-EV-3W-2025,SYN-D-LN-0227,SYN-D-BR-0227,BORROWER,18682503
SYNTHETIC_ONLY,demo-nbfc-ev-002,SYN-EV-3W-2025,SYN-D-LN-0228,SYN-D-BR-0228,BORROWER,18731757
SYNTHETIC_ONLY,demo-nbfc-ev-002,SYN-EV-3W-2025,SYN-D-LN-0229,SYN-D-BR-0229,BORROWER,21614843
SYNTHETIC_ONLY,demo-nbfc-ev-002,SYN-EV-3W-2025,SYN-D-LN-0230,SYN-D-BR-0230,BORROWER,19176823
SYNTHETIC_ONLY,demo-nbfc-ev-002,SYN-EV-3W-2025,SYN-D-LN-0231,SYN-D-BR-0231,BORROWER,24114063
SYNTHETIC_ONLY,demo-nbfc-ev-002,SYN-EV-3W-2025,SYN-D-LN-0232,SYN-D-BR-0232,BORROWER,22571412
SYNTHETIC_ONLY,demo-nbfc-ev-002,SYN-EV-3W-2025,SYN-D-LN-0233,SYN-D-BR-0233,BORROWER,27318988
SYNTHETIC_ONLY,demo-nbfc-ev-002,SYN-EV-3W-2025,SYN-D-LN-0234,SYN-D-BR-0234,BORROWER,13198162
SYNTHETIC_ONLY,demo-nbfc-ev-002,SYN-EV-3W-2025,SYN-D-LN-0235,SYN-D-BR-0235,BORROWER,17159330
SYNTHETIC_ONLY,demo-nbfc-ev-002,SYN-EV-3W-2025,SYN-D-LN-0236,SYN-D-BR-0236,BORROWER,14894884
SYNTHETIC_ONLY,demo-nbfc-ev-002,SYN-EV-3W-2025,SYN-D-LN-0237,SYN-D-BR-0237,BORROWER,20015394
SYNTHETIC_ONLY,demo-nbfc-ev-002,SYN-EV-3W-2025,SYN-D-LN-0238,SYN-D-BR-0238,BORROWER,17973008
SYNTHETIC_ONLY,demo-nbfc-ev-002,SYN-EV-3W-2025,SYN-D-LN-0239,SYN-D-BR-0239,BORROWER,23018720
SYNTHETIC_ONLY,demo-nbfc-ev-002,SYN-EV-3W-2025,SYN-D-LN-0240,SYN-D-BR-0240,BORROWER,22379132
SYNTHETIC_ONLY,demo-nbfc-ev-002,SYN-EV-3W-2025,SYN-D-LN-0241,SYN-D-BR-0241,BORROWER,25589790
SYNTHETIC_ONLY,demo-nbfc-ev-002,SYN-EV-3W-2025,SYN-D-LN-0242,SYN-D-BR-0242,BORROWER,24237001
SYNTHETIC_ONLY,demo-nbfc-ev-002,SYN-EV-3W-2025,SYN-D-LN-0243,SYN-D-BR-0243,BORROWER,16239097
SYNTHETIC_ONLY,demo-nbfc-ev-002,SYN-EV-3W-2025,SYN-D-LN-0244,SYN-D-BR-0244,BORROWER,13822399
SYNTHETIC_ONLY,demo-nbfc-ev-002,SYN-EV-3W-2025,SYN-D-LN-0245,SYN-D-BR-0245,BORROWER,18451495
SYNTHETIC_ONLY,demo-nbfc-ev-002,SYN-EV-3W-2025,SYN-D-LN-0246,SYN-D-BR-0246,BORROWER,18544506
SYNTHETIC_ONLY,demo-nbfc-ev-002,SYN-EV-3W-2025,SYN-D-LN-0247,SYN-D-BR-0247,BORROWER,21384626
SYNTHETIC_ONLY,demo-nbfc-ev-002,SYN-EV-3W-2025,SYN-D-LN-0248,SYN-D-BR-0248,BORROWER,19491283
SYNTHETIC_ONLY,demo-nbfc-ev-002,SYN-EV-3W-2025,SYN-D-LN-0249,SYN-D-BR-0249,BORROWER,24455880
SYNTHETIC_ONLY,demo-nbfc-ev-002,SYN-EV-3W-2025,SYN-D-LN-0250,SYN-D-BR-0250,BORROWER,22360263
SYNTHETIC_ONLY,demo-nbfc-ev-002,SYN-EV-3W-2025,SYN-D-LN-0251,SYN-D-BR-0251,BORROWER,27099746
SYNTHETIC_ONLY,demo-nbfc-ev-002,SYN-EV-3W-2025,SYN-D-LN-0252,SYN-D-BR-0252,BORROWER,13018810
SYNTHETIC_ONLY,demo-nbfc-ev-002,SYN-EV-3W-2025,SYN-D-LN-0253,SYN-D-BR-0253,BORROWER,17499301
SYNTHETIC_ONLY,demo-nbfc-ev-002,SYN-EV-3W-2025,SYN-D-LN-0254,SYN-D-BR-0254,BORROWER,15187894
SYNTHETIC_ONLY,demo-nbfc-ev-002,SYN-EV-3W-2025,SYN-D-LN-0255,SYN-D-BR-0255,BORROWER,19782135
SYNTHETIC_ONLY,demo-nbfc-ev-002,SYN-EV-3W-2025,SYN-D-LN-0256,SYN-D-BR-0256,BORROWER,17766802
SYNTHETIC_ONLY,demo-nbfc-ev-002,SYN-EV-3W-2025,SYN-D-LN-0257,SYN-D-BR-0257,BORROWER,22789437
SYNTHETIC_ONLY,demo-nbfc-ev-002,SYN-EV-3W-2025,SYN-D-LN-0258,SYN-D-BR-0258,BORROWER,22670103
SYNTHETIC_ONLY,demo-nbfc-ev-002,SYN-EV-3W-2025,SYN-D-LN-0259,SYN-D-BR-0259,BORROWER,25925527
SYNTHETIC_ONLY,demo-nbfc-ev-002,SYN-EV-3W-2025,SYN-D-LN-0260,SYN-D-BR-0260,BORROWER,24028122
SYNTHETIC_ONLY,demo-nbfc-ev-002,SYN-EV-3W-2025,SYN-D-LN-0261,SYN-D-BR-0261,BORROWER,16017933
SYNTHETIC_ONLY,demo-nbfc-ev-002,SYN-EV-3W-2025,SYN-D-LN-0262,SYN-D-BR-0262,BORROWER,13634564
SYNTHETIC_ONLY,demo-nbfc-ev-002,SYN-EV-3W-2025,SYN-D-LN-0263,SYN-D-BR-0263,BORROWER,18796773
SYNTHETIC_ONLY,demo-nbfc-ev-002,SYN-EV-3W-2025,SYN-D-LN-0264,SYN-D-BR-0264,BORROWER,18824705
SYNTHETIC_ONLY,demo-nbfc-ev-002,SYN-EV-3W-2025,SYN-D-LN-0265,SYN-D-BR-0265,BORROWER,21150553
SYNTHETIC_ONLY,demo-nbfc-ev-002,SYN-EV-3W-2025,SYN-D-LN-0266,SYN-D-BR-0266,BORROWER,19282079
SYNTHETIC_ONLY,demo-nbfc-ev-002,SYN-EV-3W-2025,SYN-D-LN-0267,SYN-D-BR-0267,BORROWER,24229079
SYNTHETIC_ONLY,demo-nbfc-ev-002,SYN-EV-3W-2025,SYN-D-LN-0268,SYN-D-BR-0268,BORROWER,22676154
SYNTHETIC_ONLY,demo-nbfc-ev-002,SYN-EV-3W-2025,SYN-D-LN-0269,SYN-D-BR-0269,BORROWER,27426883
SYNTHETIC_ONLY,demo-nbfc-ev-002,SYN-EV-3W-2025,SYN-D-LN-0270,SYN-D-BR-0270,BORROWER,12838729
SYNTHETIC_ONLY,demo-nbfc-ev-002,SYN-EV-3W-2025,SYN-D-LN-0271,SYN-D-BR-0271,BORROWER,17273397
SYNTHETIC_ONLY,demo-nbfc-ev-002,SYN-EV-3W-2025,SYN-D-LN-0272,SYN-D-BR-0272,BORROWER,14992810
SYNTHETIC_ONLY,demo-nbfc-ev-002,SYN-EV-3W-2025,SYN-D-LN-0273,SYN-D-BR-0273,BORROWER,20130683
SYNTHETIC_ONLY,demo-nbfc-ev-002,SYN-EV-3W-2025,SYN-D-LN-0274,SYN-D-BR-0274,BORROWER,18075532
SYNTHETIC_ONLY,demo-nbfc-ev-002,SYN-EV-3W-2025,SYN-D-LN-0275,SYN-D-BR-0275,BORROWER,22556061
SYNTHETIC_ONLY,demo-nbfc-ev-002,SYN-EV-3W-2025,SYN-D-LN-0276,SYN-D-BR-0276,BORROWER,22476685
SYNTHETIC_ONLY,demo-nbfc-ev-002,SYN-EV-3W-2025,SYN-D-LN-0277,SYN-D-BR-0277,BORROWER,25702821
SYNTHETIC_ONLY,demo-nbfc-ev-002,SYN-EV-3W-2025,SYN-D-LN-0278,SYN-D-BR-0278,BORROWER,24340532
SYNTHETIC_ONLY,demo-nbfc-ev-002,SYN-EV-3W-2025,SYN-D-LN-0279,SYN-D-BR-0279,BORROWER,16348646
SYNTHETIC_ONLY,demo-nbfc-ev-002,SYN-EV-3W-2025,SYN-D-LN-0280,SYN-D-BR-0280,BORROWER,13445966
SYNTHETIC_ONLY,demo-nbfc-ev-002,SYN-EV-3W-2025,SYN-D-LN-0281,SYN-D-BR-0281,BORROWER,18567405
SYNTHETIC_ONLY,demo-nbfc-ev-002,SYN-EV-3W-2025,SYN-D-LN-0282,SYN-D-BR-0282,BORROWER,18638355
SYNTHETIC_ONLY,demo-nbfc-ev-002,SYN-EV-3W-2025,SYN-D-LN-0283,SYN-D-BR-0283,BORROWER,21500223
SYNTHETIC_ONLY,demo-nbfc-ev-002,SYN-EV-3W-2025,SYN-D-LN-0284,SYN-D-BR-0284,BORROWER,19595214
SYNTHETIC_ONLY,demo-nbfc-ev-002,SYN-EV-3W-2025,SYN-D-LN-0285,SYN-D-BR-0285,BORROWER,23997983
SYNTHETIC_ONLY,demo-nbfc-ev-002,SYN-EV-3W-2025,SYN-D-LN-0286,SYN-D-BR-0286,BORROWER,22466112
SYNTHETIC_ONLY,demo-nbfc-ev-002,SYN-EV-3W-2025,SYN-D-LN-0287,SYN-D-BR-0287,BORROWER,27209941
SYNTHETIC_ONLY,demo-nbfc-ev-002,SYN-EV-3W-2025,SYN-D-LN-0288,SYN-D-BR-0288,BORROWER,13108582
SYNTHETIC_ONLY,demo-nbfc-ev-002,SYN-EV-3W-2025,SYN-D-LN-0289,SYN-D-BR-0289,BORROWER,17611107
SYNTHETIC_ONLY,demo-nbfc-ev-002,SYN-EV-3W-2025,SYN-D-LN-0290,SYN-D-BR-0290,BORROWER,14796717
SYNTHETIC_ONLY,demo-nbfc-ev-002,SYN-EV-3W-2025,SYN-D-LN-0291,SYN-D-BR-0291,BORROWER,19899206
SYNTHETIC_ONLY,demo-nbfc-ev-002,SYN-EV-3W-2025,SYN-D-LN-0292,SYN-D-BR-0292,BORROWER,17870095
SYNTHETIC_ONLY,demo-nbfc-ev-002,SYN-EV-3W-2025,SYN-D-LN-0293,SYN-D-BR-0293,BORROWER,22904595
SYNTHETIC_ONLY,demo-nbfc-ev-002,SYN-EV-3W-2025,SYN-D-LN-0294,SYN-D-BR-0294,BORROWER,22765957
SYNTHETIC_ONLY,demo-nbfc-ev-002,SYN-EV-3W-2025,SYN-D-LN-0295,SYN-D-BR-0295,BORROWER,25475652
SYNTHETIC_ONLY,demo-nbfc-ev-002,SYN-EV-3W-2025,SYN-D-LN-0296,SYN-D-BR-0296,BORROWER,24132861
SYNTHETIC_ONLY,demo-nbfc-ev-002,SYN-EV-3W-2025,SYN-D-LN-0297,SYN-D-BR-0297,BORROWER,16128853
SYNTHETIC_ONLY,demo-nbfc-ev-002,SYN-EV-3W-2025,SYN-D-LN-0298,SYN-D-BR-0298,BORROWER,13728582
SYNTHETIC_ONLY,demo-nbfc-ev-002,SYN-EV-3W-2025,SYN-D-LN-0299,SYN-D-BR-0299,BORROWER,18910200
SYNTHETIC_ONLY,demo-nbfc-ev-002,SYN-EV-3W-2025,SYN-D-LN-0300,SYN-D-BR-0300,BORROWER,18450219
SYNTHETIC_ONLY,demo-nbfc-ev-002,SYN-EV-3W-2025,SYN-D-LN-0301,SYN-D-BR-0301,BORROWER,21268064
SYNTHETIC_ONLY,demo-nbfc-ev-002,SYN-EV-3W-2025,SYN-D-LN-0302,SYN-D-BR-0302,BORROWER,19386901
SYNTHETIC_ONLY,demo-nbfc-ev-002,SYN-EV-3W-2025,SYN-D-LN-0303,SYN-D-BR-0303,BORROWER,24343022
SYNTHETIC_ONLY,demo-nbfc-ev-002,SYN-EV-3W-2025,SYN-D-LN-0304,SYN-D-BR-0304,BORROWER,22780330
SYNTHETIC_ONLY,demo-nbfc-ev-002,SYN-EV-3W-2025,SYN-D-LN-0305,SYN-D-BR-0305,BORROWER,26988414
SYNTHETIC_ONLY,demo-nbfc-ev-002,SYN-EV-3W-2025,SYN-D-LN-0306,SYN-D-BR-0306,BORROWER,12928856
SYNTHETIC_ONLY,demo-nbfc-ev-002,SYN-EV-3W-2025,SYN-D-LN-0307,SYN-D-BR-0307,BORROWER,17386726
SYNTHETIC_ONLY,demo-nbfc-ev-002,SYN-EV-3W-2025,SYN-D-LN-0308,SYN-D-BR-0308,BORROWER,15090483
SYNTHETIC_ONLY,demo-nbfc-ev-002,SYN-EV-3W-2025,SYN-D-LN-0309,SYN-D-BR-0309,BORROWER,20245061
SYNTHETIC_ONLY,demo-nbfc-ev-002,SYN-EV-3W-2025,SYN-D-LN-0310,SYN-D-BR-0310,BORROWER,17663141
SYNTHETIC_ONLY,demo-nbfc-ev-002,SYN-EV-3W-2025,SYN-D-LN-0311,SYN-D-BR-0311,BORROWER,22673254
SYNTHETIC_ONLY,demo-nbfc-ev-002,SYN-EV-3W-2025,SYN-D-LN-0312,SYN-D-BR-0312,BORROWER,22573677
SYNTHETIC_ONLY,demo-nbfc-ev-002,SYN-EV-3W-2025,SYN-D-LN-0313,SYN-D-BR-0313,BORROWER,25814736
SYNTHETIC_ONLY,demo-nbfc-ev-002,SYN-EV-3W-2025,SYN-D-LN-0314,SYN-D-BR-0314,BORROWER,24443449
SYNTHETIC_ONLY,demo-nbfc-ev-002,SYN-EV-3W-2025,SYN-D-LN-0315,SYN-D-BR-0315,BORROWER,15906352
SYNTHETIC_ONLY,demo-nbfc-ev-002,SYN-EV-3W-2025,SYN-D-LN-0316,SYN-D-BR-0316,BORROWER,13540356
SYNTHETIC_ONLY,demo-nbfc-ev-002,SYN-EV-3W-2025,SYN-D-LN-0317,SYN-D-BR-0317,BORROWER,18682503
SYNTHETIC_ONLY,demo-nbfc-ev-002,SYN-EV-3W-2025,SYN-D-LN-0318,SYN-D-BR-0318,BORROWER,18731757
SYNTHETIC_ONLY,demo-nbfc-ev-002,SYN-EV-3W-2025,SYN-D-LN-0319,SYN-D-BR-0319,BORROWER,21614843
SYNTHETIC_ONLY,demo-nbfc-ev-002,SYN-EV-3W-2025,SYN-D-LN-0320,SYN-D-BR-0320,BORROWER,19176823
SYNTHETIC_ONLY,demo-nbfc-ev-002,SYN-EV-3W-2025,SYN-D-LN-0321,SYN-D-BR-0321,BORROWER,24114063
SYNTHETIC_ONLY,demo-nbfc-ev-002,SYN-EV-3W-2025,SYN-D-LN-0322,SYN-D-BR-0322,BORROWER,22571412
SYNTHETIC_ONLY,demo-nbfc-ev-002,SYN-EV-3W-2025,SYN-D-LN-0323,SYN-D-BR-0323,BORROWER,27318988
SYNTHETIC_ONLY,demo-nbfc-ev-002,SYN-EV-3W-2025,SYN-D-LN-0324,SYN-D-BR-0324,BORROWER,13198162
SYNTHETIC_ONLY,demo-nbfc-ev-002,SYN-EV-3W-2025,SYN-D-LN-0325,SYN-D-BR-0325,BORROWER,17159330
SYNTHETIC_ONLY,demo-nbfc-ev-002,SYN-EV-3W-2025,SYN-D-LN-0326,SYN-D-BR-0326,BORROWER,14894884
SYNTHETIC_ONLY,demo-nbfc-ev-002,SYN-EV-3W-2025,SYN-D-LN-0327,SYN-D-BR-0327,BORROWER,20015394
SYNTHETIC_ONLY,demo-nbfc-ev-002,SYN-EV-3W-2025,SYN-D-LN-0328,SYN-D-BR-0328,BORROWER,17973008
SYNTHETIC_ONLY,demo-nbfc-ev-002,SYN-EV-3W-2025,SYN-D-LN-0329,SYN-D-BR-0329,BORROWER,23018720
SYNTHETIC_ONLY,demo-nbfc-ev-002,SYN-EV-3W-2025,SYN-D-LN-0330,SYN-D-BR-0330,BORROWER,22379132
SYNTHETIC_ONLY,demo-nbfc-ev-002,SYN-EV-3W-2025,SYN-D-LN-0331,SYN-D-BR-0331,BORROWER,25589790
SYNTHETIC_ONLY,demo-nbfc-ev-002,SYN-EV-3W-2025,SYN-D-LN-0332,SYN-D-BR-0332,BORROWER,24237001
SYNTHETIC_ONLY,demo-nbfc-ev-002,SYN-EV-3W-2025,SYN-D-LN-0333,SYN-D-BR-0333,BORROWER,16239097
SYNTHETIC_ONLY,demo-nbfc-ev-002,SYN-EV-3W-2025,SYN-D-LN-0334,SYN-D-BR-0334,BORROWER,13822399
SYNTHETIC_ONLY,demo-nbfc-ev-002,SYN-EV-3W-2025,SYN-D-LN-0335,SYN-D-BR-0335,BORROWER,18451495
SYNTHETIC_ONLY,demo-nbfc-ev-002,SYN-EV-3W-2025,SYN-D-LN-0336,SYN-D-BR-0336,BORROWER,18544506
SYNTHETIC_ONLY,demo-nbfc-ev-002,SYN-EV-3W-2025,SYN-D-LN-0337,SYN-D-BR-0337,BORROWER,21384626
SYNTHETIC_ONLY,demo-nbfc-ev-002,SYN-EV-3W-2025,SYN-D-LN-0338,SYN-D-BR-0338,BORROWER,19491283
SYNTHETIC_ONLY,demo-nbfc-ev-002,SYN-EV-3W-2025,SYN-D-LN-0339,SYN-D-BR-0339,BORROWER,24455880
SYNTHETIC_ONLY,demo-nbfc-ev-002,SYN-EV-3W-2025,SYN-D-LN-0340,SYN-D-BR-0340,BORROWER,22360263
SYNTHETIC_ONLY,demo-nbfc-ev-002,SYN-EV-3W-2025,SYN-D-LN-0341,SYN-D-BR-0341,BORROWER,27099746
SYNTHETIC_ONLY,demo-nbfc-ev-002,SYN-EV-3W-2025,SYN-D-LN-0342,SYN-D-BR-0342,BORROWER,13018810
SYNTHETIC_ONLY,demo-nbfc-ev-002,SYN-EV-3W-2025,SYN-D-LN-0343,SYN-D-BR-0343,BORROWER,17499301
SYNTHETIC_ONLY,demo-nbfc-ev-002,SYN-EV-3W-2025,SYN-D-LN-0344,SYN-D-BR-0344,BORROWER,15187894
SYNTHETIC_ONLY,demo-nbfc-ev-002,SYN-EV-3W-2025,SYN-D-LN-0345,SYN-D-BR-0345,BORROWER,19782135
SYNTHETIC_ONLY,demo-nbfc-ev-002,SYN-EV-3W-2025,SYN-D-LN-0346,SYN-D-BR-0346,BORROWER,17766802
SYNTHETIC_ONLY,demo-nbfc-ev-002,SYN-EV-3W-2025,SYN-D-LN-0347,SYN-D-BR-0347,BORROWER,22789437
SYNTHETIC_ONLY,demo-nbfc-ev-002,SYN-EV-3W-2025,SYN-D-LN-0348,SYN-D-BR-0348,BORROWER,22670103
SYNTHETIC_ONLY,demo-nbfc-ev-002,SYN-EV-3W-2025,SYN-D-LN-0349,SYN-D-BR-0349,BORROWER,25925527
SYNTHETIC_ONLY,demo-nbfc-ev-002,SYN-EV-3W-2025,SYN-D-LN-0350,SYN-D-BR-0350,BORROWER,24028122
SYNTHETIC_ONLY,demo-nbfc-ev-002,SYN-EV-3W-2025,SYN-D-LN-0351,SYN-D-BR-0351,BORROWER,16017933
SYNTHETIC_ONLY,demo-nbfc-ev-002,SYN-EV-3W-2025,SYN-D-LN-0352,SYN-D-BR-0352,BORROWER,13634564
SYNTHETIC_ONLY,demo-nbfc-ev-002,SYN-EV-3W-2025,SYN-D-LN-0353,SYN-D-BR-0353,BORROWER,18796773
SYNTHETIC_ONLY,demo-nbfc-ev-002,SYN-EV-3W-2025,SYN-D-LN-0354,SYN-D-BR-0354,BORROWER,18824705
SYNTHETIC_ONLY,demo-nbfc-ev-002,SYN-EV-3W-2025,SYN-D-LN-0355,SYN-D-BR-0355,BORROWER,21150553
SYNTHETIC_ONLY,demo-nbfc-ev-002,SYN-EV-3W-2025,SYN-D-LN-0356,SYN-D-BR-0356,BORROWER,19282079
SYNTHETIC_ONLY,demo-nbfc-ev-002,SYN-EV-3W-2025,SYN-D-LN-0357,SYN-D-BR-0357,BORROWER,24229079
SYNTHETIC_ONLY,demo-nbfc-ev-002,SYN-EV-3W-2025,SYN-D-LN-0358,SYN-D-BR-0358,BORROWER,22676154
SYNTHETIC_ONLY,demo-nbfc-ev-002,SYN-EV-3W-2025,SYN-D-LN-0359,SYN-D-BR-0359,BORROWER,27426883
SYNTHETIC_ONLY,demo-nbfc-ev-002,SYN-EV-3W-2025,SYN-D-LN-0360,SYN-D-BR-0360,BORROWER,12838729
SYNTHETIC_ONLY,demo-nbfc-ev-002,SYN-EV-3W-2025,SYN-D-LN-0361,SYN-D-BR-0361,BORROWER,17273397
SYNTHETIC_ONLY,demo-nbfc-ev-002,SYN-EV-3W-2025,SYN-D-LN-0362,SYN-D-BR-0362,BORROWER,14992810
SYNTHETIC_ONLY,demo-nbfc-ev-002,SYN-EV-3W-2025,SYN-D-LN-0363,SYN-D-BR-0363,BORROWER,20130683
SYNTHETIC_ONLY,demo-nbfc-ev-002,SYN-EV-3W-2025,SYN-D-LN-0364,SYN-D-BR-0364,BORROWER,18075532
SYNTHETIC_ONLY,demo-nbfc-ev-002,SYN-EV-3W-2025,SYN-D-LN-0365,SYN-D-BR-0365,BORROWER,22556061
SYNTHETIC_ONLY,demo-nbfc-ev-002,SYN-EV-3W-2025,SYN-D-LN-0366,SYN-D-BR-0366,BORROWER,22476685
SYNTHETIC_ONLY,demo-nbfc-ev-002,SYN-EV-3W-2025,SYN-D-LN-0367,SYN-D-BR-0367,BORROWER,25702821
SYNTHETIC_ONLY,demo-nbfc-ev-002,SYN-EV-3W-2025,SYN-D-LN-0368,SYN-D-BR-0368,BORROWER,24340532
SYNTHETIC_ONLY,demo-nbfc-ev-002,SYN-EV-3W-2025,SYN-D-LN-0369,SYN-D-BR-0369,BORROWER,16348646
SYNTHETIC_ONLY,demo-nbfc-ev-002,SYN-EV-3W-2025,SYN-D-LN-0370,SYN-D-BR-0370,BORROWER,13445966
SYNTHETIC_ONLY,demo-nbfc-ev-002,SYN-EV-3W-2025,SYN-D-LN-0371,SYN-D-BR-0371,BORROWER,18567405
SYNTHETIC_ONLY,demo-nbfc-ev-002,SYN-EV-3W-2025,SYN-D-LN-0372,SYN-D-BR-0372,BORROWER,18638355
SYNTHETIC_ONLY,demo-nbfc-ev-002,SYN-EV-3W-2025,SYN-D-LN-0373,SYN-D-BR-0373,BORROWER,21500223
SYNTHETIC_ONLY,demo-nbfc-ev-002,SYN-EV-3W-2025,SYN-D-LN-0374,SYN-D-BR-0374,BORROWER,19595214
SYNTHETIC_ONLY,demo-nbfc-ev-002,SYN-EV-3W-2025,SYN-D-LN-0375,SYN-D-BR-0375,BORROWER,23997983
SYNTHETIC_ONLY,demo-nbfc-ev-002,SYN-EV-3W-2025,SYN-D-LN-0376,SYN-D-BR-0376,BORROWER,22466112
SYNTHETIC_ONLY,demo-nbfc-ev-002,SYN-EV-3W-2025,SYN-D-LN-0377,SYN-D-BR-0377,BORROWER,27209941
SYNTHETIC_ONLY,demo-nbfc-ev-002,SYN-EV-3W-2025,SYN-D-LN-0378,SYN-D-BR-0378,BORROWER,13108582
SYNTHETIC_ONLY,demo-nbfc-ev-002,SYN-EV-3W-2025,SYN-D-LN-0379,SYN-D-BR-0379,BORROWER,17611107
SYNTHETIC_ONLY,demo-nbfc-ev-002,SYN-EV-3W-2025,SYN-D-LN-0380,SYN-D-BR-0380,BORROWER,14796717
SYNTHETIC_ONLY,demo-nbfc-ev-002,SYN-EV-3W-2025,SYN-D-LN-0381,SYN-D-BR-0381,BORROWER,19899206
SYNTHETIC_ONLY,demo-nbfc-ev-002,SYN-EV-3W-2025,SYN-D-LN-0382,SYN-D-BR-0382,BORROWER,17870095
SYNTHETIC_ONLY,demo-nbfc-ev-002,SYN-EV-3W-2025,SYN-D-LN-0383,SYN-D-BR-0383,BORROWER,22904595
SYNTHETIC_ONLY,demo-nbfc-ev-002,SYN-EV-3W-2025,SYN-D-LN-0384,SYN-D-BR-0384,BORROWER,22765957
SYNTHETIC_ONLY,demo-nbfc-ev-002,SYN-EV-3W-2025,SYN-D-LN-0385,SYN-D-BR-0385,BORROWER,25475652
SYNTHETIC_ONLY,demo-nbfc-ev-002,SYN-EV-3W-2025,SYN-D-LN-0386,SYN-D-BR-0386,BORROWER,24132861
SYNTHETIC_ONLY,demo-nbfc-ev-002,SYN-EV-3W-2025,SYN-D-LN-0387,SYN-D-BR-0387,BORROWER,16128853
SYNTHETIC_ONLY,demo-nbfc-ev-002,SYN-EV-3W-2025,SYN-D-LN-0388,SYN-D-BR-0388,BORROWER,13728582
SYNTHETIC_ONLY,demo-nbfc-ev-002,SYN-EV-3W-2025,SYN-D-LN-0389,SYN-D-BR-0389,BORROWER,18910200
SYNTHETIC_ONLY,demo-nbfc-ev-002,SYN-EV-3W-2025,SYN-D-LN-0390,SYN-D-BR-0390,BORROWER,18450219
SYNTHETIC_ONLY,demo-nbfc-ev-002,SYN-EV-3W-2025,SYN-D-LN-0391,SYN-D-BR-0391,BORROWER,21268064
SYNTHETIC_ONLY,demo-nbfc-ev-002,SYN-EV-3W-2025,SYN-D-LN-0392,SYN-D-BR-0392,BORROWER,19386901
SYNTHETIC_ONLY,demo-nbfc-ev-002,SYN-EV-3W-2025,SYN-D-LN-0393,SYN-D-BR-0393,BORROWER,24343022
SYNTHETIC_ONLY,demo-nbfc-ev-002,SYN-EV-3W-2025,SYN-D-LN-0394,SYN-D-BR-0394,BORROWER,22780330
SYNTHETIC_ONLY,demo-nbfc-ev-002,SYN-EV-3W-2025,SYN-D-LN-0395,SYN-D-BR-0395,BORROWER,26988414
SYNTHETIC_ONLY,demo-nbfc-ev-002,SYN-EV-3W-2025,SYN-D-LN-0396,SYN-D-BR-0396,BORROWER,12928856
SYNTHETIC_ONLY,demo-nbfc-ev-002,SYN-EV-3W-2025,SYN-D-LN-0397,SYN-D-BR-0397,BORROWER,17386726
SYNTHETIC_ONLY,demo-nbfc-ev-002,SYN-EV-3W-2025,SYN-D-LN-0398,SYN-D-BR-0398,BORROWER,15090483
SYNTHETIC_ONLY,demo-nbfc-ev-002,SYN-EV-3W-2025,SYN-D-LN-0399,SYN-D-BR-0399,BORROWER,20245061
SYNTHETIC_ONLY,demo-nbfc-ev-002,SYN-EV-3W-2025,SYN-D-LN-0400,SYN-D-BR-0400,BORROWER,17663141
