classification,seller_institution_id,seller_name,loanbook_ref,loan_id,borrower_id,borrower_display_name,vehicle_type,state,origination_date,as_of_date,original_principal_inr,principal_outstanding_inr,annual_interest_rate_percent,original_term_months,instalments_paid,scheduled_instalment_inr,days_past_due,missed_instalments
SYNTHETIC_ONLY,demo-nbfc-ev-001,AssureRail Synthetic EV Finance NBFC,SYN-EV-2W-2025,SYN-A-LN-0001,SYN-A-BR-0001,Synthetic Borrower A0001,Electric two-wheeler,Karnataka,2025-02-15,2026-09-15,185723.62,125085.71,15.0,48,19,5168.83,0,0
SYNTHETIC_ONLY,demo-nbfc-ev-001,AssureRail Synthetic EV Finance NBFC,SYN-EV-2W-2025,SYN-A-LN-0002,SYN-A-BR-0002,Synthetic Borrower A0002,Electric two-wheeler,Tamil Nadu,2025-03-15,2026-09-15,204034.38,114121.08,16.0,36,18,7173.24,0,0
SYNTHETIC_ONLY,demo-nbfc-ev-001,AssureRail Synthetic EV Finance NBFC,SYN-EV-2W-2025,SYN-A-LN-0003,SYN-A-BR-0003,Synthetic Borrower A0003,Electric two-wheeler,Maharashtra,2025-04-15,2026-09-15,222345.18,160064.14,17.0,48,17,6415.78,0,0
SYNTHETIC_ONLY,demo-nbfc-ev-001,AssureRail Synthetic EV Finance NBFC,SYN-EV-2W-2025,SYN-A-LN-0004,SYN-A-BR-0004,Synthetic Borrower A0004,Electric two-wheeler,Karnataka,2025-05-15,2026-09-15,240655.96,149372.13,18.0,36,16,8700.29,0,0
SYNTHETIC_ONLY,demo-nbfc-ev-001,AssureRail Synthetic EV Finance NBFC,SYN-EV-2W-2025,SYN-A-LN-0005,SYN-A-BR-0005,Synthetic Borrower A0005,Electric two-wheeler,Tamil Nadu,2025-06-15,2026-09-15,258966.74,192908.19,14.0,48,15,7076.65,0,0
SYNTHETIC_ONLY,demo-nbfc-ev-001,AssureRail Synthetic EV Finance NBFC,SYN-EV-2W-2025,SYN-A-LN-0006,SYN-A-BR-0006,Synthetic Borrower A0006,Electric two-wheeler,Maharashtra,2025-07-15,2026-09-15,277277.51,198238.41,15.0,36,12,9611.92,66,2
SYNTHETIC_ONLY,demo-nbfc-ev-001,AssureRail Synthetic EV Finance NBFC,SYN-EV-2W-2025,SYN-A-LN-0007,SYN-A-BR-0007,Synthetic Borrower A0007,Electric two-wheeler,Karnataka,2025-08-15,2026-09-15,295588.29,233075.32,16.0,48,13,8377.06,0,0
SYNTHETIC_ONLY,demo-nbfc-ev-001,AssureRail Synthetic EV Finance NBFC,SYN-EV-2W-2025,SYN-A-LN-0008,SYN-A-BR-0008,Synthetic Borrower A0008,Electric two-wheeler,Tamil Nadu,2025-09-15,2026-09-15,313899.08,226352.06,17.0,36,12,11191.36,0,0
SYNTHETIC_ONLY,demo-nbfc-ev-001,AssureRail Synthetic EV Finance NBFC,SYN-EV-2W-2025,SYN-A-LN-0009,SYN-A-BR-0009,Synthetic Borrower A0009,Electric two-wheeler,Maharashtra,2025-01-15,2026-09-15,167412.84,111764.36,18.0,48,20,4917.75,0,0
SYNTHETIC_ONLY,demo-nbfc-ev-001,AssureRail Synthetic EV Finance NBFC,SYN-EV-2W-2025,SYN-A-LN-0010,SYN-A-BR-0010,Synthetic Borrower A0010,Electric two-wheeler,Karnataka,2025-02-15,2026-09-15,185723.62,97369.28,14.0,36,19,6347.59,0,0
SYNTHETIC_ONLY,demo-nbfc-ev-001,AssureRail Synthetic EV Finance NBFC,SYN-EV-2W-2025,SYN-A-LN-0011,SYN-A-BR-0011,Synthetic Borrower A0011,Electric two-wheeler,Tamil Nadu,2025-03-15,2026-09-15,204034.4,141329.91,15.0,48,18,5678.43,0,0
SYNTHETIC_ONLY,demo-nbfc-ev-001,AssureRail Synthetic EV Finance NBFC,SYN-EV-2W-2025,SYN-A-LN-0012,SYN-A-BR-0012,Synthetic Borrower A0012,Electric two-wheeler,Maharashtra,2025-04-15,2026-09-15,222345.17,148198.25,16.0,36,14,7817.0,93,3
SYNTHETIC_ONLY,demo-nbfc-ev-001,AssureRail Synthetic EV Finance NBFC,SYN-EV-2W-2025,SYN-A-LN-0013,SYN-A-BR-0013,Synthetic Borrower A0013,Electric two-wheeler,Karnataka,2025-05-15,2026-09-15,240655.95,177672.99,17.0,48,16,6944.14,0,0
SYNTHETIC_ONLY,demo-nbfc-ev-001,AssureRail Synthetic EV Finance NBFC,SYN-EV-2W-2025,SYN-A-LN-0014,SYN-A-BR-0014,Synthetic Borrower A0014,Electric two-wheeler,Tamil Nadu,2025-06-15,2026-09-15,258966.73,167585.87,18.0,36,15,9362.27,0,0
SYNTHETIC_ONLY,demo-nbfc-ev-001,AssureRail Synthetic EV Finance NBFC,SYN-EV-2W-2025,SYN-A-LN-0015,SYN-A-BR-0015,Synthetic Borrower A0015,Electric two-wheeler,Maharashtra,2025-07-15,2026-09-15,277277.51,211655.86,14.0,48,14,7577.02,0,0
SYNTHETIC_ONLY,demo-nbfc-ev-001,AssureRail Synthetic EV Finance NBFC,SYN-EV-2W-2025,SYN-A-LN-0016,SYN-A-BR-0016,Synthetic Borrower A0016,Electric two-wheeler,Karnataka,2025-08-15,2026-09-15,295588.29,203724.58,15.0,36,13,10246.67,0,0
SYNTHETIC_ONLY,demo-nbfc-ev-001,AssureRail Synthetic EV Finance NBFC,SYN-EV-2W-2025,SYN-A-LN-0017,SYN-A-BR-0017,Synthetic Borrower A0017,Electric two-wheeler,Tamil Nadu,2025-09-15,2026-09-15,313899.08,253035.8,16.0,48,12,8895.99,0,0
SYNTHETIC_ONLY,demo-nbfc-ev-001,AssureRail Synthetic EV Finance NBFC,SYN-EV-2W-2025,SYN-A-LN-0018,SYN-A-BR-0018,Synthetic Borrower A0018,Electric two-wheeler,Maharashtra,2025-01-15,2026-09-15,167412.84,89614.29,17.0,36,19,5968.72,30,1
SYNTHETIC_ONLY,demo-nbfc-ev-001,AssureRail Synthetic EV Finance NBFC,SYN-EV-2W-2025,SYN-A-LN-0019,SYN-A-BR-0019,Synthetic Borrower A0019,Electric two-wheeler,Karnataka,2025-02-15,2026-09-15,185723.62,127531.25,18.0,48,19,5455.63,0,0
SYNTHETIC_ONLY,demo-nbfc-ev-001,AssureRail Synthetic EV Finance NBFC,SYN-EV-2W-2025,SYN-A-LN-0020,SYN-A-BR-0020,Synthetic Borrower A0020,Electric two-wheeler,Tamil Nadu,2025-03-15,2026-09-15,204034.39,112628.48,14.0,36,18,6973.41,0,0
SYNTHETIC_ONLY,demo-nbfc-ev-001,AssureRail Synthetic EV Finance NBFC,SYN-EV-2W-2025,SYN-A-LN-0021,SYN-A-BR-0021,Synthetic Borrower A0021,Electric two-wheeler,Maharashtra,2025-04-15,2026-09-15,222345.17,158223.6,15.0,48,17,6188.03,0,0
SYNTHETIC_ONLY,demo-nbfc-ev-001,AssureRail Synthetic EV Finance NBFC,SYN-EV-2W-2025,SYN-A-LN-0022,SYN-A-BR-0022,Synthetic Borrower A0022,Electric two-wheeler,Karnataka,2025-05-15,2026-09-15,240655.95,147674.43,16.0,36,16,8460.75,0,0
SYNTHETIC_ONLY,demo-nbfc-ev-001,AssureRail Synthetic EV Finance NBFC,SYN-EV-2W-2025,SYN-A-LN-0023,SYN-A-BR-0023,Synthetic Borrower A0023,Electric two-wheeler,Tamil Nadu,2025-06-15,2026-09-15,258966.73,195888.99,17.0,48,15,7472.5,0,0
SYNTHETIC_ONLY,demo-nbfc-ev-001,AssureRail Synthetic EV Finance NBFC,SYN-EV-2W-2025,SYN-A-LN-0024,SYN-A-BR-0024,Synthetic Borrower A0024,Electric two-wheeler,Maharashtra,2025-07-15,2026-09-15,277277.52,200789.72,18.0,36,12,10024.25,66,2
SYNTHETIC_ONLY,demo-nbfc-ev-001,AssureRail Synthetic EV Finance NBFC,SYN-EV-2W-2025,SYN-A-LN-0025,SYN-A-BR-0025,Synthetic Borrower A0025,Electric two-wheeler,Karnataka,2025-08-15,2026-09-15,295588.29,231015.34,14.0,48,13,8077.39,0,0
SYNTHETIC_ONLY,demo-nbfc-ev-001,AssureRail Synthetic EV Finance NBFC,SYN-EV-2W-2025,SYN-A-LN-0026,SYN-A-BR-0026,Synthetic Borrower A0026,Electric two-wheeler,Tamil Nadu,2025-09-15,2026-09-15,313899.07,224420.84,15.0,36,12,10881.41,0,0
SYNTHETIC_ONLY,demo-nbfc-ev-001,AssureRail Synthetic EV Finance NBFC,SYN-EV-2W-2025,SYN-A-LN-0027,SYN-A-BR-0027,Synthetic Borrower A0027,Electric two-wheeler,Maharashtra,2025-01-15,2026-09-15,167412.83,110261.79,16.0,48,20,4744.53,0,0
SYNTHETIC_ONLY,demo-nbfc-ev-001,AssureRail Synthetic EV Finance NBFC,SYN-EV-2W-2025,SYN-A-LN-0028,SYN-A-BR-0028,Synthetic Borrower A0028,Electric two-wheeler,Karnataka,2025-02-15,2026-09-15,185723.62,99415.85,17.0,36,19,6621.55,0,0
SYNTHETIC_ONLY,demo-nbfc-ev-001,AssureRail Synthetic EV Finance NBFC,SYN-EV-2W-2025,SYN-A-LN-0029,SYN-A-BR-0029,Synthetic Borrower A0029,Electric two-wheeler,Tamil Nadu,2025-03-15,2026-09-15,204034.39,143939.17,18.0,48,18,5993.51,0,0
SYNTHETIC_ONLY,demo-nbfc-ev-001,AssureRail Synthetic EV Finance NBFC,SYN-EV-2W-2025,SYN-A-LN-0030,SYN-A-BR-0030,Synthetic Borrower A0030,Electric two-wheeler,Maharashtra,2025-04-15,2026-09-15,222345.17,146702.33,14.0,36,14,7599.23,93,3
SYNTHETIC_ONLY,demo-nbfc-ev-001,AssureRail Synthetic EV Finance NBFC,SYN-EV-2W-2025,SYN-A-LN-0031,SYN-A-BR-0031,Synthetic Borrower A0031,Electric two-wheeler,Karnataka,2025-05-15,2026-09-15,240655.96,175754.49,15.0,48,16,6697.64,0,0
SYNTHETIC_ONLY,demo-nbfc-ev-001,AssureRail Synthetic EV Finance NBFC,SYN-EV-2W-2025,SYN-A-LN-0032,SYN-A-BR-0032,Synthetic Borrower A0032,Electric two-wheeler,Tamil Nadu,2025-06-15,2026-09-15,258966.72,165804.3,16.0,36,15,9104.5,0,0
SYNTHETIC_ONLY,demo-nbfc-ev-001,AssureRail Synthetic EV Finance NBFC,SYN-EV-2W-2025,SYN-A-LN-0033,SYN-A-BR-0033,Synthetic Borrower A0033,Electric two-wheeler,Maharashtra,2025-07-15,2026-09-15,277277.51,214699.01,17.0,48,14,8000.85,0,0
SYNTHETIC_ONLY,demo-nbfc-ev-001,AssureRail Synthetic EV Finance NBFC,SYN-EV-2W-2025,SYN-A-LN-0034,SYN-A-BR-0034,Synthetic Borrower A0034,Electric two-wheeler,Karnataka,2025-08-15,2026-09-15,295588.3,206573.94,18.0,36,13,10686.23,0,0
SYNTHETIC_ONLY,demo-nbfc-ev-001,AssureRail Synthetic EV Finance NBFC,SYN-EV-2W-2025,SYN-A-LN-0035,SYN-A-BR-0035,Synthetic Borrower A0035,Electric two-wheeler,Tamil Nadu,2025-09-15,2026-09-15,313899.07,250975.73,14.0,48,12,8577.76,0,0
SYNTHETIC_ONLY,demo-nbfc-ev-001,AssureRail Synthetic EV Finance NBFC,SYN-EV-2W-2025,SYN-A-LN-0036,SYN-A-BR-0036,Synthetic Borrower A0036,Electric two-wheeler,Maharashtra,2025-01-15,2026-09-15,167412.84,88385.63,15.0,36,19,5803.42,30,1
SYNTHETIC_ONLY,demo-nbfc-ev-001,AssureRail Synthetic EV Finance NBFC,SYN-EV-2W-2025,SYN-A-LN-0037,SYN-A-BR-0037,Synthetic Borrower A0037,Electric two-wheeler,Karnataka,2025-02-15,2026-09-15,185723.61,125906.38,16.0,48,19,5263.46,0,0
SYNTHETIC_ONLY,demo-nbfc-ev-001,AssureRail Synthetic EV Finance NBFC,SYN-EV-2W-2025,SYN-A-LN-0038,SYN-A-BR-0038,Synthetic Borrower A0038,Electric two-wheeler,Tamil Nadu,2025-03-15,2026-09-15,204034.38,114864.54,17.0,36,18,7274.38,0,0
SYNTHETIC_ONLY,demo-nbfc-ev-001,AssureRail Synthetic EV Finance NBFC,SYN-EV-2W-2025,SYN-A-LN-0039,SYN-A-BR-0039,Synthetic Borrower A0039,Electric two-wheeler,Maharashtra,2025-04-15,2026-09-15,222345.18,160973.58,18.0,48,17,6531.39,0,0
SYNTHETIC_ONLY,demo-nbfc-ev-001,AssureRail Synthetic EV Finance NBFC,SYN-EV-2W-2025,SYN-A-LN-0040,SYN-A-BR-0040,Synthetic Borrower A0040,Electric two-wheeler,Karnataka,2025-05-15,2026-09-15,240655.95,145964.21,14.0,36,16,8225.05,0,0
SYNTHETIC_ONLY,demo-nbfc-ev-001,AssureRail Synthetic EV Finance NBFC,SYN-EV-2W-2025,SYN-A-LN-0041,SYN-A-BR-0041,Synthetic Borrower A0041,Electric two-wheeler,Tamil Nadu,2025-06-15,2026-09-15,258966.73,193910.46,15.0,48,15,7207.24,0,0
SYNTHETIC_ONLY,demo-nbfc-ev-001,AssureRail Synthetic EV Finance NBFC,SYN-EV-2W-2025,SYN-A-LN-0042,SYN-A-BR-0042,Synthetic Borrower A0042,Electric two-wheeler,Maharashtra,2025-07-15,2026-09-15,277277.51,199093.86,16.0,36,12,9748.25,66,2
SYNTHETIC_ONLY,demo-nbfc-ev-001,AssureRail Synthetic EV Finance NBFC,SYN-EV-2W-2025,SYN-A-LN-0043,SYN-A-BR-0043,Synthetic Borrower A0043,Electric two-wheeler,Karnataka,2025-08-15,2026-09-15,295588.29,234090.18,17.0,48,13,8529.21,0,0
SYNTHETIC_ONLY,demo-nbfc-ev-001,AssureRail Synthetic EV Finance NBFC,SYN-EV-2W-2025,SYN-A-LN-0044,SYN-A-BR-0044,Synthetic Borrower A0044,Electric two-wheeler,Tamil Nadu,2025-09-15,2026-09-15,313899.07,227309.11,18.0,36,12,11348.2,0,0
SYNTHETIC_ONLY,demo-nbfc-ev-001,AssureRail Synthetic EV Finance NBFC,SYN-EV-2W-2025,SYN-A-LN-0045,SYN-A-BR-0045,Synthetic Borrower A0045,Electric two-wheeler,Maharashtra,2025-01-15,2026-09-15,167412.85,108740.71,14.0,48,20,4574.8,0,0
SYNTHETIC_ONLY,demo-nbfc-ev-001,AssureRail Synthetic EV Finance NBFC,SYN-EV-2W-2025,SYN-A-LN-0046,SYN-A-BR-0046,Synthetic Borrower A0046,Electric two-wheeler,Karnataka,2025-02-15,2026-09-15,185723.62,98052.81,15.0,36,19,6438.17,0,0
SYNTHETIC_ONLY,demo-nbfc-ev-001,AssureRail Synthetic EV Finance NBFC,SYN-EV-2W-2025,SYN-A-LN-0047,SYN-A-BR-0047,Synthetic Borrower A0047,Electric two-wheeler,Tamil Nadu,2025-03-15,2026-09-15,204034.39,142206.0,16.0,48,18,5782.39,0,0
SYNTHETIC_ONLY,demo-nbfc-ev-001,AssureRail Synthetic EV Finance NBFC,SYN-EV-2W-2025,SYN-A-LN-0048,SYN-A-BR-0048,Synthetic Borrower A0048,Electric two-wheeler,Maharashtra,2025-04-15,2026-09-15,222345.16,148940.91,17.0,36,14,7927.21,93,3
SYNTHETIC_ONLY,demo-nbfc-ev-001,AssureRail Synthetic EV Finance NBFC,SYN-EV-2W-2025,SYN-A-LN-0049,SYN-A-BR-0049,Synthetic Borrower A0049,Electric two-wheeler,Karnataka,2025-05-15,2026-09-15,240655.95,178620.19,18.0,48,16,7069.27,0,0
SYNTHETIC_ONLY,demo-nbfc-ev-001,AssureRail Synthetic EV Finance NBFC,SYN-EV-2W-2025,SYN-A-LN-0050,SYN-A-BR-0050,Synthetic Borrower A0050,Electric two-wheeler,Tamil Nadu,2025-06-15,2026-09-15,258966.73,164007.63,14.0,36,15,8850.87,0,0
SYNTHETIC_ONLY,demo-nbfc-ev-001,AssureRail Synthetic EV Finance NBFC,SYN-EV-2W-2025,SYN-A-LN-0051,SYN-A-BR-0051,Synthetic Borrower A0051,Electric two-wheeler,Maharashtra,2025-07-15,2026-09-15,277277.51,212679.65,15.0,48,14,7716.84,0,0
SYNTHETIC_ONLY,demo-nbfc-ev-001,AssureRail Synthetic EV Finance NBFC,SYN-EV-2W-2025,SYN-A-LN-0052,SYN-A-BR-0052,Synthetic Borrower A0052,Electric two-wheeler,Karnataka,2025-08-15,2026-09-15,295588.29,204679.45,16.0,36,13,10392.01,0,0
SYNTHETIC_ONLY,demo-nbfc-ev-001,AssureRail Synthetic EV Finance NBFC,SYN-EV-2W-2025,SYN-A-LN-0053,SYN-A-BR-0053,Synthetic Borrower A0053,Electric two-wheeler,Tamil Nadu,2025-09-15,2026-09-15,313899.06,254049.87,17.0,48,12,9057.57,0,0
SYNTHETIC_ONLY,demo-nbfc-ev-001,AssureRail Synthetic EV Finance NBFC,SYN-EV-2W-2025,SYN-A-LN-0054,SYN-A-BR-0054,Synthetic Borrower A0054,Electric two-wheeler,Maharashtra,2025-01-15,2026-09-15,167412.85,90226.69,18.0,36,19,6052.38,30,1
SYNTHETIC_ONLY,demo-nbfc-ev-001,AssureRail Synthetic EV Finance NBFC,SYN-EV-2W-2025,SYN-A-LN-0055,SYN-A-BR-0055,Synthetic Borrower A0055,Electric two-wheeler,Karnataka,2025-02-15,2026-09-15,185723.61,124259.69,14.0,48,19,5075.17,0,0
SYNTHETIC_ONLY,demo-nbfc-ev-001,AssureRail Synthetic EV Finance NBFC,SYN-EV-2W-2025,SYN-A-LN-0056,SYN-A-BR-0056,Synthetic Borrower A0056,Electric two-wheeler,Tamil Nadu,2025-03-15,2026-09-15,204034.4,113375.71,15.0,36,18,7072.92,0,0
SYNTHETIC_ONLY,demo-nbfc-ev-001,AssureRail Synthetic EV Finance NBFC,SYN-EV-2W-2025,SYN-A-LN-0057,SYN-A-BR-0057,Synthetic Borrower A0057,Electric two-wheeler,Maharashtra,2025-04-15,2026-09-15,222345.18,159147.44,16.0,48,17,6301.32,0,0
SYNTHETIC_ONLY,demo-nbfc-ev-001,AssureRail Synthetic EV Finance NBFC,SYN-EV-2W-2025,SYN-A-LN-0058,SYN-A-BR-0058,Synthetic Borrower A0058,Electric two-wheeler,Karnataka,2025-05-15,2026-09-15,240655.95,148524.88,17.0,36,16,8580.04,0,0
SYNTHETIC_ONLY,demo-nbfc-ev-001,AssureRail Synthetic EV Finance NBFC,SYN-EV-2W-2025,SYN-A-LN-0059,SYN-A-BR-0059,Synthetic Borrower A0059,Electric two-wheeler,Tamil Nadu,2025-06-15,2026-09-15,258966.74,196865.03,18.0,48,15,7607.15,0,0
SYNTHETIC_ONLY,demo-nbfc-ev-001,AssureRail Synthetic EV Finance NBFC,SYN-EV-2W-2025,SYN-A-LN-0060,SYN-A-BR-0060,Synthetic Borrower A0060,Electric two-wheeler,Maharashtra,2025-07-15,2026-09-15,277277.52,197378.03,14.0,36,12,9476.69,66,2
SYNTHETIC_ONLY,demo-nbfc-ev-001,AssureRail Synthetic EV Finance NBFC,SYN-EV-2W-2025,SYN-A-LN-0061,SYN-A-BR-0061,Synthetic Borrower A0061,Electric two-wheeler,Karnataka,2025-08-15,2026-09-15,295588.3,232050.35,15.0,48,13,8226.44,0,0
SYNTHETIC_ONLY,demo-nbfc-ev-001,AssureRail Synthetic EV Finance NBFC,SYN-EV-2W-2025,SYN-A-LN-0062,SYN-A-BR-0062,Synthetic Borrower A0062,Electric two-wheeler,Tamil Nadu,2025-09-15,2026-09-15,313899.08,225389.28,16.0,36,12,11035.76,0,0
SYNTHETIC_ONLY,demo-nbfc-ev-001,AssureRail Synthetic EV Finance NBFC,SYN-EV-2W-2025,SYN-A-LN-0063,SYN-A-BR-0063,Synthetic Borrower A0063,Electric two-wheeler,Maharashtra,2025-01-15,2026-09-15,167412.84,111015.45,17.0,48,20,4830.7,0,0
SYNTHETIC_ONLY,demo-nbfc-ev-001,AssureRail Synthetic EV Finance NBFC,SYN-EV-2W-2025,SYN-A-LN-0064,SYN-A-BR-0064,Synthetic Borrower A0064,Electric two-wheeler,Karnataka,2025-02-15,2026-09-15,185723.62,100095.23,18.0,36,19,6714.35,0,0
SYNTHETIC_ONLY,demo-nbfc-ev-001,AssureRail Synthetic EV Finance NBFC,SYN-EV-2W-2025,SYN-A-LN-0065,SYN-A-BR-0065,Synthetic Borrower A0065,Electric two-wheeler,Tamil Nadu,2025-03-15,2026-09-15,204034.39,140447.63,14.0,48,18,5575.54,0,0
SYNTHETIC_ONLY,demo-nbfc-ev-001,AssureRail Synthetic EV Finance NBFC,SYN-EV-2W-2025,SYN-A-LN-0066,SYN-A-BR-0066,Synthetic Borrower A0066,Electric two-wheeler,Maharashtra,2025-04-15,2026-09-15,222345.18,147452.04,15.0,36,14,7707.67,93,3
SYNTHETIC_ONLY,demo-nbfc-ev-001,AssureRail Synthetic EV Finance NBFC,SYN-EV-2W-2025,SYN-A-LN-0067,SYN-A-BR-0067,Synthetic Borrower A0067,Electric two-wheeler,Karnataka,2025-05-15,2026-09-15,240655.96,176717.72,16.0,48,16,6820.26,0,0
SYNTHETIC_ONLY,demo-nbfc-ev-001,AssureRail Synthetic EV Finance NBFC,SYN-EV-2W-2025,SYN-A-LN-0068,SYN-A-BR-0068,Synthetic Borrower A0068,Electric two-wheeler,Tamil Nadu,2025-06-15,2026-09-15,258966.72,166697.01,17.0,36,15,9232.87,0,0
SYNTHETIC_ONLY,demo-nbfc-ev-001,AssureRail Synthetic EV Finance NBFC,SYN-EV-2W-2025,SYN-A-LN-0069,SYN-A-BR-0069,Synthetic Borrower A0069,Electric two-wheeler,Maharashtra,2025-07-15,2026-09-15,277277.51,215694.39,18.0,48,14,8145.03,0,0
SYNTHETIC_ONLY,demo-nbfc-ev-001,AssureRail Synthetic EV Finance NBFC,SYN-EV-2W-2025,SYN-A-LN-0070,SYN-A-BR-0070,Synthetic Borrower A0070,Electric two-wheeler,Karnataka,2025-08-15,2026-09-15,295588.29,202764.73,14.0,36,13,10102.51,0,0
SYNTHETIC_ONLY,demo-nbfc-ev-001,AssureRail Synthetic EV Finance NBFC,SYN-EV-2W-2025,SYN-A-LN-0071,SYN-A-BR-0071,Synthetic Borrower A0071,Electric two-wheeler,Tamil Nadu,2025-09-15,2026-09-15,313899.08,252011.06,15.0,48,12,8736.05,0,0
SYNTHETIC_ONLY,demo-nbfc-ev-001,AssureRail Synthetic EV Finance NBFC,SYN-EV-2W-2025,SYN-A-LN-0072,SYN-A-BR-0072,Synthetic Borrower A0072,Electric two-wheeler,Maharashtra,2025-01-15,2026-09-15,167412.84,89000.58,16.0,36,19,5885.74,30,1
SYNTHETIC_ONLY,demo-nbfc-ev-001,AssureRail Synthetic EV Finance NBFC,SYN-EV-2W-2025,SYN-A-LN-0073,SYN-A-BR-0073,Synthetic Borrower A0073,Electric two-wheeler,Karnataka,2025-02-15,2026-09-15,185723.62,126721.6,17.0,48,19,5359.06,0,0
SYNTHETIC_ONLY,demo-nbfc-ev-001,AssureRail Synthetic EV Finance NBFC,SYN-EV-2W-2025,SYN-A-LN-0074,SYN-A-BR-0074,Synthetic Borrower A0074,Electric two-wheeler,Tamil Nadu,2025-03-15,2026-09-15,204034.4,115606.02,18.0,36,18,7376.33,0,0
SYNTHETIC_ONLY,demo-nbfc-ev-001,AssureRail Synthetic EV Finance NBFC,SYN-EV-2W-2025,SYN-A-LN-0075,SYN-A-BR-0075,Synthetic Borrower A0075,Electric two-wheeler,Maharashtra,2025-04-15,2026-09-15,222345.18,157292.74,14.0,48,17,6075.91,0,0
SYNTHETIC_ONLY,demo-nbfc-ev-001,AssureRail Synthetic EV Finance NBFC,SYN-EV-2W-2025,SYN-A-LN-0076,SYN-A-BR-0076,Synthetic Borrower A0076,Electric two-wheeler,Karnataka,2025-05-15,2026-09-15,240655.96,146820.85,15.0,36,16,8342.42,0,0
SYNTHETIC_ONLY,demo-nbfc-ev-001,AssureRail Synthetic EV Finance NBFC,SYN-EV-2W-2025,SYN-A-LN-0077,SYN-A-BR-0077,Synthetic Borrower A0077,Electric two-wheeler,Tamil Nadu,2025-06-15,2026-09-15,258966.73,194904.1,16.0,48,15,7339.19,0,0
SYNTHETIC_ONLY,demo-nbfc-ev-001,AssureRail Synthetic EV Finance NBFC,SYN-EV-2W-2025,SYN-A-LN-0078,SYN-A-BR-0078,Synthetic Borrower A0078,Electric two-wheeler,Maharashtra,2025-07-15,2026-09-15,277277.51,199944.31,17.0,36,12,9885.7,66,2
SYNTHETIC_ONLY,demo-nbfc-ev-001,AssureRail Synthetic EV Finance NBFC,SYN-EV-2W-2025,SYN-A-LN-0079,SYN-A-BR-0079,Synthetic Borrower A0079,Electric two-wheeler,Karnataka,2025-08-15,2026-09-15,295588.3,235094.85,18.0,48,13,8682.91,0,0
SYNTHETIC_ONLY,demo-nbfc-ev-001,AssureRail Synthetic EV Finance NBFC,SYN-EV-2W-2025,SYN-A-LN-0080,SYN-A-BR-0080,Synthetic Borrower A0080,Electric two-wheeler,Tamil Nadu,2025-09-15,2026-09-15,313899.08,223446.83,14.0,36,12,10728.33,0,0
SYNTHETIC_ONLY,demo-nbfc-ev-001,AssureRail Synthetic EV Finance NBFC,SYN-EV-2W-2025,SYN-A-LN-0081,SYN-A-BR-0081,Synthetic Borrower A0081,Electric two-wheeler,Maharashtra,2025-01-15,2026-09-15,167412.83,109503.5,15.0,48,20,4659.22,0,0
SYNTHETIC_ONLY,demo-nbfc-ev-001,AssureRail Synthetic EV Finance NBFC,SYN-EV-2W-2025,SYN-A-LN-0082,SYN-A-BR-0082,Synthetic Borrower A0082,Electric two-wheeler,Karnataka,2025-02-15,2026-09-15,185723.62,98735.02,16.0,36,19,6529.49,0,0
SYNTHETIC_ONLY,demo-nbfc-ev-001,AssureRail Synthetic EV Finance NBFC,SYN-EV-2W-2025,SYN-A-LN-0083,SYN-A-BR-0083,Synthetic Borrower A0083,Electric two-wheeler,Tamil Nadu,2025-03-15,2026-09-15,204034.39,143075.79,17.0,48,18,5887.42,0,0
SYNTHETIC_ONLY,demo-nbfc-ev-001,AssureRail Synthetic EV Finance NBFC,SYN-EV-2W-2025,SYN-A-LN-0084,SYN-A-BR-0084,Synthetic Borrower A0084,Electric two-wheeler,Maharashtra,2025-04-15,2026-09-15,222345.17,149679.97,18.0,36,14,8038.31,93,3
SYNTHETIC_ONLY,demo-nbfc-ev-001,AssureRail Synthetic EV Finance NBFC,SYN-EV-2W-2025,SYN-A-LN-0085,SYN-A-BR-0085,Synthetic Borrower A0085,Electric two-wheeler,Karnataka,2025-05-15,2026-09-15,240655.96,174783.4,14.0,48,16,6576.28,0,0
SYNTHETIC_ONLY,demo-nbfc-ev-001,AssureRail Synthetic EV Finance NBFC,SYN-EV-2W-2025,SYN-A-LN-0086,SYN-A-BR-0086,Synthetic Borrower A0086,Electric two-wheeler,Tamil Nadu,2025-06-15,2026-09-15,258966.74,164907.82,15.0,36,15,8977.17,0,0
SYNTHETIC_ONLY,demo-nbfc-ev-001,AssureRail Synthetic EV Finance NBFC,SYN-EV-2W-2025,SYN-A-LN-0087,SYN-A-BR-0087,Synthetic Borrower A0087,Electric two-wheeler,Maharashtra,2025-07-15,2026-09-15,277277.52,213694.07,16.0,48,14,7858.12,0,0
SYNTHETIC_ONLY,demo-nbfc-ev-001,AssureRail Synthetic EV Finance NBFC,SYN-EV-2W-2025,SYN-A-LN-0088,SYN-A-BR-0088,Synthetic Borrower A0088,Electric two-wheeler,Karnataka,2025-08-15,2026-09-15,295588.3,205629.26,17.0,36,13,10538.53,0,0
SYNTHETIC_ONLY,demo-nbfc-ev-001,AssureRail Synthetic EV Finance NBFC,SYN-EV-2W-2025,SYN-A-LN-0089,SYN-A-BR-0089,Synthetic Borrower A0089,Electric two-wheeler,Tamil Nadu,2025-09-15,2026-09-15,313899.08,255053.23,18.0,48,12,9220.79,0,0
SYNTHETIC_ONLY,demo-nbfc-ev-001,AssureRail Synthetic EV Finance NBFC,SYN-EV-2W-2025,SYN-A-LN-0090,SYN-A-BR-0090,Synthetic Borrower A0090,Electric two-wheeler,Maharashtra,2025-01-15,2026-09-15,167412.85,87769.5,14.0,36,19,5721.77,30,1
SYNTHETIC_ONLY,demo-nbfc-ev-001,AssureRail Synthetic EV Finance NBFC,SYN-EV-2W-2025,SYN-A-LN-0091,SYN-A-BR-0091,Synthetic Borrower A0091,Electric two-wheeler,Karnataka,2025-02-15,2026-09-15,185723.62,125085.71,15.0,48,19,5168.83,0,0
SYNTHETIC_ONLY,demo-nbfc-ev-001,AssureRail Synthetic EV Finance NBFC,SYN-EV-2W-2025,SYN-A-LN-0092,SYN-A-BR-0092,Synthetic Borrower A0092,Electric two-wheeler,Tamil Nadu,2025-03-15,2026-09-15,204034.38,114121.08,16.0,36,18,7173.24,0,0
SYNTHETIC_ONLY,demo-nbfc-ev-001,AssureRail Synthetic EV Finance NBFC,SYN-EV-2W-2025,SYN-A-LN-0093,SYN-A-BR-0093,Synthetic Borrower A0093,Electric two-wheeler,Maharashtra,2025-04-15,2026-09-15,222345.18,160064.14,17.0,48,17,6415.78,0,0
SYNTHETIC_ONLY,demo-nbfc-ev-001,AssureRail Synthetic EV Finance NBFC,SYN-EV-2W-2025,SYN-A-LN-0094,SYN-A-BR-0094,Synthetic Borrower A0094,Electric two-wheeler,Karnataka,2025-05-15,2026-09-15,240655.96,149372.13,18.0,36,16,8700.29,0,0
SYNTHETIC_ONLY,demo-nbfc-ev-001,AssureRail Synthetic EV Finance NBFC,SYN-EV-2W-2025,SYN-A-LN-0095,SYN-A-BR-0095,Synthetic Borrower A0095,Electric two-wheeler,Tamil Nadu,2025-06-15,2026-09-15,258966.74,192908.19,14.0,48,15,7076.65,0,0
SYNTHETIC_ONLY,demo-nbfc-ev-001,AssureRail Synthetic EV Finance NBFC,SYN-EV-2W-2025,SYN-A-LN-0096,SYN-A-BR-0096,Synthetic Borrower A0096,Electric two-wheeler,Maharashtra,2025-07-15,2026-09-15,277277.51,198238.41,15.0,36,12,9611.92,66,2
SYNTHETIC_ONLY,demo-nbfc-ev-001,AssureRail Synthetic EV Finance NBFC,SYN-EV-2W-2025,SYN-A-LN-0097,SYN-A-BR-0097,Synthetic Borrower A0097,Electric two-wheeler,Karnataka,2025-08-15,2026-09-15,295588.29,233075.32,16.0,48,13,8377.06,0,0
SYNTHETIC_ONLY,demo-nbfc-ev-001,AssureRail Synthetic EV Finance NBFC,SYN-EV-2W-2025,SYN-A-LN-0098,SYN-A-BR-0098,Synthetic Borrower A0098,Electric two-wheeler,Tamil Nadu,2025-09-15,2026-09-15,313899.08,226352.06,17.0,36,12,11191.36,0,0
SYNTHETIC_ONLY,demo-nbfc-ev-001,AssureRail Synthetic EV Finance NBFC,SYN-EV-2W-2025,SYN-A-LN-0099,SYN-A-BR-0099,Synthetic Borrower A0099,Electric two-wheeler,Maharashtra,2025-01-15,2026-09-15,167412.84,111764.36,18.0,48,20,4917.75,0,0
SYNTHETIC_ONLY,demo-nbfc-ev-001,AssureRail Synthetic EV Finance NBFC,SYN-EV-2W-2025,SYN-A-LN-0100,SYN-A-BR-0100,Synthetic Borrower A0100,Electric two-wheeler,Karnataka,2025-02-15,2026-09-15,185723.62,97369.28,14.0,36,19,6347.59,0,0
SYNTHETIC_ONLY,demo-nbfc-ev-001,AssureRail Synthetic EV Finance NBFC,SYN-EV-2W-2025,SYN-A-LN-0101,SYN-A-BR-0101,Synthetic Borrower A0101,Electric two-wheeler,Tamil Nadu,2025-03-15,2026-09-15,204034.4,141329.91,15.0,48,18,5678.43,0,0
SYNTHETIC_ONLY,demo-nbfc-ev-001,AssureRail Synthetic EV Finance NBFC,SYN-EV-2W-2025,SYN-A-LN-0102,SYN-A-BR-0102,Synthetic Borrower A0102,Electric two-wheeler,Maharashtra,2025-04-15,2026-09-15,222345.17,148198.25,16.0,36,14,7817.0,93,3
SYNTHETIC_ONLY,demo-nbfc-ev-001,AssureRail Synthetic EV Finance NBFC,SYN-EV-2W-2025,SYN-A-LN-0103,SYN-A-BR-0103,Synthetic Borrower A0103,Electric two-wheeler,Karnataka,2025-05-15,2026-09-15,240655.95,177672.99,17.0,48,16,6944.14,0,0
SYNTHETIC_ONLY,demo-nbfc-ev-001,AssureRail Synthetic EV Finance NBFC,SYN-EV-2W-2025,SYN-A-LN-0104,SYN-A-BR-0104,Synthetic Borrower A0104,Electric two-wheeler,Tamil Nadu,2025-06-15,2026-09-15,258966.73,167585.87,18.0,36,15,9362.27,0,0
SYNTHETIC_ONLY,demo-nbfc-ev-001,AssureRail Synthetic EV Finance NBFC,SYN-EV-2W-2025,SYN-A-LN-0105,SYN-A-BR-0105,Synthetic Borrower A0105,Electric two-wheeler,Maharashtra,2025-07-15,2026-09-15,277277.51,211655.86,14.0,48,14,7577.02,0,0
SYNTHETIC_ONLY,demo-nbfc-ev-001,AssureRail Synthetic EV Finance NBFC,SYN-EV-2W-2025,SYN-A-LN-0106,SYN-A-BR-0106,Synthetic Borrower A0106,Electric two-wheeler,Karnataka,2025-08-15,2026-09-15,295588.29,203724.58,15.0,36,13,10246.67,0,0
SYNTHETIC_ONLY,demo-nbfc-ev-001,AssureRail Synthetic EV Finance NBFC,SYN-EV-2W-2025,SYN-A-LN-0107,SYN-A-BR-0107,Synthetic Borrower A0107,Electric two-wheeler,Tamil Nadu,2025-09-15,2026-09-15,313899.08,253035.8,16.0,48,12,8895.99,0,0
SYNTHETIC_ONLY,demo-nbfc-ev-001,AssureRail Synthetic EV Finance NBFC,SYN-EV-2W-2025,SYN-A-LN-0108,SYN-A-BR-0108,Synthetic Borrower A0108,Electric two-wheeler,Maharashtra,2025-01-15,2026-09-15,167412.84,89614.29,17.0,36,19,5968.72,30,1
SYNTHETIC_ONLY,demo-nbfc-ev-001,AssureRail Synthetic EV Finance NBFC,SYN-EV-2W-2025,SYN-A-LN-0109,SYN-A-BR-0109,Synthetic Borrower A0109,Electric two-wheeler,Karnataka,2025-02-15,2026-09-15,185723.62,127531.25,18.0,48,19,5455.63,0,0
SYNTHETIC_ONLY,demo-nbfc-ev-001,AssureRail Synthetic EV Finance NBFC,SYN-EV-2W-2025,SYN-A-LN-0110,SYN-A-BR-0110,Synthetic Borrower A0110,Electric two-wheeler,Tamil Nadu,2025-03-15,2026-09-15,204034.39,112628.48,14.0,36,18,6973.41,0,0
SYNTHETIC_ONLY,demo-nbfc-ev-001,AssureRail Synthetic EV Finance NBFC,SYN-EV-2W-2025,SYN-A-LN-0111,SYN-A-BR-0111,Synthetic Borrower A0111,Electric two-wheeler,Maharashtra,2025-04-15,2026-09-15,222345.17,158223.6,15.0,48,17,6188.03,0,0
SYNTHETIC_ONLY,demo-nbfc-ev-001,AssureRail Synthetic EV Finance NBFC,SYN-EV-2W-2025,SYN-A-LN-0112,SYN-A-BR-0112,Synthetic Borrower A0112,Electric two-wheeler,Karnataka,2025-05-15,2026-09-15,240655.95,147674.43,16.0,36,16,8460.75,0,0
SYNTHETIC_ONLY,demo-nbfc-ev-001,AssureRail Synthetic EV Finance NBFC,SYN-EV-2W-2025,SYN-A-LN-0113,SYN-A-BR-0113,Synthetic Borrower A0113,Electric two-wheeler,Tamil Nadu,2025-06-15,2026-09-15,258966.73,195888.99,17.0,48,15,7472.5,0,0
SYNTHETIC_ONLY,demo-nbfc-ev-001,AssureRail Synthetic EV Finance NBFC,SYN-EV-2W-2025,SYN-A-LN-0114,SYN-A-BR-0114,Synthetic Borrower A0114,Electric two-wheeler,Maharashtra,2025-07-15,2026-09-15,277277.52,200789.72,18.0,36,12,10024.25,66,2
SYNTHETIC_ONLY,demo-nbfc-ev-001,AssureRail Synthetic EV Finance NBFC,SYN-EV-2W-2025,SYN-A-LN-0115,SYN-A-BR-0115,Synthetic Borrower A0115,Electric two-wheeler,Karnataka,2025-08-15,2026-09-15,295588.29,231015.34,14.0,48,13,8077.39,0,0
SYNTHETIC_ONLY,demo-nbfc-ev-001,AssureRail Synthetic EV Finance NBFC,SYN-EV-2W-2025,SYN-A-LN-0116,SYN-A-BR-0116,Synthetic Borrower A0116,Electric two-wheeler,Tamil Nadu,2025-09-15,2026-09-15,313899.07,224420.84,15.0,36,12,10881.41,0,0
SYNTHETIC_ONLY,demo-nbfc-ev-001,AssureRail Synthetic EV Finance NBFC,SYN-EV-2W-2025,SYN-A-LN-0117,SYN-A-BR-0117,Synthetic Borrower A0117,Electric two-wheeler,Maharashtra,2025-01-15,2026-09-15,167412.83,110261.79,16.0,48,20,4744.53,0,0
SYNTHETIC_ONLY,demo-nbfc-ev-001,AssureRail Synthetic EV Finance NBFC,SYN-EV-2W-2025,SYN-A-LN-0118,SYN-A-BR-0118,Synthetic Borrower A0118,Electric two-wheeler,Karnataka,2025-02-15,2026-09-15,185723.62,99415.85,17.0,36,19,6621.55,0,0
SYNTHETIC_ONLY,demo-nbfc-ev-001,AssureRail Synthetic EV Finance NBFC,SYN-EV-2W-2025,SYN-A-LN-0119,SYN-A-BR-0119,Synthetic Borrower A0119,Electric two-wheeler,Tamil Nadu,2025-03-15,2026-09-15,204034.39,143939.17,18.0,48,18,5993.51,0,0
SYNTHETIC_ONLY,demo-nbfc-ev-001,AssureRail Synthetic EV Finance NBFC,SYN-EV-2W-2025,SYN-A-LN-0120,SYN-A-BR-0120,Synthetic Borrower A0120,Electric two-wheeler,Maharashtra,2025-04-15,2026-09-15,222345.17,146702.33,14.0,36,14,7599.23,93,3
SYNTHETIC_ONLY,demo-nbfc-ev-001,AssureRail Synthetic EV Finance NBFC,SYN-EV-2W-2025,SYN-A-LN-0121,SYN-A-BR-0121,Synthetic Borrower A0121,Electric two-wheeler,Karnataka,2025-05-15,2026-09-15,240655.96,175754.49,15.0,48,16,6697.64,0,0
SYNTHETIC_ONLY,demo-nbfc-ev-001,AssureRail Synthetic EV Finance NBFC,SYN-EV-2W-2025,SYN-A-LN-0122,SYN-A-BR-0122,Synthetic Borrower A0122,Electric two-wheeler,Tamil Nadu,2025-06-15,2026-09-15,258966.72,165804.3,16.0,36,15,9104.5,0,0
SYNTHETIC_ONLY,demo-nbfc-ev-001,AssureRail Synthetic EV Finance NBFC,SYN-EV-2W-2025,SYN-A-LN-0123,SYN-A-BR-0123,Synthetic Borrower A0123,Electric two-wheeler,Maharashtra,2025-07-15,2026-09-15,277277.51,214699.01,17.0,48,14,8000.85,0,0
SYNTHETIC_ONLY,demo-nbfc-ev-001,AssureRail Synthetic EV Finance NBFC,SYN-EV-2W-2025,SYN-A-LN-0124,SYN-A-BR-0124,Synthetic Borrower A0124,Electric two-wheeler,Karnataka,2025-08-15,2026-09-15,295588.3,206573.94,18.0,36,13,10686.23,0,0
SYNTHETIC_ONLY,demo-nbfc-ev-001,AssureRail Synthetic EV Finance NBFC,SYN-EV-2W-2025,SYN-A-LN-0125,SYN-A-BR-0125,Synthetic Borrower A0125,Electric two-wheeler,Tamil Nadu,2025-09-15,2026-09-15,313899.07,250975.73,14.0,48,12,8577.76,0,0
SYNTHETIC_ONLY,demo-nbfc-ev-001,AssureRail Synthetic EV Finance NBFC,SYN-EV-2W-2025,SYN-A-LN-0126,SYN-A-BR-0126,Synthetic Borrower A0126,Electric two-wheeler,Maharashtra,2025-01-15,2026-09-15,167412.84,88385.63,15.0,36,19,5803.42,30,1
SYNTHETIC_ONLY,demo-nbfc-ev-001,AssureRail Synthetic EV Finance NBFC,SYN-EV-2W-2025,SYN-A-LN-0127,SYN-A-BR-0127,Synthetic Borrower A0127,Electric two-wheeler,Karnataka,2025-02-15,2026-09-15,185723.61,125906.38,16.0,48,19,5263.46,0,0
SYNTHETIC_ONLY,demo-nbfc-ev-001,AssureRail Synthetic EV Finance NBFC,SYN-EV-2W-2025,SYN-A-LN-0128,SYN-A-BR-0128,Synthetic Borrower A0128,Electric two-wheeler,Tamil Nadu,2025-03-15,2026-09-15,204034.38,114864.54,17.0,36,18,7274.38,0,0
SYNTHETIC_ONLY,demo-nbfc-ev-001,AssureRail Synthetic EV Finance NBFC,SYN-EV-2W-2025,SYN-A-LN-0129,SYN-A-BR-0129,Synthetic Borrower A0129,Electric two-wheeler,Maharashtra,2025-04-15,2026-09-15,222345.18,160973.58,18.0,48,17,6531.39,0,0
SYNTHETIC_ONLY,demo-nbfc-ev-001,AssureRail Synthetic EV Finance NBFC,SYN-EV-2W-2025,SYN-A-LN-0130,SYN-A-BR-0130,Synthetic Borrower A0130,Electric two-wheeler,Karnataka,2025-05-15,2026-09-15,240655.95,145964.21,14.0,36,16,8225.05,0,0
SYNTHETIC_ONLY,demo-nbfc-ev-001,AssureRail Synthetic EV Finance NBFC,SYN-EV-2W-2025,SYN-A-LN-0131,SYN-A-BR-0131,Synthetic Borrower A0131,Electric two-wheeler,Tamil Nadu,2025-06-15,2026-09-15,258966.73,193910.46,15.0,48,15,7207.24,0,0
SYNTHETIC_ONLY,demo-nbfc-ev-001,AssureRail Synthetic EV Finance NBFC,SYN-EV-2W-2025,SYN-A-LN-0132,SYN-A-BR-0132,Synthetic Borrower A0132,Electric two-wheeler,Maharashtra,2025-07-15,2026-09-15,277277.51,199093.86,16.0,36,12,9748.25,66,2
SYNTHETIC_ONLY,demo-nbfc-ev-001,AssureRail Synthetic EV Finance NBFC,SYN-EV-2W-2025,SYN-A-LN-0133,SYN-A-BR-0133,Synthetic Borrower A0133,Electric two-wheeler,Karnataka,2025-08-15,2026-09-15,295588.29,234090.18,17.0,48,13,8529.21,0,0
SYNTHETIC_ONLY,demo-nbfc-ev-001,AssureRail Synthetic EV Finance NBFC,SYN-EV-2W-2025,SYN-A-LN-0134,SYN-A-BR-0134,Synthetic Borrower A0134,Electric two-wheeler,Tamil Nadu,2025-09-15,2026-09-15,313899.07,227309.11,18.0,36,12,11348.2,0,0
SYNTHETIC_ONLY,demo-nbfc-ev-001,AssureRail Synthetic EV Finance NBFC,SYN-EV-2W-2025,SYN-A-LN-0135,SYN-A-BR-0135,Synthetic Borrower A0135,Electric two-wheeler,Maharashtra,2025-01-15,2026-09-15,167412.85,108740.71,14.0,48,20,4574.8,0,0
SYNTHETIC_ONLY,demo-nbfc-ev-001,AssureRail Synthetic EV Finance NBFC,SYN-EV-2W-2025,SYN-A-LN-0136,SYN-A-BR-0136,Synthetic Borrower A0136,Electric two-wheeler,Karnataka,2025-02-15,2026-09-15,185723.62,98052.81,15.0,36,19,6438.17,0,0
SYNTHETIC_ONLY,demo-nbfc-ev-001,AssureRail Synthetic EV Finance NBFC,SYN-EV-2W-2025,SYN-A-LN-0137,SYN-A-BR-0137,Synthetic Borrower A0137,Electric two-wheeler,Tamil Nadu,2025-03-15,2026-09-15,204034.39,142206.0,16.0,48,18,5782.39,0,0
SYNTHETIC_ONLY,demo-nbfc-ev-001,AssureRail Synthetic EV Finance NBFC,SYN-EV-2W-2025,SYN-A-LN-0138,SYN-A-BR-0138,Synthetic Borrower A0138,Electric two-wheeler,Maharashtra,2025-04-15,2026-09-15,222345.16,148940.91,17.0,36,14,7927.21,93,3
SYNTHETIC_ONLY,demo-nbfc-ev-001,AssureRail Synthetic EV Finance NBFC,SYN-EV-2W-2025,SYN-A-LN-0139,SYN-A-BR-0139,Synthetic Borrower A0139,Electric two-wheeler,Karnataka,2025-05-15,2026-09-15,240655.95,178620.19,18.0,48,16,7069.27,0,0
SYNTHETIC_ONLY,demo-nbfc-ev-001,AssureRail Synthetic EV Finance NBFC,SYN-EV-2W-2025,SYN-A-LN-0140,SYN-A-BR-0140,Synthetic Borrower A0140,Electric two-wheeler,Tamil Nadu,2025-06-15,2026-09-15,258966.73,164007.63,14.0,36,15,8850.87,0,0
SYNTHETIC_ONLY,demo-nbfc-ev-001,AssureRail Synthetic EV Finance NBFC,SYN-EV-2W-2025,SYN-A-LN-0141,SYN-A-BR-0141,Synthetic Borrower A0141,Electric two-wheeler,Maharashtra,2025-07-15,2026-09-15,277277.51,212679.65,15.0,48,14,7716.84,0,0
SYNTHETIC_ONLY,demo-nbfc-ev-001,AssureRail Synthetic EV Finance NBFC,SYN-EV-2W-2025,SYN-A-LN-0142,SYN-A-BR-0142,Synthetic Borrower A0142,Electric two-wheeler,Karnataka,2025-08-15,2026-09-15,295588.29,204679.45,16.0,36,13,10392.01,0,0
SYNTHETIC_ONLY,demo-nbfc-ev-001,AssureRail Synthetic EV Finance NBFC,SYN-EV-2W-2025,SYN-A-LN-0143,SYN-A-BR-0143,Synthetic Borrower A0143,Electric two-wheeler,Tamil Nadu,2025-09-15,2026-09-15,313899.06,254049.87,17.0,48,12,9057.57,0,0
SYNTHETIC_ONLY,demo-nbfc-ev-001,AssureRail Synthetic EV Finance NBFC,SYN-EV-2W-2025,SYN-A-LN-0144,SYN-A-BR-0144,Synthetic Borrower A0144,Electric two-wheeler,Maharashtra,2025-01-15,2026-09-15,167412.85,90226.69,18.0,36,19,6052.38,30,1
SYNTHETIC_ONLY,demo-nbfc-ev-001,AssureRail Synthetic EV Finance NBFC,SYN-EV-2W-2025,SYN-A-LN-0145,SYN-A-BR-0145,Synthetic Borrower A0145,Electric two-wheeler,Karnataka,2025-02-15,2026-09-15,185723.61,124259.69,14.0,48,19,5075.17,0,0
SYNTHETIC_ONLY,demo-nbfc-ev-001,AssureRail Synthetic EV Finance NBFC,SYN-EV-2W-2025,SYN-A-LN-0146,SYN-A-BR-0146,Synthetic Borrower A0146,Electric two-wheeler,Tamil Nadu,2025-03-15,2026-09-15,204034.4,113375.71,15.0,36,18,7072.92,0,0
SYNTHETIC_ONLY,demo-nbfc-ev-001,AssureRail Synthetic EV Finance NBFC,SYN-EV-2W-2025,SYN-A-LN-0147,SYN-A-BR-0147,Synthetic Borrower A0147,Electric two-wheeler,Maharashtra,2025-04-15,2026-09-15,222345.18,159147.44,16.0,48,17,6301.32,0,0
SYNTHETIC_ONLY,demo-nbfc-ev-001,AssureRail Synthetic EV Finance NBFC,SYN-EV-2W-2025,SYN-A-LN-0148,SYN-A-BR-0148,Synthetic Borrower A0148,Electric two-wheeler,Karnataka,2025-05-15,2026-09-15,240655.95,148524.88,17.0,36,16,8580.04,0,0
SYNTHETIC_ONLY,demo-nbfc-ev-001,AssureRail Synthetic EV Finance NBFC,SYN-EV-2W-2025,SYN-A-LN-0149,SYN-A-BR-0149,Synthetic Borrower A0149,Electric two-wheeler,Tamil Nadu,2025-06-15,2026-09-15,258966.74,196865.03,18.0,48,15,7607.15,0,0
SYNTHETIC_ONLY,demo-nbfc-ev-001,AssureRail Synthetic EV Finance NBFC,SYN-EV-2W-2025,SYN-A-LN-0150,SYN-A-BR-0150,Synthetic Borrower A0150,Electric two-wheeler,Maharashtra,2025-07-15,2026-09-15,277277.52,197378.03,14.0,36,12,9476.69,66,2
SYNTHETIC_ONLY,demo-nbfc-ev-001,AssureRail Synthetic EV Finance NBFC,SYN-EV-2W-2025,SYN-A-LN-0151,SYN-A-BR-0151,Synthetic Borrower A0151,Electric two-wheeler,Karnataka,2025-08-15,2026-09-15,295588.3,232050.35,15.0,48,13,8226.44,0,0
SYNTHETIC_ONLY,demo-nbfc-ev-001,AssureRail Synthetic EV Finance NBFC,SYN-EV-2W-2025,SYN-A-LN-0152,SYN-A-BR-0152,Synthetic Borrower A0152,Electric two-wheeler,Tamil Nadu,2025-09-15,2026-09-15,313899.08,225389.28,16.0,36,12,11035.76,0,0
SYNTHETIC_ONLY,demo-nbfc-ev-001,AssureRail Synthetic EV Finance NBFC,SYN-EV-2W-2025,SYN-A-LN-0153,SYN-A-BR-0153,Synthetic Borrower A0153,Electric two-wheeler,Maharashtra,2025-01-15,2026-09-15,167412.84,111015.45,17.0,48,20,4830.7,0,0
SYNTHETIC_ONLY,demo-nbfc-ev-001,AssureRail Synthetic EV Finance NBFC,SYN-EV-2W-2025,SYN-A-LN-0154,SYN-A-BR-0154,Synthetic Borrower A0154,Electric two-wheeler,Karnataka,2025-02-15,2026-09-15,185723.62,100095.23,18.0,36,19,6714.35,0,0
SYNTHETIC_ONLY,demo-nbfc-ev-001,AssureRail Synthetic EV Finance NBFC,SYN-EV-2W-2025,SYN-A-LN-0155,SYN-A-BR-0155,Synthetic Borrower A0155,Electric two-wheeler,Tamil Nadu,2025-03-15,2026-09-15,204034.39,140447.63,14.0,48,18,5575.54,0,0
SYNTHETIC_ONLY,demo-nbfc-ev-001,AssureRail Synthetic EV Finance NBFC,SYN-EV-2W-2025,SYN-A-LN-0156,SYN-A-BR-0156,Synthetic Borrower A0156,Electric two-wheeler,Maharashtra,2025-04-15,2026-09-15,222345.18,147452.04,15.0,36,14,7707.67,93,3
SYNTHETIC_ONLY,demo-nbfc-ev-001,AssureRail Synthetic EV Finance NBFC,SYN-EV-2W-2025,SYN-A-LN-0157,SYN-A-BR-0157,Synthetic Borrower A0157,Electric two-wheeler,Karnataka,2025-05-15,2026-09-15,240655.96,176717.72,16.0,48,16,6820.26,0,0
SYNTHETIC_ONLY,demo-nbfc-ev-001,AssureRail Synthetic EV Finance NBFC,SYN-EV-2W-2025,SYN-A-LN-0158,SYN-A-BR-0158,Synthetic Borrower A0158,Electric two-wheeler,Tamil Nadu,2025-06-15,2026-09-15,258966.72,166697.01,17.0,36,15,9232.87,0,0
SYNTHETIC_ONLY,demo-nbfc-ev-001,AssureRail Synthetic EV Finance NBFC,SYN-EV-2W-2025,SYN-A-LN-0159,SYN-A-BR-0159,Synthetic Borrower A0159,Electric two-wheeler,Maharashtra,2025-07-15,2026-09-15,277277.51,215694.39,18.0,48,14,8145.03,0,0
SYNTHETIC_ONLY,demo-nbfc-ev-001,AssureRail Synthetic EV Finance NBFC,SYN-EV-2W-2025,SYN-A-LN-0160,SYN-A-BR-0160,Synthetic Borrower A0160,Electric two-wheeler,Karnataka,2025-08-15,2026-09-15,295588.29,202764.73,14.0,36,13,10102.51,0,0
SYNTHETIC_ONLY,demo-nbfc-ev-001,AssureRail Synthetic EV Finance NBFC,SYN-EV-2W-2025,SYN-A-LN-0161,SYN-A-BR-0161,Synthetic Borrower A0161,Electric two-wheeler,Tamil Nadu,2025-09-15,2026-09-15,313899.08,252011.06,15.0,48,12,8736.05,0,0
SYNTHETIC_ONLY,demo-nbfc-ev-001,AssureRail Synthetic EV Finance NBFC,SYN-EV-2W-2025,SYN-A-LN-0162,SYN-A-BR-0162,Synthetic Borrower A0162,Electric two-wheeler,Maharashtra,2025-01-15,2026-09-15,167412.84,89000.58,16.0,36,19,5885.74,30,1
SYNTHETIC_ONLY,demo-nbfc-ev-001,AssureRail Synthetic EV Finance NBFC,SYN-EV-2W-2025,SYN-A-LN-0163,SYN-A-BR-0163,Synthetic Borrower A0163,Electric two-wheeler,Karnataka,2025-02-15,2026-09-15,185723.62,126721.6,17.0,48,19,5359.06,0,0
SYNTHETIC_ONLY,demo-nbfc-ev-001,AssureRail Synthetic EV Finance NBFC,SYN-EV-2W-2025,SYN-A-LN-0164,SYN-A-BR-0164,Synthetic Borrower A0164,Electric two-wheeler,Tamil Nadu,2025-03-15,2026-09-15,204034.4,115606.02,18.0,36,18,7376.33,0,0
SYNTHETIC_ONLY,demo-nbfc-ev-001,AssureRail Synthetic EV Finance NBFC,SYN-EV-2W-2025,SYN-A-LN-0165,SYN-A-BR-0165,Synthetic Borrower A0165,Electric two-wheeler,Maharashtra,2025-04-15,2026-09-15,222345.18,157292.74,14.0,48,17,6075.91,0,0
SYNTHETIC_ONLY,demo-nbfc-ev-001,AssureRail Synthetic EV Finance NBFC,SYN-EV-2W-2025,SYN-A-LN-0166,SYN-A-BR-0166,Synthetic Borrower A0166,Electric two-wheeler,Karnataka,2025-05-15,2026-09-15,240655.96,146820.85,15.0,36,16,8342.42,0,0
SYNTHETIC_ONLY,demo-nbfc-ev-001,AssureRail Synthetic EV Finance NBFC,SYN-EV-2W-2025,SYN-A-LN-0167,SYN-A-BR-0167,Synthetic Borrower A0167,Electric two-wheeler,Tamil Nadu,2025-06-15,2026-09-15,258966.73,194904.1,16.0,48,15,7339.19,0,0
SYNTHETIC_ONLY,demo-nbfc-ev-001,AssureRail Synthetic EV Finance NBFC,SYN-EV-2W-2025,SYN-A-LN-0168,SYN-A-BR-0168,Synthetic Borrower A0168,Electric two-wheeler,Maharashtra,2025-07-15,2026-09-15,277277.51,199944.31,17.0,36,12,9885.7,66,2
SYNTHETIC_ONLY,demo-nbfc-ev-001,AssureRail Synthetic EV Finance NBFC,SYN-EV-2W-2025,SYN-A-LN-0169,SYN-A-BR-0169,Synthetic Borrower A0169,Electric two-wheeler,Karnataka,2025-08-15,2026-09-15,295588.3,235094.85,18.0,48,13,8682.91,0,0
SYNTHETIC_ONLY,demo-nbfc-ev-001,AssureRail Synthetic EV Finance NBFC,SYN-EV-2W-2025,SYN-A-LN-0170,SYN-A-BR-0170,Synthetic Borrower A0170,Electric two-wheeler,Tamil Nadu,2025-09-15,2026-09-15,313899.08,223446.83,14.0,36,12,10728.33,0,0
SYNTHETIC_ONLY,demo-nbfc-ev-001,AssureRail Synthetic EV Finance NBFC,SYN-EV-2W-2025,SYN-A-LN-0171,SYN-A-BR-0171,Synthetic Borrower A0171,Electric two-wheeler,Maharashtra,2025-01-15,2026-09-15,167412.83,109503.5,15.0,48,20,4659.22,0,0
SYNTHETIC_ONLY,demo-nbfc-ev-001,AssureRail Synthetic EV Finance NBFC,SYN-EV-2W-2025,SYN-A-LN-0172,SYN-A-BR-0172,Synthetic Borrower A0172,Electric two-wheeler,Karnataka,2025-02-15,2026-09-15,185723.62,98735.02,16.0,36,19,6529.49,0,0
SYNTHETIC_ONLY,demo-nbfc-ev-001,AssureRail Synthetic EV Finance NBFC,SYN-EV-2W-2025,SYN-A-LN-0173,SYN-A-BR-0173,Synthetic Borrower A0173,Electric two-wheeler,Tamil Nadu,2025-03-15,2026-09-15,204034.39,143075.79,17.0,48,18,5887.42,0,0
SYNTHETIC_ONLY,demo-nbfc-ev-001,AssureRail Synthetic EV Finance NBFC,SYN-EV-2W-2025,SYN-A-LN-0174,SYN-A-BR-0174,Synthetic Borrower A0174,Electric two-wheeler,Maharashtra,2025-04-15,2026-09-15,222345.17,149679.97,18.0,36,14,8038.31,93,3
SYNTHETIC_ONLY,demo-nbfc-ev-001,AssureRail Synthetic EV Finance NBFC,SYN-EV-2W-2025,SYN-A-LN-0175,SYN-A-BR-0175,Synthetic Borrower A0175,Electric two-wheeler,Karnataka,2025-05-15,2026-09-15,240655.96,174783.4,14.0,48,16,6576.28,0,0
SYNTHETIC_ONLY,demo-nbfc-ev-001,AssureRail Synthetic EV Finance NBFC,SYN-EV-2W-2025,SYN-A-LN-0176,SYN-A-BR-0176,Synthetic Borrower A0176,Electric two-wheeler,Tamil Nadu,2025-06-15,2026-09-15,258966.74,164907.82,15.0,36,15,8977.17,0,0
SYNTHETIC_ONLY,demo-nbfc-ev-001,AssureRail Synthetic EV Finance NBFC,SYN-EV-2W-2025,SYN-A-LN-0177,SYN-A-BR-0177,Synthetic Borrower A0177,Electric two-wheeler,Maharashtra,2025-07-15,2026-09-15,277277.52,213694.07,16.0,48,14,7858.12,0,0
SYNTHETIC_ONLY,demo-nbfc-ev-001,AssureRail Synthetic EV Finance NBFC,SYN-EV-2W-2025,SYN-A-LN-0178,SYN-A-BR-0178,Synthetic Borrower A0178,Electric two-wheeler,Karnataka,2025-08-15,2026-09-15,295588.3,205629.26,17.0,36,13,10538.53,0,0
SYNTHETIC_ONLY,demo-nbfc-ev-001,AssureRail Synthetic EV Finance NBFC,SYN-EV-2W-2025,SYN-A-LN-0179,SYN-A-BR-0179,Synthetic Borrower A0179,Electric two-wheeler,Tamil Nadu,2025-09-15,2026-09-15,313899.08,255053.23,18.0,48,12,9220.79,0,0
SYNTHETIC_ONLY,demo-nbfc-ev-001,AssureRail Synthetic EV Finance NBFC,SYN-EV-2W-2025,SYN-A-LN-0180,SYN-A-BR-0180,Synthetic Borrower A0180,Electric two-wheeler,Maharashtra,2025-01-15,2026-09-15,167412.85,87769.5,14.0,36,19,5721.77,30,1
SYNTHETIC_ONLY,demo-nbfc-ev-001,AssureRail Synthetic EV Finance NBFC,SYN-EV-2W-2025,SYN-A-LN-0181,SYN-A-BR-0181,Synthetic Borrower A0181,Electric two-wheeler,Karnataka,2025-02-15,2026-09-15,185723.62,125085.71,15.0,48,19,5168.83,0,0
SYNTHETIC_ONLY,demo-nbfc-ev-001,AssureRail Synthetic EV Finance NBFC,SYN-EV-2W-2025,SYN-A-LN-0182,SYN-A-BR-0182,Synthetic Borrower A0182,Electric two-wheeler,Tamil Nadu,2025-03-15,2026-09-15,204034.38,114121.08,16.0,36,18,7173.24,0,0
SYNTHETIC_ONLY,demo-nbfc-ev-001,AssureRail Synthetic EV Finance NBFC,SYN-EV-2W-2025,SYN-A-LN-0183,SYN-A-BR-0183,Synthetic Borrower A0183,Electric two-wheeler,Maharashtra,2025-04-15,2026-09-15,222345.18,160064.14,17.0,48,17,6415.78,0,0
SYNTHETIC_ONLY,demo-nbfc-ev-001,AssureRail Synthetic EV Finance NBFC,SYN-EV-2W-2025,SYN-A-LN-0184,SYN-A-BR-0184,Synthetic Borrower A0184,Electric two-wheeler,Karnataka,2025-05-15,2026-09-15,240655.96,149372.13,18.0,36,16,8700.29,0,0
SYNTHETIC_ONLY,demo-nbfc-ev-001,AssureRail Synthetic EV Finance NBFC,SYN-EV-2W-2025,SYN-A-LN-0185,SYN-A-BR-0185,Synthetic Borrower A0185,Electric two-wheeler,Tamil Nadu,2025-06-15,2026-09-15,258966.74,192908.19,14.0,48,15,7076.65,0,0
SYNTHETIC_ONLY,demo-nbfc-ev-001,AssureRail Synthetic EV Finance NBFC,SYN-EV-2W-2025,SYN-A-LN-0186,SYN-A-BR-0186,Synthetic Borrower A0186,Electric two-wheeler,Maharashtra,2025-07-15,2026-09-15,277277.51,198238.41,15.0,36,12,9611.92,66,2
SYNTHETIC_ONLY,demo-nbfc-ev-001,AssureRail Synthetic EV Finance NBFC,SYN-EV-2W-2025,SYN-A-LN-0187,SYN-A-BR-0187,Synthetic Borrower A0187,Electric two-wheeler,Karnataka,2025-08-15,2026-09-15,295588.29,233075.32,16.0,48,13,8377.06,0,0
SYNTHETIC_ONLY,demo-nbfc-ev-001,AssureRail Synthetic EV Finance NBFC,SYN-EV-2W-2025,SYN-A-LN-0188,SYN-A-BR-0188,Synthetic Borrower A0188,Electric two-wheeler,Tamil Nadu,2025-09-15,2026-09-15,313899.08,226352.06,17.0,36,12,11191.36,0,0
SYNTHETIC_ONLY,demo-nbfc-ev-001,AssureRail Synthetic EV Finance NBFC,SYN-EV-2W-2025,SYN-A-LN-0189,SYN-A-BR-0189,Synthetic Borrower A0189,Electric two-wheeler,Maharashtra,2025-01-15,2026-09-15,167412.84,111764.36,18.0,48,20,4917.75,0,0
SYNTHETIC_ONLY,demo-nbfc-ev-001,AssureRail Synthetic EV Finance NBFC,SYN-EV-2W-2025,SYN-A-LN-0190,SYN-A-BR-0190,Synthetic Borrower A0190,Electric two-wheeler,Karnataka,2025-02-15,2026-09-15,185723.62,97369.28,14.0,36,19,6347.59,0,0
SYNTHETIC_ONLY,demo-nbfc-ev-001,AssureRail Synthetic EV Finance NBFC,SYN-EV-2W-2025,SYN-A-LN-0191,SYN-A-BR-0191,Synthetic Borrower A0191,Electric two-wheeler,Tamil Nadu,2025-03-15,2026-09-15,204034.4,141329.91,15.0,48,18,5678.43,0,0
SYNTHETIC_ONLY,demo-nbfc-ev-001,AssureRail Synthetic EV Finance NBFC,SYN-EV-2W-2025,SYN-A-LN-0192,SYN-A-BR-0192,Synthetic Borrower A0192,Electric two-wheeler,Maharashtra,2025-04-15,2026-09-15,222345.17,148198.25,16.0,36,14,7817.0,93,3
SYNTHETIC_ONLY,demo-nbfc-ev-001,AssureRail Synthetic EV Finance NBFC,SYN-EV-2W-2025,SYN-A-LN-0193,SYN-A-BR-0193,Synthetic Borrower A0193,Electric two-wheeler,Karnataka,2025-05-15,2026-09-15,240655.95,177672.99,17.0,48,16,6944.14,0,0
SYNTHETIC_ONLY,demo-nbfc-ev-001,AssureRail Synthetic EV Finance NBFC,SYN-EV-2W-2025,SYN-A-LN-0194,SYN-A-BR-0194,Synthetic Borrower A0194,Electric two-wheeler,Tamil Nadu,2025-06-15,2026-09-15,258966.73,167585.87,18.0,36,15,9362.27,0,0
SYNTHETIC_ONLY,demo-nbfc-ev-001,AssureRail Synthetic EV Finance NBFC,SYN-EV-2W-2025,SYN-A-LN-0195,SYN-A-BR-0195,Synthetic Borrower A0195,Electric two-wheeler,Maharashtra,2025-07-15,2026-09-15,277277.51,211655.86,14.0,48,14,7577.02,0,0
SYNTHETIC_ONLY,demo-nbfc-ev-001,AssureRail Synthetic EV Finance NBFC,SYN-EV-2W-2025,SYN-A-LN-0196,SYN-A-BR-0196,Synthetic Borrower A0196,Electric two-wheeler,Karnataka,2025-08-15,2026-09-15,295588.29,203724.58,15.0,36,13,10246.67,0,0
SYNTHETIC_ONLY,demo-nbfc-ev-001,AssureRail Synthetic EV Finance NBFC,SYN-EV-2W-2025,SYN-A-LN-0197,SYN-A-BR-0197,Synthetic Borrower A0197,Electric two-wheeler,Tamil Nadu,2025-09-15,2026-09-15,313899.08,253035.8,16.0,48,12,8895.99,0,0
SYNTHETIC_ONLY,demo-nbfc-ev-001,AssureRail Synthetic EV Finance NBFC,SYN-EV-2W-2025,SYN-A-LN-0198,SYN-A-BR-0198,Synthetic Borrower A0198,Electric two-wheeler,Maharashtra,2025-01-15,2026-09-15,167412.84,89614.29,17.0,36,19,5968.72,30,1
SYNTHETIC_ONLY,demo-nbfc-ev-001,AssureRail Synthetic EV Finance NBFC,SYN-EV-2W-2025,SYN-A-LN-0199,SYN-A-BR-0199,Synthetic Borrower A0199,Electric two-wheeler,Karnataka,2025-02-15,2026-09-15,185723.62,127531.25,18.0,48,19,5455.63,0,0
SYNTHETIC_ONLY,demo-nbfc-ev-001,AssureRail Synthetic EV Finance NBFC,SYN-EV-2W-2025,SYN-A-LN-0200,SYN-A-BR-0200,Synthetic Borrower A0200,Electric two-wheeler,Tamil Nadu,2025-03-15,2026-09-15,204034.39,112628.48,14.0,36,18,6973.41,0,0
SYNTHETIC_ONLY,demo-nbfc-ev-001,AssureRail Synthetic EV Finance NBFC,SYN-EV-2W-2025,SYN-A-LN-0201,SYN-A-BR-0201,Synthetic Borrower A0201,Electric two-wheeler,Maharashtra,2025-04-15,2026-09-15,222345.17,158223.6,15.0,48,17,6188.03,0,0
SYNTHETIC_ONLY,demo-nbfc-ev-001,AssureRail Synthetic EV Finance NBFC,SYN-EV-2W-2025,SYN-A-LN-0202,SYN-A-BR-0202,Synthetic Borrower A0202,Electric two-wheeler,Karnataka,2025-05-15,2026-09-15,240655.95,147674.43,16.0,36,16,8460.75,0,0
SYNTHETIC_ONLY,demo-nbfc-ev-001,AssureRail Synthetic EV Finance NBFC,SYN-EV-2W-2025,SYN-A-LN-0203,SYN-A-BR-0203,Synthetic Borrower A0203,Electric two-wheeler,Tamil Nadu,2025-06-15,2026-09-15,258966.73,195888.99,17.0,48,15,7472.5,0,0
SYNTHETIC_ONLY,demo-nbfc-ev-001,AssureRail Synthetic EV Finance NBFC,SYN-EV-2W-2025,SYN-A-LN-0204,SYN-A-BR-0204,Synthetic Borrower A0204,Electric two-wheeler,Maharashtra,2025-07-15,2026-09-15,277277.52,200789.72,18.0,36,12,10024.25,66,2
SYNTHETIC_ONLY,demo-nbfc-ev-001,AssureRail Synthetic EV Finance NBFC,SYN-EV-2W-2025,SYN-A-LN-0205,SYN-A-BR-0205,Synthetic Borrower A0205,Electric two-wheeler,Karnataka,2025-08-15,2026-09-15,295588.29,231015.34,14.0,48,13,8077.39,0,0
SYNTHETIC_ONLY,demo-nbfc-ev-001,AssureRail Synthetic EV Finance NBFC,SYN-EV-2W-2025,SYN-A-LN-0206,SYN-A-BR-0206,Synthetic Borrower A0206,Electric two-wheeler,Tamil Nadu,2025-09-15,2026-09-15,313899.07,224420.84,15.0,36,12,10881.41,0,0
SYNTHETIC_ONLY,demo-nbfc-ev-001,AssureRail Synthetic EV Finance NBFC,SYN-EV-2W-2025,SYN-A-LN-0207,SYN-A-BR-0207,Synthetic Borrower A0207,Electric two-wheeler,Maharashtra,2025-01-15,2026-09-15,167412.83,110261.79,16.0,48,20,4744.53,0,0
SYNTHETIC_ONLY,demo-nbfc-ev-001,AssureRail Synthetic EV Finance NBFC,SYN-EV-2W-2025,SYN-A-LN-0208,SYN-A-BR-0208,Synthetic Borrower A0208,Electric two-wheeler,Karnataka,2025-02-15,2026-09-15,185723.62,99415.85,17.0,36,19,6621.55,0,0
SYNTHETIC_ONLY,demo-nbfc-ev-001,AssureRail Synthetic EV Finance NBFC,SYN-EV-2W-2025,SYN-A-LN-0209,SYN-A-BR-0209,Synthetic Borrower A0209,Electric two-wheeler,Tamil Nadu,2025-03-15,2026-09-15,204034.39,143939.17,18.0,48,18,5993.51,0,0
SYNTHETIC_ONLY,demo-nbfc-ev-001,AssureRail Synthetic EV Finance NBFC,SYN-EV-2W-2025,SYN-A-LN-0210,SYN-A-BR-0210,Synthetic Borrower A0210,Electric two-wheeler,Maharashtra,2025-04-15,2026-09-15,222345.17,146702.33,14.0,36,14,7599.23,93,3
SYNTHETIC_ONLY,demo-nbfc-ev-001,AssureRail Synthetic EV Finance NBFC,SYN-EV-2W-2025,SYN-A-LN-0211,SYN-A-BR-0211,Synthetic Borrower A0211,Electric two-wheeler,Karnataka,2025-05-15,2026-09-15,240655.96,175754.49,15.0,48,16,6697.64,0,0
SYNTHETIC_ONLY,demo-nbfc-ev-001,AssureRail Synthetic EV Finance NBFC,SYN-EV-2W-2025,SYN-A-LN-0212,SYN-A-BR-0212,Synthetic Borrower A0212,Electric two-wheeler,Tamil Nadu,2025-06-15,2026-09-15,258966.72,165804.3,16.0,36,15,9104.5,0,0
SYNTHETIC_ONLY,demo-nbfc-ev-001,AssureRail Synthetic EV Finance NBFC,SYN-EV-2W-2025,SYN-A-LN-0213,SYN-A-BR-0213,Synthetic Borrower A0213,Electric two-wheeler,Maharashtra,2025-07-15,2026-09-15,277277.51,214699.01,17.0,48,14,8000.85,0,0
SYNTHETIC_ONLY,demo-nbfc-ev-001,AssureRail Synthetic EV Finance NBFC,SYN-EV-2W-2025,SYN-A-LN-0214,SYN-A-BR-0214,Synthetic Borrower A0214,Electric two-wheeler,Karnataka,2025-08-15,2026-09-15,295588.3,206573.94,18.0,36,13,10686.23,0,0
SYNTHETIC_ONLY,demo-nbfc-ev-001,AssureRail Synthetic EV Finance NBFC,SYN-EV-2W-2025,SYN-A-LN-0215,SYN-A-BR-0215,Synthetic Borrower A0215,Electric two-wheeler,Tamil Nadu,2025-09-15,2026-09-15,313899.07,250975.73,14.0,48,12,8577.76,0,0
SYNTHETIC_ONLY,demo-nbfc-ev-001,AssureRail Synthetic EV Finance NBFC,SYN-EV-2W-2025,SYN-A-LN-0216,SYN-A-BR-0216,Synthetic Borrower A0216,Electric two-wheeler,Maharashtra,2025-01-15,2026-09-15,167412.84,88385.63,15.0,36,19,5803.42,30,1
SYNTHETIC_ONLY,demo-nbfc-ev-001,AssureRail Synthetic EV Finance NBFC,SYN-EV-2W-2025,SYN-A-LN-0217,SYN-A-BR-0217,Synthetic Borrower A0217,Electric two-wheeler,Karnataka,2025-02-15,2026-09-15,185723.61,125906.38,16.0,48,19,5263.46,0,0
SYNTHETIC_ONLY,demo-nbfc-ev-001,AssureRail Synthetic EV Finance NBFC,SYN-EV-2W-2025,SYN-A-LN-0218,SYN-A-BR-0218,Synthetic Borrower A0218,Electric two-wheeler,Tamil Nadu,2025-03-15,2026-09-15,204034.38,114864.54,17.0,36,18,7274.38,0,0
SYNTHETIC_ONLY,demo-nbfc-ev-001,AssureRail Synthetic EV Finance NBFC,SYN-EV-2W-2025,SYN-A-LN-0219,SYN-A-BR-0219,Synthetic Borrower A0219,Electric two-wheeler,Maharashtra,2025-04-15,2026-09-15,222345.18,160973.58,18.0,48,17,6531.39,0,0
SYNTHETIC_ONLY,demo-nbfc-ev-001,AssureRail Synthetic EV Finance NBFC,SYN-EV-2W-2025,SYN-A-LN-0220,SYN-A-BR-0220,Synthetic Borrower A0220,Electric two-wheeler,Karnataka,2025-05-15,2026-09-15,240655.95,145964.21,14.0,36,16,8225.05,0,0
SYNTHETIC_ONLY,demo-nbfc-ev-001,AssureRail Synthetic EV Finance NBFC,SYN-EV-2W-2025,SYN-A-LN-0221,SYN-A-BR-0221,Synthetic Borrower A0221,Electric two-wheeler,Tamil Nadu,2025-06-15,2026-09-15,258966.73,193910.46,15.0,48,15,7207.24,0,0
SYNTHETIC_ONLY,demo-nbfc-ev-001,AssureRail Synthetic EV Finance NBFC,SYN-EV-2W-2025,SYN-A-LN-0222,SYN-A-BR-0222,Synthetic Borrower A0222,Electric two-wheeler,Maharashtra,2025-07-15,2026-09-15,277277.51,199093.86,16.0,36,12,9748.25,66,2
SYNTHETIC_ONLY,demo-nbfc-ev-001,AssureRail Synthetic EV Finance NBFC,SYN-EV-2W-2025,SYN-A-LN-0223,SYN-A-BR-0223,Synthetic Borrower A0223,Electric two-wheeler,Karnataka,2025-08-15,2026-09-15,295588.29,234090.18,17.0,48,13,8529.21,0,0
SYNTHETIC_ONLY,demo-nbfc-ev-001,AssureRail Synthetic EV Finance NBFC,SYN-EV-2W-2025,SYN-A-LN-0224,SYN-A-BR-0224,Synthetic Borrower A0224,Electric two-wheeler,Tamil Nadu,2025-09-15,2026-09-15,313899.07,227309.11,18.0,36,12,11348.2,0,0
SYNTHETIC_ONLY,demo-nbfc-ev-001,AssureRail Synthetic EV Finance NBFC,SYN-EV-2W-2025,SYN-A-LN-0225,SYN-A-BR-0225,Synthetic Borrower A0225,Electric two-wheeler,Maharashtra,2025-01-15,2026-09-15,167412.85,108740.71,14.0,48,20,4574.8,0,0
SYNTHETIC_ONLY,demo-nbfc-ev-001,AssureRail Synthetic EV Finance NBFC,SYN-EV-2W-2025,SYN-A-LN-0226,SYN-A-BR-0226,Synthetic Borrower A0226,Electric two-wheeler,Karnataka,2025-02-15,2026-09-15,185723.62,98052.81,15.0,36,19,6438.17,0,0
SYNTHETIC_ONLY,demo-nbfc-ev-001,AssureRail Synthetic EV Finance NBFC,SYN-EV-2W-2025,SYN-A-LN-0227,SYN-A-BR-0227,Synthetic Borrower A0227,Electric two-wheeler,Tamil Nadu,2025-03-15,2026-09-15,204034.39,142206.0,16.0,48,18,5782.39,0,0
SYNTHETIC_ONLY,demo-nbfc-ev-001,AssureRail Synthetic EV Finance NBFC,SYN-EV-2W-2025,SYN-A-LN-0228,SYN-A-BR-0228,Synthetic Borrower A0228,Electric two-wheeler,Maharashtra,2025-04-15,2026-09-15,222345.16,148940.91,17.0,36,14,7927.21,93,3
SYNTHETIC_ONLY,demo-nbfc-ev-001,AssureRail Synthetic EV Finance NBFC,SYN-EV-2W-2025,SYN-A-LN-0229,SYN-A-BR-0229,Synthetic Borrower A0229,Electric two-wheeler,Karnataka,2025-05-15,2026-09-15,240655.95,178620.19,18.0,48,16,7069.27,0,0
SYNTHETIC_ONLY,demo-nbfc-ev-001,AssureRail Synthetic EV Finance NBFC,SYN-EV-2W-2025,SYN-A-LN-0230,SYN-A-BR-0230,Synthetic Borrower A0230,Electric two-wheeler,Tamil Nadu,2025-06-15,2026-09-15,258966.73,164007.63,14.0,36,15,8850.87,0,0
SYNTHETIC_ONLY,demo-nbfc-ev-001,AssureRail Synthetic EV Finance NBFC,SYN-EV-2W-2025,SYN-A-LN-0231,SYN-A-BR-0231,Synthetic Borrower A0231,Electric two-wheeler,Maharashtra,2025-07-15,2026-09-15,277277.51,212679.65,15.0,48,14,7716.84,0,0
SYNTHETIC_ONLY,demo-nbfc-ev-001,AssureRail Synthetic EV Finance NBFC,SYN-EV-2W-2025,SYN-A-LN-0232,SYN-A-BR-0232,Synthetic Borrower A0232,Electric two-wheeler,Karnataka,2025-08-15,2026-09-15,295588.29,204679.45,16.0,36,13,10392.01,0,0
SYNTHETIC_ONLY,demo-nbfc-ev-001,AssureRail Synthetic EV Finance NBFC,SYN-EV-2W-2025,SYN-A-LN-0233,SYN-A-BR-0233,Synthetic Borrower A0233,Electric two-wheeler,Tamil Nadu,2025-09-15,2026-09-15,313899.06,254049.87,17.0,48,12,9057.57,0,0
SYNTHETIC_ONLY,demo-nbfc-ev-001,AssureRail Synthetic EV Finance NBFC,SYN-EV-2W-2025,SYN-A-LN-0234,SYN-A-BR-0234,Synthetic Borrower A0234,Electric two-wheeler,Maharashtra,2025-01-15,2026-09-15,167412.85,90226.69,18.0,36,19,6052.38,30,1
SYNTHETIC_ONLY,demo-nbfc-ev-001,AssureRail Synthetic EV Finance NBFC,SYN-EV-2W-2025,SYN-A-LN-0235,SYN-A-BR-0235,Synthetic Borrower A0235,Electric two-wheeler,Karnataka,2025-02-15,2026-09-15,185723.61,124259.69,14.0,48,19,5075.17,0,0
SYNTHETIC_ONLY,demo-nbfc-ev-001,AssureRail Synthetic EV Finance NBFC,SYN-EV-2W-2025,SYN-A-LN-0236,SYN-A-BR-0236,Synthetic Borrower A0236,Electric two-wheeler,Tamil Nadu,2025-03-15,2026-09-15,204034.4,113375.71,15.0,36,18,7072.92,0,0
SYNTHETIC_ONLY,demo-nbfc-ev-001,AssureRail Synthetic EV Finance NBFC,SYN-EV-2W-2025,SYN-A-LN-0237,SYN-A-BR-0237,Synthetic Borrower A0237,Electric two-wheeler,Maharashtra,2025-04-15,2026-09-15,222345.18,159147.44,16.0,48,17,6301.32,0,0
SYNTHETIC_ONLY,demo-nbfc-ev-001,AssureRail Synthetic EV Finance NBFC,SYN-EV-2W-2025,SYN-A-LN-0238,SYN-A-BR-0238,Synthetic Borrower A0238,Electric two-wheeler,Karnataka,2025-05-15,2026-09-15,240655.95,148524.88,17.0,36,16,8580.04,0,0
SYNTHETIC_ONLY,demo-nbfc-ev-001,AssureRail Synthetic EV Finance NBFC,SYN-EV-2W-2025,SYN-A-LN-0239,SYN-A-BR-0239,Synthetic Borrower A0239,Electric two-wheeler,Tamil Nadu,2025-06-15,2026-09-15,258966.74,196865.03,18.0,48,15,7607.15,0,0
SYNTHETIC_ONLY,demo-nbfc-ev-001,AssureRail Synthetic EV Finance NBFC,SYN-EV-2W-2025,SYN-A-LN-0240,SYN-A-BR-0240,Synthetic Borrower A0240,Electric two-wheeler,Maharashtra,2025-07-15,2026-09-15,277277.52,197378.03,14.0,36,12,9476.69,66,2
SYNTHETIC_ONLY,demo-nbfc-ev-001,AssureRail Synthetic EV Finance NBFC,SYN-EV-2W-2025,SYN-A-LN-0241,SYN-A-BR-0241,Synthetic Borrower A0241,Electric two-wheeler,Karnataka,2025-08-15,2026-09-15,295588.3,232050.35,15.0,48,13,8226.44,0,0
SYNTHETIC_ONLY,demo-nbfc-ev-001,AssureRail Synthetic EV Finance NBFC,SYN-EV-2W-2025,SYN-A-LN-0242,SYN-A-BR-0242,Synthetic Borrower A0242,Electric two-wheeler,Tamil Nadu,2025-09-15,2026-09-15,313899.08,225389.28,16.0,36,12,11035.76,0,0
SYNTHETIC_ONLY,demo-nbfc-ev-001,AssureRail Synthetic EV Finance NBFC,SYN-EV-2W-2025,SYN-A-LN-0243,SYN-A-BR-0243,Synthetic Borrower A0243,Electric two-wheeler,Maharashtra,2025-01-15,2026-09-15,167412.84,111015.45,17.0,48,20,4830.7,0,0
SYNTHETIC_ONLY,demo-nbfc-ev-001,AssureRail Synthetic EV Finance NBFC,SYN-EV-2W-2025,SYN-A-LN-0244,SYN-A-BR-0244,Synthetic Borrower A0244,Electric two-wheeler,Karnataka,2025-02-15,2026-09-15,185723.62,100095.23,18.0,36,19,6714.35,0,0
SYNTHETIC_ONLY,demo-nbfc-ev-001,AssureRail Synthetic EV Finance NBFC,SYN-EV-2W-2025,SYN-A-LN-0245,SYN-A-BR-0245,Synthetic Borrower A0245,Electric two-wheeler,Tamil Nadu,2025-03-15,2026-09-15,204034.39,140447.63,14.0,48,18,5575.54,0,0
SYNTHETIC_ONLY,demo-nbfc-ev-001,AssureRail Synthetic EV Finance NBFC,SYN-EV-2W-2025,SYN-A-LN-0246,SYN-A-BR-0246,Synthetic Borrower A0246,Electric two-wheeler,Maharashtra,2025-04-15,2026-09-15,222345.18,147452.04,15.0,36,14,7707.67,93,3
SYNTHETIC_ONLY,demo-nbfc-ev-001,AssureRail Synthetic EV Finance NBFC,SYN-EV-2W-2025,SYN-A-LN-0247,SYN-A-BR-0247,Synthetic Borrower A0247,Electric two-wheeler,Karnataka,2025-05-15,2026-09-15,240655.96,176717.72,16.0,48,16,6820.26,0,0
SYNTHETIC_ONLY,demo-nbfc-ev-001,AssureRail Synthetic EV Finance NBFC,SYN-EV-2W-2025,SYN-A-LN-0248,SYN-A-BR-0248,Synthetic Borrower A0248,Electric two-wheeler,Tamil Nadu,2025-06-15,2026-09-15,258966.72,166697.01,17.0,36,15,9232.87,0,0
SYNTHETIC_ONLY,demo-nbfc-ev-001,AssureRail Synthetic EV Finance NBFC,SYN-EV-2W-2025,SYN-A-LN-0249,SYN-A-BR-0249,Synthetic Borrower A0249,Electric two-wheeler,Maharashtra,2025-07-15,2026-09-15,277277.51,215694.39,18.0,48,14,8145.03,0,0
SYNTHETIC_ONLY,demo-nbfc-ev-001,AssureRail Synthetic EV Finance NBFC,SYN-EV-2W-2025,SYN-A-LN-0250,SYN-A-BR-0250,Synthetic Borrower A0250,Electric two-wheeler,Karnataka,2025-08-15,2026-09-15,295588.29,202764.73,14.0,36,13,10102.51,0,0
SYNTHETIC_ONLY,demo-nbfc-ev-001,AssureRail Synthetic EV Finance NBFC,SYN-EV-2W-2025,SYN-A-LN-0251,SYN-A-BR-0251,Synthetic Borrower A0251,Electric two-wheeler,Tamil Nadu,2025-09-15,2026-09-15,313899.08,252011.06,15.0,48,12,8736.05,0,0
SYNTHETIC_ONLY,demo-nbfc-ev-001,AssureRail Synthetic EV Finance NBFC,SYN-EV-2W-2025,SYN-A-LN-0252,SYN-A-BR-0252,Synthetic Borrower A0252,Electric two-wheeler,Maharashtra,2025-01-15,2026-09-15,167412.84,89000.58,16.0,36,19,5885.74,30,1
SYNTHETIC_ONLY,demo-nbfc-ev-001,AssureRail Synthetic EV Finance NBFC,SYN-EV-2W-2025,SYN-A-LN-0253,SYN-A-BR-0253,Synthetic Borrower A0253,Electric two-wheeler,Karnataka,2025-02-15,2026-09-15,185723.62,126721.6,17.0,48,19,5359.06,0,0
SYNTHETIC_ONLY,demo-nbfc-ev-001,AssureRail Synthetic EV Finance NBFC,SYN-EV-2W-2025,SYN-A-LN-0254,SYN-A-BR-0254,Synthetic Borrower A0254,Electric two-wheeler,Tamil Nadu,2025-03-15,2026-09-15,204034.4,115606.02,18.0,36,18,7376.33,0,0
SYNTHETIC_ONLY,demo-nbfc-ev-001,AssureRail Synthetic EV Finance NBFC,SYN-EV-2W-2025,SYN-A-LN-0255,SYN-A-BR-0255,Synthetic Borrower A0255,Electric two-wheeler,Maharashtra,2025-04-15,2026-09-15,222345.18,157292.74,14.0,48,17,6075.91,0,0
SYNTHETIC_ONLY,demo-nbfc-ev-001,AssureRail Synthetic EV Finance NBFC,SYN-EV-2W-2025,SYN-A-LN-0256,SYN-A-BR-0256,Synthetic Borrower A0256,Electric two-wheeler,Karnataka,2025-05-15,2026-09-15,240655.96,146820.85,15.0,36,16,8342.42,0,0
SYNTHETIC_ONLY,demo-nbfc-ev-001,AssureRail Synthetic EV Finance NBFC,SYN-EV-2W-2025,SYN-A-LN-0257,SYN-A-BR-0257,Synthetic Borrower A0257,Electric two-wheeler,Tamil Nadu,2025-06-15,2026-09-15,258966.73,194904.1,16.0,48,15,7339.19,0,0
SYNTHETIC_ONLY,demo-nbfc-ev-001,AssureRail Synthetic EV Finance NBFC,SYN-EV-2W-2025,SYN-A-LN-0258,SYN-A-BR-0258,Synthetic Borrower A0258,Electric two-wheeler,Maharashtra,2025-07-15,2026-09-15,277277.51,199944.31,17.0,36,12,9885.7,66,2
SYNTHETIC_ONLY,demo-nbfc-ev-001,AssureRail Synthetic EV Finance NBFC,SYN-EV-2W-2025,SYN-A-LN-0259,SYN-A-BR-0259,Synthetic Borrower A0259,Electric two-wheeler,Karnataka,2025-08-15,2026-09-15,295588.3,235094.85,18.0,48,13,8682.91,0,0
SYNTHETIC_ONLY,demo-nbfc-ev-001,AssureRail Synthetic EV Finance NBFC,SYN-EV-2W-2025,SYN-A-LN-0260,SYN-A-BR-0260,Synthetic Borrower A0260,Electric two-wheeler,Tamil Nadu,2025-09-15,2026-09-15,313899.08,223446.83,14.0,36,12,10728.33,0,0
SYNTHETIC_ONLY,demo-nbfc-ev-001,AssureRail Synthetic EV Finance NBFC,SYN-EV-2W-2025,SYN-A-LN-0261,SYN-A-BR-0261,Synthetic Borrower A0261,Electric two-wheeler,Maharashtra,2025-01-15,2026-09-15,167412.83,109503.5,15.0,48,20,4659.22,0,0
SYNTHETIC_ONLY,demo-nbfc-ev-001,AssureRail Synthetic EV Finance NBFC,SYN-EV-2W-2025,SYN-A-LN-0262,SYN-A-BR-0262,Synthetic Borrower A0262,Electric two-wheeler,Karnataka,2025-02-15,2026-09-15,185723.62,98735.02,16.0,36,19,6529.49,0,0
SYNTHETIC_ONLY,demo-nbfc-ev-001,AssureRail Synthetic EV Finance NBFC,SYN-EV-2W-2025,SYN-A-LN-0263,SYN-A-BR-0263,Synthetic Borrower A0263,Electric two-wheeler,Tamil Nadu,2025-03-15,2026-09-15,204034.39,143075.79,17.0,48,18,5887.42,0,0
SYNTHETIC_ONLY,demo-nbfc-ev-001,AssureRail Synthetic EV Finance NBFC,SYN-EV-2W-2025,SYN-A-LN-0264,SYN-A-BR-0264,Synthetic Borrower A0264,Electric two-wheeler,Maharashtra,2025-04-15,2026-09-15,222345.17,149679.97,18.0,36,14,8038.31,93,3
SYNTHETIC_ONLY,demo-nbfc-ev-001,AssureRail Synthetic EV Finance NBFC,SYN-EV-2W-2025,SYN-A-LN-0265,SYN-A-BR-0265,Synthetic Borrower A0265,Electric two-wheeler,Karnataka,2025-05-15,2026-09-15,240655.96,174783.4,14.0,48,16,6576.28,0,0
SYNTHETIC_ONLY,demo-nbfc-ev-001,AssureRail Synthetic EV Finance NBFC,SYN-EV-2W-2025,SYN-A-LN-0266,SYN-A-BR-0266,Synthetic Borrower A0266,Electric two-wheeler,Tamil Nadu,2025-06-15,2026-09-15,258966.74,164907.82,15.0,36,15,8977.17,0,0
SYNTHETIC_ONLY,demo-nbfc-ev-001,AssureRail Synthetic EV Finance NBFC,SYN-EV-2W-2025,SYN-A-LN-0267,SYN-A-BR-0267,Synthetic Borrower A0267,Electric two-wheeler,Maharashtra,2025-07-15,2026-09-15,277277.52,213694.07,16.0,48,14,7858.12,0,0
SYNTHETIC_ONLY,demo-nbfc-ev-001,AssureRail Synthetic EV Finance NBFC,SYN-EV-2W-2025,SYN-A-LN-0268,SYN-A-BR-0268,Synthetic Borrower A0268,Electric two-wheeler,Karnataka,2025-08-15,2026-09-15,295588.3,205629.26,17.0,36,13,10538.53,0,0
SYNTHETIC_ONLY,demo-nbfc-ev-001,AssureRail Synthetic EV Finance NBFC,SYN-EV-2W-2025,SYN-A-LN-0269,SYN-A-BR-0269,Synthetic Borrower A0269,Electric two-wheeler,Tamil Nadu,2025-09-15,2026-09-15,313899.08,255053.23,18.0,48,12,9220.79,0,0
SYNTHETIC_ONLY,demo-nbfc-ev-001,AssureRail Synthetic EV Finance NBFC,SYN-EV-2W-2025,SYN-A-LN-0270,SYN-A-BR-0270,Synthetic Borrower A0270,Electric two-wheeler,Maharashtra,2025-01-15,2026-09-15,167412.85,87769.5,14.0,36,19,5721.77,30,1
SYNTHETIC_ONLY,demo-nbfc-ev-001,AssureRail Synthetic EV Finance NBFC,SYN-EV-2W-2025,SYN-A-LN-0271,SYN-A-BR-0271,Synthetic Borrower A0271,Electric two-wheeler,Karnataka,2025-02-15,2026-09-15,185723.62,125085.71,15.0,48,19,5168.83,0,0
SYNTHETIC_ONLY,demo-nbfc-ev-001,AssureRail Synthetic EV Finance NBFC,SYN-EV-2W-2025,SYN-A-LN-0272,SYN-A-BR-0272,Synthetic Borrower A0272,Electric two-wheeler,Tamil Nadu,2025-03-15,2026-09-15,204034.38,114121.08,16.0,36,18,7173.24,0,0
SYNTHETIC_ONLY,demo-nbfc-ev-001,AssureRail Synthetic EV Finance NBFC,SYN-EV-2W-2025,SYN-A-LN-0273,SYN-A-BR-0273,Synthetic Borrower A0273,Electric two-wheeler,Maharashtra,2025-04-15,2026-09-15,222345.18,160064.14,17.0,48,17,6415.78,0,0
SYNTHETIC_ONLY,demo-nbfc-ev-001,AssureRail Synthetic EV Finance NBFC,SYN-EV-2W-2025,SYN-A-LN-0274,SYN-A-BR-0274,Synthetic Borrower A0274,Electric two-wheeler,Karnataka,2025-05-15,2026-09-15,240655.96,149372.13,18.0,36,16,8700.29,0,0
SYNTHETIC_ONLY,demo-nbfc-ev-001,AssureRail Synthetic EV Finance NBFC,SYN-EV-2W-2025,SYN-A-LN-0275,SYN-A-BR-0275,Synthetic Borrower A0275,Electric two-wheeler,Tamil Nadu,2025-06-15,2026-09-15,258966.74,192908.19,14.0,48,15,7076.65,0,0
SYNTHETIC_ONLY,demo-nbfc-ev-001,AssureRail Synthetic EV Finance NBFC,SYN-EV-2W-2025,SYN-A-LN-0276,SYN-A-BR-0276,Synthetic Borrower A0276,Electric two-wheeler,Maharashtra,2025-07-15,2026-09-15,277277.51,198238.41,15.0,36,12,9611.92,66,2
SYNTHETIC_ONLY,demo-nbfc-ev-001,AssureRail Synthetic EV Finance NBFC,SYN-EV-2W-2025,SYN-A-LN-0277,SYN-A-BR-0277,Synthetic Borrower A0277,Electric two-wheeler,Karnataka,2025-08-15,2026-09-15,295588.29,233075.32,16.0,48,13,8377.06,0,0
SYNTHETIC_ONLY,demo-nbfc-ev-001,AssureRail Synthetic EV Finance NBFC,SYN-EV-2W-2025,SYN-A-LN-0278,SYN-A-BR-0278,Synthetic Borrower A0278,Electric two-wheeler,Tamil Nadu,2025-09-15,2026-09-15,313899.08,226352.06,17.0,36,12,11191.36,0,0
SYNTHETIC_ONLY,demo-nbfc-ev-001,AssureRail Synthetic EV Finance NBFC,SYN-EV-2W-2025,SYN-A-LN-0279,SYN-A-BR-0279,Synthetic Borrower A0279,Electric two-wheeler,Maharashtra,2025-01-15,2026-09-15,167412.84,111764.36,18.0,48,20,4917.75,0,0
SYNTHETIC_ONLY,demo-nbfc-ev-001,AssureRail Synthetic EV Finance NBFC,SYN-EV-2W-2025,SYN-A-LN-0280,SYN-A-BR-0280,Synthetic Borrower A0280,Electric two-wheeler,Karnataka,2025-02-15,2026-09-15,185723.62,97369.28,14.0,36,19,6347.59,0,0
SYNTHETIC_ONLY,demo-nbfc-ev-001,AssureRail Synthetic EV Finance NBFC,SYN-EV-2W-2025,SYN-A-LN-0281,SYN-A-BR-0281,Synthetic Borrower A0281,Electric two-wheeler,Tamil Nadu,2025-03-15,2026-09-15,204034.4,141329.91,15.0,48,18,5678.43,0,0
SYNTHETIC_ONLY,demo-nbfc-ev-001,AssureRail Synthetic EV Finance NBFC,SYN-EV-2W-2025,SYN-A-LN-0282,SYN-A-BR-0282,Synthetic Borrower A0282,Electric two-wheeler,Maharashtra,2025-04-15,2026-09-15,222345.17,148198.25,16.0,36,14,7817.0,93,3
SYNTHETIC_ONLY,demo-nbfc-ev-001,AssureRail Synthetic EV Finance NBFC,SYN-EV-2W-2025,SYN-A-LN-0283,SYN-A-BR-0283,Synthetic Borrower A0283,Electric two-wheeler,Karnataka,2025-05-15,2026-09-15,240655.95,177672.99,17.0,48,16,6944.14,0,0
SYNTHETIC_ONLY,demo-nbfc-ev-001,AssureRail Synthetic EV Finance NBFC,SYN-EV-2W-2025,SYN-A-LN-0284,SYN-A-BR-0284,Synthetic Borrower A0284,Electric two-wheeler,Tamil Nadu,2025-06-15,2026-09-15,258966.73,167585.87,18.0,36,15,9362.27,0,0
SYNTHETIC_ONLY,demo-nbfc-ev-001,AssureRail Synthetic EV Finance NBFC,SYN-EV-2W-2025,SYN-A-LN-0285,SYN-A-BR-0285,Synthetic Borrower A0285,Electric two-wheeler,Maharashtra,2025-07-15,2026-09-15,277277.51,211655.86,14.0,48,14,7577.02,0,0
SYNTHETIC_ONLY,demo-nbfc-ev-001,AssureRail Synthetic EV Finance NBFC,SYN-EV-2W-2025,SYN-A-LN-0286,SYN-A-BR-0286,Synthetic Borrower A0286,Electric two-wheeler,Karnataka,2025-08-15,2026-09-15,295588.29,203724.58,15.0,36,13,10246.67,0,0
SYNTHETIC_ONLY,demo-nbfc-ev-001,AssureRail Synthetic EV Finance NBFC,SYN-EV-2W-2025,SYN-A-LN-0287,SYN-A-BR-0287,Synthetic Borrower A0287,Electric two-wheeler,Tamil Nadu,2025-09-15,2026-09-15,313899.08,253035.8,16.0,48,12,8895.99,0,0
SYNTHETIC_ONLY,demo-nbfc-ev-001,AssureRail Synthetic EV Finance NBFC,SYN-EV-2W-2025,SYN-A-LN-0288,SYN-A-BR-0288,Synthetic Borrower A0288,Electric two-wheeler,Maharashtra,2025-01-15,2026-09-15,167412.84,89614.29,17.0,36,19,5968.72,30,1
SYNTHETIC_ONLY,demo-nbfc-ev-001,AssureRail Synthetic EV Finance NBFC,SYN-EV-2W-2025,SYN-A-LN-0289,SYN-A-BR-0289,Synthetic Borrower A0289,Electric two-wheeler,Karnataka,2025-02-15,2026-09-15,185723.62,127531.25,18.0,48,19,5455.63,0,0
SYNTHETIC_ONLY,demo-nbfc-ev-001,AssureRail Synthetic EV Finance NBFC,SYN-EV-2W-2025,SYN-A-LN-0290,SYN-A-BR-0290,Synthetic Borrower A0290,Electric two-wheeler,Tamil Nadu,2025-03-15,2026-09-15,204034.39,112628.48,14.0,36,18,6973.41,0,0
SYNTHETIC_ONLY,demo-nbfc-ev-001,AssureRail Synthetic EV Finance NBFC,SYN-EV-2W-2025,SYN-A-LN-0291,SYN-A-BR-0291,Synthetic Borrower A0291,Electric two-wheeler,Maharashtra,2025-04-15,2026-09-15,222345.17,158223.6,15.0,48,17,6188.03,0,0
SYNTHETIC_ONLY,demo-nbfc-ev-001,AssureRail Synthetic EV Finance NBFC,SYN-EV-2W-2025,SYN-A-LN-0292,SYN-A-BR-0292,Synthetic Borrower A0292,Electric two-wheeler,Karnataka,2025-05-15,2026-09-15,240655.95,147674.43,16.0,36,16,8460.75,0,0
SYNTHETIC_ONLY,demo-nbfc-ev-001,AssureRail Synthetic EV Finance NBFC,SYN-EV-2W-2025,SYN-A-LN-0293,SYN-A-BR-0293,Synthetic Borrower A0293,Electric two-wheeler,Tamil Nadu,2025-06-15,2026-09-15,258966.73,195888.99,17.0,48,15,7472.5,0,0
SYNTHETIC_ONLY,demo-nbfc-ev-001,AssureRail Synthetic EV Finance NBFC,SYN-EV-2W-2025,SYN-A-LN-0294,SYN-A-BR-0294,Synthetic Borrower A0294,Electric two-wheeler,Maharashtra,2025-07-15,2026-09-15,277277.52,200789.72,18.0,36,12,10024.25,66,2
SYNTHETIC_ONLY,demo-nbfc-ev-001,AssureRail Synthetic EV Finance NBFC,SYN-EV-2W-2025,SYN-A-LN-0295,SYN-A-BR-0295,Synthetic Borrower A0295,Electric two-wheeler,Karnataka,2025-08-15,2026-09-15,295588.29,231015.34,14.0,48,13,8077.39,0,0
SYNTHETIC_ONLY,demo-nbfc-ev-001,AssureRail Synthetic EV Finance NBFC,SYN-EV-2W-2025,SYN-A-LN-0296,SYN-A-BR-0296,Synthetic Borrower A0296,Electric two-wheeler,Tamil Nadu,2025-09-15,2026-09-15,313899.07,224420.84,15.0,36,12,10881.41,0,0
SYNTHETIC_ONLY,demo-nbfc-ev-001,AssureRail Synthetic EV Finance NBFC,SYN-EV-2W-2025,SYN-A-LN-0297,SYN-A-BR-0297,Synthetic Borrower A0297,Electric two-wheeler,Maharashtra,2025-01-15,2026-09-15,167412.83,110261.79,16.0,48,20,4744.53,0,0
SYNTHETIC_ONLY,demo-nbfc-ev-001,AssureRail Synthetic EV Finance NBFC,SYN-EV-2W-2025,SYN-A-LN-0298,SYN-A-BR-0298,Synthetic Borrower A0298,Electric two-wheeler,Karnataka,2025-02-15,2026-09-15,185723.62,99415.85,17.0,36,19,6621.55,0,0
SYNTHETIC_ONLY,demo-nbfc-ev-001,AssureRail Synthetic EV Finance NBFC,SYN-EV-2W-2025,SYN-A-LN-0299,SYN-A-BR-0299,Synthetic Borrower A0299,Electric two-wheeler,Tamil Nadu,2025-03-15,2026-09-15,204034.39,143939.17,18.0,48,18,5993.51,0,0
SYNTHETIC_ONLY,demo-nbfc-ev-001,AssureRail Synthetic EV Finance NBFC,SYN-EV-2W-2025,SYN-A-LN-0300,SYN-A-BR-0300,Synthetic Borrower A0300,Electric two-wheeler,Maharashtra,2025-04-15,2026-09-15,222345.17,146702.33,14.0,36,14,7599.23,93,3
SYNTHETIC_ONLY,demo-nbfc-ev-001,AssureRail Synthetic EV Finance NBFC,SYN-EV-2W-2025,SYN-A-LN-0301,SYN-A-BR-0301,Synthetic Borrower A0301,Electric two-wheeler,Karnataka,2025-05-15,2026-09-15,240655.96,175754.49,15.0,48,16,6697.64,0,0
SYNTHETIC_ONLY,demo-nbfc-ev-001,AssureRail Synthetic EV Finance NBFC,SYN-EV-2W-2025,SYN-A-LN-0302,SYN-A-BR-0302,Synthetic Borrower A0302,Electric two-wheeler,Tamil Nadu,2025-06-15,2026-09-15,258966.72,165804.3,16.0,36,15,9104.5,0,0
SYNTHETIC_ONLY,demo-nbfc-ev-001,AssureRail Synthetic EV Finance NBFC,SYN-EV-2W-2025,SYN-A-LN-0303,SYN-A-BR-0303,Synthetic Borrower A0303,Electric two-wheeler,Maharashtra,2025-07-15,2026-09-15,277277.51,214699.01,17.0,48,14,8000.85,0,0
SYNTHETIC_ONLY,demo-nbfc-ev-001,AssureRail Synthetic EV Finance NBFC,SYN-EV-2W-2025,SYN-A-LN-0304,SYN-A-BR-0304,Synthetic Borrower A0304,Electric two-wheeler,Karnataka,2025-08-15,2026-09-15,295588.3,206573.94,18.0,36,13,10686.23,0,0
SYNTHETIC_ONLY,demo-nbfc-ev-001,AssureRail Synthetic EV Finance NBFC,SYN-EV-2W-2025,SYN-A-LN-0305,SYN-A-BR-0305,Synthetic Borrower A0305,Electric two-wheeler,Tamil Nadu,2025-09-15,2026-09-15,313899.07,250975.73,14.0,48,12,8577.76,0,0
SYNTHETIC_ONLY,demo-nbfc-ev-001,AssureRail Synthetic EV Finance NBFC,SYN-EV-2W-2025,SYN-A-LN-0306,SYN-A-BR-0306,Synthetic Borrower A0306,Electric two-wheeler,Maharashtra,2025-01-15,2026-09-15,167412.84,88385.63,15.0,36,19,5803.42,30,1
SYNTHETIC_ONLY,demo-nbfc-ev-001,AssureRail Synthetic EV Finance NBFC,SYN-EV-2W-2025,SYN-A-LN-0307,SYN-A-BR-0307,Synthetic Borrower A0307,Electric two-wheeler,Karnataka,2025-02-15,2026-09-15,185723.61,125906.38,16.0,48,19,5263.46,0,0
SYNTHETIC_ONLY,demo-nbfc-ev-001,AssureRail Synthetic EV Finance NBFC,SYN-EV-2W-2025,SYN-A-LN-0308,SYN-A-BR-0308,Synthetic Borrower A0308,Electric two-wheeler,Tamil Nadu,2025-03-15,2026-09-15,204034.38,114864.54,17.0,36,18,7274.38,0,0
SYNTHETIC_ONLY,demo-nbfc-ev-001,AssureRail Synthetic EV Finance NBFC,SYN-EV-2W-2025,SYN-A-LN-0309,SYN-A-BR-0309,Synthetic Borrower A0309,Electric two-wheeler,Maharashtra,2025-04-15,2026-09-15,222345.18,160973.58,18.0,48,17,6531.39,0,0
SYNTHETIC_ONLY,demo-nbfc-ev-001,AssureRail Synthetic EV Finance NBFC,SYN-EV-2W-2025,SYN-A-LN-0310,SYN-A-BR-0310,Synthetic Borrower A0310,Electric two-wheeler,Karnataka,2025-05-15,2026-09-15,240655.95,145964.21,14.0,36,16,8225.05,0,0
SYNTHETIC_ONLY,demo-nbfc-ev-001,AssureRail Synthetic EV Finance NBFC,SYN-EV-2W-2025,SYN-A-LN-0311,SYN-A-BR-0311,Synthetic Borrower A0311,Electric two-wheeler,Tamil Nadu,2025-06-15,2026-09-15,258966.73,193910.46,15.0,48,15,7207.24,0,0
SYNTHETIC_ONLY,demo-nbfc-ev-001,AssureRail Synthetic EV Finance NBFC,SYN-EV-2W-2025,SYN-A-LN-0312,SYN-A-BR-0312,Synthetic Borrower A0312,Electric two-wheeler,Maharashtra,2025-07-15,2026-09-15,277277.51,199093.86,16.0,36,12,9748.25,66,2
SYNTHETIC_ONLY,demo-nbfc-ev-001,AssureRail Synthetic EV Finance NBFC,SYN-EV-2W-2025,SYN-A-LN-0313,SYN-A-BR-0313,Synthetic Borrower A0313,Electric two-wheeler,Karnataka,2025-08-15,2026-09-15,295588.29,234090.18,17.0,48,13,8529.21,0,0
SYNTHETIC_ONLY,demo-nbfc-ev-001,AssureRail Synthetic EV Finance NBFC,SYN-EV-2W-2025,SYN-A-LN-0314,SYN-A-BR-0314,Synthetic Borrower A0314,Electric two-wheeler,Tamil Nadu,2025-09-15,2026-09-15,313899.07,227309.11,18.0,36,12,11348.2,0,0
SYNTHETIC_ONLY,demo-nbfc-ev-001,AssureRail Synthetic EV Finance NBFC,SYN-EV-2W-2025,SYN-A-LN-0315,SYN-A-BR-0315,Synthetic Borrower A0315,Electric two-wheeler,Maharashtra,2025-01-15,2026-09-15,167412.85,108740.71,14.0,48,20,4574.8,0,0
SYNTHETIC_ONLY,demo-nbfc-ev-001,AssureRail Synthetic EV Finance NBFC,SYN-EV-2W-2025,SYN-A-LN-0316,SYN-A-BR-0316,Synthetic Borrower A0316,Electric two-wheeler,Karnataka,2025-02-15,2026-09-15,185723.62,98052.81,15.0,36,19,6438.17,0,0
SYNTHETIC_ONLY,demo-nbfc-ev-001,AssureRail Synthetic EV Finance NBFC,SYN-EV-2W-2025,SYN-A-LN-0317,SYN-A-BR-0317,Synthetic Borrower A0317,Electric two-wheeler,Tamil Nadu,2025-03-15,2026-09-15,204034.39,142206.0,16.0,48,18,5782.39,0,0
SYNTHETIC_ONLY,demo-nbfc-ev-001,AssureRail Synthetic EV Finance NBFC,SYN-EV-2W-2025,SYN-A-LN-0318,SYN-A-BR-0318,Synthetic Borrower A0318,Electric two-wheeler,Maharashtra,2025-04-15,2026-09-15,222345.16,148940.91,17.0,36,14,7927.21,93,3
SYNTHETIC_ONLY,demo-nbfc-ev-001,AssureRail Synthetic EV Finance NBFC,SYN-EV-2W-2025,SYN-A-LN-0319,SYN-A-BR-0319,Synthetic Borrower A0319,Electric two-wheeler,Karnataka,2025-05-15,2026-09-15,240655.95,178620.19,18.0,48,16,7069.27,0,0
SYNTHETIC_ONLY,demo-nbfc-ev-001,AssureRail Synthetic EV Finance NBFC,SYN-EV-2W-2025,SYN-A-LN-0320,SYN-A-BR-0320,Synthetic Borrower A0320,Electric two-wheeler,Tamil Nadu,2025-06-15,2026-09-15,258966.73,164007.63,14.0,36,15,8850.87,0,0
SYNTHETIC_ONLY,demo-nbfc-ev-001,AssureRail Synthetic EV Finance NBFC,SYN-EV-2W-2025,SYN-A-LN-0321,SYN-A-BR-0321,Synthetic Borrower A0321,Electric two-wheeler,Maharashtra,2025-07-15,2026-09-15,277277.51,212679.65,15.0,48,14,7716.84,0,0
SYNTHETIC_ONLY,demo-nbfc-ev-001,AssureRail Synthetic EV Finance NBFC,SYN-EV-2W-2025,SYN-A-LN-0322,SYN-A-BR-0322,Synthetic Borrower A0322,Electric two-wheeler,Karnataka,2025-08-15,2026-09-15,295588.29,204679.45,16.0,36,13,10392.01,0,0
SYNTHETIC_ONLY,demo-nbfc-ev-001,AssureRail Synthetic EV Finance NBFC,SYN-EV-2W-2025,SYN-A-LN-0323,SYN-A-BR-0323,Synthetic Borrower A0323,Electric two-wheeler,Tamil Nadu,2025-09-15,2026-09-15,313899.06,254049.87,17.0,48,12,9057.57,0,0
SYNTHETIC_ONLY,demo-nbfc-ev-001,AssureRail Synthetic EV Finance NBFC,SYN-EV-2W-2025,SYN-A-LN-0324,SYN-A-BR-0324,Synthetic Borrower A0324,Electric two-wheeler,Maharashtra,2025-01-15,2026-09-15,167412.85,90226.69,18.0,36,19,6052.38,30,1
SYNTHETIC_ONLY,demo-nbfc-ev-001,AssureRail Synthetic EV Finance NBFC,SYN-EV-2W-2025,SYN-A-LN-0325,SYN-A-BR-0325,Synthetic Borrower A0325,Electric two-wheeler,Karnataka,2025-02-15,2026-09-15,185723.61,124259.69,14.0,48,19,5075.17,0,0
SYNTHETIC_ONLY,demo-nbfc-ev-001,AssureRail Synthetic EV Finance NBFC,SYN-EV-2W-2025,SYN-A-LN-0326,SYN-A-BR-0326,Synthetic Borrower A0326,Electric two-wheeler,Tamil Nadu,2025-03-15,2026-09-15,204034.4,113375.71,15.0,36,18,7072.92,0,0
SYNTHETIC_ONLY,demo-nbfc-ev-001,AssureRail Synthetic EV Finance NBFC,SYN-EV-2W-2025,SYN-A-LN-0327,SYN-A-BR-0327,Synthetic Borrower A0327,Electric two-wheeler,Maharashtra,2025-04-15,2026-09-15,222345.18,159147.44,16.0,48,17,6301.32,0,0
SYNTHETIC_ONLY,demo-nbfc-ev-001,AssureRail Synthetic EV Finance NBFC,SYN-EV-2W-2025,SYN-A-LN-0328,SYN-A-BR-0328,Synthetic Borrower A0328,Electric two-wheeler,Karnataka,2025-05-15,2026-09-15,240655.95,148524.88,17.0,36,16,8580.04,0,0
SYNTHETIC_ONLY,demo-nbfc-ev-001,AssureRail Synthetic EV Finance NBFC,SYN-EV-2W-2025,SYN-A-LN-0329,SYN-A-BR-0329,Synthetic Borrower A0329,Electric two-wheeler,Tamil Nadu,2025-06-15,2026-09-15,258966.74,196865.03,18.0,48,15,7607.15,0,0
SYNTHETIC_ONLY,demo-nbfc-ev-001,AssureRail Synthetic EV Finance NBFC,SYN-EV-2W-2025,SYN-A-LN-0330,SYN-A-BR-0330,Synthetic Borrower A0330,Electric two-wheeler,Maharashtra,2025-07-15,2026-09-15,277277.52,197378.03,14.0,36,12,9476.69,66,2
SYNTHETIC_ONLY,demo-nbfc-ev-001,AssureRail Synthetic EV Finance NBFC,SYN-EV-2W-2025,SYN-A-LN-0331,SYN-A-BR-0331,Synthetic Borrower A0331,Electric two-wheeler,Karnataka,2025-08-15,2026-09-15,295588.3,232050.35,15.0,48,13,8226.44,0,0
SYNTHETIC_ONLY,demo-nbfc-ev-001,AssureRail Synthetic EV Finance NBFC,SYN-EV-2W-2025,SYN-A-LN-0332,SYN-A-BR-0332,Synthetic Borrower A0332,Electric two-wheeler,Tamil Nadu,2025-09-15,2026-09-15,313899.08,225389.28,16.0,36,12,11035.76,0,0
SYNTHETIC_ONLY,demo-nbfc-ev-001,AssureRail Synthetic EV Finance NBFC,SYN-EV-2W-2025,SYN-A-LN-0333,SYN-A-BR-0333,Synthetic Borrower A0333,Electric two-wheeler,Maharashtra,2025-01-15,2026-09-15,167412.84,111015.45,17.0,48,20,4830.7,0,0
SYNTHETIC_ONLY,demo-nbfc-ev-001,AssureRail Synthetic EV Finance NBFC,SYN-EV-2W-2025,SYN-A-LN-0334,SYN-A-BR-0334,Synthetic Borrower A0334,Electric two-wheeler,Karnataka,2025-02-15,2026-09-15,185723.62,100095.23,18.0,36,19,6714.35,0,0
SYNTHETIC_ONLY,demo-nbfc-ev-001,AssureRail Synthetic EV Finance NBFC,SYN-EV-2W-2025,SYN-A-LN-0335,SYN-A-BR-0335,Synthetic Borrower A0335,Electric two-wheeler,Tamil Nadu,2025-03-15,2026-09-15,204034.39,140447.63,14.0,48,18,5575.54,0,0
SYNTHETIC_ONLY,demo-nbfc-ev-001,AssureRail Synthetic EV Finance NBFC,SYN-EV-2W-2025,SYN-A-LN-0336,SYN-A-BR-0336,Synthetic Borrower A0336,Electric two-wheeler,Maharashtra,2025-04-15,2026-09-15,222345.18,147452.04,15.0,36,14,7707.67,93,3
SYNTHETIC_ONLY,demo-nbfc-ev-001,AssureRail Synthetic EV Finance NBFC,SYN-EV-2W-2025,SYN-A-LN-0337,SYN-A-BR-0337,Synthetic Borrower A0337,Electric two-wheeler,Karnataka,2025-05-15,2026-09-15,240655.96,176717.72,16.0,48,16,6820.26,0,0
SYNTHETIC_ONLY,demo-nbfc-ev-001,AssureRail Synthetic EV Finance NBFC,SYN-EV-2W-2025,SYN-A-LN-0338,SYN-A-BR-0338,Synthetic Borrower A0338,Electric two-wheeler,Tamil Nadu,2025-06-15,2026-09-15,258966.72,166697.01,17.0,36,15,9232.87,0,0
SYNTHETIC_ONLY,demo-nbfc-ev-001,AssureRail Synthetic EV Finance NBFC,SYN-EV-2W-2025,SYN-A-LN-0339,SYN-A-BR-0339,Synthetic Borrower A0339,Electric two-wheeler,Maharashtra,2025-07-15,2026-09-15,277277.51,215694.39,18.0,48,14,8145.03,0,0
SYNTHETIC_ONLY,demo-nbfc-ev-001,AssureRail Synthetic EV Finance NBFC,SYN-EV-2W-2025,SYN-A-LN-0340,SYN-A-BR-0340,Synthetic Borrower A0340,Electric two-wheeler,Karnataka,2025-08-15,2026-09-15,295588.29,202764.73,14.0,36,13,10102.51,0,0
SYNTHETIC_ONLY,demo-nbfc-ev-001,AssureRail Synthetic EV Finance NBFC,SYN-EV-2W-2025,SYN-A-LN-0341,SYN-A-BR-0341,Synthetic Borrower A0341,Electric two-wheeler,Tamil Nadu,2025-09-15,2026-09-15,313899.08,252011.06,15.0,48,12,8736.05,0,0
SYNTHETIC_ONLY,demo-nbfc-ev-001,AssureRail Synthetic EV Finance NBFC,SYN-EV-2W-2025,SYN-A-LN-0342,SYN-A-BR-0342,Synthetic Borrower A0342,Electric two-wheeler,Maharashtra,2025-01-15,2026-09-15,167412.84,89000.58,16.0,36,19,5885.74,30,1
SYNTHETIC_ONLY,demo-nbfc-ev-001,AssureRail Synthetic EV Finance NBFC,SYN-EV-2W-2025,SYN-A-LN-0343,SYN-A-BR-0343,Synthetic Borrower A0343,Electric two-wheeler,Karnataka,2025-02-15,2026-09-15,185723.62,126721.6,17.0,48,19,5359.06,0,0
SYNTHETIC_ONLY,demo-nbfc-ev-001,AssureRail Synthetic EV Finance NBFC,SYN-EV-2W-2025,SYN-A-LN-0344,SYN-A-BR-0344,Synthetic Borrower A0344,Electric two-wheeler,Tamil Nadu,2025-03-15,2026-09-15,204034.4,115606.02,18.0,36,18,7376.33,0,0
SYNTHETIC_ONLY,demo-nbfc-ev-001,AssureRail Synthetic EV Finance NBFC,SYN-EV-2W-2025,SYN-A-LN-0345,SYN-A-BR-0345,Synthetic Borrower A0345,Electric two-wheeler,Maharashtra,2025-04-15,2026-09-15,222345.18,157292.74,14.0,48,17,6075.91,0,0
SYNTHETIC_ONLY,demo-nbfc-ev-001,AssureRail Synthetic EV Finance NBFC,SYN-EV-2W-2025,SYN-A-LN-0346,SYN-A-BR-0346,Synthetic Borrower A0346,Electric two-wheeler,Karnataka,2025-05-15,2026-09-15,240655.96,146820.85,15.0,36,16,8342.42,0,0
SYNTHETIC_ONLY,demo-nbfc-ev-001,AssureRail Synthetic EV Finance NBFC,SYN-EV-2W-2025,SYN-A-LN-0347,SYN-A-BR-0347,Synthetic Borrower A0347,Electric two-wheeler,Tamil Nadu,2025-06-15,2026-09-15,258966.73,194904.1,16.0,48,15,7339.19,0,0
SYNTHETIC_ONLY,demo-nbfc-ev-001,AssureRail Synthetic EV Finance NBFC,SYN-EV-2W-2025,SYN-A-LN-0348,SYN-A-BR-0348,Synthetic Borrower A0348,Electric two-wheeler,Maharashtra,2025-07-15,2026-09-15,277277.51,199944.31,17.0,36,12,9885.7,66,2
SYNTHETIC_ONLY,demo-nbfc-ev-001,AssureRail Synthetic EV Finance NBFC,SYN-EV-2W-2025,SYN-A-LN-0349,SYN-A-BR-0349,Synthetic Borrower A0349,Electric two-wheeler,Karnataka,2025-08-15,2026-09-15,295588.3,235094.85,18.0,48,13,8682.91,0,0
SYNTHETIC_ONLY,demo-nbfc-ev-001,AssureRail Synthetic EV Finance NBFC,SYN-EV-2W-2025,SYN-A-LN-0350,SYN-A-BR-0350,Synthetic Borrower A0350,Electric two-wheeler,Tamil Nadu,2025-09-15,2026-09-15,313899.08,223446.83,14.0,36,12,10728.33,0,0
SYNTHETIC_ONLY,demo-nbfc-ev-001,AssureRail Synthetic EV Finance NBFC,SYN-EV-2W-2025,SYN-A-LN-0351,SYN-A-BR-0351,Synthetic Borrower A0351,Electric two-wheeler,Maharashtra,2025-01-15,2026-09-15,167412.83,109503.5,15.0,48,20,4659.22,0,0
SYNTHETIC_ONLY,demo-nbfc-ev-001,AssureRail Synthetic EV Finance NBFC,SYN-EV-2W-2025,SYN-A-LN-0352,SYN-A-BR-0352,Synthetic Borrower A0352,Electric two-wheeler,Karnataka,2025-02-15,2026-09-15,185723.62,98735.02,16.0,36,19,6529.49,0,0
SYNTHETIC_ONLY,demo-nbfc-ev-001,AssureRail Synthetic EV Finance NBFC,SYN-EV-2W-2025,SYN-A-LN-0353,SYN-A-BR-0353,Synthetic Borrower A0353,Electric two-wheeler,Tamil Nadu,2025-03-15,2026-09-15,204034.39,143075.79,17.0,48,18,5887.42,0,0
SYNTHETIC_ONLY,demo-nbfc-ev-001,AssureRail Synthetic EV Finance NBFC,SYN-EV-2W-2025,SYN-A-LN-0354,SYN-A-BR-0354,Synthetic Borrower A0354,Electric two-wheeler,Maharashtra,2025-04-15,2026-09-15,222345.17,149679.97,18.0,36,14,8038.31,93,3
SYNTHETIC_ONLY,demo-nbfc-ev-001,AssureRail Synthetic EV Finance NBFC,SYN-EV-2W-2025,SYN-A-LN-0355,SYN-A-BR-0355,Synthetic Borrower A0355,Electric two-wheeler,Karnataka,2025-05-15,2026-09-15,240655.96,174783.4,14.0,48,16,6576.28,0,0
SYNTHETIC_ONLY,demo-nbfc-ev-001,AssureRail Synthetic EV Finance NBFC,SYN-EV-2W-2025,SYN-A-LN-0356,SYN-A-BR-0356,Synthetic Borrower A0356,Electric two-wheeler,Tamil Nadu,2025-06-15,2026-09-15,258966.74,164907.82,15.0,36,15,8977.17,0,0
SYNTHETIC_ONLY,demo-nbfc-ev-001,AssureRail Synthetic EV Finance NBFC,SYN-EV-2W-2025,SYN-A-LN-0357,SYN-A-BR-0357,Synthetic Borrower A0357,Electric two-wheeler,Maharashtra,2025-07-15,2026-09-15,277277.52,213694.07,16.0,48,14,7858.12,0,0
SYNTHETIC_ONLY,demo-nbfc-ev-001,AssureRail Synthetic EV Finance NBFC,SYN-EV-2W-2025,SYN-A-LN-0358,SYN-A-BR-0358,Synthetic Borrower A0358,Electric two-wheeler,Karnataka,2025-08-15,2026-09-15,295588.3,205629.26,17.0,36,13,10538.53,0,0
SYNTHETIC_ONLY,demo-nbfc-ev-001,AssureRail Synthetic EV Finance NBFC,SYN-EV-2W-2025,SYN-A-LN-0359,SYN-A-BR-0359,Synthetic Borrower A0359,Electric two-wheeler,Tamil Nadu,2025-09-15,2026-09-15,313899.08,255053.23,18.0,48,12,9220.79,0,0
SYNTHETIC_ONLY,demo-nbfc-ev-001,AssureRail Synthetic EV Finance NBFC,SYN-EV-2W-2025,SYN-A-LN-0360,SYN-A-BR-0360,Synthetic Borrower A0360,Electric two-wheeler,Maharashtra,2025-01-15,2026-09-15,167412.85,87769.5,14.0,36,19,5721.77,30,1
SYNTHETIC_ONLY,demo-nbfc-ev-001,AssureRail Synthetic EV Finance NBFC,SYN-EV-2W-2025,SYN-A-LN-0361,SYN-A-BR-0361,Synthetic Borrower A0361,Electric two-wheeler,Karnataka,2025-02-15,2026-09-15,185723.62,125085.71,15.0,48,19,5168.83,0,0
SYNTHETIC_ONLY,demo-nbfc-ev-001,AssureRail Synthetic EV Finance NBFC,SYN-EV-2W-2025,SYN-A-LN-0362,SYN-A-BR-0362,Synthetic Borrower A0362,Electric two-wheeler,Tamil Nadu,2025-03-15,2026-09-15,204034.38,114121.08,16.0,36,18,7173.24,0,0
SYNTHETIC_ONLY,demo-nbfc-ev-001,AssureRail Synthetic EV Finance NBFC,SYN-EV-2W-2025,SYN-A-LN-0363,SYN-A-BR-0363,Synthetic Borrower A0363,Electric two-wheeler,Maharashtra,2025-04-15,2026-09-15,222345.18,160064.14,17.0,48,17,6415.78,0,0
SYNTHETIC_ONLY,demo-nbfc-ev-001,AssureRail Synthetic EV Finance NBFC,SYN-EV-2W-2025,SYN-A-LN-0364,SYN-A-BR-0364,Synthetic Borrower A0364,Electric two-wheeler,Karnataka,2025-05-15,2026-09-15,240655.96,149372.13,18.0,36,16,8700.29,0,0
SYNTHETIC_ONLY,demo-nbfc-ev-001,AssureRail Synthetic EV Finance NBFC,SYN-EV-2W-2025,SYN-A-LN-0365,SYN-A-BR-0365,Synthetic Borrower A0365,Electric two-wheeler,Tamil Nadu,2025-06-15,2026-09-15,258966.74,192908.19,14.0,48,15,7076.65,0,0
SYNTHETIC_ONLY,demo-nbfc-ev-001,AssureRail Synthetic EV Finance NBFC,SYN-EV-2W-2025,SYN-A-LN-0366,SYN-A-BR-0366,Synthetic Borrower A0366,Electric two-wheeler,Maharashtra,2025-07-15,2026-09-15,277277.51,198238.41,15.0,36,12,9611.92,66,2
SYNTHETIC_ONLY,demo-nbfc-ev-001,AssureRail Synthetic EV Finance NBFC,SYN-EV-2W-2025,SYN-A-LN-0367,SYN-A-BR-0367,Synthetic Borrower A0367,Electric two-wheeler,Karnataka,2025-08-15,2026-09-15,295588.29,233075.32,16.0,48,13,8377.06,0,0
SYNTHETIC_ONLY,demo-nbfc-ev-001,AssureRail Synthetic EV Finance NBFC,SYN-EV-2W-2025,SYN-A-LN-0368,SYN-A-BR-0368,Synthetic Borrower A0368,Electric two-wheeler,Tamil Nadu,2025-09-15,2026-09-15,313899.08,226352.06,17.0,36,12,11191.36,0,0
SYNTHETIC_ONLY,demo-nbfc-ev-001,AssureRail Synthetic EV Finance NBFC,SYN-EV-2W-2025,SYN-A-LN-0369,SYN-A-BR-0369,Synthetic Borrower A0369,Electric two-wheeler,Maharashtra,2025-01-15,2026-09-15,167412.84,111764.36,18.0,48,20,4917.75,0,0
SYNTHETIC_ONLY,demo-nbfc-ev-001,AssureRail Synthetic EV Finance NBFC,SYN-EV-2W-2025,SYN-A-LN-0370,SYN-A-BR-0370,Synthetic Borrower A0370,Electric two-wheeler,Karnataka,2025-02-15,2026-09-15,185723.62,97369.28,14.0,36,19,6347.59,0,0
SYNTHETIC_ONLY,demo-nbfc-ev-001,AssureRail Synthetic EV Finance NBFC,SYN-EV-2W-2025,SYN-A-LN-0371,SYN-A-BR-0371,Synthetic Borrower A0371,Electric two-wheeler,Tamil Nadu,2025-03-15,2026-09-15,204034.4,141329.91,15.0,48,18,5678.43,0,0
SYNTHETIC_ONLY,demo-nbfc-ev-001,AssureRail Synthetic EV Finance NBFC,SYN-EV-2W-2025,SYN-A-LN-0372,SYN-A-BR-0372,Synthetic Borrower A0372,Electric two-wheeler,Maharashtra,2025-04-15,2026-09-15,222345.17,148198.25,16.0,36,14,7817.0,93,3
SYNTHETIC_ONLY,demo-nbfc-ev-001,AssureRail Synthetic EV Finance NBFC,SYN-EV-2W-2025,SYN-A-LN-0373,SYN-A-BR-0373,Synthetic Borrower A0373,Electric two-wheeler,Karnataka,2025-05-15,2026-09-15,240655.95,177672.99,17.0,48,16,6944.14,0,0
SYNTHETIC_ONLY,demo-nbfc-ev-001,AssureRail Synthetic EV Finance NBFC,SYN-EV-2W-2025,SYN-A-LN-0374,SYN-A-BR-0374,Synthetic Borrower A0374,Electric two-wheeler,Tamil Nadu,2025-06-15,2026-09-15,258966.73,167585.87,18.0,36,15,9362.27,0,0
SYNTHETIC_ONLY,demo-nbfc-ev-001,AssureRail Synthetic EV Finance NBFC,SYN-EV-2W-2025,SYN-A-LN-0375,SYN-A-BR-0375,Synthetic Borrower A0375,Electric two-wheeler,Maharashtra,2025-07-15,2026-09-15,277277.51,211655.86,14.0,48,14,7577.02,0,0
SYNTHETIC_ONLY,demo-nbfc-ev-001,AssureRail Synthetic EV Finance NBFC,SYN-EV-2W-2025,SYN-A-LN-0376,SYN-A-BR-0376,Synthetic Borrower A0376,Electric two-wheeler,Karnataka,2025-08-15,2026-09-15,295588.29,203724.58,15.0,36,13,10246.67,0,0
SYNTHETIC_ONLY,demo-nbfc-ev-001,AssureRail Synthetic EV Finance NBFC,SYN-EV-2W-2025,SYN-A-LN-0377,SYN-A-BR-0377,Synthetic Borrower A0377,Electric two-wheeler,Tamil Nadu,2025-09-15,2026-09-15,313899.08,253035.8,16.0,48,12,8895.99,0,0
SYNTHETIC_ONLY,demo-nbfc-ev-001,AssureRail Synthetic EV Finance NBFC,SYN-EV-2W-2025,SYN-A-LN-0378,SYN-A-BR-0378,Synthetic Borrower A0378,Electric two-wheeler,Maharashtra,2025-01-15,2026-09-15,167412.84,89614.29,17.0,36,19,5968.72,30,1
SYNTHETIC_ONLY,demo-nbfc-ev-001,AssureRail Synthetic EV Finance NBFC,SYN-EV-2W-2025,SYN-A-LN-0379,SYN-A-BR-0379,Synthetic Borrower A0379,Electric two-wheeler,Karnataka,2025-02-15,2026-09-15,185723.62,127531.25,18.0,48,19,5455.63,0,0
SYNTHETIC_ONLY,demo-nbfc-ev-001,AssureRail Synthetic EV Finance NBFC,SYN-EV-2W-2025,SYN-A-LN-0380,SYN-A-BR-0380,Synthetic Borrower A0380,Electric two-wheeler,Tamil Nadu,2025-03-15,2026-09-15,204034.39,112628.48,14.0,36,18,6973.41,0,0
SYNTHETIC_ONLY,demo-nbfc-ev-001,AssureRail Synthetic EV Finance NBFC,SYN-EV-2W-2025,SYN-A-LN-0381,SYN-A-BR-0381,Synthetic Borrower A0381,Electric two-wheeler,Maharashtra,2025-04-15,2026-09-15,222345.17,158223.6,15.0,48,17,6188.03,0,0
SYNTHETIC_ONLY,demo-nbfc-ev-001,AssureRail Synthetic EV Finance NBFC,SYN-EV-2W-2025,SYN-A-LN-0382,SYN-A-BR-0382,Synthetic Borrower A0382,Electric two-wheeler,Karnataka,2025-05-15,2026-09-15,240655.95,147674.43,16.0,36,16,8460.75,0,0
SYNTHETIC_ONLY,demo-nbfc-ev-001,AssureRail Synthetic EV Finance NBFC,SYN-EV-2W-2025,SYN-A-LN-0383,SYN-A-BR-0383,Synthetic Borrower A0383,Electric two-wheeler,Tamil Nadu,2025-06-15,2026-09-15,258966.73,195888.99,17.0,48,15,7472.5,0,0
SYNTHETIC_ONLY,demo-nbfc-ev-001,AssureRail Synthetic EV Finance NBFC,SYN-EV-2W-2025,SYN-A-LN-0384,SYN-A-BR-0384,Synthetic Borrower A0384,Electric two-wheeler,Maharashtra,2025-07-15,2026-09-15,277277.52,200789.72,18.0,36,12,10024.25,66,2
SYNTHETIC_ONLY,demo-nbfc-ev-001,AssureRail Synthetic EV Finance NBFC,SYN-EV-2W-2025,SYN-A-LN-0385,SYN-A-BR-0385,Synthetic Borrower A0385,Electric two-wheeler,Karnataka,2025-08-15,2026-09-15,295588.29,231015.34,14.0,48,13,8077.39,0,0
SYNTHETIC_ONLY,demo-nbfc-ev-001,AssureRail Synthetic EV Finance NBFC,SYN-EV-2W-2025,SYN-A-LN-0386,SYN-A-BR-0386,Synthetic Borrower A0386,Electric two-wheeler,Tamil Nadu,2025-09-15,2026-09-15,313899.07,224420.84,15.0,36,12,10881.41,0,0
SYNTHETIC_ONLY,demo-nbfc-ev-001,AssureRail Synthetic EV Finance NBFC,SYN-EV-2W-2025,SYN-A-LN-0387,SYN-A-BR-0387,Synthetic Borrower A0387,Electric two-wheeler,Maharashtra,2025-01-15,2026-09-15,167412.83,110261.79,16.0,48,20,4744.53,0,0
SYNTHETIC_ONLY,demo-nbfc-ev-001,AssureRail Synthetic EV Finance NBFC,SYN-EV-2W-2025,SYN-A-LN-0388,SYN-A-BR-0388,Synthetic Borrower A0388,Electric two-wheeler,Karnataka,2025-02-15,2026-09-15,185723.62,99415.85,17.0,36,19,6621.55,0,0
SYNTHETIC_ONLY,demo-nbfc-ev-001,AssureRail Synthetic EV Finance NBFC,SYN-EV-2W-2025,SYN-A-LN-0389,SYN-A-BR-0389,Synthetic Borrower A0389,Electric two-wheeler,Tamil Nadu,2025-03-15,2026-09-15,204034.39,143939.17,18.0,48,18,5993.51,0,0
SYNTHETIC_ONLY,demo-nbfc-ev-001,AssureRail Synthetic EV Finance NBFC,SYN-EV-2W-2025,SYN-A-LN-0390,SYN-A-BR-0390,Synthetic Borrower A0390,Electric two-wheeler,Maharashtra,2025-04-15,2026-09-15,222345.17,146702.33,14.0,36,14,7599.23,93,3
SYNTHETIC_ONLY,demo-nbfc-ev-001,AssureRail Synthetic EV Finance NBFC,SYN-EV-2W-2025,SYN-A-LN-0391,SYN-A-BR-0391,Synthetic Borrower A0391,Electric two-wheeler,Karnataka,2025-05-15,2026-09-15,240655.96,175754.49,15.0,48,16,6697.64,0,0
SYNTHETIC_ONLY,demo-nbfc-ev-001,AssureRail Synthetic EV Finance NBFC,SYN-EV-2W-2025,SYN-A-LN-0392,SYN-A-BR-0392,Synthetic Borrower A0392,Electric two-wheeler,Tamil Nadu,2025-06-15,2026-09-15,258966.72,165804.3,16.0,36,15,9104.5,0,0
SYNTHETIC_ONLY,demo-nbfc-ev-001,AssureRail Synthetic EV Finance NBFC,SYN-EV-2W-2025,SYN-A-LN-0393,SYN-A-BR-0393,Synthetic Borrower A0393,Electric two-wheeler,Maharashtra,2025-07-15,2026-09-15,277277.51,214699.01,17.0,48,14,8000.85,0,0
SYNTHETIC_ONLY,demo-nbfc-ev-001,AssureRail Synthetic EV Finance NBFC,SYN-EV-2W-2025,SYN-A-LN-0394,SYN-A-BR-0394,Synthetic Borrower A0394,Electric two-wheeler,Karnataka,2025-08-15,2026-09-15,295588.3,206573.94,18.0,36,13,10686.23,0,0
SYNTHETIC_ONLY,demo-nbfc-ev-001,AssureRail Synthetic EV Finance NBFC,SYN-EV-2W-2025,SYN-A-LN-0395,SYN-A-BR-0395,Synthetic Borrower A0395,Electric two-wheeler,Tamil Nadu,2025-09-15,2026-09-15,313899.07,250975.73,14.0,48,12,8577.76,0,0
SYNTHETIC_ONLY,demo-nbfc-ev-001,AssureRail Synthetic EV Finance NBFC,SYN-EV-2W-2025,SYN-A-LN-0396,SYN-A-BR-0396,Synthetic Borrower A0396,Electric two-wheeler,Maharashtra,2025-01-15,2026-09-15,167412.84,88385.63,15.0,36,19,5803.42,30,1
SYNTHETIC_ONLY,demo-nbfc-ev-001,AssureRail Synthetic EV Finance NBFC,SYN-EV-2W-2025,SYN-A-LN-0397,SYN-A-BR-0397,Synthetic Borrower A0397,Electric two-wheeler,Karnataka,2025-02-15,2026-09-15,185723.61,125906.38,16.0,48,19,5263.46,0,0
SYNTHETIC_ONLY,demo-nbfc-ev-001,AssureRail Synthetic EV Finance NBFC,SYN-EV-2W-2025,SYN-A-LN-0398,SYN-A-BR-0398,Synthetic Borrower A0398,Electric two-wheeler,Tamil Nadu,2025-03-15,2026-09-15,204034.38,114864.54,17.0,36,18,7274.38,0,0
SYNTHETIC_ONLY,demo-nbfc-ev-001,AssureRail Synthetic EV Finance NBFC,SYN-EV-2W-2025,SYN-A-LN-0399,SYN-A-BR-0399,Synthetic Borrower A0399,Electric two-wheeler,Maharashtra,2025-04-15,2026-09-15,222345.18,160973.58,18.0,48,17,6531.39,0,0
SYNTHETIC_ONLY,demo-nbfc-ev-001,AssureRail Synthetic EV Finance NBFC,SYN-EV-2W-2025,SYN-A-LN-0400,SYN-A-BR-0400,Synthetic Borrower A0400,Electric two-wheeler,Karnataka,2025-05-15,2026-09-15,240655.95,145964.21,14.0,36,16,8225.05,0,0
SYNTHETIC_ONLY,demo-nbfc-ev-001,AssureRail Synthetic EV Finance NBFC,SYN-EV-2W-2025,SYN-A-LN-0401,SYN-A-BR-0401,Synthetic Borrower A0401,Electric two-wheeler,Tamil Nadu,2025-06-15,2026-09-15,258966.73,193910.46,15.0,48,15,7207.24,0,0
SYNTHETIC_ONLY,demo-nbfc-ev-001,AssureRail Synthetic EV Finance NBFC,SYN-EV-2W-2025,SYN-A-LN-0402,SYN-A-BR-0402,Synthetic Borrower A0402,Electric two-wheeler,Maharashtra,2025-07-15,2026-09-15,277277.51,199093.86,16.0,36,12,9748.25,66,2
SYNTHETIC_ONLY,demo-nbfc-ev-001,AssureRail Synthetic EV Finance NBFC,SYN-EV-2W-2025,SYN-A-LN-0403,SYN-A-BR-0403,Synthetic Borrower A0403,Electric two-wheeler,Karnataka,2025-08-15,2026-09-15,295588.29,234090.18,17.0,48,13,8529.21,0,0
SYNTHETIC_ONLY,demo-nbfc-ev-001,AssureRail Synthetic EV Finance NBFC,SYN-EV-2W-2025,SYN-A-LN-0404,SYN-A-BR-0404,Synthetic Borrower A0404,Electric two-wheeler,Tamil Nadu,2025-09-15,2026-09-15,313899.07,227309.11,18.0,36,12,11348.2,0,0
SYNTHETIC_ONLY,demo-nbfc-ev-001,AssureRail Synthetic EV Finance NBFC,SYN-EV-2W-2025,SYN-A-LN-0405,SYN-A-BR-0405,Synthetic Borrower A0405,Electric two-wheeler,Maharashtra,2025-01-15,2026-09-15,167412.85,108740.71,14.0,48,20,4574.8,0,0
SYNTHETIC_ONLY,demo-nbfc-ev-001,AssureRail Synthetic EV Finance NBFC,SYN-EV-2W-2025,SYN-A-LN-0406,SYN-A-BR-0406,Synthetic Borrower A0406,Electric two-wheeler,Karnataka,2025-02-15,2026-09-15,185723.62,98052.81,15.0,36,19,6438.17,0,0
SYNTHETIC_ONLY,demo-nbfc-ev-001,AssureRail Synthetic EV Finance NBFC,SYN-EV-2W-2025,SYN-A-LN-0407,SYN-A-BR-0407,Synthetic Borrower A0407,Electric two-wheeler,Tamil Nadu,2025-03-15,2026-09-15,204034.39,142206.0,16.0,48,18,5782.39,0,0
SYNTHETIC_ONLY,demo-nbfc-ev-001,AssureRail Synthetic EV Finance NBFC,SYN-EV-2W-2025,SYN-A-LN-0408,SYN-A-BR-0408,Synthetic Borrower A0408,Electric two-wheeler,Maharashtra,2025-04-15,2026-09-15,222345.16,148940.91,17.0,36,14,7927.21,93,3
SYNTHETIC_ONLY,demo-nbfc-ev-001,AssureRail Synthetic EV Finance NBFC,SYN-EV-2W-2025,SYN-A-LN-0409,SYN-A-BR-0409,Synthetic Borrower A0409,Electric two-wheeler,Karnataka,2025-05-15,2026-09-15,240655.95,178620.19,18.0,48,16,7069.27,0,0
SYNTHETIC_ONLY,demo-nbfc-ev-001,AssureRail Synthetic EV Finance NBFC,SYN-EV-2W-2025,SYN-A-LN-0410,SYN-A-BR-0410,Synthetic Borrower A0410,Electric two-wheeler,Tamil Nadu,2025-06-15,2026-09-15,258966.73,164007.63,14.0,36,15,8850.87,0,0
SYNTHETIC_ONLY,demo-nbfc-ev-001,AssureRail Synthetic EV Finance NBFC,SYN-EV-2W-2025,SYN-A-LN-0411,SYN-A-BR-0411,Synthetic Borrower A0411,Electric two-wheeler,Maharashtra,2025-07-15,2026-09-15,277277.51,212679.65,15.0,48,14,7716.84,0,0
SYNTHETIC_ONLY,demo-nbfc-ev-001,AssureRail Synthetic EV Finance NBFC,SYN-EV-2W-2025,SYN-A-LN-0412,SYN-A-BR-0412,Synthetic Borrower A0412,Electric two-wheeler,Karnataka,2025-08-15,2026-09-15,295588.29,204679.45,16.0,36,13,10392.01,0,0
SYNTHETIC_ONLY,demo-nbfc-ev-001,AssureRail Synthetic EV Finance NBFC,SYN-EV-2W-2025,SYN-A-LN-0413,SYN-A-BR-0413,Synthetic Borrower A0413,Electric two-wheeler,Tamil Nadu,2025-09-15,2026-09-15,313899.06,254049.87,17.0,48,12,9057.57,0,0
SYNTHETIC_ONLY,demo-nbfc-ev-001,AssureRail Synthetic EV Finance NBFC,SYN-EV-2W-2025,SYN-A-LN-0414,SYN-A-BR-0414,Synthetic Borrower A0414,Electric two-wheeler,Maharashtra,2025-01-15,2026-09-15,167412.85,90226.69,18.0,36,19,6052.38,30,1
SYNTHETIC_ONLY,demo-nbfc-ev-001,AssureRail Synthetic EV Finance NBFC,SYN-EV-2W-2025,SYN-A-LN-0415,SYN-A-BR-0415,Synthetic Borrower A0415,Electric two-wheeler,Karnataka,2025-02-15,2026-09-15,185723.61,124259.69,14.0,48,19,5075.17,0,0
SYNTHETIC_ONLY,demo-nbfc-ev-001,AssureRail Synthetic EV Finance NBFC,SYN-EV-2W-2025,SYN-A-LN-0416,SYN-A-BR-0416,Synthetic Borrower A0416,Electric two-wheeler,Tamil Nadu,2025-03-15,2026-09-15,204034.4,113375.71,15.0,36,18,7072.92,0,0
SYNTHETIC_ONLY,demo-nbfc-ev-001,AssureRail Synthetic EV Finance NBFC,SYN-EV-2W-2025,SYN-A-LN-0417,SYN-A-BR-0417,Synthetic Borrower A0417,Electric two-wheeler,Maharashtra,2025-04-15,2026-09-15,222345.18,159147.44,16.0,48,17,6301.32,0,0
SYNTHETIC_ONLY,demo-nbfc-ev-001,AssureRail Synthetic EV Finance NBFC,SYN-EV-2W-2025,SYN-A-LN-0418,SYN-A-BR-0418,Synthetic Borrower A0418,Electric two-wheeler,Karnataka,2025-05-15,2026-09-15,240655.95,148524.88,17.0,36,16,8580.04,0,0
SYNTHETIC_ONLY,demo-nbfc-ev-001,AssureRail Synthetic EV Finance NBFC,SYN-EV-2W-2025,SYN-A-LN-0419,SYN-A-BR-0419,Synthetic Borrower A0419,Electric two-wheeler,Tamil Nadu,2025-06-15,2026-09-15,258966.74,196865.03,18.0,48,15,7607.15,0,0
SYNTHETIC_ONLY,demo-nbfc-ev-001,AssureRail Synthetic EV Finance NBFC,SYN-EV-2W-2025,SYN-A-LN-0420,SYN-A-BR-0420,Synthetic Borrower A0420,Electric two-wheeler,Maharashtra,2025-07-15,2026-09-15,277277.52,197378.03,14.0,36,12,9476.69,66,2
SYNTHETIC_ONLY,demo-nbfc-ev-001,AssureRail Synthetic EV Finance NBFC,SYN-EV-2W-2025,SYN-A-LN-0421,SYN-A-BR-0421,Synthetic Borrower A0421,Electric two-wheeler,Karnataka,2025-08-15,2026-09-15,295588.3,232050.35,15.0,48,13,8226.44,0,0
SYNTHETIC_ONLY,demo-nbfc-ev-001,AssureRail Synthetic EV Finance NBFC,SYN-EV-2W-2025,SYN-A-LN-0422,SYN-A-BR-0422,Synthetic Borrower A0422,Electric two-wheeler,Tamil Nadu,2025-09-15,2026-09-15,313899.08,225389.28,16.0,36,12,11035.76,0,0
SYNTHETIC_ONLY,demo-nbfc-ev-001,AssureRail Synthetic EV Finance NBFC,SYN-EV-2W-2025,SYN-A-LN-0423,SYN-A-BR-0423,Synthetic Borrower A0423,Electric two-wheeler,Maharashtra,2025-01-15,2026-09-15,167412.84,111015.45,17.0,48,20,4830.7,0,0
SYNTHETIC_ONLY,demo-nbfc-ev-001,AssureRail Synthetic EV Finance NBFC,SYN-EV-2W-2025,SYN-A-LN-0424,SYN-A-BR-0424,Synthetic Borrower A0424,Electric two-wheeler,Karnataka,2025-02-15,2026-09-15,185723.62,100095.23,18.0,36,19,6714.35,0,0
SYNTHETIC_ONLY,demo-nbfc-ev-001,AssureRail Synthetic EV Finance NBFC,SYN-EV-2W-2025,SYN-A-LN-0425,SYN-A-BR-0425,Synthetic Borrower A0425,Electric two-wheeler,Tamil Nadu,2025-03-15,2026-09-15,204034.39,140447.63,14.0,48,18,5575.54,0,0
SYNTHETIC_ONLY,demo-nbfc-ev-001,AssureRail Synthetic EV Finance NBFC,SYN-EV-2W-2025,SYN-A-LN-0426,SYN-A-BR-0426,Synthetic Borrower A0426,Electric two-wheeler,Maharashtra,2025-04-15,2026-09-15,222345.18,147452.04,15.0,36,14,7707.67,93,3
SYNTHETIC_ONLY,demo-nbfc-ev-001,AssureRail Synthetic EV Finance NBFC,SYN-EV-2W-2025,SYN-A-LN-0427,SYN-A-BR-0427,Synthetic Borrower A0427,Electric two-wheeler,Karnataka,2025-05-15,2026-09-15,240655.96,176717.72,16.0,48,16,6820.26,0,0
SYNTHETIC_ONLY,demo-nbfc-ev-001,AssureRail Synthetic EV Finance NBFC,SYN-EV-2W-2025,SYN-A-LN-0428,SYN-A-BR-0428,Synthetic Borrower A0428,Electric two-wheeler,Tamil Nadu,2025-06-15,2026-09-15,258966.72,166697.01,17.0,36,15,9232.87,0,0
SYNTHETIC_ONLY,demo-nbfc-ev-001,AssureRail Synthetic EV Finance NBFC,SYN-EV-2W-2025,SYN-A-LN-0429,SYN-A-BR-0429,Synthetic Borrower A0429,Electric two-wheeler,Maharashtra,2025-07-15,2026-09-15,277277.51,215694.39,18.0,48,14,8145.03,0,0
SYNTHETIC_ONLY,demo-nbfc-ev-001,AssureRail Synthetic EV Finance NBFC,SYN-EV-2W-2025,SYN-A-LN-0430,SYN-A-BR-0430,Synthetic Borrower A0430,Electric two-wheeler,Karnataka,2025-08-15,2026-09-15,295588.29,202764.73,14.0,36,13,10102.51,0,0
SYNTHETIC_ONLY,demo-nbfc-ev-001,AssureRail Synthetic EV Finance NBFC,SYN-EV-2W-2025,SYN-A-LN-0431,SYN-A-BR-0431,Synthetic Borrower A0431,Electric two-wheeler,Tamil Nadu,2025-09-15,2026-09-15,313899.08,252011.06,15.0,48,12,8736.05,0,0
SYNTHETIC_ONLY,demo-nbfc-ev-001,AssureRail Synthetic EV Finance NBFC,SYN-EV-2W-2025,SYN-A-LN-0432,SYN-A-BR-0432,Synthetic Borrower A0432,Electric two-wheeler,Maharashtra,2025-01-15,2026-09-15,167412.84,89000.58,16.0,36,19,5885.74,30,1
SYNTHETIC_ONLY,demo-nbfc-ev-001,AssureRail Synthetic EV Finance NBFC,SYN-EV-2W-2025,SYN-A-LN-0433,SYN-A-BR-0433,Synthetic Borrower A0433,Electric two-wheeler,Karnataka,2025-02-15,2026-09-15,185723.62,126721.6,17.0,48,19,5359.06,0,0
SYNTHETIC_ONLY,demo-nbfc-ev-001,AssureRail Synthetic EV Finance NBFC,SYN-EV-2W-2025,SYN-A-LN-0434,SYN-A-BR-0434,Synthetic Borrower A0434,Electric two-wheeler,Tamil Nadu,2025-03-15,2026-09-15,204034.4,115606.02,18.0,36,18,7376.33,0,0
SYNTHETIC_ONLY,demo-nbfc-ev-001,AssureRail Synthetic EV Finance NBFC,SYN-EV-2W-2025,SYN-A-LN-0435,SYN-A-BR-0435,Synthetic Borrower A0435,Electric two-wheeler,Maharashtra,2025-04-15,2026-09-15,222345.18,157292.74,14.0,48,17,6075.91,0,0
SYNTHETIC_ONLY,demo-nbfc-ev-001,AssureRail Synthetic EV Finance NBFC,SYN-EV-2W-2025,SYN-A-LN-0436,SYN-A-BR-0436,Synthetic Borrower A0436,Electric two-wheeler,Karnataka,2025-05-15,2026-09-15,240655.96,146820.85,15.0,36,16,8342.42,0,0
SYNTHETIC_ONLY,demo-nbfc-ev-001,AssureRail Synthetic EV Finance NBFC,SYN-EV-2W-2025,SYN-A-LN-0437,SYN-A-BR-0437,Synthetic Borrower A0437,Electric two-wheeler,Tamil Nadu,2025-06-15,2026-09-15,258966.73,194904.1,16.0,48,15,7339.19,0,0
SYNTHETIC_ONLY,demo-nbfc-ev-001,AssureRail Synthetic EV Finance NBFC,SYN-EV-2W-2025,SYN-A-LN-0438,SYN-A-BR-0438,Synthetic Borrower A0438,Electric two-wheeler,Maharashtra,2025-07-15,2026-09-15,277277.51,199944.31,17.0,36,12,9885.7,66,2
SYNTHETIC_ONLY,demo-nbfc-ev-001,AssureRail Synthetic EV Finance NBFC,SYN-EV-2W-2025,SYN-A-LN-0439,SYN-A-BR-0439,Synthetic Borrower A0439,Electric two-wheeler,Karnataka,2025-08-15,2026-09-15,295588.3,235094.85,18.0,48,13,8682.91,0,0
SYNTHETIC_ONLY,demo-nbfc-ev-001,AssureRail Synthetic EV Finance NBFC,SYN-EV-2W-2025,SYN-A-LN-0440,SYN-A-BR-0440,Synthetic Borrower A0440,Electric two-wheeler,Tamil Nadu,2025-09-15,2026-09-15,313899.08,223446.83,14.0,36,12,10728.33,0,0
SYNTHETIC_ONLY,demo-nbfc-ev-001,AssureRail Synthetic EV Finance NBFC,SYN-EV-2W-2025,SYN-A-LN-0441,SYN-A-BR-0441,Synthetic Borrower A0441,Electric two-wheeler,Maharashtra,2025-01-15,2026-09-15,167412.83,109503.5,15.0,48,20,4659.22,0,0
SYNTHETIC_ONLY,demo-nbfc-ev-001,AssureRail Synthetic EV Finance NBFC,SYN-EV-2W-2025,SYN-A-LN-0442,SYN-A-BR-0442,Synthetic Borrower A0442,Electric two-wheeler,Karnataka,2025-02-15,2026-09-15,185723.62,98735.02,16.0,36,19,6529.49,0,0
SYNTHETIC_ONLY,demo-nbfc-ev-001,AssureRail Synthetic EV Finance NBFC,SYN-EV-2W-2025,SYN-A-LN-0443,SYN-A-BR-0443,Synthetic Borrower A0443,Electric two-wheeler,Tamil Nadu,2025-03-15,2026-09-15,204034.39,143075.79,17.0,48,18,5887.42,0,0
SYNTHETIC_ONLY,demo-nbfc-ev-001,AssureRail Synthetic EV Finance NBFC,SYN-EV-2W-2025,SYN-A-LN-0444,SYN-A-BR-0444,Synthetic Borrower A0444,Electric two-wheeler,Maharashtra,2025-04-15,2026-09-15,222345.17,149679.97,18.0,36,14,8038.31,93,3
SYNTHETIC_ONLY,demo-nbfc-ev-001,AssureRail Synthetic EV Finance NBFC,SYN-EV-2W-2025,SYN-A-LN-0445,SYN-A-BR-0445,Synthetic Borrower A0445,Electric two-wheeler,Karnataka,2025-05-15,2026-09-15,240655.96,174783.4,14.0,48,16,6576.28,0,0
SYNTHETIC_ONLY,demo-nbfc-ev-001,AssureRail Synthetic EV Finance NBFC,SYN-EV-2W-2025,SYN-A-LN-0446,SYN-A-BR-0446,Synthetic Borrower A0446,Electric two-wheeler,Tamil Nadu,2025-06-15,2026-09-15,258966.74,164907.82,15.0,36,15,8977.17,0,0
SYNTHETIC_ONLY,demo-nbfc-ev-001,AssureRail Synthetic EV Finance NBFC,SYN-EV-2W-2025,SYN-A-LN-0447,SYN-A-BR-0447,Synthetic Borrower A0447,Electric two-wheeler,Maharashtra,2025-07-15,2026-09-15,277277.52,213694.07,16.0,48,14,7858.12,0,0
SYNTHETIC_ONLY,demo-nbfc-ev-001,AssureRail Synthetic EV Finance NBFC,SYN-EV-2W-2025,SYN-A-LN-0448,SYN-A-BR-0448,Synthetic Borrower A0448,Electric two-wheeler,Karnataka,2025-08-15,2026-09-15,295588.3,205629.26,17.0,36,13,10538.53,0,0
SYNTHETIC_ONLY,demo-nbfc-ev-001,AssureRail Synthetic EV Finance NBFC,SYN-EV-2W-2025,SYN-A-LN-0449,SYN-A-BR-0449,Synthetic Borrower A0449,Electric two-wheeler,Tamil Nadu,2025-09-15,2026-09-15,313899.08,255053.23,18.0,48,12,9220.79,0,0
SYNTHETIC_ONLY,demo-nbfc-ev-001,AssureRail Synthetic EV Finance NBFC,SYN-EV-2W-2025,SYN-A-LN-0450,SYN-A-BR-0450,Synthetic Borrower A0450,Electric two-wheeler,Maharashtra,2025-01-15,2026-09-15,167412.85,87769.5,14.0,36,19,5721.77,30,1
SYNTHETIC_ONLY,demo-nbfc-ev-001,AssureRail Synthetic EV Finance NBFC,SYN-EV-2W-2025,SYN-A-LN-0451,SYN-A-BR-0451,Synthetic Borrower A0451,Electric two-wheeler,Karnataka,2025-02-15,2026-09-15,185723.62,125085.71,15.0,48,19,5168.83,0,0
SYNTHETIC_ONLY,demo-nbfc-ev-001,AssureRail Synthetic EV Finance NBFC,SYN-EV-2W-2025,SYN-A-LN-0452,SYN-A-BR-0452,Synthetic Borrower A0452,Electric two-wheeler,Tamil Nadu,2025-03-15,2026-09-15,204034.38,114121.08,16.0,36,18,7173.24,0,0
SYNTHETIC_ONLY,demo-nbfc-ev-001,AssureRail Synthetic EV Finance NBFC,SYN-EV-2W-2025,SYN-A-LN-0453,SYN-A-BR-0453,Synthetic Borrower A0453,Electric two-wheeler,Maharashtra,2025-04-15,2026-09-15,222345.18,160064.14,17.0,48,17,6415.78,0,0
SYNTHETIC_ONLY,demo-nbfc-ev-001,AssureRail Synthetic EV Finance NBFC,SYN-EV-2W-2025,SYN-A-LN-0454,SYN-A-BR-0454,Synthetic Borrower A0454,Electric two-wheeler,Karnataka,2025-05-15,2026-09-15,240655.96,149372.13,18.0,36,16,8700.29,0,0
SYNTHETIC_ONLY,demo-nbfc-ev-001,AssureRail Synthetic EV Finance NBFC,SYN-EV-2W-2025,SYN-A-LN-0455,SYN-A-BR-0455,Synthetic Borrower A0455,Electric two-wheeler,Tamil Nadu,2025-06-15,2026-09-15,258966.74,192908.19,14.0,48,15,7076.65,0,0
SYNTHETIC_ONLY,demo-nbfc-ev-001,AssureRail Synthetic EV Finance NBFC,SYN-EV-2W-2025,SYN-A-LN-0456,SYN-A-BR-0456,Synthetic Borrower A0456,Electric two-wheeler,Maharashtra,2025-07-15,2026-09-15,277277.51,198238.41,15.0,36,12,9611.92,66,2
SYNTHETIC_ONLY,demo-nbfc-ev-001,AssureRail Synthetic EV Finance NBFC,SYN-EV-2W-2025,SYN-A-LN-0457,SYN-A-BR-0457,Synthetic Borrower A0457,Electric two-wheeler,Karnataka,2025-08-15,2026-09-15,295588.29,233075.32,16.0,48,13,8377.06,0,0
SYNTHETIC_ONLY,demo-nbfc-ev-001,AssureRail Synthetic EV Finance NBFC,SYN-EV-2W-2025,SYN-A-LN-0458,SYN-A-BR-0458,Synthetic Borrower A0458,Electric two-wheeler,Tamil Nadu,2025-09-15,2026-09-15,313899.08,226352.06,17.0,36,12,11191.36,0,0
SYNTHETIC_ONLY,demo-nbfc-ev-001,AssureRail Synthetic EV Finance NBFC,SYN-EV-2W-2025,SYN-A-LN-0459,SYN-A-BR-0459,Synthetic Borrower A0459,Electric two-wheeler,Maharashtra,2025-01-15,2026-09-15,167412.84,111764.36,18.0,48,20,4917.75,0,0
SYNTHETIC_ONLY,demo-nbfc-ev-001,AssureRail Synthetic EV Finance NBFC,SYN-EV-2W-2025,SYN-A-LN-0460,SYN-A-BR-0460,Synthetic Borrower A0460,Electric two-wheeler,Karnataka,2025-02-15,2026-09-15,185723.62,97369.28,14.0,36,19,6347.59,0,0
SYNTHETIC_ONLY,demo-nbfc-ev-001,AssureRail Synthetic EV Finance NBFC,SYN-EV-2W-2025,SYN-A-LN-0461,SYN-A-BR-0461,Synthetic Borrower A0461,Electric two-wheeler,Tamil Nadu,2025-03-15,2026-09-15,204034.4,141329.91,15.0,48,18,5678.43,0,0
SYNTHETIC_ONLY,demo-nbfc-ev-001,AssureRail Synthetic EV Finance NBFC,SYN-EV-2W-2025,SYN-A-LN-0462,SYN-A-BR-0462,Synthetic Borrower A0462,Electric two-wheeler,Maharashtra,2025-04-15,2026-09-15,222345.17,148198.25,16.0,36,14,7817.0,93,3
SYNTHETIC_ONLY,demo-nbfc-ev-001,AssureRail Synthetic EV Finance NBFC,SYN-EV-2W-2025,SYN-A-LN-0463,SYN-A-BR-0463,Synthetic Borrower A0463,Electric two-wheeler,Karnataka,2025-05-15,2026-09-15,240655.95,177672.99,17.0,48,16,6944.14,0,0
SYNTHETIC_ONLY,demo-nbfc-ev-001,AssureRail Synthetic EV Finance NBFC,SYN-EV-2W-2025,SYN-A-LN-0464,SYN-A-BR-0464,Synthetic Borrower A0464,Electric two-wheeler,Tamil Nadu,2025-06-15,2026-09-15,258966.73,167585.87,18.0,36,15,9362.27,0,0
SYNTHETIC_ONLY,demo-nbfc-ev-001,AssureRail Synthetic EV Finance NBFC,SYN-EV-2W-2025,SYN-A-LN-0465,SYN-A-BR-0465,Synthetic Borrower A0465,Electric two-wheeler,Maharashtra,2025-07-15,2026-09-15,277277.51,211655.86,14.0,48,14,7577.02,0,0
SYNTHETIC_ONLY,demo-nbfc-ev-001,AssureRail Synthetic EV Finance NBFC,SYN-EV-2W-2025,SYN-A-LN-0466,SYN-A-BR-0466,Synthetic Borrower A0466,Electric two-wheeler,Karnataka,2025-08-15,2026-09-15,295588.29,203724.58,15.0,36,13,10246.67,0,0
SYNTHETIC_ONLY,demo-nbfc-ev-001,AssureRail Synthetic EV Finance NBFC,SYN-EV-2W-2025,SYN-A-LN-0467,SYN-A-BR-0467,Synthetic Borrower A0467,Electric two-wheeler,Tamil Nadu,2025-09-15,2026-09-15,313899.08,253035.8,16.0,48,12,8895.99,0,0
SYNTHETIC_ONLY,demo-nbfc-ev-001,AssureRail Synthetic EV Finance NBFC,SYN-EV-2W-2025,SYN-A-LN-0468,SYN-A-BR-0468,Synthetic Borrower A0468,Electric two-wheeler,Maharashtra,2025-01-15,2026-09-15,167412.84,89614.29,17.0,36,19,5968.72,30,1
SYNTHETIC_ONLY,demo-nbfc-ev-001,AssureRail Synthetic EV Finance NBFC,SYN-EV-2W-2025,SYN-A-LN-0469,SYN-A-BR-0469,Synthetic Borrower A0469,Electric two-wheeler,Karnataka,2025-02-15,2026-09-15,185723.62,127531.25,18.0,48,19,5455.63,0,0
SYNTHETIC_ONLY,demo-nbfc-ev-001,AssureRail Synthetic EV Finance NBFC,SYN-EV-2W-2025,SYN-A-LN-0470,SYN-A-BR-0470,Synthetic Borrower A0470,Electric two-wheeler,Tamil Nadu,2025-03-15,2026-09-15,204034.39,112628.48,14.0,36,18,6973.41,0,0
SYNTHETIC_ONLY,demo-nbfc-ev-001,AssureRail Synthetic EV Finance NBFC,SYN-EV-2W-2025,SYN-A-LN-0471,SYN-A-BR-0471,Synthetic Borrower A0471,Electric two-wheeler,Maharashtra,2025-04-15,2026-09-15,222345.17,158223.6,15.0,48,17,6188.03,0,0
SYNTHETIC_ONLY,demo-nbfc-ev-001,AssureRail Synthetic EV Finance NBFC,SYN-EV-2W-2025,SYN-A-LN-0472,SYN-A-BR-0472,Synthetic Borrower A0472,Electric two-wheeler,Karnataka,2025-05-15,2026-09-15,240655.95,147674.43,16.0,36,16,8460.75,0,0
SYNTHETIC_ONLY,demo-nbfc-ev-001,AssureRail Synthetic EV Finance NBFC,SYN-EV-2W-2025,SYN-A-LN-0473,SYN-A-BR-0473,Synthetic Borrower A0473,Electric two-wheeler,Tamil Nadu,2025-06-15,2026-09-15,258966.73,195888.99,17.0,48,15,7472.5,0,0
SYNTHETIC_ONLY,demo-nbfc-ev-001,AssureRail Synthetic EV Finance NBFC,SYN-EV-2W-2025,SYN-A-LN-0474,SYN-A-BR-0474,Synthetic Borrower A0474,Electric two-wheeler,Maharashtra,2025-07-15,2026-09-15,277277.52,200789.72,18.0,36,12,10024.25,66,2
SYNTHETIC_ONLY,demo-nbfc-ev-001,AssureRail Synthetic EV Finance NBFC,SYN-EV-2W-2025,SYN-A-LN-0475,SYN-A-BR-0475,Synthetic Borrower A0475,Electric two-wheeler,Karnataka,2025-08-15,2026-09-15,295588.29,231015.34,14.0,48,13,8077.39,0,0
SYNTHETIC_ONLY,demo-nbfc-ev-001,AssureRail Synthetic EV Finance NBFC,SYN-EV-2W-2025,SYN-A-LN-0476,SYN-A-BR-0476,Synthetic Borrower A0476,Electric two-wheeler,Tamil Nadu,2025-09-15,2026-09-15,313899.07,224420.84,15.0,36,12,10881.41,0,0
SYNTHETIC_ONLY,demo-nbfc-ev-001,AssureRail Synthetic EV Finance NBFC,SYN-EV-2W-2025,SYN-A-LN-0477,SYN-A-BR-0477,Synthetic Borrower A0477,Electric two-wheeler,Maharashtra,2025-01-15,2026-09-15,167412.83,110261.79,16.0,48,20,4744.53,0,0
SYNTHETIC_ONLY,demo-nbfc-ev-001,AssureRail Synthetic EV Finance NBFC,SYN-EV-2W-2025,SYN-A-LN-0478,SYN-A-BR-0478,Synthetic Borrower A0478,Electric two-wheeler,Karnataka,2025-02-15,2026-09-15,185723.62,99415.85,17.0,36,19,6621.55,0,0
SYNTHETIC_ONLY,demo-nbfc-ev-001,AssureRail Synthetic EV Finance NBFC,SYN-EV-2W-2025,SYN-A-LN-0479,SYN-A-BR-0479,Synthetic Borrower A0479,Electric two-wheeler,Tamil Nadu,2025-03-15,2026-09-15,204034.39,143939.17,18.0,48,18,5993.51,0,0
SYNTHETIC_ONLY,demo-nbfc-ev-001,AssureRail Synthetic EV Finance NBFC,SYN-EV-2W-2025,SYN-A-LN-0480,SYN-A-BR-0480,Synthetic Borrower A0480,Electric two-wheeler,Maharashtra,2025-04-15,2026-09-15,222345.17,146702.33,14.0,36,14,7599.23,93,3
SYNTHETIC_ONLY,demo-nbfc-ev-001,AssureRail Synthetic EV Finance NBFC,SYN-EV-2W-2025,SYN-A-LN-0481,SYN-A-BR-0481,Synthetic Borrower A0481,Electric two-wheeler,Karnataka,2025-05-15,2026-09-15,240655.96,175754.49,15.0,48,16,6697.64,0,0
SYNTHETIC_ONLY,demo-nbfc-ev-001,AssureRail Synthetic EV Finance NBFC,SYN-EV-2W-2025,SYN-A-LN-0482,SYN-A-BR-0482,Synthetic Borrower A0482,Electric two-wheeler,Tamil Nadu,2025-06-15,2026-09-15,258966.72,165804.3,16.0,36,15,9104.5,0,0
SYNTHETIC_ONLY,demo-nbfc-ev-001,AssureRail Synthetic EV Finance NBFC,SYN-EV-2W-2025,SYN-A-LN-0483,SYN-A-BR-0483,Synthetic Borrower A0483,Electric two-wheeler,Maharashtra,2025-07-15,2026-09-15,277277.51,214699.01,17.0,48,14,8000.85,0,0
SYNTHETIC_ONLY,demo-nbfc-ev-001,AssureRail Synthetic EV Finance NBFC,SYN-EV-2W-2025,SYN-A-LN-0484,SYN-A-BR-0484,Synthetic Borrower A0484,Electric two-wheeler,Karnataka,2025-08-15,2026-09-15,295588.3,206573.94,18.0,36,13,10686.23,0,0
SYNTHETIC_ONLY,demo-nbfc-ev-001,AssureRail Synthetic EV Finance NBFC,SYN-EV-2W-2025,SYN-A-LN-0485,SYN-A-BR-0485,Synthetic Borrower A0485,Electric two-wheeler,Tamil Nadu,2025-09-15,2026-09-15,313899.07,250975.73,14.0,48,12,8577.76,0,0
SYNTHETIC_ONLY,demo-nbfc-ev-001,AssureRail Synthetic EV Finance NBFC,SYN-EV-2W-2025,SYN-A-LN-0486,SYN-A-BR-0486,Synthetic Borrower A0486,Electric two-wheeler,Maharashtra,2025-01-15,2026-09-15,167412.84,88385.63,15.0,36,19,5803.42,30,1
SYNTHETIC_ONLY,demo-nbfc-ev-001,AssureRail Synthetic EV Finance NBFC,SYN-EV-2W-2025,SYN-A-LN-0487,SYN-A-BR-0487,Synthetic Borrower A0487,Electric two-wheeler,Karnataka,2025-02-15,2026-09-15,185723.61,125906.38,16.0,48,19,5263.46,0,0
SYNTHETIC_ONLY,demo-nbfc-ev-001,AssureRail Synthetic EV Finance NBFC,SYN-EV-2W-2025,SYN-A-LN-0488,SYN-A-BR-0488,Synthetic Borrower A0488,Electric two-wheeler,Tamil Nadu,2025-03-15,2026-09-15,204034.38,114864.54,17.0,36,18,7274.38,0,0
SYNTHETIC_ONLY,demo-nbfc-ev-001,AssureRail Synthetic EV Finance NBFC,SYN-EV-2W-2025,SYN-A-LN-0489,SYN-A-BR-0489,Synthetic Borrower A0489,Electric two-wheeler,Maharashtra,2025-04-15,2026-09-15,222345.18,160973.58,18.0,48,17,6531.39,0,0
SYNTHETIC_ONLY,demo-nbfc-ev-001,AssureRail Synthetic EV Finance NBFC,SYN-EV-2W-2025,SYN-A-LN-0490,SYN-A-BR-0490,Synthetic Borrower A0490,Electric two-wheeler,Karnataka,2025-05-15,2026-09-15,240655.95,145964.21,14.0,36,16,8225.05,0,0
SYNTHETIC_ONLY,demo-nbfc-ev-001,AssureRail Synthetic EV Finance NBFC,SYN-EV-2W-2025,SYN-A-LN-0491,SYN-A-BR-0491,Synthetic Borrower A0491,Electric two-wheeler,Tamil Nadu,2025-06-15,2026-09-15,258966.73,193910.46,15.0,48,15,7207.24,0,0
SYNTHETIC_ONLY,demo-nbfc-ev-001,AssureRail Synthetic EV Finance NBFC,SYN-EV-2W-2025,SYN-A-LN-0492,SYN-A-BR-0492,Synthetic Borrower A0492,Electric two-wheeler,Maharashtra,2025-07-15,2026-09-15,277277.51,199093.86,16.0,36,12,9748.25,66,2
SYNTHETIC_ONLY,demo-nbfc-ev-001,AssureRail Synthetic EV Finance NBFC,SYN-EV-2W-2025,SYN-A-LN-0493,SYN-A-BR-0493,Synthetic Borrower A0493,Electric two-wheeler,Karnataka,2025-08-15,2026-09-15,295588.29,234090.18,17.0,48,13,8529.21,0,0
SYNTHETIC_ONLY,demo-nbfc-ev-001,AssureRail Synthetic EV Finance NBFC,SYN-EV-2W-2025,SYN-A-LN-0494,SYN-A-BR-0494,Synthetic Borrower A0494,Electric two-wheeler,Tamil Nadu,2025-09-15,2026-09-15,313899.07,227309.11,18.0,36,12,11348.2,0,0
SYNTHETIC_ONLY,demo-nbfc-ev-001,AssureRail Synthetic EV Finance NBFC,SYN-EV-2W-2025,SYN-A-LN-0495,SYN-A-BR-0495,Synthetic Borrower A0495,Electric two-wheeler,Maharashtra,2025-01-15,2026-09-15,167412.85,108740.71,14.0,48,20,4574.8,0,0
SYNTHETIC_ONLY,demo-nbfc-ev-001,AssureRail Synthetic EV Finance NBFC,SYN-EV-2W-2025,SYN-A-LN-0496,SYN-A-BR-0496,Synthetic Borrower A0496,Electric two-wheeler,Karnataka,2025-02-15,2026-09-15,185723.62,98052.81,15.0,36,19,6438.17,0,0
SYNTHETIC_ONLY,demo-nbfc-ev-001,AssureRail Synthetic EV Finance NBFC,SYN-EV-2W-2025,SYN-A-LN-0497,SYN-A-BR-0497,Synthetic Borrower A0497,Electric two-wheeler,Tamil Nadu,2025-03-15,2026-09-15,204034.39,142206.0,16.0,48,18,5782.39,0,0
SYNTHETIC_ONLY,demo-nbfc-ev-001,AssureRail Synthetic EV Finance NBFC,SYN-EV-2W-2025,SYN-A-LN-0498,SYN-A-BR-0498,Synthetic Borrower A0498,Electric two-wheeler,Maharashtra,2025-04-15,2026-09-15,222345.16,148940.91,17.0,36,14,7927.21,93,3
SYNTHETIC_ONLY,demo-nbfc-ev-001,AssureRail Synthetic EV Finance NBFC,SYN-EV-2W-2025,SYN-A-LN-0499,SYN-A-BR-0499,Synthetic Borrower A0499,Electric two-wheeler,Karnataka,2025-05-15,2026-09-15,240655.95,178620.19,18.0,48,16,7069.27,0,0
SYNTHETIC_ONLY,demo-nbfc-ev-001,AssureRail Synthetic EV Finance NBFC,SYN-EV-2W-2025,SYN-A-LN-0500,SYN-A-BR-0500,Synthetic Borrower A0500,Electric two-wheeler,Tamil Nadu,2025-06-15,2026-09-15,258966.73,164007.63,14.0,36,15,8850.87,0,0
SYNTHETIC_ONLY,demo-nbfc-ev-001,AssureRail Synthetic EV Finance NBFC,SYN-EV-2W-2025,SYN-A-LN-0501,SYN-A-BR-0501,Synthetic Borrower A0501,Electric two-wheeler,Maharashtra,2025-07-15,2026-09-15,277277.51,212679.65,15.0,48,14,7716.84,0,0
SYNTHETIC_ONLY,demo-nbfc-ev-001,AssureRail Synthetic EV Finance NBFC,SYN-EV-2W-2025,SYN-A-LN-0502,SYN-A-BR-0502,Synthetic Borrower A0502,Electric two-wheeler,Karnataka,2025-08-15,2026-09-15,295588.29,204679.45,16.0,36,13,10392.01,0,0
SYNTHETIC_ONLY,demo-nbfc-ev-001,AssureRail Synthetic EV Finance NBFC,SYN-EV-2W-2025,SYN-A-LN-0503,SYN-A-BR-0503,Synthetic Borrower A0503,Electric two-wheeler,Tamil Nadu,2025-09-15,2026-09-15,313899.06,254049.87,17.0,48,12,9057.57,0,0
SYNTHETIC_ONLY,demo-nbfc-ev-001,AssureRail Synthetic EV Finance NBFC,SYN-EV-2W-2025,SYN-A-LN-0504,SYN-A-BR-0504,Synthetic Borrower A0504,Electric two-wheeler,Maharashtra,2025-01-15,2026-09-15,167412.85,90226.69,18.0,36,19,6052.38,30,1
SYNTHETIC_ONLY,demo-nbfc-ev-001,AssureRail Synthetic EV Finance NBFC,SYN-EV-2W-2025,SYN-A-LN-0505,SYN-A-BR-0505,Synthetic Borrower A0505,Electric two-wheeler,Karnataka,2025-02-15,2026-09-15,185723.61,124259.69,14.0,48,19,5075.17,0,0
SYNTHETIC_ONLY,demo-nbfc-ev-001,AssureRail Synthetic EV Finance NBFC,SYN-EV-2W-2025,SYN-A-LN-0506,SYN-A-BR-0506,Synthetic Borrower A0506,Electric two-wheeler,Tamil Nadu,2025-03-15,2026-09-15,204034.4,113375.71,15.0,36,18,7072.92,0,0
SYNTHETIC_ONLY,demo-nbfc-ev-001,AssureRail Synthetic EV Finance NBFC,SYN-EV-2W-2025,SYN-A-LN-0507,SYN-A-BR-0507,Synthetic Borrower A0507,Electric two-wheeler,Maharashtra,2025-04-15,2026-09-15,222345.18,159147.44,16.0,48,17,6301.32,0,0
SYNTHETIC_ONLY,demo-nbfc-ev-001,AssureRail Synthetic EV Finance NBFC,SYN-EV-2W-2025,SYN-A-LN-0508,SYN-A-BR-0508,Synthetic Borrower A0508,Electric two-wheeler,Karnataka,2025-05-15,2026-09-15,240655.95,148524.88,17.0,36,16,8580.04,0,0
SYNTHETIC_ONLY,demo-nbfc-ev-001,AssureRail Synthetic EV Finance NBFC,SYN-EV-2W-2025,SYN-A-LN-0509,SYN-A-BR-0509,Synthetic Borrower A0509,Electric two-wheeler,Tamil Nadu,2025-06-15,2026-09-15,258966.74,196865.03,18.0,48,15,7607.15,0,0
SYNTHETIC_ONLY,demo-nbfc-ev-001,AssureRail Synthetic EV Finance NBFC,SYN-EV-2W-2025,SYN-A-LN-0510,SYN-A-BR-0510,Synthetic Borrower A0510,Electric two-wheeler,Maharashtra,2025-07-15,2026-09-15,277277.52,197378.03,14.0,36,12,9476.69,66,2
SYNTHETIC_ONLY,demo-nbfc-ev-001,AssureRail Synthetic EV Finance NBFC,SYN-EV-2W-2025,SYN-A-LN-0511,SYN-A-BR-0511,Synthetic Borrower A0511,Electric two-wheeler,Karnataka,2025-08-15,2026-09-15,295588.3,232050.35,15.0,48,13,8226.44,0,0
SYNTHETIC_ONLY,demo-nbfc-ev-001,AssureRail Synthetic EV Finance NBFC,SYN-EV-2W-2025,SYN-A-LN-0512,SYN-A-BR-0512,Synthetic Borrower A0512,Electric two-wheeler,Tamil Nadu,2025-09-15,2026-09-15,313899.08,225389.28,16.0,36,12,11035.76,0,0
SYNTHETIC_ONLY,demo-nbfc-ev-001,AssureRail Synthetic EV Finance NBFC,SYN-EV-2W-2025,SYN-A-LN-0513,SYN-A-BR-0513,Synthetic Borrower A0513,Electric two-wheeler,Maharashtra,2025-01-15,2026-09-15,167412.84,111015.45,17.0,48,20,4830.7,0,0
SYNTHETIC_ONLY,demo-nbfc-ev-001,AssureRail Synthetic EV Finance NBFC,SYN-EV-2W-2025,SYN-A-LN-0514,SYN-A-BR-0514,Synthetic Borrower A0514,Electric two-wheeler,Karnataka,2025-02-15,2026-09-15,185723.62,100095.23,18.0,36,19,6714.35,0,0
SYNTHETIC_ONLY,demo-nbfc-ev-001,AssureRail Synthetic EV Finance NBFC,SYN-EV-2W-2025,SYN-A-LN-0515,SYN-A-BR-0515,Synthetic Borrower A0515,Electric two-wheeler,Tamil Nadu,2025-03-15,2026-09-15,204034.39,140447.63,14.0,48,18,5575.54,0,0
SYNTHETIC_ONLY,demo-nbfc-ev-001,AssureRail Synthetic EV Finance NBFC,SYN-EV-2W-2025,SYN-A-LN-0516,SYN-A-BR-0516,Synthetic Borrower A0516,Electric two-wheeler,Maharashtra,2025-04-15,2026-09-15,222345.18,147452.04,15.0,36,14,7707.67,93,3
SYNTHETIC_ONLY,demo-nbfc-ev-001,AssureRail Synthetic EV Finance NBFC,SYN-EV-2W-2025,SYN-A-LN-0517,SYN-A-BR-0517,Synthetic Borrower A0517,Electric two-wheeler,Karnataka,2025-05-15,2026-09-15,240655.96,176717.72,16.0,48,16,6820.26,0,0
SYNTHETIC_ONLY,demo-nbfc-ev-001,AssureRail Synthetic EV Finance NBFC,SYN-EV-2W-2025,SYN-A-LN-0518,SYN-A-BR-0518,Synthetic Borrower A0518,Electric two-wheeler,Tamil Nadu,2025-06-15,2026-09-15,258966.72,166697.01,17.0,36,15,9232.87,0,0
SYNTHETIC_ONLY,demo-nbfc-ev-001,AssureRail Synthetic EV Finance NBFC,SYN-EV-2W-2025,SYN-A-LN-0519,SYN-A-BR-0519,Synthetic Borrower A0519,Electric two-wheeler,Maharashtra,2025-07-15,2026-09-15,277277.51,215694.39,18.0,48,14,8145.03,0,0
SYNTHETIC_ONLY,demo-nbfc-ev-001,AssureRail Synthetic EV Finance NBFC,SYN-EV-2W-2025,SYN-A-LN-0520,SYN-A-BR-0520,Synthetic Borrower A0520,Electric two-wheeler,Karnataka,2025-08-15,2026-09-15,295588.29,202764.73,14.0,36,13,10102.51,0,0
SYNTHETIC_ONLY,demo-nbfc-ev-001,AssureRail Synthetic EV Finance NBFC,SYN-EV-2W-2025,SYN-A-LN-0521,SYN-A-BR-0521,Synthetic Borrower A0521,Electric two-wheeler,Tamil Nadu,2025-09-15,2026-09-15,313899.08,252011.06,15.0,48,12,8736.05,0,0
SYNTHETIC_ONLY,demo-nbfc-ev-001,AssureRail Synthetic EV Finance NBFC,SYN-EV-2W-2025,SYN-A-LN-0522,SYN-A-BR-0522,Synthetic Borrower A0522,Electric two-wheeler,Maharashtra,2025-01-15,2026-09-15,167412.84,89000.58,16.0,36,19,5885.74,30,1
SYNTHETIC_ONLY,demo-nbfc-ev-001,AssureRail Synthetic EV Finance NBFC,SYN-EV-2W-2025,SYN-A-LN-0523,SYN-A-BR-0523,Synthetic Borrower A0523,Electric two-wheeler,Karnataka,2025-02-15,2026-09-15,185723.62,126721.6,17.0,48,19,5359.06,0,0
SYNTHETIC_ONLY,demo-nbfc-ev-001,AssureRail Synthetic EV Finance NBFC,SYN-EV-2W-2025,SYN-A-LN-0524,SYN-A-BR-0524,Synthetic Borrower A0524,Electric two-wheeler,Tamil Nadu,2025-03-15,2026-09-15,204034.4,115606.02,18.0,36,18,7376.33,0,0
SYNTHETIC_ONLY,demo-nbfc-ev-001,AssureRail Synthetic EV Finance NBFC,SYN-EV-2W-2025,SYN-A-LN-0525,SYN-A-BR-0525,Synthetic Borrower A0525,Electric two-wheeler,Maharashtra,2025-04-15,2026-09-15,222345.18,157292.74,14.0,48,17,6075.91,0,0
SYNTHETIC_ONLY,demo-nbfc-ev-001,AssureRail Synthetic EV Finance NBFC,SYN-EV-2W-2025,SYN-A-LN-0526,SYN-A-BR-0526,Synthetic Borrower A0526,Electric two-wheeler,Karnataka,2025-05-15,2026-09-15,240655.96,146820.85,15.0,36,16,8342.42,0,0
SYNTHETIC_ONLY,demo-nbfc-ev-001,AssureRail Synthetic EV Finance NBFC,SYN-EV-2W-2025,SYN-A-LN-0527,SYN-A-BR-0527,Synthetic Borrower A0527,Electric two-wheeler,Tamil Nadu,2025-06-15,2026-09-15,258966.73,194904.1,16.0,48,15,7339.19,0,0
SYNTHETIC_ONLY,demo-nbfc-ev-001,AssureRail Synthetic EV Finance NBFC,SYN-EV-2W-2025,SYN-A-LN-0528,SYN-A-BR-0528,Synthetic Borrower A0528,Electric two-wheeler,Maharashtra,2025-07-15,2026-09-15,277277.51,199944.31,17.0,36,12,9885.7,66,2
SYNTHETIC_ONLY,demo-nbfc-ev-001,AssureRail Synthetic EV Finance NBFC,SYN-EV-2W-2025,SYN-A-LN-0529,SYN-A-BR-0529,Synthetic Borrower A0529,Electric two-wheeler,Karnataka,2025-08-15,2026-09-15,295588.3,235094.85,18.0,48,13,8682.91,0,0
SYNTHETIC_ONLY,demo-nbfc-ev-001,AssureRail Synthetic EV Finance NBFC,SYN-EV-2W-2025,SYN-A-LN-0530,SYN-A-BR-0530,Synthetic Borrower A0530,Electric two-wheeler,Tamil Nadu,2025-09-15,2026-09-15,313899.08,223446.83,14.0,36,12,10728.33,0,0
SYNTHETIC_ONLY,demo-nbfc-ev-001,AssureRail Synthetic EV Finance NBFC,SYN-EV-2W-2025,SYN-A-LN-0531,SYN-A-BR-0531,Synthetic Borrower A0531,Electric two-wheeler,Maharashtra,2025-01-15,2026-09-15,167412.83,109503.5,15.0,48,20,4659.22,0,0
SYNTHETIC_ONLY,demo-nbfc-ev-001,AssureRail Synthetic EV Finance NBFC,SYN-EV-2W-2025,SYN-A-LN-0532,SYN-A-BR-0532,Synthetic Borrower A0532,Electric two-wheeler,Karnataka,2025-02-15,2026-09-15,185723.62,98735.02,16.0,36,19,6529.49,0,0
SYNTHETIC_ONLY,demo-nbfc-ev-001,AssureRail Synthetic EV Finance NBFC,SYN-EV-2W-2025,SYN-A-LN-0533,SYN-A-BR-0533,Synthetic Borrower A0533,Electric two-wheeler,Tamil Nadu,2025-03-15,2026-09-15,204034.39,143075.79,17.0,48,18,5887.42,0,0
SYNTHETIC_ONLY,demo-nbfc-ev-001,AssureRail Synthetic EV Finance NBFC,SYN-EV-2W-2025,SYN-A-LN-0534,SYN-A-BR-0534,Synthetic Borrower A0534,Electric two-wheeler,Maharashtra,2025-04-15,2026-09-15,222345.17,149679.97,18.0,36,14,8038.31,93,3
SYNTHETIC_ONLY,demo-nbfc-ev-001,AssureRail Synthetic EV Finance NBFC,SYN-EV-2W-2025,SYN-A-LN-0535,SYN-A-BR-0535,Synthetic Borrower A0535,Electric two-wheeler,Karnataka,2025-05-15,2026-09-15,240655.96,174783.4,14.0,48,16,6576.28,0,0
SYNTHETIC_ONLY,demo-nbfc-ev-001,AssureRail Synthetic EV Finance NBFC,SYN-EV-2W-2025,SYN-A-LN-0536,SYN-A-BR-0536,Synthetic Borrower A0536,Electric two-wheeler,Tamil Nadu,2025-06-15,2026-09-15,258966.74,164907.82,15.0,36,15,8977.17,0,0
SYNTHETIC_ONLY,demo-nbfc-ev-001,AssureRail Synthetic EV Finance NBFC,SYN-EV-2W-2025,SYN-A-LN-0537,SYN-A-BR-0537,Synthetic Borrower A0537,Electric two-wheeler,Maharashtra,2025-07-15,2026-09-15,277277.52,213694.07,16.0,48,14,7858.12,0,0
SYNTHETIC_ONLY,demo-nbfc-ev-001,AssureRail Synthetic EV Finance NBFC,SYN-EV-2W-2025,SYN-A-LN-0538,SYN-A-BR-0538,Synthetic Borrower A0538,Electric two-wheeler,Karnataka,2025-08-15,2026-09-15,295588.3,205629.26,17.0,36,13,10538.53,0,0
SYNTHETIC_ONLY,demo-nbfc-ev-001,AssureRail Synthetic EV Finance NBFC,SYN-EV-2W-2025,SYN-A-LN-0539,SYN-A-BR-0539,Synthetic Borrower A0539,Electric two-wheeler,Tamil Nadu,2025-09-15,2026-09-15,313899.08,255053.23,18.0,48,12,9220.79,0,0
SYNTHETIC_ONLY,demo-nbfc-ev-001,AssureRail Synthetic EV Finance NBFC,SYN-EV-2W-2025,SYN-A-LN-0540,SYN-A-BR-0540,Synthetic Borrower A0540,Electric two-wheeler,Maharashtra,2025-01-15,2026-09-15,167412.85,87769.5,14.0,36,19,5721.77,30,1
SYNTHETIC_ONLY,demo-nbfc-ev-001,AssureRail Synthetic EV Finance NBFC,SYN-EV-2W-2025,SYN-A-LN-0541,SYN-A-BR-0541,Synthetic Borrower A0541,Electric two-wheeler,Karnataka,2025-02-15,2026-09-15,185723.62,125085.71,15.0,48,19,5168.83,0,0
SYNTHETIC_ONLY,demo-nbfc-ev-001,AssureRail Synthetic EV Finance NBFC,SYN-EV-2W-2025,SYN-A-LN-0542,SYN-A-BR-0542,Synthetic Borrower A0542,Electric two-wheeler,Tamil Nadu,2025-03-15,2026-09-15,204034.38,114121.08,16.0,36,18,7173.24,0,0
SYNTHETIC_ONLY,demo-nbfc-ev-001,AssureRail Synthetic EV Finance NBFC,SYN-EV-2W-2025,SYN-A-LN-0543,SYN-A-BR-0543,Synthetic Borrower A0543,Electric two-wheeler,Maharashtra,2025-04-15,2026-09-15,222345.18,160064.14,17.0,48,17,6415.78,0,0
SYNTHETIC_ONLY,demo-nbfc-ev-001,AssureRail Synthetic EV Finance NBFC,SYN-EV-2W-2025,SYN-A-LN-0544,SYN-A-BR-0544,Synthetic Borrower A0544,Electric two-wheeler,Karnataka,2025-05-15,2026-09-15,240655.96,149372.13,18.0,36,16,8700.29,0,0
SYNTHETIC_ONLY,demo-nbfc-ev-001,AssureRail Synthetic EV Finance NBFC,SYN-EV-2W-2025,SYN-A-LN-0545,SYN-A-BR-0545,Synthetic Borrower A0545,Electric two-wheeler,Tamil Nadu,2025-06-15,2026-09-15,258966.74,192908.19,14.0,48,15,7076.65,0,0
SYNTHETIC_ONLY,demo-nbfc-ev-001,AssureRail Synthetic EV Finance NBFC,SYN-EV-2W-2025,SYN-A-LN-0546,SYN-A-BR-0546,Synthetic Borrower A0546,Electric two-wheeler,Maharashtra,2025-07-15,2026-09-15,277277.51,198238.41,15.0,36,12,9611.92,66,2
SYNTHETIC_ONLY,demo-nbfc-ev-001,AssureRail Synthetic EV Finance NBFC,SYN-EV-2W-2025,SYN-A-LN-0547,SYN-A-BR-0547,Synthetic Borrower A0547,Electric two-wheeler,Karnataka,2025-08-15,2026-09-15,295588.29,233075.32,16.0,48,13,8377.06,0,0
SYNTHETIC_ONLY,demo-nbfc-ev-001,AssureRail Synthetic EV Finance NBFC,SYN-EV-2W-2025,SYN-A-LN-0548,SYN-A-BR-0548,Synthetic Borrower A0548,Electric two-wheeler,Tamil Nadu,2025-09-15,2026-09-15,313899.08,226352.06,17.0,36,12,11191.36,0,0
SYNTHETIC_ONLY,demo-nbfc-ev-001,AssureRail Synthetic EV Finance NBFC,SYN-EV-2W-2025,SYN-A-LN-0549,SYN-A-BR-0549,Synthetic Borrower A0549,Electric two-wheeler,Maharashtra,2025-01-15,2026-09-15,167412.84,111764.36,18.0,48,20,4917.75,0,0
SYNTHETIC_ONLY,demo-nbfc-ev-001,AssureRail Synthetic EV Finance NBFC,SYN-EV-2W-2025,SYN-A-LN-0550,SYN-A-BR-0550,Synthetic Borrower A0550,Electric two-wheeler,Karnataka,2025-02-15,2026-09-15,185723.62,97369.28,14.0,36,19,6347.59,0,0
SYNTHETIC_ONLY,demo-nbfc-ev-001,AssureRail Synthetic EV Finance NBFC,SYN-EV-2W-2025,SYN-A-LN-0551,SYN-A-BR-0551,Synthetic Borrower A0551,Electric two-wheeler,Tamil Nadu,2025-03-15,2026-09-15,204034.4,141329.91,15.0,48,18,5678.43,0,0
SYNTHETIC_ONLY,demo-nbfc-ev-001,AssureRail Synthetic EV Finance NBFC,SYN-EV-2W-2025,SYN-A-LN-0552,SYN-A-BR-0552,Synthetic Borrower A0552,Electric two-wheeler,Maharashtra,2025-04-15,2026-09-15,222345.17,148198.25,16.0,36,14,7817.0,93,3
SYNTHETIC_ONLY,demo-nbfc-ev-001,AssureRail Synthetic EV Finance NBFC,SYN-EV-2W-2025,SYN-A-LN-0553,SYN-A-BR-0553,Synthetic Borrower A0553,Electric two-wheeler,Karnataka,2025-05-15,2026-09-15,240655.95,177672.99,17.0,48,16,6944.14,0,0
SYNTHETIC_ONLY,demo-nbfc-ev-001,AssureRail Synthetic EV Finance NBFC,SYN-EV-2W-2025,SYN-A-LN-0554,SYN-A-BR-0554,Synthetic Borrower A0554,Electric two-wheeler,Tamil Nadu,2025-06-15,2026-09-15,258966.73,167585.87,18.0,36,15,9362.27,0,0
SYNTHETIC_ONLY,demo-nbfc-ev-001,AssureRail Synthetic EV Finance NBFC,SYN-EV-2W-2025,SYN-A-LN-0555,SYN-A-BR-0555,Synthetic Borrower A0555,Electric two-wheeler,Maharashtra,2025-07-15,2026-09-15,277277.51,211655.86,14.0,48,14,7577.02,0,0
SYNTHETIC_ONLY,demo-nbfc-ev-001,AssureRail Synthetic EV Finance NBFC,SYN-EV-2W-2025,SYN-A-LN-0556,SYN-A-BR-0556,Synthetic Borrower A0556,Electric two-wheeler,Karnataka,2025-08-15,2026-09-15,295588.29,203724.58,15.0,36,13,10246.67,0,0
SYNTHETIC_ONLY,demo-nbfc-ev-001,AssureRail Synthetic EV Finance NBFC,SYN-EV-2W-2025,SYN-A-LN-0557,SYN-A-BR-0557,Synthetic Borrower A0557,Electric two-wheeler,Tamil Nadu,2025-09-15,2026-09-15,313899.08,253035.8,16.0,48,12,8895.99,0,0
SYNTHETIC_ONLY,demo-nbfc-ev-001,AssureRail Synthetic EV Finance NBFC,SYN-EV-2W-2025,SYN-A-LN-0558,SYN-A-BR-0558,Synthetic Borrower A0558,Electric two-wheeler,Maharashtra,2025-01-15,2026-09-15,167412.84,89614.29,17.0,36,19,5968.72,30,1
SYNTHETIC_ONLY,demo-nbfc-ev-001,AssureRail Synthetic EV Finance NBFC,SYN-EV-2W-2025,SYN-A-LN-0559,SYN-A-BR-0559,Synthetic Borrower A0559,Electric two-wheeler,Karnataka,2025-02-15,2026-09-15,185723.62,127531.25,18.0,48,19,5455.63,0,0
SYNTHETIC_ONLY,demo-nbfc-ev-001,AssureRail Synthetic EV Finance NBFC,SYN-EV-2W-2025,SYN-A-LN-0560,SYN-A-BR-0560,Synthetic Borrower A0560,Electric two-wheeler,Tamil Nadu,2025-03-15,2026-09-15,204034.39,112628.48,14.0,36,18,6973.41,0,0
SYNTHETIC_ONLY,demo-nbfc-ev-001,AssureRail Synthetic EV Finance NBFC,SYN-EV-2W-2025,SYN-A-LN-0561,SYN-A-BR-0561,Synthetic Borrower A0561,Electric two-wheeler,Maharashtra,2025-04-15,2026-09-15,222345.17,158223.6,15.0,48,17,6188.03,0,0
SYNTHETIC_ONLY,demo-nbfc-ev-001,AssureRail Synthetic EV Finance NBFC,SYN-EV-2W-2025,SYN-A-LN-0562,SYN-A-BR-0562,Synthetic Borrower A0562,Electric two-wheeler,Karnataka,2025-05-15,2026-09-15,240655.95,147674.43,16.0,36,16,8460.75,0,0
SYNTHETIC_ONLY,demo-nbfc-ev-001,AssureRail Synthetic EV Finance NBFC,SYN-EV-2W-2025,SYN-A-LN-0563,SYN-A-BR-0563,Synthetic Borrower A0563,Electric two-wheeler,Tamil Nadu,2025-06-15,2026-09-15,258966.73,195888.99,17.0,48,15,7472.5,0,0
SYNTHETIC_ONLY,demo-nbfc-ev-001,AssureRail Synthetic EV Finance NBFC,SYN-EV-2W-2025,SYN-A-LN-0564,SYN-A-BR-0564,Synthetic Borrower A0564,Electric two-wheeler,Maharashtra,2025-07-15,2026-09-15,277277.52,200789.72,18.0,36,12,10024.25,66,2
SYNTHETIC_ONLY,demo-nbfc-ev-001,AssureRail Synthetic EV Finance NBFC,SYN-EV-2W-2025,SYN-A-LN-0565,SYN-A-BR-0565,Synthetic Borrower A0565,Electric two-wheeler,Karnataka,2025-08-15,2026-09-15,295588.29,231015.34,14.0,48,13,8077.39,0,0
SYNTHETIC_ONLY,demo-nbfc-ev-001,AssureRail Synthetic EV Finance NBFC,SYN-EV-2W-2025,SYN-A-LN-0566,SYN-A-BR-0566,Synthetic Borrower A0566,Electric two-wheeler,Tamil Nadu,2025-09-15,2026-09-15,313899.07,224420.84,15.0,36,12,10881.41,0,0
SYNTHETIC_ONLY,demo-nbfc-ev-001,AssureRail Synthetic EV Finance NBFC,SYN-EV-2W-2025,SYN-A-LN-0567,SYN-A-BR-0567,Synthetic Borrower A0567,Electric two-wheeler,Maharashtra,2025-01-15,2026-09-15,167412.83,110261.79,16.0,48,20,4744.53,0,0
SYNTHETIC_ONLY,demo-nbfc-ev-001,AssureRail Synthetic EV Finance NBFC,SYN-EV-2W-2025,SYN-A-LN-0568,SYN-A-BR-0568,Synthetic Borrower A0568,Electric two-wheeler,Karnataka,2025-02-15,2026-09-15,185723.62,99415.85,17.0,36,19,6621.55,0,0
SYNTHETIC_ONLY,demo-nbfc-ev-001,AssureRail Synthetic EV Finance NBFC,SYN-EV-2W-2025,SYN-A-LN-0569,SYN-A-BR-0569,Synthetic Borrower A0569,Electric two-wheeler,Tamil Nadu,2025-03-15,2026-09-15,204034.39,143939.17,18.0,48,18,5993.51,0,0
SYNTHETIC_ONLY,demo-nbfc-ev-001,AssureRail Synthetic EV Finance NBFC,SYN-EV-2W-2025,SYN-A-LN-0570,SYN-A-BR-0570,Synthetic Borrower A0570,Electric two-wheeler,Maharashtra,2025-04-15,2026-09-15,222345.17,146702.33,14.0,36,14,7599.23,93,3
SYNTHETIC_ONLY,demo-nbfc-ev-001,AssureRail Synthetic EV Finance NBFC,SYN-EV-2W-2025,SYN-A-LN-0571,SYN-A-BR-0571,Synthetic Borrower A0571,Electric two-wheeler,Karnataka,2025-05-15,2026-09-15,240655.96,175754.49,15.0,48,16,6697.64,0,0
SYNTHETIC_ONLY,demo-nbfc-ev-001,AssureRail Synthetic EV Finance NBFC,SYN-EV-2W-2025,SYN-A-LN-0572,SYN-A-BR-0572,Synthetic Borrower A0572,Electric two-wheeler,Tamil Nadu,2025-06-15,2026-09-15,258966.72,165804.3,16.0,36,15,9104.5,0,0
SYNTHETIC_ONLY,demo-nbfc-ev-001,AssureRail Synthetic EV Finance NBFC,SYN-EV-2W-2025,SYN-A-LN-0573,SYN-A-BR-0573,Synthetic Borrower A0573,Electric two-wheeler,Maharashtra,2025-07-15,2026-09-15,277277.51,214699.01,17.0,48,14,8000.85,0,0
SYNTHETIC_ONLY,demo-nbfc-ev-001,AssureRail Synthetic EV Finance NBFC,SYN-EV-2W-2025,SYN-A-LN-0574,SYN-A-BR-0574,Synthetic Borrower A0574,Electric two-wheeler,Karnataka,2025-08-15,2026-09-15,295588.3,206573.94,18.0,36,13,10686.23,0,0
SYNTHETIC_ONLY,demo-nbfc-ev-001,AssureRail Synthetic EV Finance NBFC,SYN-EV-2W-2025,SYN-A-LN-0575,SYN-A-BR-0575,Synthetic Borrower A0575,Electric two-wheeler,Tamil Nadu,2025-09-15,2026-09-15,313899.07,250975.73,14.0,48,12,8577.76,0,0
SYNTHETIC_ONLY,demo-nbfc-ev-001,AssureRail Synthetic EV Finance NBFC,SYN-EV-2W-2025,SYN-A-LN-0576,SYN-A-BR-0576,Synthetic Borrower A0576,Electric two-wheeler,Maharashtra,2025-01-15,2026-09-15,167412.84,88385.63,15.0,36,19,5803.42,30,1
SYNTHETIC_ONLY,demo-nbfc-ev-001,AssureRail Synthetic EV Finance NBFC,SYN-EV-2W-2025,SYN-A-LN-0577,SYN-A-BR-0577,Synthetic Borrower A0577,Electric two-wheeler,Karnataka,2025-02-15,2026-09-15,185723.61,125906.38,16.0,48,19,5263.46,0,0
SYNTHETIC_ONLY,demo-nbfc-ev-001,AssureRail Synthetic EV Finance NBFC,SYN-EV-2W-2025,SYN-A-LN-0578,SYN-A-BR-0578,Synthetic Borrower A0578,Electric two-wheeler,Tamil Nadu,2025-03-15,2026-09-15,204034.38,114864.54,17.0,36,18,7274.38,0,0
SYNTHETIC_ONLY,demo-nbfc-ev-001,AssureRail Synthetic EV Finance NBFC,SYN-EV-2W-2025,SYN-A-LN-0579,SYN-A-BR-0579,Synthetic Borrower A0579,Electric two-wheeler,Maharashtra,2025-04-15,2026-09-15,222345.18,160973.58,18.0,48,17,6531.39,0,0
SYNTHETIC_ONLY,demo-nbfc-ev-001,AssureRail Synthetic EV Finance NBFC,SYN-EV-2W-2025,SYN-A-LN-0580,SYN-A-BR-0580,Synthetic Borrower A0580,Electric two-wheeler,Karnataka,2025-05-15,2026-09-15,240655.95,145964.21,14.0,36,16,8225.05,0,0
SYNTHETIC_ONLY,demo-nbfc-ev-001,AssureRail Synthetic EV Finance NBFC,SYN-EV-2W-2025,SYN-A-LN-0581,SYN-A-BR-0581,Synthetic Borrower A0581,Electric two-wheeler,Tamil Nadu,2025-06-15,2026-09-15,258966.73,193910.46,15.0,48,15,7207.24,0,0
SYNTHETIC_ONLY,demo-nbfc-ev-001,AssureRail Synthetic EV Finance NBFC,SYN-EV-2W-2025,SYN-A-LN-0582,SYN-A-BR-0582,Synthetic Borrower A0582,Electric two-wheeler,Maharashtra,2025-07-15,2026-09-15,277277.51,199093.86,16.0,36,12,9748.25,66,2
SYNTHETIC_ONLY,demo-nbfc-ev-001,AssureRail Synthetic EV Finance NBFC,SYN-EV-2W-2025,SYN-A-LN-0583,SYN-A-BR-0583,Synthetic Borrower A0583,Electric two-wheeler,Karnataka,2025-08-15,2026-09-15,295588.29,234090.18,17.0,48,13,8529.21,0,0
SYNTHETIC_ONLY,demo-nbfc-ev-001,AssureRail Synthetic EV Finance NBFC,SYN-EV-2W-2025,SYN-A-LN-0584,SYN-A-BR-0584,Synthetic Borrower A0584,Electric two-wheeler,Tamil Nadu,2025-09-15,2026-09-15,313899.07,227309.11,18.0,36,12,11348.2,0,0
SYNTHETIC_ONLY,demo-nbfc-ev-001,AssureRail Synthetic EV Finance NBFC,SYN-EV-2W-2025,SYN-A-LN-0585,SYN-A-BR-0585,Synthetic Borrower A0585,Electric two-wheeler,Maharashtra,2025-01-15,2026-09-15,167412.85,108740.71,14.0,48,20,4574.8,0,0
SYNTHETIC_ONLY,demo-nbfc-ev-001,AssureRail Synthetic EV Finance NBFC,SYN-EV-2W-2025,SYN-A-LN-0586,SYN-A-BR-0586,Synthetic Borrower A0586,Electric two-wheeler,Karnataka,2025-02-15,2026-09-15,185723.62,98052.81,15.0,36,19,6438.17,0,0
SYNTHETIC_ONLY,demo-nbfc-ev-001,AssureRail Synthetic EV Finance NBFC,SYN-EV-2W-2025,SYN-A-LN-0587,SYN-A-BR-0587,Synthetic Borrower A0587,Electric two-wheeler,Tamil Nadu,2025-03-15,2026-09-15,204034.39,142206.0,16.0,48,18,5782.39,0,0
SYNTHETIC_ONLY,demo-nbfc-ev-001,AssureRail Synthetic EV Finance NBFC,SYN-EV-2W-2025,SYN-A-LN-0588,SYN-A-BR-0588,Synthetic Borrower A0588,Electric two-wheeler,Maharashtra,2025-04-15,2026-09-15,222345.16,148940.91,17.0,36,14,7927.21,93,3
SYNTHETIC_ONLY,demo-nbfc-ev-001,AssureRail Synthetic EV Finance NBFC,SYN-EV-2W-2025,SYN-A-LN-0589,SYN-A-BR-0589,Synthetic Borrower A0589,Electric two-wheeler,Karnataka,2025-05-15,2026-09-15,240655.95,178620.19,18.0,48,16,7069.27,0,0
SYNTHETIC_ONLY,demo-nbfc-ev-001,AssureRail Synthetic EV Finance NBFC,SYN-EV-2W-2025,SYN-A-LN-0590,SYN-A-BR-0590,Synthetic Borrower A0590,Electric two-wheeler,Tamil Nadu,2025-06-15,2026-09-15,258966.73,164007.63,14.0,36,15,8850.87,0,0
SYNTHETIC_ONLY,demo-nbfc-ev-001,AssureRail Synthetic EV Finance NBFC,SYN-EV-2W-2025,SYN-A-LN-0591,SYN-A-BR-0591,Synthetic Borrower A0591,Electric two-wheeler,Maharashtra,2025-07-15,2026-09-15,277277.51,212679.65,15.0,48,14,7716.84,0,0
SYNTHETIC_ONLY,demo-nbfc-ev-001,AssureRail Synthetic EV Finance NBFC,SYN-EV-2W-2025,SYN-A-LN-0592,SYN-A-BR-0592,Synthetic Borrower A0592,Electric two-wheeler,Karnataka,2025-08-15,2026-09-15,295588.29,204679.45,16.0,36,13,10392.01,0,0
SYNTHETIC_ONLY,demo-nbfc-ev-001,AssureRail Synthetic EV Finance NBFC,SYN-EV-2W-2025,SYN-A-LN-0593,SYN-A-BR-0593,Synthetic Borrower A0593,Electric two-wheeler,Tamil Nadu,2025-09-15,2026-09-15,313899.06,254049.87,17.0,48,12,9057.57,0,0
SYNTHETIC_ONLY,demo-nbfc-ev-001,AssureRail Synthetic EV Finance NBFC,SYN-EV-2W-2025,SYN-A-LN-0594,SYN-A-BR-0594,Synthetic Borrower A0594,Electric two-wheeler,Maharashtra,2025-01-15,2026-09-15,167412.85,90226.69,18.0,36,19,6052.38,30,1
SYNTHETIC_ONLY,demo-nbfc-ev-001,AssureRail Synthetic EV Finance NBFC,SYN-EV-2W-2025,SYN-A-LN-0595,SYN-A-BR-0595,Synthetic Borrower A0595,Electric two-wheeler,Karnataka,2025-02-15,2026-09-15,185723.61,124259.69,14.0,48,19,5075.17,0,0
SYNTHETIC_ONLY,demo-nbfc-ev-001,AssureRail Synthetic EV Finance NBFC,SYN-EV-2W-2025,SYN-A-LN-0596,SYN-A-BR-0596,Synthetic Borrower A0596,Electric two-wheeler,Tamil Nadu,2025-03-15,2026-09-15,204034.4,113375.71,15.0,36,18,7072.92,0,0
SYNTHETIC_ONLY,demo-nbfc-ev-001,AssureRail Synthetic EV Finance NBFC,SYN-EV-2W-2025,SYN-A-LN-0597,SYN-A-BR-0597,Synthetic Borrower A0597,Electric two-wheeler,Maharashtra,2025-04-15,2026-09-15,222345.18,159147.44,16.0,48,17,6301.32,0,0
SYNTHETIC_ONLY,demo-nbfc-ev-001,AssureRail Synthetic EV Finance NBFC,SYN-EV-2W-2025,SYN-A-LN-0598,SYN-A-BR-0598,Synthetic Borrower A0598,Electric two-wheeler,Karnataka,2025-05-15,2026-09-15,240655.95,148524.88,17.0,36,16,8580.04,0,0
SYNTHETIC_ONLY,demo-nbfc-ev-001,AssureRail Synthetic EV Finance NBFC,SYN-EV-2W-2025,SYN-A-LN-0599,SYN-A-BR-0599,Synthetic Borrower A0599,Electric two-wheeler,Tamil Nadu,2025-06-15,2026-09-15,258966.74,196865.03,18.0,48,15,7607.15,0,0
SYNTHETIC_ONLY,demo-nbfc-ev-001,AssureRail Synthetic EV Finance NBFC,SYN-EV-2W-2025,SYN-A-LN-0600,SYN-A-BR-0600,Synthetic Borrower A0600,Electric two-wheeler,Maharashtra,2025-07-15,2026-09-15,277277.52,197378.03,14.0,36,12,9476.69,66,2
SYNTHETIC_ONLY,demo-nbfc-ev-001,AssureRail Synthetic EV Finance NBFC,SYN-EV-2W-2025,SYN-A-LN-0601,SYN-A-BR-0601,Synthetic Borrower A0601,Electric two-wheeler,Karnataka,2025-08-15,2026-09-15,295588.3,232050.35,15.0,48,13,8226.44,0,0
SYNTHETIC_ONLY,demo-nbfc-ev-001,AssureRail Synthetic EV Finance NBFC,SYN-EV-2W-2025,SYN-A-LN-0602,SYN-A-BR-0602,Synthetic Borrower A0602,Electric two-wheeler,Tamil Nadu,2025-09-15,2026-09-15,313899.08,225389.28,16.0,36,12,11035.76,0,0
SYNTHETIC_ONLY,demo-nbfc-ev-001,AssureRail Synthetic EV Finance NBFC,SYN-EV-2W-2025,SYN-A-LN-0603,SYN-A-BR-0603,Synthetic Borrower A0603,Electric two-wheeler,Maharashtra,2025-01-15,2026-09-15,167412.84,111015.45,17.0,48,20,4830.7,0,0
SYNTHETIC_ONLY,demo-nbfc-ev-001,AssureRail Synthetic EV Finance NBFC,SYN-EV-2W-2025,SYN-A-LN-0604,SYN-A-BR-0604,Synthetic Borrower A0604,Electric two-wheeler,Karnataka,2025-02-15,2026-09-15,185723.62,100095.23,18.0,36,19,6714.35,0,0
SYNTHETIC_ONLY,demo-nbfc-ev-001,AssureRail Synthetic EV Finance NBFC,SYN-EV-2W-2025,SYN-A-LN-0605,SYN-A-BR-0605,Synthetic Borrower A0605,Electric two-wheeler,Tamil Nadu,2025-03-15,2026-09-15,204034.39,140447.63,14.0,48,18,5575.54,0,0
SYNTHETIC_ONLY,demo-nbfc-ev-001,AssureRail Synthetic EV Finance NBFC,SYN-EV-2W-2025,SYN-A-LN-0606,SYN-A-BR-0606,Synthetic Borrower A0606,Electric two-wheeler,Maharashtra,2025-04-15,2026-09-15,222345.18,147452.04,15.0,36,14,7707.67,93,3
SYNTHETIC_ONLY,demo-nbfc-ev-001,AssureRail Synthetic EV Finance NBFC,SYN-EV-2W-2025,SYN-A-LN-0607,SYN-A-BR-0607,Synthetic Borrower A0607,Electric two-wheeler,Karnataka,2025-05-15,2026-09-15,240655.96,176717.72,16.0,48,16,6820.26,0,0
SYNTHETIC_ONLY,demo-nbfc-ev-001,AssureRail Synthetic EV Finance NBFC,SYN-EV-2W-2025,SYN-A-LN-0608,SYN-A-BR-0608,Synthetic Borrower A0608,Electric two-wheeler,Tamil Nadu,2025-06-15,2026-09-15,258966.72,166697.01,17.0,36,15,9232.87,0,0
SYNTHETIC_ONLY,demo-nbfc-ev-001,AssureRail Synthetic EV Finance NBFC,SYN-EV-2W-2025,SYN-A-LN-0609,SYN-A-BR-0609,Synthetic Borrower A0609,Electric two-wheeler,Maharashtra,2025-07-15,2026-09-15,277277.51,215694.39,18.0,48,14,8145.03,0,0
SYNTHETIC_ONLY,demo-nbfc-ev-001,AssureRail Synthetic EV Finance NBFC,SYN-EV-2W-2025,SYN-A-LN-0610,SYN-A-BR-0610,Synthetic Borrower A0610,Electric two-wheeler,Karnataka,2025-08-15,2026-09-15,295588.29,202764.73,14.0,36,13,10102.51,0,0
SYNTHETIC_ONLY,demo-nbfc-ev-001,AssureRail Synthetic EV Finance NBFC,SYN-EV-2W-2025,SYN-A-LN-0611,SYN-A-BR-0611,Synthetic Borrower A0611,Electric two-wheeler,Tamil Nadu,2025-09-15,2026-09-15,313899.08,252011.06,15.0,48,12,8736.05,0,0
SYNTHETIC_ONLY,demo-nbfc-ev-001,AssureRail Synthetic EV Finance NBFC,SYN-EV-2W-2025,SYN-A-LN-0612,SYN-A-BR-0612,Synthetic Borrower A0612,Electric two-wheeler,Maharashtra,2025-01-15,2026-09-15,167412.84,89000.58,16.0,36,19,5885.74,30,1
SYNTHETIC_ONLY,demo-nbfc-ev-001,AssureRail Synthetic EV Finance NBFC,SYN-EV-2W-2025,SYN-A-LN-0613,SYN-A-BR-0613,Synthetic Borrower A0613,Electric two-wheeler,Karnataka,2025-02-15,2026-09-15,185723.62,126721.6,17.0,48,19,5359.06,0,0
SYNTHETIC_ONLY,demo-nbfc-ev-001,AssureRail Synthetic EV Finance NBFC,SYN-EV-2W-2025,SYN-A-LN-0614,SYN-A-BR-0614,Synthetic Borrower A0614,Electric two-wheeler,Tamil Nadu,2025-03-15,2026-09-15,204034.4,115606.02,18.0,36,18,7376.33,0,0
SYNTHETIC_ONLY,demo-nbfc-ev-001,AssureRail Synthetic EV Finance NBFC,SYN-EV-2W-2025,SYN-A-LN-0615,SYN-A-BR-0615,Synthetic Borrower A0615,Electric two-wheeler,Maharashtra,2025-04-15,2026-09-15,222345.18,157292.74,14.0,48,17,6075.91,0,0
SYNTHETIC_ONLY,demo-nbfc-ev-001,AssureRail Synthetic EV Finance NBFC,SYN-EV-2W-2025,SYN-A-LN-0616,SYN-A-BR-0616,Synthetic Borrower A0616,Electric two-wheeler,Karnataka,2025-05-15,2026-09-15,240655.96,146820.85,15.0,36,16,8342.42,0,0
SYNTHETIC_ONLY,demo-nbfc-ev-001,AssureRail Synthetic EV Finance NBFC,SYN-EV-2W-2025,SYN-A-LN-0617,SYN-A-BR-0617,Synthetic Borrower A0617,Electric two-wheeler,Tamil Nadu,2025-06-15,2026-09-15,258966.73,194904.1,16.0,48,15,7339.19,0,0
SYNTHETIC_ONLY,demo-nbfc-ev-001,AssureRail Synthetic EV Finance NBFC,SYN-EV-2W-2025,SYN-A-LN-0618,SYN-A-BR-0618,Synthetic Borrower A0618,Electric two-wheeler,Maharashtra,2025-07-15,2026-09-15,277277.51,199944.31,17.0,36,12,9885.7,66,2
SYNTHETIC_ONLY,demo-nbfc-ev-001,AssureRail Synthetic EV Finance NBFC,SYN-EV-2W-2025,SYN-A-LN-0619,SYN-A-BR-0619,Synthetic Borrower A0619,Electric two-wheeler,Karnataka,2025-08-15,2026-09-15,295588.3,235094.85,18.0,48,13,8682.91,0,0
SYNTHETIC_ONLY,demo-nbfc-ev-001,AssureRail Synthetic EV Finance NBFC,SYN-EV-2W-2025,SYN-A-LN-0620,SYN-A-BR-0620,Synthetic Borrower A0620,Electric two-wheeler,Tamil Nadu,2025-09-15,2026-09-15,313899.08,223446.83,14.0,36,12,10728.33,0,0
SYNTHETIC_ONLY,demo-nbfc-ev-001,AssureRail Synthetic EV Finance NBFC,SYN-EV-2W-2025,SYN-A-LN-0621,SYN-A-BR-0621,Synthetic Borrower A0621,Electric two-wheeler,Maharashtra,2025-01-15,2026-09-15,167412.83,109503.5,15.0,48,20,4659.22,0,0
SYNTHETIC_ONLY,demo-nbfc-ev-001,AssureRail Synthetic EV Finance NBFC,SYN-EV-2W-2025,SYN-A-LN-0622,SYN-A-BR-0622,Synthetic Borrower A0622,Electric two-wheeler,Karnataka,2025-02-15,2026-09-15,185723.62,98735.02,16.0,36,19,6529.49,0,0
SYNTHETIC_ONLY,demo-nbfc-ev-001,AssureRail Synthetic EV Finance NBFC,SYN-EV-2W-2025,SYN-A-LN-0623,SYN-A-BR-0623,Synthetic Borrower A0623,Electric two-wheeler,Tamil Nadu,2025-03-15,2026-09-15,204034.39,143075.79,17.0,48,18,5887.42,0,0
SYNTHETIC_ONLY,demo-nbfc-ev-001,AssureRail Synthetic EV Finance NBFC,SYN-EV-2W-2025,SYN-A-LN-0624,SYN-A-BR-0624,Synthetic Borrower A0624,Electric two-wheeler,Maharashtra,2025-04-15,2026-09-15,222345.17,149679.97,18.0,36,14,8038.31,93,3
SYNTHETIC_ONLY,demo-nbfc-ev-001,AssureRail Synthetic EV Finance NBFC,SYN-EV-2W-2025,SYN-A-LN-0625,SYN-A-BR-0625,Synthetic Borrower A0625,Electric two-wheeler,Karnataka,2025-05-15,2026-09-15,240655.96,174783.4,14.0,48,16,6576.28,0,0
SYNTHETIC_ONLY,demo-nbfc-ev-001,AssureRail Synthetic EV Finance NBFC,SYN-EV-2W-2025,SYN-A-LN-0626,SYN-A-BR-0626,Synthetic Borrower A0626,Electric two-wheeler,Tamil Nadu,2025-06-15,2026-09-15,258966.74,164907.82,15.0,36,15,8977.17,0,0
SYNTHETIC_ONLY,demo-nbfc-ev-001,AssureRail Synthetic EV Finance NBFC,SYN-EV-2W-2025,SYN-A-LN-0627,SYN-A-BR-0627,Synthetic Borrower A0627,Electric two-wheeler,Maharashtra,2025-07-15,2026-09-15,277277.52,213694.07,16.0,48,14,7858.12,0,0
SYNTHETIC_ONLY,demo-nbfc-ev-001,AssureRail Synthetic EV Finance NBFC,SYN-EV-2W-2025,SYN-A-LN-0628,SYN-A-BR-0628,Synthetic Borrower A0628,Electric two-wheeler,Karnataka,2025-08-15,2026-09-15,295588.3,205629.26,17.0,36,13,10538.53,0,0
SYNTHETIC_ONLY,demo-nbfc-ev-001,AssureRail Synthetic EV Finance NBFC,SYN-EV-2W-2025,SYN-A-LN-0629,SYN-A-BR-0629,Synthetic Borrower A0629,Electric two-wheeler,Tamil Nadu,2025-09-15,2026-09-15,313899.08,255053.23,18.0,48,12,9220.79,0,0
SYNTHETIC_ONLY,demo-nbfc-ev-001,AssureRail Synthetic EV Finance NBFC,SYN-EV-2W-2025,SYN-A-LN-0630,SYN-A-BR-0630,Synthetic Borrower A0630,Electric two-wheeler,Maharashtra,2025-01-15,2026-09-15,167412.85,87769.5,14.0,36,19,5721.77,30,1
SYNTHETIC_ONLY,demo-nbfc-ev-001,AssureRail Synthetic EV Finance NBFC,SYN-EV-2W-2025,SYN-A-LN-0631,SYN-A-BR-0631,Synthetic Borrower A0631,Electric two-wheeler,Karnataka,2025-02-15,2026-09-15,185723.62,125085.71,15.0,48,19,5168.83,0,0
SYNTHETIC_ONLY,demo-nbfc-ev-001,AssureRail Synthetic EV Finance NBFC,SYN-EV-2W-2025,SYN-A-LN-0632,SYN-A-BR-0632,Synthetic Borrower A0632,Electric two-wheeler,Tamil Nadu,2025-03-15,2026-09-15,204034.38,114121.08,16.0,36,18,7173.24,0,0
SYNTHETIC_ONLY,demo-nbfc-ev-001,AssureRail Synthetic EV Finance NBFC,SYN-EV-2W-2025,SYN-A-LN-0633,SYN-A-BR-0633,Synthetic Borrower A0633,Electric two-wheeler,Maharashtra,2025-04-15,2026-09-15,222345.18,160064.14,17.0,48,17,6415.78,0,0
SYNTHETIC_ONLY,demo-nbfc-ev-001,AssureRail Synthetic EV Finance NBFC,SYN-EV-2W-2025,SYN-A-LN-0634,SYN-A-BR-0634,Synthetic Borrower A0634,Electric two-wheeler,Karnataka,2025-05-15,2026-09-15,240655.96,149372.13,18.0,36,16,8700.29,0,0
SYNTHETIC_ONLY,demo-nbfc-ev-001,AssureRail Synthetic EV Finance NBFC,SYN-EV-2W-2025,SYN-A-LN-0635,SYN-A-BR-0635,Synthetic Borrower A0635,Electric two-wheeler,Tamil Nadu,2025-06-15,2026-09-15,258966.74,192908.19,14.0,48,15,7076.65,0,0
SYNTHETIC_ONLY,demo-nbfc-ev-001,AssureRail Synthetic EV Finance NBFC,SYN-EV-2W-2025,SYN-A-LN-0636,SYN-A-BR-0636,Synthetic Borrower A0636,Electric two-wheeler,Maharashtra,2025-07-15,2026-09-15,277277.51,198238.41,15.0,36,12,9611.92,66,2
SYNTHETIC_ONLY,demo-nbfc-ev-001,AssureRail Synthetic EV Finance NBFC,SYN-EV-2W-2025,SYN-A-LN-0637,SYN-A-BR-0637,Synthetic Borrower A0637,Electric two-wheeler,Karnataka,2025-08-15,2026-09-15,295588.29,233075.32,16.0,48,13,8377.06,0,0
SYNTHETIC_ONLY,demo-nbfc-ev-001,AssureRail Synthetic EV Finance NBFC,SYN-EV-2W-2025,SYN-A-LN-0638,SYN-A-BR-0638,Synthetic Borrower A0638,Electric two-wheeler,Tamil Nadu,2025-09-15,2026-09-15,313899.08,226352.06,17.0,36,12,11191.36,0,0
SYNTHETIC_ONLY,demo-nbfc-ev-001,AssureRail Synthetic EV Finance NBFC,SYN-EV-2W-2025,SYN-A-LN-0639,SYN-A-BR-0639,Synthetic Borrower A0639,Electric two-wheeler,Maharashtra,2025-01-15,2026-09-15,167412.84,111764.36,18.0,48,20,4917.75,0,0
SYNTHETIC_ONLY,demo-nbfc-ev-001,AssureRail Synthetic EV Finance NBFC,SYN-EV-2W-2025,SYN-A-LN-0640,SYN-A-BR-0640,Synthetic Borrower A0640,Electric two-wheeler,Karnataka,2025-02-15,2026-09-15,185723.62,97369.28,14.0,36,19,6347.59,0,0
SYNTHETIC_ONLY,demo-nbfc-ev-001,AssureRail Synthetic EV Finance NBFC,SYN-EV-2W-2025,SYN-A-LN-0641,SYN-A-BR-0641,Synthetic Borrower A0641,Electric two-wheeler,Tamil Nadu,2025-03-15,2026-09-15,204034.4,141329.91,15.0,48,18,5678.43,0,0
SYNTHETIC_ONLY,demo-nbfc-ev-001,AssureRail Synthetic EV Finance NBFC,SYN-EV-2W-2025,SYN-A-LN-0642,SYN-A-BR-0642,Synthetic Borrower A0642,Electric two-wheeler,Maharashtra,2025-04-15,2026-09-15,222345.17,148198.25,16.0,36,14,7817.0,93,3
SYNTHETIC_ONLY,demo-nbfc-ev-001,AssureRail Synthetic EV Finance NBFC,SYN-EV-2W-2025,SYN-A-LN-0643,SYN-A-BR-0643,Synthetic Borrower A0643,Electric two-wheeler,Karnataka,2025-05-15,2026-09-15,240655.95,177672.99,17.0,48,16,6944.14,0,0
SYNTHETIC_ONLY,demo-nbfc-ev-001,AssureRail Synthetic EV Finance NBFC,SYN-EV-2W-2025,SYN-A-LN-0644,SYN-A-BR-0644,Synthetic Borrower A0644,Electric two-wheeler,Tamil Nadu,2025-06-15,2026-09-15,258966.73,167585.87,18.0,36,15,9362.27,0,0
SYNTHETIC_ONLY,demo-nbfc-ev-001,AssureRail Synthetic EV Finance NBFC,SYN-EV-2W-2025,SYN-A-LN-0645,SYN-A-BR-0645,Synthetic Borrower A0645,Electric two-wheeler,Maharashtra,2025-07-15,2026-09-15,277277.51,211655.86,14.0,48,14,7577.02,0,0
SYNTHETIC_ONLY,demo-nbfc-ev-001,AssureRail Synthetic EV Finance NBFC,SYN-EV-2W-2025,SYN-A-LN-0646,SYN-A-BR-0646,Synthetic Borrower A0646,Electric two-wheeler,Karnataka,2025-08-15,2026-09-15,295588.29,203724.58,15.0,36,13,10246.67,0,0
SYNTHETIC_ONLY,demo-nbfc-ev-001,AssureRail Synthetic EV Finance NBFC,SYN-EV-2W-2025,SYN-A-LN-0647,SYN-A-BR-0647,Synthetic Borrower A0647,Electric two-wheeler,Tamil Nadu,2025-09-15,2026-09-15,313899.08,253035.8,16.0,48,12,8895.99,0,0
SYNTHETIC_ONLY,demo-nbfc-ev-001,AssureRail Synthetic EV Finance NBFC,SYN-EV-2W-2025,SYN-A-LN-0648,SYN-A-BR-0648,Synthetic Borrower A0648,Electric two-wheeler,Maharashtra,2025-01-15,2026-09-15,167412.84,89614.29,17.0,36,19,5968.72,30,1
SYNTHETIC_ONLY,demo-nbfc-ev-001,AssureRail Synthetic EV Finance NBFC,SYN-EV-2W-2025,SYN-A-LN-0649,SYN-A-BR-0649,Synthetic Borrower A0649,Electric two-wheeler,Karnataka,2025-02-15,2026-09-15,185723.62,127531.25,18.0,48,19,5455.63,0,0
SYNTHETIC_ONLY,demo-nbfc-ev-001,AssureRail Synthetic EV Finance NBFC,SYN-EV-2W-2025,SYN-A-LN-0650,SYN-A-BR-0650,Synthetic Borrower A0650,Electric two-wheeler,Tamil Nadu,2025-03-15,2026-09-15,204034.39,112628.48,14.0,36,18,6973.41,0,0
SYNTHETIC_ONLY,demo-nbfc-ev-001,AssureRail Synthetic EV Finance NBFC,SYN-EV-2W-2025,SYN-A-LN-0651,SYN-A-BR-0651,Synthetic Borrower A0651,Electric two-wheeler,Maharashtra,2025-04-15,2026-09-15,222345.17,158223.6,15.0,48,17,6188.03,0,0
SYNTHETIC_ONLY,demo-nbfc-ev-001,AssureRail Synthetic EV Finance NBFC,SYN-EV-2W-2025,SYN-A-LN-0652,SYN-A-BR-0652,Synthetic Borrower A0652,Electric two-wheeler,Karnataka,2025-05-15,2026-09-15,240655.95,147674.43,16.0,36,16,8460.75,0,0
SYNTHETIC_ONLY,demo-nbfc-ev-001,AssureRail Synthetic EV Finance NBFC,SYN-EV-2W-2025,SYN-A-LN-0653,SYN-A-BR-0653,Synthetic Borrower A0653,Electric two-wheeler,Tamil Nadu,2025-06-15,2026-09-15,258966.73,195888.99,17.0,48,15,7472.5,0,0
SYNTHETIC_ONLY,demo-nbfc-ev-001,AssureRail Synthetic EV Finance NBFC,SYN-EV-2W-2025,SYN-A-LN-0654,SYN-A-BR-0654,Synthetic Borrower A0654,Electric two-wheeler,Maharashtra,2025-07-15,2026-09-15,277277.52,200789.72,18.0,36,12,10024.25,66,2
SYNTHETIC_ONLY,demo-nbfc-ev-001,AssureRail Synthetic EV Finance NBFC,SYN-EV-2W-2025,SYN-A-LN-0655,SYN-A-BR-0655,Synthetic Borrower A0655,Electric two-wheeler,Karnataka,2025-08-15,2026-09-15,295588.29,231015.34,14.0,48,13,8077.39,0,0
SYNTHETIC_ONLY,demo-nbfc-ev-001,AssureRail Synthetic EV Finance NBFC,SYN-EV-2W-2025,SYN-A-LN-0656,SYN-A-BR-0656,Synthetic Borrower A0656,Electric two-wheeler,Tamil Nadu,2025-09-15,2026-09-15,313899.07,224420.84,15.0,36,12,10881.41,0,0
SYNTHETIC_ONLY,demo-nbfc-ev-001,AssureRail Synthetic EV Finance NBFC,SYN-EV-2W-2025,SYN-A-LN-0657,SYN-A-BR-0657,Synthetic Borrower A0657,Electric two-wheeler,Maharashtra,2025-01-15,2026-09-15,167412.83,110261.79,16.0,48,20,4744.53,0,0
SYNTHETIC_ONLY,demo-nbfc-ev-001,AssureRail Synthetic EV Finance NBFC,SYN-EV-2W-2025,SYN-A-LN-0658,SYN-A-BR-0658,Synthetic Borrower A0658,Electric two-wheeler,Karnataka,2025-02-15,2026-09-15,185723.62,99415.85,17.0,36,19,6621.55,0,0
SYNTHETIC_ONLY,demo-nbfc-ev-001,AssureRail Synthetic EV Finance NBFC,SYN-EV-2W-2025,SYN-A-LN-0659,SYN-A-BR-0659,Synthetic Borrower A0659,Electric two-wheeler,Tamil Nadu,2025-03-15,2026-09-15,204034.39,143939.17,18.0,48,18,5993.51,0,0
SYNTHETIC_ONLY,demo-nbfc-ev-001,AssureRail Synthetic EV Finance NBFC,SYN-EV-2W-2025,SYN-A-LN-0660,SYN-A-BR-0660,Synthetic Borrower A0660,Electric two-wheeler,Maharashtra,2025-04-15,2026-09-15,222345.17,146702.33,14.0,36,14,7599.23,93,3
SYNTHETIC_ONLY,demo-nbfc-ev-001,AssureRail Synthetic EV Finance NBFC,SYN-EV-2W-2025,SYN-A-LN-0661,SYN-A-BR-0661,Synthetic Borrower A0661,Electric two-wheeler,Karnataka,2025-05-15,2026-09-15,240655.96,175754.49,15.0,48,16,6697.64,0,0
SYNTHETIC_ONLY,demo-nbfc-ev-001,AssureRail Synthetic EV Finance NBFC,SYN-EV-2W-2025,SYN-A-LN-0662,SYN-A-BR-0662,Synthetic Borrower A0662,Electric two-wheeler,Tamil Nadu,2025-06-15,2026-09-15,258966.72,165804.3,16.0,36,15,9104.5,0,0
SYNTHETIC_ONLY,demo-nbfc-ev-001,AssureRail Synthetic EV Finance NBFC,SYN-EV-2W-2025,SYN-A-LN-0663,SYN-A-BR-0663,Synthetic Borrower A0663,Electric two-wheeler,Maharashtra,2025-07-15,2026-09-15,277277.51,214699.01,17.0,48,14,8000.85,0,0
SYNTHETIC_ONLY,demo-nbfc-ev-001,AssureRail Synthetic EV Finance NBFC,SYN-EV-2W-2025,SYN-A-LN-0664,SYN-A-BR-0664,Synthetic Borrower A0664,Electric two-wheeler,Karnataka,2025-08-15,2026-09-15,295588.3,206573.94,18.0,36,13,10686.23,0,0
SYNTHETIC_ONLY,demo-nbfc-ev-001,AssureRail Synthetic EV Finance NBFC,SYN-EV-2W-2025,SYN-A-LN-0665,SYN-A-BR-0665,Synthetic Borrower A0665,Electric two-wheeler,Tamil Nadu,2025-09-15,2026-09-15,313899.07,250975.73,14.0,48,12,8577.76,0,0
SYNTHETIC_ONLY,demo-nbfc-ev-001,AssureRail Synthetic EV Finance NBFC,SYN-EV-2W-2025,SYN-A-LN-0666,SYN-A-BR-0666,Synthetic Borrower A0666,Electric two-wheeler,Maharashtra,2025-01-15,2026-09-15,167412.84,88385.63,15.0,36,19,5803.42,30,1
SYNTHETIC_ONLY,demo-nbfc-ev-001,AssureRail Synthetic EV Finance NBFC,SYN-EV-2W-2025,SYN-A-LN-0667,SYN-A-BR-0667,Synthetic Borrower A0667,Electric two-wheeler,Karnataka,2025-02-15,2026-09-15,185723.61,125906.38,16.0,48,19,5263.46,0,0
SYNTHETIC_ONLY,demo-nbfc-ev-001,AssureRail Synthetic EV Finance NBFC,SYN-EV-2W-2025,SYN-A-LN-0668,SYN-A-BR-0668,Synthetic Borrower A0668,Electric two-wheeler,Tamil Nadu,2025-03-15,2026-09-15,204034.38,114864.54,17.0,36,18,7274.38,0,0
SYNTHETIC_ONLY,demo-nbfc-ev-001,AssureRail Synthetic EV Finance NBFC,SYN-EV-2W-2025,SYN-A-LN-0669,SYN-A-BR-0669,Synthetic Borrower A0669,Electric two-wheeler,Maharashtra,2025-04-15,2026-09-15,222345.18,160973.58,18.0,48,17,6531.39,0,0
SYNTHETIC_ONLY,demo-nbfc-ev-001,AssureRail Synthetic EV Finance NBFC,SYN-EV-2W-2025,SYN-A-LN-0670,SYN-A-BR-0670,Synthetic Borrower A0670,Electric two-wheeler,Karnataka,2025-05-15,2026-09-15,240655.95,145964.21,14.0,36,16,8225.05,0,0
SYNTHETIC_ONLY,demo-nbfc-ev-001,AssureRail Synthetic EV Finance NBFC,SYN-EV-2W-2025,SYN-A-LN-0671,SYN-A-BR-0671,Synthetic Borrower A0671,Electric two-wheeler,Tamil Nadu,2025-06-15,2026-09-15,258966.73,193910.46,15.0,48,15,7207.24,0,0
SYNTHETIC_ONLY,demo-nbfc-ev-001,AssureRail Synthetic EV Finance NBFC,SYN-EV-2W-2025,SYN-A-LN-0672,SYN-A-BR-0672,Synthetic Borrower A0672,Electric two-wheeler,Maharashtra,2025-07-15,2026-09-15,277277.51,199093.86,16.0,36,12,9748.25,66,2
SYNTHETIC_ONLY,demo-nbfc-ev-001,AssureRail Synthetic EV Finance NBFC,SYN-EV-2W-2025,SYN-A-LN-0673,SYN-A-BR-0673,Synthetic Borrower A0673,Electric two-wheeler,Karnataka,2025-08-15,2026-09-15,295588.29,234090.18,17.0,48,13,8529.21,0,0
SYNTHETIC_ONLY,demo-nbfc-ev-001,AssureRail Synthetic EV Finance NBFC,SYN-EV-2W-2025,SYN-A-LN-0674,SYN-A-BR-0674,Synthetic Borrower A0674,Electric two-wheeler,Tamil Nadu,2025-09-15,2026-09-15,313899.07,227309.11,18.0,36,12,11348.2,0,0
SYNTHETIC_ONLY,demo-nbfc-ev-001,AssureRail Synthetic EV Finance NBFC,SYN-EV-2W-2025,SYN-A-LN-0675,SYN-A-BR-0675,Synthetic Borrower A0675,Electric two-wheeler,Maharashtra,2025-01-15,2026-09-15,167412.85,108740.71,14.0,48,20,4574.8,0,0
SYNTHETIC_ONLY,demo-nbfc-ev-001,AssureRail Synthetic EV Finance NBFC,SYN-EV-2W-2025,SYN-A-LN-0676,SYN-A-BR-0676,Synthetic Borrower A0676,Electric two-wheeler,Karnataka,2025-02-15,2026-09-15,185723.62,98052.81,15.0,36,19,6438.17,0,0
SYNTHETIC_ONLY,demo-nbfc-ev-001,AssureRail Synthetic EV Finance NBFC,SYN-EV-2W-2025,SYN-A-LN-0677,SYN-A-BR-0677,Synthetic Borrower A0677,Electric two-wheeler,Tamil Nadu,2025-03-15,2026-09-15,204034.39,142206.0,16.0,48,18,5782.39,0,0
SYNTHETIC_ONLY,demo-nbfc-ev-001,AssureRail Synthetic EV Finance NBFC,SYN-EV-2W-2025,SYN-A-LN-0678,SYN-A-BR-0678,Synthetic Borrower A0678,Electric two-wheeler,Maharashtra,2025-04-15,2026-09-15,222345.16,148940.91,17.0,36,14,7927.21,93,3
SYNTHETIC_ONLY,demo-nbfc-ev-001,AssureRail Synthetic EV Finance NBFC,SYN-EV-2W-2025,SYN-A-LN-0679,SYN-A-BR-0679,Synthetic Borrower A0679,Electric two-wheeler,Karnataka,2025-05-15,2026-09-15,240655.95,178620.19,18.0,48,16,7069.27,0,0
SYNTHETIC_ONLY,demo-nbfc-ev-001,AssureRail Synthetic EV Finance NBFC,SYN-EV-2W-2025,SYN-A-LN-0680,SYN-A-BR-0680,Synthetic Borrower A0680,Electric two-wheeler,Tamil Nadu,2025-06-15,2026-09-15,258966.73,164007.63,14.0,36,15,8850.87,0,0
SYNTHETIC_ONLY,demo-nbfc-ev-001,AssureRail Synthetic EV Finance NBFC,SYN-EV-2W-2025,SYN-A-LN-0681,SYN-A-BR-0681,Synthetic Borrower A0681,Electric two-wheeler,Maharashtra,2025-07-15,2026-09-15,277277.51,212679.65,15.0,48,14,7716.84,0,0
SYNTHETIC_ONLY,demo-nbfc-ev-001,AssureRail Synthetic EV Finance NBFC,SYN-EV-2W-2025,SYN-A-LN-0682,SYN-A-BR-0682,Synthetic Borrower A0682,Electric two-wheeler,Karnataka,2025-08-15,2026-09-15,295588.29,204679.45,16.0,36,13,10392.01,0,0
SYNTHETIC_ONLY,demo-nbfc-ev-001,AssureRail Synthetic EV Finance NBFC,SYN-EV-2W-2025,SYN-A-LN-0683,SYN-A-BR-0683,Synthetic Borrower A0683,Electric two-wheeler,Tamil Nadu,2025-09-15,2026-09-15,313899.06,254049.87,17.0,48,12,9057.57,0,0
SYNTHETIC_ONLY,demo-nbfc-ev-001,AssureRail Synthetic EV Finance NBFC,SYN-EV-2W-2025,SYN-A-LN-0684,SYN-A-BR-0684,Synthetic Borrower A0684,Electric two-wheeler,Maharashtra,2025-01-15,2026-09-15,167412.85,90226.69,18.0,36,19,6052.38,30,1
SYNTHETIC_ONLY,demo-nbfc-ev-001,AssureRail Synthetic EV Finance NBFC,SYN-EV-2W-2025,SYN-A-LN-0685,SYN-A-BR-0685,Synthetic Borrower A0685,Electric two-wheeler,Karnataka,2025-02-15,2026-09-15,185723.61,124259.69,14.0,48,19,5075.17,0,0
SYNTHETIC_ONLY,demo-nbfc-ev-001,AssureRail Synthetic EV Finance NBFC,SYN-EV-2W-2025,SYN-A-LN-0686,SYN-A-BR-0686,Synthetic Borrower A0686,Electric two-wheeler,Tamil Nadu,2025-03-15,2026-09-15,204034.4,113375.71,15.0,36,18,7072.92,0,0
SYNTHETIC_ONLY,demo-nbfc-ev-001,AssureRail Synthetic EV Finance NBFC,SYN-EV-2W-2025,SYN-A-LN-0687,SYN-A-BR-0687,Synthetic Borrower A0687,Electric two-wheeler,Maharashtra,2025-04-15,2026-09-15,222345.18,159147.44,16.0,48,17,6301.32,0,0
SYNTHETIC_ONLY,demo-nbfc-ev-001,AssureRail Synthetic EV Finance NBFC,SYN-EV-2W-2025,SYN-A-LN-0688,SYN-A-BR-0688,Synthetic Borrower A0688,Electric two-wheeler,Karnataka,2025-05-15,2026-09-15,240655.95,148524.88,17.0,36,16,8580.04,0,0
SYNTHETIC_ONLY,demo-nbfc-ev-001,AssureRail Synthetic EV Finance NBFC,SYN-EV-2W-2025,SYN-A-LN-0689,SYN-A-BR-0689,Synthetic Borrower A0689,Electric two-wheeler,Tamil Nadu,2025-06-15,2026-09-15,258966.74,196865.03,18.0,48,15,7607.15,0,0
SYNTHETIC_ONLY,demo-nbfc-ev-001,AssureRail Synthetic EV Finance NBFC,SYN-EV-2W-2025,SYN-A-LN-0690,SYN-A-BR-0690,Synthetic Borrower A0690,Electric two-wheeler,Maharashtra,2025-07-15,2026-09-15,277277.52,197378.03,14.0,36,12,9476.69,66,2
SYNTHETIC_ONLY,demo-nbfc-ev-001,AssureRail Synthetic EV Finance NBFC,SYN-EV-2W-2025,SYN-A-LN-0691,SYN-A-BR-0691,Synthetic Borrower A0691,Electric two-wheeler,Karnataka,2025-08-15,2026-09-15,295588.3,232050.35,15.0,48,13,8226.44,0,0
SYNTHETIC_ONLY,demo-nbfc-ev-001,AssureRail Synthetic EV Finance NBFC,SYN-EV-2W-2025,SYN-A-LN-0692,SYN-A-BR-0692,Synthetic Borrower A0692,Electric two-wheeler,Tamil Nadu,2025-09-15,2026-09-15,313899.08,225389.28,16.0,36,12,11035.76,0,0
SYNTHETIC_ONLY,demo-nbfc-ev-001,AssureRail Synthetic EV Finance NBFC,SYN-EV-2W-2025,SYN-A-LN-0693,SYN-A-BR-0693,Synthetic Borrower A0693,Electric two-wheeler,Maharashtra,2025-01-15,2026-09-15,167412.84,111015.45,17.0,48,20,4830.7,0,0
SYNTHETIC_ONLY,demo-nbfc-ev-001,AssureRail Synthetic EV Finance NBFC,SYN-EV-2W-2025,SYN-A-LN-0694,SYN-A-BR-0694,Synthetic Borrower A0694,Electric two-wheeler,Karnataka,2025-02-15,2026-09-15,185723.62,100095.23,18.0,36,19,6714.35,0,0
SYNTHETIC_ONLY,demo-nbfc-ev-001,AssureRail Synthetic EV Finance NBFC,SYN-EV-2W-2025,SYN-A-LN-0695,SYN-A-BR-0695,Synthetic Borrower A0695,Electric two-wheeler,Tamil Nadu,2025-03-15,2026-09-15,204034.39,140447.63,14.0,48,18,5575.54,0,0
SYNTHETIC_ONLY,demo-nbfc-ev-001,AssureRail Synthetic EV Finance NBFC,SYN-EV-2W-2025,SYN-A-LN-0696,SYN-A-BR-0696,Synthetic Borrower A0696,Electric two-wheeler,Maharashtra,2025-04-15,2026-09-15,222345.18,147452.04,15.0,36,14,7707.67,93,3
SYNTHETIC_ONLY,demo-nbfc-ev-001,AssureRail Synthetic EV Finance NBFC,SYN-EV-2W-2025,SYN-A-LN-0697,SYN-A-BR-0697,Synthetic Borrower A0697,Electric two-wheeler,Karnataka,2025-05-15,2026-09-15,240655.96,176717.72,16.0,48,16,6820.26,0,0
SYNTHETIC_ONLY,demo-nbfc-ev-001,AssureRail Synthetic EV Finance NBFC,SYN-EV-2W-2025,SYN-A-LN-0698,SYN-A-BR-0698,Synthetic Borrower A0698,Electric two-wheeler,Tamil Nadu,2025-06-15,2026-09-15,258966.72,166697.01,17.0,36,15,9232.87,0,0
SYNTHETIC_ONLY,demo-nbfc-ev-001,AssureRail Synthetic EV Finance NBFC,SYN-EV-2W-2025,SYN-A-LN-0699,SYN-A-BR-0699,Synthetic Borrower A0699,Electric two-wheeler,Maharashtra,2025-07-15,2026-09-15,277277.51,215694.39,18.0,48,14,8145.03,0,0
SYNTHETIC_ONLY,demo-nbfc-ev-001,AssureRail Synthetic EV Finance NBFC,SYN-EV-2W-2025,SYN-A-LN-0700,SYN-A-BR-0700,Synthetic Borrower A0700,Electric two-wheeler,Karnataka,2025-08-15,2026-09-15,295588.29,202764.73,14.0,36,13,10102.51,0,0
SYNTHETIC_ONLY,demo-nbfc-ev-001,AssureRail Synthetic EV Finance NBFC,SYN-EV-2W-2025,SYN-A-LN-0701,SYN-A-BR-0701,Synthetic Borrower A0701,Electric two-wheeler,Tamil Nadu,2025-09-15,2026-09-15,313899.08,252011.06,15.0,48,12,8736.05,0,0
SYNTHETIC_ONLY,demo-nbfc-ev-001,AssureRail Synthetic EV Finance NBFC,SYN-EV-2W-2025,SYN-A-LN-0702,SYN-A-BR-0702,Synthetic Borrower A0702,Electric two-wheeler,Maharashtra,2025-01-15,2026-09-15,167412.84,89000.58,16.0,36,19,5885.74,30,1
SYNTHETIC_ONLY,demo-nbfc-ev-001,AssureRail Synthetic EV Finance NBFC,SYN-EV-2W-2025,SYN-A-LN-0703,SYN-A-BR-0703,Synthetic Borrower A0703,Electric two-wheeler,Karnataka,2025-02-15,2026-09-15,185723.62,126721.6,17.0,48,19,5359.06,0,0
SYNTHETIC_ONLY,demo-nbfc-ev-001,AssureRail Synthetic EV Finance NBFC,SYN-EV-2W-2025,SYN-A-LN-0704,SYN-A-BR-0704,Synthetic Borrower A0704,Electric two-wheeler,Tamil Nadu,2025-03-15,2026-09-15,204034.4,115606.02,18.0,36,18,7376.33,0,0
SYNTHETIC_ONLY,demo-nbfc-ev-001,AssureRail Synthetic EV Finance NBFC,SYN-EV-2W-2025,SYN-A-LN-0705,SYN-A-BR-0705,Synthetic Borrower A0705,Electric two-wheeler,Maharashtra,2025-04-15,2026-09-15,222345.18,157292.74,14.0,48,17,6075.91,0,0
SYNTHETIC_ONLY,demo-nbfc-ev-001,AssureRail Synthetic EV Finance NBFC,SYN-EV-2W-2025,SYN-A-LN-0706,SYN-A-BR-0706,Synthetic Borrower A0706,Electric two-wheeler,Karnataka,2025-05-15,2026-09-15,240655.96,146820.85,15.0,36,16,8342.42,0,0
SYNTHETIC_ONLY,demo-nbfc-ev-001,AssureRail Synthetic EV Finance NBFC,SYN-EV-2W-2025,SYN-A-LN-0707,SYN-A-BR-0707,Synthetic Borrower A0707,Electric two-wheeler,Tamil Nadu,2025-06-15,2026-09-15,258966.73,194904.1,16.0,48,15,7339.19,0,0
SYNTHETIC_ONLY,demo-nbfc-ev-001,AssureRail Synthetic EV Finance NBFC,SYN-EV-2W-2025,SYN-A-LN-0708,SYN-A-BR-0708,Synthetic Borrower A0708,Electric two-wheeler,Maharashtra,2025-07-15,2026-09-15,277277.51,199944.31,17.0,36,12,9885.7,66,2
SYNTHETIC_ONLY,demo-nbfc-ev-001,AssureRail Synthetic EV Finance NBFC,SYN-EV-2W-2025,SYN-A-LN-0709,SYN-A-BR-0709,Synthetic Borrower A0709,Electric two-wheeler,Karnataka,2025-08-15,2026-09-15,295588.3,235094.85,18.0,48,13,8682.91,0,0
SYNTHETIC_ONLY,demo-nbfc-ev-001,AssureRail Synthetic EV Finance NBFC,SYN-EV-2W-2025,SYN-A-LN-0710,SYN-A-BR-0710,Synthetic Borrower A0710,Electric two-wheeler,Tamil Nadu,2025-09-15,2026-09-15,313899.08,223446.83,14.0,36,12,10728.33,0,0
SYNTHETIC_ONLY,demo-nbfc-ev-001,AssureRail Synthetic EV Finance NBFC,SYN-EV-2W-2025,SYN-A-LN-0711,SYN-A-BR-0711,Synthetic Borrower A0711,Electric two-wheeler,Maharashtra,2025-01-15,2026-09-15,167412.83,109503.5,15.0,48,20,4659.22,0,0
SYNTHETIC_ONLY,demo-nbfc-ev-001,AssureRail Synthetic EV Finance NBFC,SYN-EV-2W-2025,SYN-A-LN-0712,SYN-A-BR-0712,Synthetic Borrower A0712,Electric two-wheeler,Karnataka,2025-02-15,2026-09-15,185723.62,98735.02,16.0,36,19,6529.49,0,0
SYNTHETIC_ONLY,demo-nbfc-ev-001,AssureRail Synthetic EV Finance NBFC,SYN-EV-2W-2025,SYN-A-LN-0713,SYN-A-BR-0713,Synthetic Borrower A0713,Electric two-wheeler,Tamil Nadu,2025-03-15,2026-09-15,204034.39,143075.79,17.0,48,18,5887.42,0,0
SYNTHETIC_ONLY,demo-nbfc-ev-001,AssureRail Synthetic EV Finance NBFC,SYN-EV-2W-2025,SYN-A-LN-0714,SYN-A-BR-0714,Synthetic Borrower A0714,Electric two-wheeler,Maharashtra,2025-04-15,2026-09-15,222345.17,149679.97,18.0,36,14,8038.31,93,3
SYNTHETIC_ONLY,demo-nbfc-ev-001,AssureRail Synthetic EV Finance NBFC,SYN-EV-2W-2025,SYN-A-LN-0715,SYN-A-BR-0715,Synthetic Borrower A0715,Electric two-wheeler,Karnataka,2025-05-15,2026-09-15,240655.96,174783.4,14.0,48,16,6576.28,0,0
SYNTHETIC_ONLY,demo-nbfc-ev-001,AssureRail Synthetic EV Finance NBFC,SYN-EV-2W-2025,SYN-A-LN-0716,SYN-A-BR-0716,Synthetic Borrower A0716,Electric two-wheeler,Tamil Nadu,2025-06-15,2026-09-15,258966.74,164907.82,15.0,36,15,8977.17,0,0
SYNTHETIC_ONLY,demo-nbfc-ev-001,AssureRail Synthetic EV Finance NBFC,SYN-EV-2W-2025,SYN-A-LN-0717,SYN-A-BR-0717,Synthetic Borrower A0717,Electric two-wheeler,Maharashtra,2025-07-15,2026-09-15,277277.52,213694.07,16.0,48,14,7858.12,0,0
SYNTHETIC_ONLY,demo-nbfc-ev-001,AssureRail Synthetic EV Finance NBFC,SYN-EV-2W-2025,SYN-A-LN-0718,SYN-A-BR-0718,Synthetic Borrower A0718,Electric two-wheeler,Karnataka,2025-08-15,2026-09-15,295588.3,205629.26,17.0,36,13,10538.53,0,0
SYNTHETIC_ONLY,demo-nbfc-ev-001,AssureRail Synthetic EV Finance NBFC,SYN-EV-2W-2025,SYN-A-LN-0719,SYN-A-BR-0719,Synthetic Borrower A0719,Electric two-wheeler,Tamil Nadu,2025-09-15,2026-09-15,313899.08,255053.23,18.0,48,12,9220.79,0,0
SYNTHETIC_ONLY,demo-nbfc-ev-001,AssureRail Synthetic EV Finance NBFC,SYN-EV-2W-2025,SYN-A-LN-0720,SYN-A-BR-0720,Synthetic Borrower A0720,Electric two-wheeler,Maharashtra,2025-01-15,2026-09-15,167412.85,87769.5,14.0,36,19,5721.77,30,1
SYNTHETIC_ONLY,demo-nbfc-ev-001,AssureRail Synthetic EV Finance NBFC,SYN-EV-2W-2025,SYN-A-LN-0721,SYN-A-BR-0721,Synthetic Borrower A0721,Electric two-wheeler,Karnataka,2025-02-15,2026-09-15,185723.62,125085.71,15.0,48,19,5168.83,0,0
SYNTHETIC_ONLY,demo-nbfc-ev-001,AssureRail Synthetic EV Finance NBFC,SYN-EV-2W-2025,SYN-A-LN-0722,SYN-A-BR-0722,Synthetic Borrower A0722,Electric two-wheeler,Tamil Nadu,2025-03-15,2026-09-15,204034.38,114121.08,16.0,36,18,7173.24,0,0
SYNTHETIC_ONLY,demo-nbfc-ev-001,AssureRail Synthetic EV Finance NBFC,SYN-EV-2W-2025,SYN-A-LN-0723,SYN-A-BR-0723,Synthetic Borrower A0723,Electric two-wheeler,Maharashtra,2025-04-15,2026-09-15,222345.18,160064.14,17.0,48,17,6415.78,0,0
SYNTHETIC_ONLY,demo-nbfc-ev-001,AssureRail Synthetic EV Finance NBFC,SYN-EV-2W-2025,SYN-A-LN-0724,SYN-A-BR-0724,Synthetic Borrower A0724,Electric two-wheeler,Karnataka,2025-05-15,2026-09-15,240655.96,149372.13,18.0,36,16,8700.29,0,0
SYNTHETIC_ONLY,demo-nbfc-ev-001,AssureRail Synthetic EV Finance NBFC,SYN-EV-2W-2025,SYN-A-LN-0725,SYN-A-BR-0725,Synthetic Borrower A0725,Electric two-wheeler,Tamil Nadu,2025-06-15,2026-09-15,258966.74,192908.19,14.0,48,15,7076.65,0,0
SYNTHETIC_ONLY,demo-nbfc-ev-001,AssureRail Synthetic EV Finance NBFC,SYN-EV-2W-2025,SYN-A-LN-0726,SYN-A-BR-0726,Synthetic Borrower A0726,Electric two-wheeler,Maharashtra,2025-07-15,2026-09-15,277277.51,198238.41,15.0,36,12,9611.92,66,2
SYNTHETIC_ONLY,demo-nbfc-ev-001,AssureRail Synthetic EV Finance NBFC,SYN-EV-2W-2025,SYN-A-LN-0727,SYN-A-BR-0727,Synthetic Borrower A0727,Electric two-wheeler,Karnataka,2025-08-15,2026-09-15,295588.29,233075.32,16.0,48,13,8377.06,0,0
SYNTHETIC_ONLY,demo-nbfc-ev-001,AssureRail Synthetic EV Finance NBFC,SYN-EV-2W-2025,SYN-A-LN-0728,SYN-A-BR-0728,Synthetic Borrower A0728,Electric two-wheeler,Tamil Nadu,2025-09-15,2026-09-15,313899.08,226352.06,17.0,36,12,11191.36,0,0
SYNTHETIC_ONLY,demo-nbfc-ev-001,AssureRail Synthetic EV Finance NBFC,SYN-EV-2W-2025,SYN-A-LN-0729,SYN-A-BR-0729,Synthetic Borrower A0729,Electric two-wheeler,Maharashtra,2025-01-15,2026-09-15,167412.84,111764.36,18.0,48,20,4917.75,0,0
SYNTHETIC_ONLY,demo-nbfc-ev-001,AssureRail Synthetic EV Finance NBFC,SYN-EV-2W-2025,SYN-A-LN-0730,SYN-A-BR-0730,Synthetic Borrower A0730,Electric two-wheeler,Karnataka,2025-02-15,2026-09-15,185723.62,97369.28,14.0,36,19,6347.59,0,0
SYNTHETIC_ONLY,demo-nbfc-ev-001,AssureRail Synthetic EV Finance NBFC,SYN-EV-2W-2025,SYN-A-LN-0731,SYN-A-BR-0731,Synthetic Borrower A0731,Electric two-wheeler,Tamil Nadu,2025-03-15,2026-09-15,204034.4,141329.91,15.0,48,18,5678.43,0,0
SYNTHETIC_ONLY,demo-nbfc-ev-001,AssureRail Synthetic EV Finance NBFC,SYN-EV-2W-2025,SYN-A-LN-0732,SYN-A-BR-0732,Synthetic Borrower A0732,Electric two-wheeler,Maharashtra,2025-04-15,2026-09-15,222345.17,148198.25,16.0,36,14,7817.0,93,3
SYNTHETIC_ONLY,demo-nbfc-ev-001,AssureRail Synthetic EV Finance NBFC,SYN-EV-2W-2025,SYN-A-LN-0733,SYN-A-BR-0733,Synthetic Borrower A0733,Electric two-wheeler,Karnataka,2025-05-15,2026-09-15,240655.95,177672.99,17.0,48,16,6944.14,0,0
SYNTHETIC_ONLY,demo-nbfc-ev-001,AssureRail Synthetic EV Finance NBFC,SYN-EV-2W-2025,SYN-A-LN-0734,SYN-A-BR-0734,Synthetic Borrower A0734,Electric two-wheeler,Tamil Nadu,2025-06-15,2026-09-15,258966.73,167585.87,18.0,36,15,9362.27,0,0
SYNTHETIC_ONLY,demo-nbfc-ev-001,AssureRail Synthetic EV Finance NBFC,SYN-EV-2W-2025,SYN-A-LN-0735,SYN-A-BR-0735,Synthetic Borrower A0735,Electric two-wheeler,Maharashtra,2025-07-15,2026-09-15,277277.51,211655.86,14.0,48,14,7577.02,0,0
SYNTHETIC_ONLY,demo-nbfc-ev-001,AssureRail Synthetic EV Finance NBFC,SYN-EV-2W-2025,SYN-A-LN-0736,SYN-A-BR-0736,Synthetic Borrower A0736,Electric two-wheeler,Karnataka,2025-08-15,2026-09-15,295588.29,203724.58,15.0,36,13,10246.67,0,0
SYNTHETIC_ONLY,demo-nbfc-ev-001,AssureRail Synthetic EV Finance NBFC,SYN-EV-2W-2025,SYN-A-LN-0737,SYN-A-BR-0737,Synthetic Borrower A0737,Electric two-wheeler,Tamil Nadu,2025-09-15,2026-09-15,313899.08,253035.8,16.0,48,12,8895.99,0,0
SYNTHETIC_ONLY,demo-nbfc-ev-001,AssureRail Synthetic EV Finance NBFC,SYN-EV-2W-2025,SYN-A-LN-0738,SYN-A-BR-0738,Synthetic Borrower A0738,Electric two-wheeler,Maharashtra,2025-01-15,2026-09-15,167412.84,89614.29,17.0,36,19,5968.72,30,1
SYNTHETIC_ONLY,demo-nbfc-ev-001,AssureRail Synthetic EV Finance NBFC,SYN-EV-2W-2025,SYN-A-LN-0739,SYN-A-BR-0739,Synthetic Borrower A0739,Electric two-wheeler,Karnataka,2025-02-15,2026-09-15,185723.62,127531.25,18.0,48,19,5455.63,0,0
SYNTHETIC_ONLY,demo-nbfc-ev-001,AssureRail Synthetic EV Finance NBFC,SYN-EV-2W-2025,SYN-A-LN-0740,SYN-A-BR-0740,Synthetic Borrower A0740,Electric two-wheeler,Tamil Nadu,2025-03-15,2026-09-15,204034.39,112628.48,14.0,36,18,6973.41,0,0
SYNTHETIC_ONLY,demo-nbfc-ev-001,AssureRail Synthetic EV Finance NBFC,SYN-EV-2W-2025,SYN-A-LN-0741,SYN-A-BR-0741,Synthetic Borrower A0741,Electric two-wheeler,Maharashtra,2025-04-15,2026-09-15,222345.17,158223.6,15.0,48,17,6188.03,0,0
SYNTHETIC_ONLY,demo-nbfc-ev-001,AssureRail Synthetic EV Finance NBFC,SYN-EV-2W-2025,SYN-A-LN-0742,SYN-A-BR-0742,Synthetic Borrower A0742,Electric two-wheeler,Karnataka,2025-05-15,2026-09-15,240655.95,147674.43,16.0,36,16,8460.75,0,0
SYNTHETIC_ONLY,demo-nbfc-ev-001,AssureRail Synthetic EV Finance NBFC,SYN-EV-2W-2025,SYN-A-LN-0743,SYN-A-BR-0743,Synthetic Borrower A0743,Electric two-wheeler,Tamil Nadu,2025-06-15,2026-09-15,258966.73,195888.99,17.0,48,15,7472.5,0,0
SYNTHETIC_ONLY,demo-nbfc-ev-001,AssureRail Synthetic EV Finance NBFC,SYN-EV-2W-2025,SYN-A-LN-0744,SYN-A-BR-0744,Synthetic Borrower A0744,Electric two-wheeler,Maharashtra,2025-07-15,2026-09-15,277277.52,200789.72,18.0,36,12,10024.25,66,2
SYNTHETIC_ONLY,demo-nbfc-ev-001,AssureRail Synthetic EV Finance NBFC,SYN-EV-2W-2025,SYN-A-LN-0745,SYN-A-BR-0745,Synthetic Borrower A0745,Electric two-wheeler,Karnataka,2025-08-15,2026-09-15,295588.29,231015.34,14.0,48,13,8077.39,0,0
SYNTHETIC_ONLY,demo-nbfc-ev-001,AssureRail Synthetic EV Finance NBFC,SYN-EV-2W-2025,SYN-A-LN-0746,SYN-A-BR-0746,Synthetic Borrower A0746,Electric two-wheeler,Tamil Nadu,2025-09-15,2026-09-15,313899.07,224420.84,15.0,36,12,10881.41,0,0
SYNTHETIC_ONLY,demo-nbfc-ev-001,AssureRail Synthetic EV Finance NBFC,SYN-EV-2W-2025,SYN-A-LN-0747,SYN-A-BR-0747,Synthetic Borrower A0747,Electric two-wheeler,Maharashtra,2025-01-15,2026-09-15,167412.83,110261.79,16.0,48,20,4744.53,0,0
SYNTHETIC_ONLY,demo-nbfc-ev-001,AssureRail Synthetic EV Finance NBFC,SYN-EV-2W-2025,SYN-A-LN-0748,SYN-A-BR-0748,Synthetic Borrower A0748,Electric two-wheeler,Karnataka,2025-02-15,2026-09-15,185723.62,99415.85,17.0,36,19,6621.55,0,0
SYNTHETIC_ONLY,demo-nbfc-ev-001,AssureRail Synthetic EV Finance NBFC,SYN-EV-2W-2025,SYN-A-LN-0749,SYN-A-BR-0749,Synthetic Borrower A0749,Electric two-wheeler,Tamil Nadu,2025-03-15,2026-09-15,204034.39,143939.17,18.0,48,18,5993.51,0,0
SYNTHETIC_ONLY,demo-nbfc-ev-001,AssureRail Synthetic EV Finance NBFC,SYN-EV-2W-2025,SYN-A-LN-0750,SYN-A-BR-0750,Synthetic Borrower A0750,Electric two-wheeler,Maharashtra,2025-04-15,2026-09-15,222345.17,146702.33,14.0,36,14,7599.23,93,3
SYNTHETIC_ONLY,demo-nbfc-ev-001,AssureRail Synthetic EV Finance NBFC,SYN-EV-2W-2025,SYN-A-LN-0751,SYN-A-BR-0751,Synthetic Borrower A0751,Electric two-wheeler,Karnataka,2025-05-15,2026-09-15,240655.96,175754.49,15.0,48,16,6697.64,0,0
SYNTHETIC_ONLY,demo-nbfc-ev-001,AssureRail Synthetic EV Finance NBFC,SYN-EV-2W-2025,SYN-A-LN-0752,SYN-A-BR-0752,Synthetic Borrower A0752,Electric two-wheeler,Tamil Nadu,2025-06-15,2026-09-15,258966.72,165804.3,16.0,36,15,9104.5,0,0
SYNTHETIC_ONLY,demo-nbfc-ev-001,AssureRail Synthetic EV Finance NBFC,SYN-EV-2W-2025,SYN-A-LN-0753,SYN-A-BR-0753,Synthetic Borrower A0753,Electric two-wheeler,Maharashtra,2025-07-15,2026-09-15,277277.51,214699.01,17.0,48,14,8000.85,0,0
SYNTHETIC_ONLY,demo-nbfc-ev-001,AssureRail Synthetic EV Finance NBFC,SYN-EV-2W-2025,SYN-A-LN-0754,SYN-A-BR-0754,Synthetic Borrower A0754,Electric two-wheeler,Karnataka,2025-08-15,2026-09-15,295588.3,206573.94,18.0,36,13,10686.23,0,0
SYNTHETIC_ONLY,demo-nbfc-ev-001,AssureRail Synthetic EV Finance NBFC,SYN-EV-2W-2025,SYN-A-LN-0755,SYN-A-BR-0755,Synthetic Borrower A0755,Electric two-wheeler,Tamil Nadu,2025-09-15,2026-09-15,313899.07,250975.73,14.0,48,12,8577.76,0,0
SYNTHETIC_ONLY,demo-nbfc-ev-001,AssureRail Synthetic EV Finance NBFC,SYN-EV-2W-2025,SYN-A-LN-0756,SYN-A-BR-0756,Synthetic Borrower A0756,Electric two-wheeler,Maharashtra,2025-01-15,2026-09-15,167412.84,88385.63,15.0,36,19,5803.42,30,1
SYNTHETIC_ONLY,demo-nbfc-ev-001,AssureRail Synthetic EV Finance NBFC,SYN-EV-2W-2025,SYN-A-LN-0757,SYN-A-BR-0757,Synthetic Borrower A0757,Electric two-wheeler,Karnataka,2025-02-15,2026-09-15,185723.61,125906.38,16.0,48,19,5263.46,0,0
SYNTHETIC_ONLY,demo-nbfc-ev-001,AssureRail Synthetic EV Finance NBFC,SYN-EV-2W-2025,SYN-A-LN-0758,SYN-A-BR-0758,Synthetic Borrower A0758,Electric two-wheeler,Tamil Nadu,2025-03-15,2026-09-15,204034.38,114864.54,17.0,36,18,7274.38,0,0
SYNTHETIC_ONLY,demo-nbfc-ev-001,AssureRail Synthetic EV Finance NBFC,SYN-EV-2W-2025,SYN-A-LN-0759,SYN-A-BR-0759,Synthetic Borrower A0759,Electric two-wheeler,Maharashtra,2025-04-15,2026-09-15,222345.18,160973.58,18.0,48,17,6531.39,0,0
SYNTHETIC_ONLY,demo-nbfc-ev-001,AssureRail Synthetic EV Finance NBFC,SYN-EV-2W-2025,SYN-A-LN-0760,SYN-A-BR-0760,Synthetic Borrower A0760,Electric two-wheeler,Karnataka,2025-05-15,2026-09-15,240655.95,145964.21,14.0,36,16,8225.05,0,0
SYNTHETIC_ONLY,demo-nbfc-ev-001,AssureRail Synthetic EV Finance NBFC,SYN-EV-2W-2025,SYN-A-LN-0761,SYN-A-BR-0761,Synthetic Borrower A0761,Electric two-wheeler,Tamil Nadu,2025-06-15,2026-09-15,258966.73,193910.46,15.0,48,15,7207.24,0,0
SYNTHETIC_ONLY,demo-nbfc-ev-001,AssureRail Synthetic EV Finance NBFC,SYN-EV-2W-2025,SYN-A-LN-0762,SYN-A-BR-0762,Synthetic Borrower A0762,Electric two-wheeler,Maharashtra,2025-07-15,2026-09-15,277277.51,199093.86,16.0,36,12,9748.25,66,2
SYNTHETIC_ONLY,demo-nbfc-ev-001,AssureRail Synthetic EV Finance NBFC,SYN-EV-2W-2025,SYN-A-LN-0763,SYN-A-BR-0763,Synthetic Borrower A0763,Electric two-wheeler,Karnataka,2025-08-15,2026-09-15,295588.29,234090.18,17.0,48,13,8529.21,0,0
SYNTHETIC_ONLY,demo-nbfc-ev-001,AssureRail Synthetic EV Finance NBFC,SYN-EV-2W-2025,SYN-A-LN-0764,SYN-A-BR-0764,Synthetic Borrower A0764,Electric two-wheeler,Tamil Nadu,2025-09-15,2026-09-15,313899.07,227309.11,18.0,36,12,11348.2,0,0
SYNTHETIC_ONLY,demo-nbfc-ev-001,AssureRail Synthetic EV Finance NBFC,SYN-EV-2W-2025,SYN-A-LN-0765,SYN-A-BR-0765,Synthetic Borrower A0765,Electric two-wheeler,Maharashtra,2025-01-15,2026-09-15,167412.85,108740.71,14.0,48,20,4574.8,0,0
SYNTHETIC_ONLY,demo-nbfc-ev-001,AssureRail Synthetic EV Finance NBFC,SYN-EV-2W-2025,SYN-A-LN-0766,SYN-A-BR-0766,Synthetic Borrower A0766,Electric two-wheeler,Karnataka,2025-02-15,2026-09-15,185723.62,98052.81,15.0,36,19,6438.17,0,0
SYNTHETIC_ONLY,demo-nbfc-ev-001,AssureRail Synthetic EV Finance NBFC,SYN-EV-2W-2025,SYN-A-LN-0767,SYN-A-BR-0767,Synthetic Borrower A0767,Electric two-wheeler,Tamil Nadu,2025-03-15,2026-09-15,204034.39,142206.0,16.0,48,18,5782.39,0,0
SYNTHETIC_ONLY,demo-nbfc-ev-001,AssureRail Synthetic EV Finance NBFC,SYN-EV-2W-2025,SYN-A-LN-0768,SYN-A-BR-0768,Synthetic Borrower A0768,Electric two-wheeler,Maharashtra,2025-04-15,2026-09-15,222345.16,148940.91,17.0,36,14,7927.21,93,3
SYNTHETIC_ONLY,demo-nbfc-ev-001,AssureRail Synthetic EV Finance NBFC,SYN-EV-2W-2025,SYN-A-LN-0769,SYN-A-BR-0769,Synthetic Borrower A0769,Electric two-wheeler,Karnataka,2025-05-15,2026-09-15,240655.95,178620.19,18.0,48,16,7069.27,0,0
SYNTHETIC_ONLY,demo-nbfc-ev-001,AssureRail Synthetic EV Finance NBFC,SYN-EV-2W-2025,SYN-A-LN-0770,SYN-A-BR-0770,Synthetic Borrower A0770,Electric two-wheeler,Tamil Nadu,2025-06-15,2026-09-15,258966.73,164007.63,14.0,36,15,8850.87,0,0
SYNTHETIC_ONLY,demo-nbfc-ev-001,AssureRail Synthetic EV Finance NBFC,SYN-EV-2W-2025,SYN-A-LN-0771,SYN-A-BR-0771,Synthetic Borrower A0771,Electric two-wheeler,Maharashtra,2025-07-15,2026-09-15,277277.51,212679.65,15.0,48,14,7716.84,0,0
SYNTHETIC_ONLY,demo-nbfc-ev-001,AssureRail Synthetic EV Finance NBFC,SYN-EV-2W-2025,SYN-A-LN-0772,SYN-A-BR-0772,Synthetic Borrower A0772,Electric two-wheeler,Karnataka,2025-08-15,2026-09-15,295588.29,204679.45,16.0,36,13,10392.01,0,0
SYNTHETIC_ONLY,demo-nbfc-ev-001,AssureRail Synthetic EV Finance NBFC,SYN-EV-2W-2025,SYN-A-LN-0773,SYN-A-BR-0773,Synthetic Borrower A0773,Electric two-wheeler,Tamil Nadu,2025-09-15,2026-09-15,313899.06,254049.87,17.0,48,12,9057.57,0,0
SYNTHETIC_ONLY,demo-nbfc-ev-001,AssureRail Synthetic EV Finance NBFC,SYN-EV-2W-2025,SYN-A-LN-0774,SYN-A-BR-0774,Synthetic Borrower A0774,Electric two-wheeler,Maharashtra,2025-01-15,2026-09-15,167412.85,90226.69,18.0,36,19,6052.38,30,1
SYNTHETIC_ONLY,demo-nbfc-ev-001,AssureRail Synthetic EV Finance NBFC,SYN-EV-2W-2025,SYN-A-LN-0775,SYN-A-BR-0775,Synthetic Borrower A0775,Electric two-wheeler,Karnataka,2025-02-15,2026-09-15,185723.61,124259.69,14.0,48,19,5075.17,0,0
SYNTHETIC_ONLY,demo-nbfc-ev-001,AssureRail Synthetic EV Finance NBFC,SYN-EV-2W-2025,SYN-A-LN-0776,SYN-A-BR-0776,Synthetic Borrower A0776,Electric two-wheeler,Tamil Nadu,2025-03-15,2026-09-15,204034.4,113375.71,15.0,36,18,7072.92,0,0
SYNTHETIC_ONLY,demo-nbfc-ev-001,AssureRail Synthetic EV Finance NBFC,SYN-EV-2W-2025,SYN-A-LN-0777,SYN-A-BR-0777,Synthetic Borrower A0777,Electric two-wheeler,Maharashtra,2025-04-15,2026-09-15,222345.18,159147.44,16.0,48,17,6301.32,0,0
SYNTHETIC_ONLY,demo-nbfc-ev-001,AssureRail Synthetic EV Finance NBFC,SYN-EV-2W-2025,SYN-A-LN-0778,SYN-A-BR-0778,Synthetic Borrower A0778,Electric two-wheeler,Karnataka,2025-05-15,2026-09-15,240655.95,148524.88,17.0,36,16,8580.04,0,0
SYNTHETIC_ONLY,demo-nbfc-ev-001,AssureRail Synthetic EV Finance NBFC,SYN-EV-2W-2025,SYN-A-LN-0779,SYN-A-BR-0779,Synthetic Borrower A0779,Electric two-wheeler,Tamil Nadu,2025-06-15,2026-09-15,258966.74,196865.03,18.0,48,15,7607.15,0,0
SYNTHETIC_ONLY,demo-nbfc-ev-001,AssureRail Synthetic EV Finance NBFC,SYN-EV-2W-2025,SYN-A-LN-0780,SYN-A-BR-0780,Synthetic Borrower A0780,Electric two-wheeler,Maharashtra,2025-07-15,2026-09-15,277277.52,197378.03,14.0,36,12,9476.69,66,2
SYNTHETIC_ONLY,demo-nbfc-ev-001,AssureRail Synthetic EV Finance NBFC,SYN-EV-2W-2025,SYN-A-LN-0781,SYN-A-BR-0781,Synthetic Borrower A0781,Electric two-wheeler,Karnataka,2025-08-15,2026-09-15,295588.3,232050.35,15.0,48,13,8226.44,0,0
SYNTHETIC_ONLY,demo-nbfc-ev-001,AssureRail Synthetic EV Finance NBFC,SYN-EV-2W-2025,SYN-A-LN-0782,SYN-A-BR-0782,Synthetic Borrower A0782,Electric two-wheeler,Tamil Nadu,2025-09-15,2026-09-15,313899.08,225389.28,16.0,36,12,11035.76,0,0
SYNTHETIC_ONLY,demo-nbfc-ev-001,AssureRail Synthetic EV Finance NBFC,SYN-EV-2W-2025,SYN-A-LN-0783,SYN-A-BR-0783,Synthetic Borrower A0783,Electric two-wheeler,Maharashtra,2025-01-15,2026-09-15,167412.84,111015.45,17.0,48,20,4830.7,0,0
SYNTHETIC_ONLY,demo-nbfc-ev-001,AssureRail Synthetic EV Finance NBFC,SYN-EV-2W-2025,SYN-A-LN-0784,SYN-A-BR-0784,Synthetic Borrower A0784,Electric two-wheeler,Karnataka,2025-02-15,2026-09-15,185723.62,100095.23,18.0,36,19,6714.35,0,0
SYNTHETIC_ONLY,demo-nbfc-ev-001,AssureRail Synthetic EV Finance NBFC,SYN-EV-2W-2025,SYN-A-LN-0785,SYN-A-BR-0785,Synthetic Borrower A0785,Electric two-wheeler,Tamil Nadu,2025-03-15,2026-09-15,204034.39,140447.63,14.0,48,18,5575.54,0,0
SYNTHETIC_ONLY,demo-nbfc-ev-001,AssureRail Synthetic EV Finance NBFC,SYN-EV-2W-2025,SYN-A-LN-0786,SYN-A-BR-0786,Synthetic Borrower A0786,Electric two-wheeler,Maharashtra,2025-04-15,2026-09-15,222345.18,147452.04,15.0,36,14,7707.67,93,3
SYNTHETIC_ONLY,demo-nbfc-ev-001,AssureRail Synthetic EV Finance NBFC,SYN-EV-2W-2025,SYN-A-LN-0787,SYN-A-BR-0787,Synthetic Borrower A0787,Electric two-wheeler,Karnataka,2025-05-15,2026-09-15,240655.96,176717.72,16.0,48,16,6820.26,0,0
SYNTHETIC_ONLY,demo-nbfc-ev-001,AssureRail Synthetic EV Finance NBFC,SYN-EV-2W-2025,SYN-A-LN-0788,SYN-A-BR-0788,Synthetic Borrower A0788,Electric two-wheeler,Tamil Nadu,2025-06-15,2026-09-15,258966.72,166697.01,17.0,36,15,9232.87,0,0
SYNTHETIC_ONLY,demo-nbfc-ev-001,AssureRail Synthetic EV Finance NBFC,SYN-EV-2W-2025,SYN-A-LN-0789,SYN-A-BR-0789,Synthetic Borrower A0789,Electric two-wheeler,Maharashtra,2025-07-15,2026-09-15,277277.51,215694.39,18.0,48,14,8145.03,0,0
SYNTHETIC_ONLY,demo-nbfc-ev-001,AssureRail Synthetic EV Finance NBFC,SYN-EV-2W-2025,SYN-A-LN-0790,SYN-A-BR-0790,Synthetic Borrower A0790,Electric two-wheeler,Karnataka,2025-08-15,2026-09-15,295588.29,202764.73,14.0,36,13,10102.51,0,0
SYNTHETIC_ONLY,demo-nbfc-ev-001,AssureRail Synthetic EV Finance NBFC,SYN-EV-2W-2025,SYN-A-LN-0791,SYN-A-BR-0791,Synthetic Borrower A0791,Electric two-wheeler,Tamil Nadu,2025-09-15,2026-09-15,313899.08,252011.06,15.0,48,12,8736.05,0,0
SYNTHETIC_ONLY,demo-nbfc-ev-001,AssureRail Synthetic EV Finance NBFC,SYN-EV-2W-2025,SYN-A-LN-0792,SYN-A-BR-0792,Synthetic Borrower A0792,Electric two-wheeler,Maharashtra,2025-01-15,2026-09-15,167412.84,89000.58,16.0,36,19,5885.74,30,1
SYNTHETIC_ONLY,demo-nbfc-ev-001,AssureRail Synthetic EV Finance NBFC,SYN-EV-2W-2025,SYN-A-LN-0793,SYN-A-BR-0793,Synthetic Borrower A0793,Electric two-wheeler,Karnataka,2025-02-15,2026-09-15,185723.62,126721.6,17.0,48,19,5359.06,0,0
SYNTHETIC_ONLY,demo-nbfc-ev-001,AssureRail Synthetic EV Finance NBFC,SYN-EV-2W-2025,SYN-A-LN-0794,SYN-A-BR-0794,Synthetic Borrower A0794,Electric two-wheeler,Tamil Nadu,2025-03-15,2026-09-15,204034.4,115606.02,18.0,36,18,7376.33,0,0
SYNTHETIC_ONLY,demo-nbfc-ev-001,AssureRail Synthetic EV Finance NBFC,SYN-EV-2W-2025,SYN-A-LN-0795,SYN-A-BR-0795,Synthetic Borrower A0795,Electric two-wheeler,Maharashtra,2025-04-15,2026-09-15,222345.18,157292.74,14.0,48,17,6075.91,0,0
SYNTHETIC_ONLY,demo-nbfc-ev-001,AssureRail Synthetic EV Finance NBFC,SYN-EV-2W-2025,SYN-A-LN-0796,SYN-A-BR-0796,Synthetic Borrower A0796,Electric two-wheeler,Karnataka,2025-05-15,2026-09-15,240655.96,146820.85,15.0,36,16,8342.42,0,0
SYNTHETIC_ONLY,demo-nbfc-ev-001,AssureRail Synthetic EV Finance NBFC,SYN-EV-2W-2025,SYN-A-LN-0797,SYN-A-BR-0797,Synthetic Borrower A0797,Electric two-wheeler,Tamil Nadu,2025-06-15,2026-09-15,258966.73,194904.1,16.0,48,15,7339.19,0,0
SYNTHETIC_ONLY,demo-nbfc-ev-001,AssureRail Synthetic EV Finance NBFC,SYN-EV-2W-2025,SYN-A-LN-0798,SYN-A-BR-0798,Synthetic Borrower A0798,Electric two-wheeler,Maharashtra,2025-07-15,2026-09-15,277277.51,199944.31,17.0,36,12,9885.7,66,2
SYNTHETIC_ONLY,demo-nbfc-ev-001,AssureRail Synthetic EV Finance NBFC,SYN-EV-2W-2025,SYN-A-LN-0799,SYN-A-BR-0799,Synthetic Borrower A0799,Electric two-wheeler,Karnataka,2025-08-15,2026-09-15,295588.3,235094.85,18.0,48,13,8682.91,0,0
SYNTHETIC_ONLY,demo-nbfc-ev-001,AssureRail Synthetic EV Finance NBFC,SYN-EV-2W-2025,SYN-A-LN-0800,SYN-A-BR-0800,Synthetic Borrower A0800,Electric two-wheeler,Tamil Nadu,2025-09-15,2026-09-15,313899.08,223446.83,14.0,36,12,10728.33,0,0
SYNTHETIC_ONLY,demo-nbfc-ev-001,AssureRail Synthetic EV Finance NBFC,SYN-EV-2W-2025,SYN-A-LN-0801,SYN-A-BR-0801,Synthetic Borrower A0801,Electric two-wheeler,Maharashtra,2025-01-15,2026-09-15,167412.83,109503.5,15.0,48,20,4659.22,0,0
SYNTHETIC_ONLY,demo-nbfc-ev-001,AssureRail Synthetic EV Finance NBFC,SYN-EV-2W-2025,SYN-A-LN-0802,SYN-A-BR-0802,Synthetic Borrower A0802,Electric two-wheeler,Karnataka,2025-02-15,2026-09-15,185723.62,98735.02,16.0,36,19,6529.49,0,0
SYNTHETIC_ONLY,demo-nbfc-ev-001,AssureRail Synthetic EV Finance NBFC,SYN-EV-2W-2025,SYN-A-LN-0803,SYN-A-BR-0803,Synthetic Borrower A0803,Electric two-wheeler,Tamil Nadu,2025-03-15,2026-09-15,204034.39,143075.79,17.0,48,18,5887.42,0,0
SYNTHETIC_ONLY,demo-nbfc-ev-001,AssureRail Synthetic EV Finance NBFC,SYN-EV-2W-2025,SYN-A-LN-0804,SYN-A-BR-0804,Synthetic Borrower A0804,Electric two-wheeler,Maharashtra,2025-04-15,2026-09-15,222345.17,149679.97,18.0,36,14,8038.31,93,3
SYNTHETIC_ONLY,demo-nbfc-ev-001,AssureRail Synthetic EV Finance NBFC,SYN-EV-2W-2025,SYN-A-LN-0805,SYN-A-BR-0805,Synthetic Borrower A0805,Electric two-wheeler,Karnataka,2025-05-15,2026-09-15,240655.96,174783.4,14.0,48,16,6576.28,0,0
SYNTHETIC_ONLY,demo-nbfc-ev-001,AssureRail Synthetic EV Finance NBFC,SYN-EV-2W-2025,SYN-A-LN-0806,SYN-A-BR-0806,Synthetic Borrower A0806,Electric two-wheeler,Tamil Nadu,2025-06-15,2026-09-15,258966.74,164907.82,15.0,36,15,8977.17,0,0
SYNTHETIC_ONLY,demo-nbfc-ev-001,AssureRail Synthetic EV Finance NBFC,SYN-EV-2W-2025,SYN-A-LN-0807,SYN-A-BR-0807,Synthetic Borrower A0807,Electric two-wheeler,Maharashtra,2025-07-15,2026-09-15,277277.52,213694.07,16.0,48,14,7858.12,0,0
SYNTHETIC_ONLY,demo-nbfc-ev-001,AssureRail Synthetic EV Finance NBFC,SYN-EV-2W-2025,SYN-A-LN-0808,SYN-A-BR-0808,Synthetic Borrower A0808,Electric two-wheeler,Karnataka,2025-08-15,2026-09-15,295588.3,205629.26,17.0,36,13,10538.53,0,0
SYNTHETIC_ONLY,demo-nbfc-ev-001,AssureRail Synthetic EV Finance NBFC,SYN-EV-2W-2025,SYN-A-LN-0809,SYN-A-BR-0809,Synthetic Borrower A0809,Electric two-wheeler,Tamil Nadu,2025-09-15,2026-09-15,313899.08,255053.23,18.0,48,12,9220.79,0,0
SYNTHETIC_ONLY,demo-nbfc-ev-001,AssureRail Synthetic EV Finance NBFC,SYN-EV-2W-2025,SYN-A-LN-0810,SYN-A-BR-0810,Synthetic Borrower A0810,Electric two-wheeler,Maharashtra,2025-01-15,2026-09-15,167412.85,87769.5,14.0,36,19,5721.77,30,1
SYNTHETIC_ONLY,demo-nbfc-ev-001,AssureRail Synthetic EV Finance NBFC,SYN-EV-2W-2025,SYN-A-LN-0811,SYN-A-BR-0811,Synthetic Borrower A0811,Electric two-wheeler,Karnataka,2025-02-15,2026-09-15,185723.62,125085.71,15.0,48,19,5168.83,0,0
SYNTHETIC_ONLY,demo-nbfc-ev-001,AssureRail Synthetic EV Finance NBFC,SYN-EV-2W-2025,SYN-A-LN-0812,SYN-A-BR-0812,Synthetic Borrower A0812,Electric two-wheeler,Tamil Nadu,2025-03-15,2026-09-15,204034.38,114121.08,16.0,36,18,7173.24,0,0
SYNTHETIC_ONLY,demo-nbfc-ev-001,AssureRail Synthetic EV Finance NBFC,SYN-EV-2W-2025,SYN-A-LN-0813,SYN-A-BR-0813,Synthetic Borrower A0813,Electric two-wheeler,Maharashtra,2025-04-15,2026-09-15,222345.18,160064.14,17.0,48,17,6415.78,0,0
SYNTHETIC_ONLY,demo-nbfc-ev-001,AssureRail Synthetic EV Finance NBFC,SYN-EV-2W-2025,SYN-A-LN-0814,SYN-A-BR-0814,Synthetic Borrower A0814,Electric two-wheeler,Karnataka,2025-05-15,2026-09-15,240655.96,149372.13,18.0,36,16,8700.29,0,0
SYNTHETIC_ONLY,demo-nbfc-ev-001,AssureRail Synthetic EV Finance NBFC,SYN-EV-2W-2025,SYN-A-LN-0815,SYN-A-BR-0815,Synthetic Borrower A0815,Electric two-wheeler,Tamil Nadu,2025-06-15,2026-09-15,258966.74,192908.19,14.0,48,15,7076.65,0,0
SYNTHETIC_ONLY,demo-nbfc-ev-001,AssureRail Synthetic EV Finance NBFC,SYN-EV-2W-2025,SYN-A-LN-0816,SYN-A-BR-0816,Synthetic Borrower A0816,Electric two-wheeler,Maharashtra,2025-07-15,2026-09-15,277277.51,198238.41,15.0,36,12,9611.92,66,2
SYNTHETIC_ONLY,demo-nbfc-ev-001,AssureRail Synthetic EV Finance NBFC,SYN-EV-2W-2025,SYN-A-LN-0817,SYN-A-BR-0817,Synthetic Borrower A0817,Electric two-wheeler,Karnataka,2025-08-15,2026-09-15,295588.29,233075.32,16.0,48,13,8377.06,0,0
SYNTHETIC_ONLY,demo-nbfc-ev-001,AssureRail Synthetic EV Finance NBFC,SYN-EV-2W-2025,SYN-A-LN-0818,SYN-A-BR-0818,Synthetic Borrower A0818,Electric two-wheeler,Tamil Nadu,2025-09-15,2026-09-15,313899.08,226352.06,17.0,36,12,11191.36,0,0
SYNTHETIC_ONLY,demo-nbfc-ev-001,AssureRail Synthetic EV Finance NBFC,SYN-EV-2W-2025,SYN-A-LN-0819,SYN-A-BR-0819,Synthetic Borrower A0819,Electric two-wheeler,Maharashtra,2025-01-15,2026-09-15,167412.84,111764.36,18.0,48,20,4917.75,0,0
SYNTHETIC_ONLY,demo-nbfc-ev-001,AssureRail Synthetic EV Finance NBFC,SYN-EV-2W-2025,SYN-A-LN-0820,SYN-A-BR-0820,Synthetic Borrower A0820,Electric two-wheeler,Karnataka,2025-02-15,2026-09-15,185723.62,97369.28,14.0,36,19,6347.59,0,0
SYNTHETIC_ONLY,demo-nbfc-ev-001,AssureRail Synthetic EV Finance NBFC,SYN-EV-2W-2025,SYN-A-LN-0821,SYN-A-BR-0821,Synthetic Borrower A0821,Electric two-wheeler,Tamil Nadu,2025-03-15,2026-09-15,204034.4,141329.91,15.0,48,18,5678.43,0,0
SYNTHETIC_ONLY,demo-nbfc-ev-001,AssureRail Synthetic EV Finance NBFC,SYN-EV-2W-2025,SYN-A-LN-0822,SYN-A-BR-0822,Synthetic Borrower A0822,Electric two-wheeler,Maharashtra,2025-04-15,2026-09-15,222345.17,148198.25,16.0,36,14,7817.0,93,3
SYNTHETIC_ONLY,demo-nbfc-ev-001,AssureRail Synthetic EV Finance NBFC,SYN-EV-2W-2025,SYN-A-LN-0823,SYN-A-BR-0823,Synthetic Borrower A0823,Electric two-wheeler,Karnataka,2025-05-15,2026-09-15,240655.95,177672.99,17.0,48,16,6944.14,0,0
SYNTHETIC_ONLY,demo-nbfc-ev-001,AssureRail Synthetic EV Finance NBFC,SYN-EV-2W-2025,SYN-A-LN-0824,SYN-A-BR-0824,Synthetic Borrower A0824,Electric two-wheeler,Tamil Nadu,2025-06-15,2026-09-15,258966.73,167585.87,18.0,36,15,9362.27,0,0
SYNTHETIC_ONLY,demo-nbfc-ev-001,AssureRail Synthetic EV Finance NBFC,SYN-EV-2W-2025,SYN-A-LN-0825,SYN-A-BR-0825,Synthetic Borrower A0825,Electric two-wheeler,Maharashtra,2025-07-15,2026-09-15,277277.51,211655.86,14.0,48,14,7577.02,0,0
SYNTHETIC_ONLY,demo-nbfc-ev-001,AssureRail Synthetic EV Finance NBFC,SYN-EV-2W-2025,SYN-A-LN-0826,SYN-A-BR-0826,Synthetic Borrower A0826,Electric two-wheeler,Karnataka,2025-08-15,2026-09-15,295588.29,203724.58,15.0,36,13,10246.67,0,0
SYNTHETIC_ONLY,demo-nbfc-ev-001,AssureRail Synthetic EV Finance NBFC,SYN-EV-2W-2025,SYN-A-LN-0827,SYN-A-BR-0827,Synthetic Borrower A0827,Electric two-wheeler,Tamil Nadu,2025-09-15,2026-09-15,313899.08,253035.8,16.0,48,12,8895.99,0,0
SYNTHETIC_ONLY,demo-nbfc-ev-001,AssureRail Synthetic EV Finance NBFC,SYN-EV-2W-2025,SYN-A-LN-0828,SYN-A-BR-0828,Synthetic Borrower A0828,Electric two-wheeler,Maharashtra,2025-01-15,2026-09-15,167412.84,89614.29,17.0,36,19,5968.72,30,1
SYNTHETIC_ONLY,demo-nbfc-ev-001,AssureRail Synthetic EV Finance NBFC,SYN-EV-2W-2025,SYN-A-LN-0829,SYN-A-BR-0829,Synthetic Borrower A0829,Electric two-wheeler,Karnataka,2025-02-15,2026-09-15,185723.62,127531.25,18.0,48,19,5455.63,0,0
SYNTHETIC_ONLY,demo-nbfc-ev-001,AssureRail Synthetic EV Finance NBFC,SYN-EV-2W-2025,SYN-A-LN-0830,SYN-A-BR-0830,Synthetic Borrower A0830,Electric two-wheeler,Tamil Nadu,2025-03-15,2026-09-15,204034.39,112628.48,14.0,36,18,6973.41,0,0
SYNTHETIC_ONLY,demo-nbfc-ev-001,AssureRail Synthetic EV Finance NBFC,SYN-EV-2W-2025,SYN-A-LN-0831,SYN-A-BR-0831,Synthetic Borrower A0831,Electric two-wheeler,Maharashtra,2025-04-15,2026-09-15,222345.17,158223.6,15.0,48,17,6188.03,0,0
SYNTHETIC_ONLY,demo-nbfc-ev-001,AssureRail Synthetic EV Finance NBFC,SYN-EV-2W-2025,SYN-A-LN-0832,SYN-A-BR-0832,Synthetic Borrower A0832,Electric two-wheeler,Karnataka,2025-05-15,2026-09-15,240655.95,147674.43,16.0,36,16,8460.75,0,0
SYNTHETIC_ONLY,demo-nbfc-ev-001,AssureRail Synthetic EV Finance NBFC,SYN-EV-2W-2025,SYN-A-LN-0833,SYN-A-BR-0833,Synthetic Borrower A0833,Electric two-wheeler,Tamil Nadu,2025-06-15,2026-09-15,258966.73,195888.99,17.0,48,15,7472.5,0,0
SYNTHETIC_ONLY,demo-nbfc-ev-001,AssureRail Synthetic EV Finance NBFC,SYN-EV-2W-2025,SYN-A-LN-0834,SYN-A-BR-0834,Synthetic Borrower A0834,Electric two-wheeler,Maharashtra,2025-07-15,2026-09-15,277277.52,200789.72,18.0,36,12,10024.25,66,2
SYNTHETIC_ONLY,demo-nbfc-ev-001,AssureRail Synthetic EV Finance NBFC,SYN-EV-2W-2025,SYN-A-LN-0835,SYN-A-BR-0835,Synthetic Borrower A0835,Electric two-wheeler,Karnataka,2025-08-15,2026-09-15,295588.29,231015.34,14.0,48,13,8077.39,0,0
SYNTHETIC_ONLY,demo-nbfc-ev-001,AssureRail Synthetic EV Finance NBFC,SYN-EV-2W-2025,SYN-A-LN-0836,SYN-A-BR-0836,Synthetic Borrower A0836,Electric two-wheeler,Tamil Nadu,2025-09-15,2026-09-15,313899.07,224420.84,15.0,36,12,10881.41,0,0
SYNTHETIC_ONLY,demo-nbfc-ev-001,AssureRail Synthetic EV Finance NBFC,SYN-EV-2W-2025,SYN-A-LN-0837,SYN-A-BR-0837,Synthetic Borrower A0837,Electric two-wheeler,Maharashtra,2025-01-15,2026-09-15,167412.83,110261.79,16.0,48,20,4744.53,0,0
SYNTHETIC_ONLY,demo-nbfc-ev-001,AssureRail Synthetic EV Finance NBFC,SYN-EV-2W-2025,SYN-A-LN-0838,SYN-A-BR-0838,Synthetic Borrower A0838,Electric two-wheeler,Karnataka,2025-02-15,2026-09-15,185723.62,99415.85,17.0,36,19,6621.55,0,0
SYNTHETIC_ONLY,demo-nbfc-ev-001,AssureRail Synthetic EV Finance NBFC,SYN-EV-2W-2025,SYN-A-LN-0839,SYN-A-BR-0839,Synthetic Borrower A0839,Electric two-wheeler,Tamil Nadu,2025-03-15,2026-09-15,204034.39,143939.17,18.0,48,18,5993.51,0,0
SYNTHETIC_ONLY,demo-nbfc-ev-001,AssureRail Synthetic EV Finance NBFC,SYN-EV-2W-2025,SYN-A-LN-0840,SYN-A-BR-0840,Synthetic Borrower A0840,Electric two-wheeler,Maharashtra,2025-04-15,2026-09-15,222345.17,146702.33,14.0,36,14,7599.23,93,3
SYNTHETIC_ONLY,demo-nbfc-ev-001,AssureRail Synthetic EV Finance NBFC,SYN-EV-2W-2025,SYN-A-LN-0841,SYN-A-BR-0841,Synthetic Borrower A0841,Electric two-wheeler,Karnataka,2025-05-15,2026-09-15,240655.96,175754.49,15.0,48,16,6697.64,0,0
SYNTHETIC_ONLY,demo-nbfc-ev-001,AssureRail Synthetic EV Finance NBFC,SYN-EV-2W-2025,SYN-A-LN-0842,SYN-A-BR-0842,Synthetic Borrower A0842,Electric two-wheeler,Tamil Nadu,2025-06-15,2026-09-15,258966.72,165804.3,16.0,36,15,9104.5,0,0
SYNTHETIC_ONLY,demo-nbfc-ev-001,AssureRail Synthetic EV Finance NBFC,SYN-EV-2W-2025,SYN-A-LN-0843,SYN-A-BR-0843,Synthetic Borrower A0843,Electric two-wheeler,Maharashtra,2025-07-15,2026-09-15,277277.51,214699.01,17.0,48,14,8000.85,0,0
SYNTHETIC_ONLY,demo-nbfc-ev-001,AssureRail Synthetic EV Finance NBFC,SYN-EV-2W-2025,SYN-A-LN-0844,SYN-A-BR-0844,Synthetic Borrower A0844,Electric two-wheeler,Karnataka,2025-08-15,2026-09-15,295588.3,206573.94,18.0,36,13,10686.23,0,0
SYNTHETIC_ONLY,demo-nbfc-ev-001,AssureRail Synthetic EV Finance NBFC,SYN-EV-2W-2025,SYN-A-LN-0845,SYN-A-BR-0845,Synthetic Borrower A0845,Electric two-wheeler,Tamil Nadu,2025-09-15,2026-09-15,313899.07,250975.73,14.0,48,12,8577.76,0,0
SYNTHETIC_ONLY,demo-nbfc-ev-001,AssureRail Synthetic EV Finance NBFC,SYN-EV-2W-2025,SYN-A-LN-0846,SYN-A-BR-0846,Synthetic Borrower A0846,Electric two-wheeler,Maharashtra,2025-01-15,2026-09-15,167412.84,88385.63,15.0,36,19,5803.42,30,1
SYNTHETIC_ONLY,demo-nbfc-ev-001,AssureRail Synthetic EV Finance NBFC,SYN-EV-2W-2025,SYN-A-LN-0847,SYN-A-BR-0847,Synthetic Borrower A0847,Electric two-wheeler,Karnataka,2025-02-15,2026-09-15,185723.61,125906.38,16.0,48,19,5263.46,0,0
SYNTHETIC_ONLY,demo-nbfc-ev-001,AssureRail Synthetic EV Finance NBFC,SYN-EV-2W-2025,SYN-A-LN-0848,SYN-A-BR-0848,Synthetic Borrower A0848,Electric two-wheeler,Tamil Nadu,2025-03-15,2026-09-15,204034.38,114864.54,17.0,36,18,7274.38,0,0
SYNTHETIC_ONLY,demo-nbfc-ev-001,AssureRail Synthetic EV Finance NBFC,SYN-EV-2W-2025,SYN-A-LN-0849,SYN-A-BR-0849,Synthetic Borrower A0849,Electric two-wheeler,Maharashtra,2025-04-15,2026-09-15,222345.18,160973.58,18.0,48,17,6531.39,0,0
SYNTHETIC_ONLY,demo-nbfc-ev-001,AssureRail Synthetic EV Finance NBFC,SYN-EV-2W-2025,SYN-A-LN-0850,SYN-A-BR-0850,Synthetic Borrower A0850,Electric two-wheeler,Karnataka,2025-05-15,2026-09-15,240655.95,145964.21,14.0,36,16,8225.05,0,0
SYNTHETIC_ONLY,demo-nbfc-ev-001,AssureRail Synthetic EV Finance NBFC,SYN-EV-2W-2025,SYN-A-LN-0851,SYN-A-BR-0851,Synthetic Borrower A0851,Electric two-wheeler,Tamil Nadu,2025-06-15,2026-09-15,258966.73,193910.46,15.0,48,15,7207.24,0,0
SYNTHETIC_ONLY,demo-nbfc-ev-001,AssureRail Synthetic EV Finance NBFC,SYN-EV-2W-2025,SYN-A-LN-0852,SYN-A-BR-0852,Synthetic Borrower A0852,Electric two-wheeler,Maharashtra,2025-07-15,2026-09-15,277277.51,199093.86,16.0,36,12,9748.25,66,2
SYNTHETIC_ONLY,demo-nbfc-ev-001,AssureRail Synthetic EV Finance NBFC,SYN-EV-2W-2025,SYN-A-LN-0853,SYN-A-BR-0853,Synthetic Borrower A0853,Electric two-wheeler,Karnataka,2025-08-15,2026-09-15,295588.29,234090.18,17.0,48,13,8529.21,0,0
SYNTHETIC_ONLY,demo-nbfc-ev-001,AssureRail Synthetic EV Finance NBFC,SYN-EV-2W-2025,SYN-A-LN-0854,SYN-A-BR-0854,Synthetic Borrower A0854,Electric two-wheeler,Tamil Nadu,2025-09-15,2026-09-15,313899.07,227309.11,18.0,36,12,11348.2,0,0
SYNTHETIC_ONLY,demo-nbfc-ev-001,AssureRail Synthetic EV Finance NBFC,SYN-EV-2W-2025,SYN-A-LN-0855,SYN-A-BR-0855,Synthetic Borrower A0855,Electric two-wheeler,Maharashtra,2025-01-15,2026-09-15,167412.85,108740.71,14.0,48,20,4574.8,0,0
SYNTHETIC_ONLY,demo-nbfc-ev-001,AssureRail Synthetic EV Finance NBFC,SYN-EV-2W-2025,SYN-A-LN-0856,SYN-A-BR-0856,Synthetic Borrower A0856,Electric two-wheeler,Karnataka,2025-02-15,2026-09-15,185723.62,98052.81,15.0,36,19,6438.17,0,0
SYNTHETIC_ONLY,demo-nbfc-ev-001,AssureRail Synthetic EV Finance NBFC,SYN-EV-2W-2025,SYN-A-LN-0857,SYN-A-BR-0857,Synthetic Borrower A0857,Electric two-wheeler,Tamil Nadu,2025-03-15,2026-09-15,204034.39,142206.0,16.0,48,18,5782.39,0,0
SYNTHETIC_ONLY,demo-nbfc-ev-001,AssureRail Synthetic EV Finance NBFC,SYN-EV-2W-2025,SYN-A-LN-0858,SYN-A-BR-0858,Synthetic Borrower A0858,Electric two-wheeler,Maharashtra,2025-04-15,2026-09-15,222345.16,148940.91,17.0,36,14,7927.21,93,3
SYNTHETIC_ONLY,demo-nbfc-ev-001,AssureRail Synthetic EV Finance NBFC,SYN-EV-2W-2025,SYN-A-LN-0859,SYN-A-BR-0859,Synthetic Borrower A0859,Electric two-wheeler,Karnataka,2025-05-15,2026-09-15,240655.95,178620.19,18.0,48,16,7069.27,0,0
SYNTHETIC_ONLY,demo-nbfc-ev-001,AssureRail Synthetic EV Finance NBFC,SYN-EV-2W-2025,SYN-A-LN-0860,SYN-A-BR-0860,Synthetic Borrower A0860,Electric two-wheeler,Tamil Nadu,2025-06-15,2026-09-15,258966.73,164007.63,14.0,36,15,8850.87,0,0
SYNTHETIC_ONLY,demo-nbfc-ev-001,AssureRail Synthetic EV Finance NBFC,SYN-EV-2W-2025,SYN-A-LN-0861,SYN-A-BR-0861,Synthetic Borrower A0861,Electric two-wheeler,Maharashtra,2025-07-15,2026-09-15,277277.51,212679.65,15.0,48,14,7716.84,0,0
SYNTHETIC_ONLY,demo-nbfc-ev-001,AssureRail Synthetic EV Finance NBFC,SYN-EV-2W-2025,SYN-A-LN-0862,SYN-A-BR-0862,Synthetic Borrower A0862,Electric two-wheeler,Karnataka,2025-08-15,2026-09-15,295588.29,204679.45,16.0,36,13,10392.01,0,0
SYNTHETIC_ONLY,demo-nbfc-ev-001,AssureRail Synthetic EV Finance NBFC,SYN-EV-2W-2025,SYN-A-LN-0863,SYN-A-BR-0863,Synthetic Borrower A0863,Electric two-wheeler,Tamil Nadu,2025-09-15,2026-09-15,313899.06,254049.87,17.0,48,12,9057.57,0,0
SYNTHETIC_ONLY,demo-nbfc-ev-001,AssureRail Synthetic EV Finance NBFC,SYN-EV-2W-2025,SYN-A-LN-0864,SYN-A-BR-0864,Synthetic Borrower A0864,Electric two-wheeler,Maharashtra,2025-01-15,2026-09-15,167412.85,90226.69,18.0,36,19,6052.38,30,1
SYNTHETIC_ONLY,demo-nbfc-ev-001,AssureRail Synthetic EV Finance NBFC,SYN-EV-2W-2025,SYN-A-LN-0865,SYN-A-BR-0865,Synthetic Borrower A0865,Electric two-wheeler,Karnataka,2025-02-15,2026-09-15,185723.61,124259.69,14.0,48,19,5075.17,0,0
SYNTHETIC_ONLY,demo-nbfc-ev-001,AssureRail Synthetic EV Finance NBFC,SYN-EV-2W-2025,SYN-A-LN-0866,SYN-A-BR-0866,Synthetic Borrower A0866,Electric two-wheeler,Tamil Nadu,2025-03-15,2026-09-15,204034.4,113375.71,15.0,36,18,7072.92,0,0
SYNTHETIC_ONLY,demo-nbfc-ev-001,AssureRail Synthetic EV Finance NBFC,SYN-EV-2W-2025,SYN-A-LN-0867,SYN-A-BR-0867,Synthetic Borrower A0867,Electric two-wheeler,Maharashtra,2025-04-15,2026-09-15,222345.18,159147.44,16.0,48,17,6301.32,0,0
SYNTHETIC_ONLY,demo-nbfc-ev-001,AssureRail Synthetic EV Finance NBFC,SYN-EV-2W-2025,SYN-A-LN-0868,SYN-A-BR-0868,Synthetic Borrower A0868,Electric two-wheeler,Karnataka,2025-05-15,2026-09-15,240655.95,148524.88,17.0,36,16,8580.04,0,0
SYNTHETIC_ONLY,demo-nbfc-ev-001,AssureRail Synthetic EV Finance NBFC,SYN-EV-2W-2025,SYN-A-LN-0869,SYN-A-BR-0869,Synthetic Borrower A0869,Electric two-wheeler,Tamil Nadu,2025-06-15,2026-09-15,258966.74,196865.03,18.0,48,15,7607.15,0,0
SYNTHETIC_ONLY,demo-nbfc-ev-001,AssureRail Synthetic EV Finance NBFC,SYN-EV-2W-2025,SYN-A-LN-0870,SYN-A-BR-0870,Synthetic Borrower A0870,Electric two-wheeler,Maharashtra,2025-07-15,2026-09-15,277277.52,197378.03,14.0,36,12,9476.69,66,2
SYNTHETIC_ONLY,demo-nbfc-ev-001,AssureRail Synthetic EV Finance NBFC,SYN-EV-2W-2025,SYN-A-LN-0871,SYN-A-BR-0871,Synthetic Borrower A0871,Electric two-wheeler,Karnataka,2025-08-15,2026-09-15,295588.3,232050.35,15.0,48,13,8226.44,0,0
SYNTHETIC_ONLY,demo-nbfc-ev-001,AssureRail Synthetic EV Finance NBFC,SYN-EV-2W-2025,SYN-A-LN-0872,SYN-A-BR-0872,Synthetic Borrower A0872,Electric two-wheeler,Tamil Nadu,2025-09-15,2026-09-15,313899.08,225389.28,16.0,36,12,11035.76,0,0
SYNTHETIC_ONLY,demo-nbfc-ev-001,AssureRail Synthetic EV Finance NBFC,SYN-EV-2W-2025,SYN-A-LN-0873,SYN-A-BR-0873,Synthetic Borrower A0873,Electric two-wheeler,Maharashtra,2025-01-15,2026-09-15,167412.84,111015.45,17.0,48,20,4830.7,0,0
SYNTHETIC_ONLY,demo-nbfc-ev-001,AssureRail Synthetic EV Finance NBFC,SYN-EV-2W-2025,SYN-A-LN-0874,SYN-A-BR-0874,Synthetic Borrower A0874,Electric two-wheeler,Karnataka,2025-02-15,2026-09-15,185723.62,100095.23,18.0,36,19,6714.35,0,0
SYNTHETIC_ONLY,demo-nbfc-ev-001,AssureRail Synthetic EV Finance NBFC,SYN-EV-2W-2025,SYN-A-LN-0875,SYN-A-BR-0875,Synthetic Borrower A0875,Electric two-wheeler,Tamil Nadu,2025-03-15,2026-09-15,204034.39,140447.63,14.0,48,18,5575.54,0,0
SYNTHETIC_ONLY,demo-nbfc-ev-001,AssureRail Synthetic EV Finance NBFC,SYN-EV-2W-2025,SYN-A-LN-0876,SYN-A-BR-0876,Synthetic Borrower A0876,Electric two-wheeler,Maharashtra,2025-04-15,2026-09-15,222345.18,147452.04,15.0,36,14,7707.67,93,3
SYNTHETIC_ONLY,demo-nbfc-ev-001,AssureRail Synthetic EV Finance NBFC,SYN-EV-2W-2025,SYN-A-LN-0877,SYN-A-BR-0877,Synthetic Borrower A0877,Electric two-wheeler,Karnataka,2025-05-15,2026-09-15,240655.96,176717.72,16.0,48,16,6820.26,0,0
SYNTHETIC_ONLY,demo-nbfc-ev-001,AssureRail Synthetic EV Finance NBFC,SYN-EV-2W-2025,SYN-A-LN-0878,SYN-A-BR-0878,Synthetic Borrower A0878,Electric two-wheeler,Tamil Nadu,2025-06-15,2026-09-15,258966.72,166697.01,17.0,36,15,9232.87,0,0
SYNTHETIC_ONLY,demo-nbfc-ev-001,AssureRail Synthetic EV Finance NBFC,SYN-EV-2W-2025,SYN-A-LN-0879,SYN-A-BR-0879,Synthetic Borrower A0879,Electric two-wheeler,Maharashtra,2025-07-15,2026-09-15,277277.51,215694.39,18.0,48,14,8145.03,0,0
SYNTHETIC_ONLY,demo-nbfc-ev-001,AssureRail Synthetic EV Finance NBFC,SYN-EV-2W-2025,SYN-A-LN-0880,SYN-A-BR-0880,Synthetic Borrower A0880,Electric two-wheeler,Karnataka,2025-08-15,2026-09-15,295588.29,202764.73,14.0,36,13,10102.51,0,0
SYNTHETIC_ONLY,demo-nbfc-ev-001,AssureRail Synthetic EV Finance NBFC,SYN-EV-2W-2025,SYN-A-LN-0881,SYN-A-BR-0881,Synthetic Borrower A0881,Electric two-wheeler,Tamil Nadu,2025-09-15,2026-09-15,313899.08,252011.06,15.0,48,12,8736.05,0,0
SYNTHETIC_ONLY,demo-nbfc-ev-001,AssureRail Synthetic EV Finance NBFC,SYN-EV-2W-2025,SYN-A-LN-0882,SYN-A-BR-0882,Synthetic Borrower A0882,Electric two-wheeler,Maharashtra,2025-01-15,2026-09-15,167412.84,89000.58,16.0,36,19,5885.74,30,1
SYNTHETIC_ONLY,demo-nbfc-ev-001,AssureRail Synthetic EV Finance NBFC,SYN-EV-2W-2025,SYN-A-LN-0883,SYN-A-BR-0883,Synthetic Borrower A0883,Electric two-wheeler,Karnataka,2025-02-15,2026-09-15,185723.62,126721.6,17.0,48,19,5359.06,0,0
SYNTHETIC_ONLY,demo-nbfc-ev-001,AssureRail Synthetic EV Finance NBFC,SYN-EV-2W-2025,SYN-A-LN-0884,SYN-A-BR-0884,Synthetic Borrower A0884,Electric two-wheeler,Tamil Nadu,2025-03-15,2026-09-15,204034.4,115606.02,18.0,36,18,7376.33,0,0
SYNTHETIC_ONLY,demo-nbfc-ev-001,AssureRail Synthetic EV Finance NBFC,SYN-EV-2W-2025,SYN-A-LN-0885,SYN-A-BR-0885,Synthetic Borrower A0885,Electric two-wheeler,Maharashtra,2025-04-15,2026-09-15,222345.18,157292.74,14.0,48,17,6075.91,0,0
SYNTHETIC_ONLY,demo-nbfc-ev-001,AssureRail Synthetic EV Finance NBFC,SYN-EV-2W-2025,SYN-A-LN-0886,SYN-A-BR-0886,Synthetic Borrower A0886,Electric two-wheeler,Karnataka,2025-05-15,2026-09-15,240655.96,146820.85,15.0,36,16,8342.42,0,0
SYNTHETIC_ONLY,demo-nbfc-ev-001,AssureRail Synthetic EV Finance NBFC,SYN-EV-2W-2025,SYN-A-LN-0887,SYN-A-BR-0887,Synthetic Borrower A0887,Electric two-wheeler,Tamil Nadu,2025-06-15,2026-09-15,258966.73,194904.1,16.0,48,15,7339.19,0,0
SYNTHETIC_ONLY,demo-nbfc-ev-001,AssureRail Synthetic EV Finance NBFC,SYN-EV-2W-2025,SYN-A-LN-0888,SYN-A-BR-0888,Synthetic Borrower A0888,Electric two-wheeler,Maharashtra,2025-07-15,2026-09-15,277277.51,199944.31,17.0,36,12,9885.7,66,2
SYNTHETIC_ONLY,demo-nbfc-ev-001,AssureRail Synthetic EV Finance NBFC,SYN-EV-2W-2025,SYN-A-LN-0889,SYN-A-BR-0889,Synthetic Borrower A0889,Electric two-wheeler,Karnataka,2025-08-15,2026-09-15,295588.3,235094.85,18.0,48,13,8682.91,0,0
SYNTHETIC_ONLY,demo-nbfc-ev-001,AssureRail Synthetic EV Finance NBFC,SYN-EV-2W-2025,SYN-A-LN-0890,SYN-A-BR-0890,Synthetic Borrower A0890,Electric two-wheeler,Tamil Nadu,2025-09-15,2026-09-15,313899.08,223446.83,14.0,36,12,10728.33,0,0
SYNTHETIC_ONLY,demo-nbfc-ev-001,AssureRail Synthetic EV Finance NBFC,SYN-EV-2W-2025,SYN-A-LN-0891,SYN-A-BR-0891,Synthetic Borrower A0891,Electric two-wheeler,Maharashtra,2025-01-15,2026-09-15,167412.83,109503.5,15.0,48,20,4659.22,0,0
SYNTHETIC_ONLY,demo-nbfc-ev-001,AssureRail Synthetic EV Finance NBFC,SYN-EV-2W-2025,SYN-A-LN-0892,SYN-A-BR-0892,Synthetic Borrower A0892,Electric two-wheeler,Karnataka,2025-02-15,2026-09-15,185723.62,98735.02,16.0,36,19,6529.49,0,0
SYNTHETIC_ONLY,demo-nbfc-ev-001,AssureRail Synthetic EV Finance NBFC,SYN-EV-2W-2025,SYN-A-LN-0893,SYN-A-BR-0893,Synthetic Borrower A0893,Electric two-wheeler,Tamil Nadu,2025-03-15,2026-09-15,204034.39,143075.79,17.0,48,18,5887.42,0,0
SYNTHETIC_ONLY,demo-nbfc-ev-001,AssureRail Synthetic EV Finance NBFC,SYN-EV-2W-2025,SYN-A-LN-0894,SYN-A-BR-0894,Synthetic Borrower A0894,Electric two-wheeler,Maharashtra,2025-04-15,2026-09-15,222345.17,149679.97,18.0,36,14,8038.31,93,3
SYNTHETIC_ONLY,demo-nbfc-ev-001,AssureRail Synthetic EV Finance NBFC,SYN-EV-2W-2025,SYN-A-LN-0895,SYN-A-BR-0895,Synthetic Borrower A0895,Electric two-wheeler,Karnataka,2025-05-15,2026-09-15,240655.96,174783.4,14.0,48,16,6576.28,0,0
SYNTHETIC_ONLY,demo-nbfc-ev-001,AssureRail Synthetic EV Finance NBFC,SYN-EV-2W-2025,SYN-A-LN-0896,SYN-A-BR-0896,Synthetic Borrower A0896,Electric two-wheeler,Tamil Nadu,2025-06-15,2026-09-15,258966.74,164907.82,15.0,36,15,8977.17,0,0
SYNTHETIC_ONLY,demo-nbfc-ev-001,AssureRail Synthetic EV Finance NBFC,SYN-EV-2W-2025,SYN-A-LN-0897,SYN-A-BR-0897,Synthetic Borrower A0897,Electric two-wheeler,Maharashtra,2025-07-15,2026-09-15,277277.52,213694.07,16.0,48,14,7858.12,0,0
SYNTHETIC_ONLY,demo-nbfc-ev-001,AssureRail Synthetic EV Finance NBFC,SYN-EV-2W-2025,SYN-A-LN-0898,SYN-A-BR-0898,Synthetic Borrower A0898,Electric two-wheeler,Karnataka,2025-08-15,2026-09-15,295588.3,205629.26,17.0,36,13,10538.53,0,0
SYNTHETIC_ONLY,demo-nbfc-ev-001,AssureRail Synthetic EV Finance NBFC,SYN-EV-2W-2025,SYN-A-LN-0899,SYN-A-BR-0899,Synthetic Borrower A0899,Electric two-wheeler,Tamil Nadu,2025-09-15,2026-09-15,313899.08,255053.23,18.0,48,12,9220.79,0,0
SYNTHETIC_ONLY,demo-nbfc-ev-001,AssureRail Synthetic EV Finance NBFC,SYN-EV-2W-2025,SYN-A-LN-0900,SYN-A-BR-0900,Synthetic Borrower A0900,Electric two-wheeler,Maharashtra,2025-01-15,2026-09-15,167412.85,87769.5,14.0,36,19,5721.77,30,1
SYNTHETIC_ONLY,demo-nbfc-ev-001,AssureRail Synthetic EV Finance NBFC,SYN-EV-2W-2025,SYN-A-LN-0901,SYN-A-BR-0901,Synthetic Borrower A0901,Electric two-wheeler,Karnataka,2025-02-15,2026-09-15,185723.62,125085.71,15.0,48,19,5168.83,0,0
SYNTHETIC_ONLY,demo-nbfc-ev-001,AssureRail Synthetic EV Finance NBFC,SYN-EV-2W-2025,SYN-A-LN-0902,SYN-A-BR-0902,Synthetic Borrower A0902,Electric two-wheeler,Tamil Nadu,2025-03-15,2026-09-15,204034.38,114121.08,16.0,36,18,7173.24,0,0
SYNTHETIC_ONLY,demo-nbfc-ev-001,AssureRail Synthetic EV Finance NBFC,SYN-EV-2W-2025,SYN-A-LN-0903,SYN-A-BR-0903,Synthetic Borrower A0903,Electric two-wheeler,Maharashtra,2025-04-15,2026-09-15,222345.18,160064.14,17.0,48,17,6415.78,0,0
SYNTHETIC_ONLY,demo-nbfc-ev-001,AssureRail Synthetic EV Finance NBFC,SYN-EV-2W-2025,SYN-A-LN-0904,SYN-A-BR-0904,Synthetic Borrower A0904,Electric two-wheeler,Karnataka,2025-05-15,2026-09-15,240655.96,149372.13,18.0,36,16,8700.29,0,0
SYNTHETIC_ONLY,demo-nbfc-ev-001,AssureRail Synthetic EV Finance NBFC,SYN-EV-2W-2025,SYN-A-LN-0905,SYN-A-BR-0905,Synthetic Borrower A0905,Electric two-wheeler,Tamil Nadu,2025-06-15,2026-09-15,258966.74,192908.19,14.0,48,15,7076.65,0,0
SYNTHETIC_ONLY,demo-nbfc-ev-001,AssureRail Synthetic EV Finance NBFC,SYN-EV-2W-2025,SYN-A-LN-0906,SYN-A-BR-0906,Synthetic Borrower A0906,Electric two-wheeler,Maharashtra,2025-07-15,2026-09-15,277277.51,198238.41,15.0,36,12,9611.92,66,2
SYNTHETIC_ONLY,demo-nbfc-ev-001,AssureRail Synthetic EV Finance NBFC,SYN-EV-2W-2025,SYN-A-LN-0907,SYN-A-BR-0907,Synthetic Borrower A0907,Electric two-wheeler,Karnataka,2025-08-15,2026-09-15,295588.29,233075.32,16.0,48,13,8377.06,0,0
SYNTHETIC_ONLY,demo-nbfc-ev-001,AssureRail Synthetic EV Finance NBFC,SYN-EV-2W-2025,SYN-A-LN-0908,SYN-A-BR-0908,Synthetic Borrower A0908,Electric two-wheeler,Tamil Nadu,2025-09-15,2026-09-15,313899.08,226352.06,17.0,36,12,11191.36,0,0
SYNTHETIC_ONLY,demo-nbfc-ev-001,AssureRail Synthetic EV Finance NBFC,SYN-EV-2W-2025,SYN-A-LN-0909,SYN-A-BR-0909,Synthetic Borrower A0909,Electric two-wheeler,Maharashtra,2025-01-15,2026-09-15,167412.84,111764.36,18.0,48,20,4917.75,0,0
SYNTHETIC_ONLY,demo-nbfc-ev-001,AssureRail Synthetic EV Finance NBFC,SYN-EV-2W-2025,SYN-A-LN-0910,SYN-A-BR-0910,Synthetic Borrower A0910,Electric two-wheeler,Karnataka,2025-02-15,2026-09-15,185723.62,97369.28,14.0,36,19,6347.59,0,0
SYNTHETIC_ONLY,demo-nbfc-ev-001,AssureRail Synthetic EV Finance NBFC,SYN-EV-2W-2025,SYN-A-LN-0911,SYN-A-BR-0911,Synthetic Borrower A0911,Electric two-wheeler,Tamil Nadu,2025-03-15,2026-09-15,204034.4,141329.91,15.0,48,18,5678.43,0,0
SYNTHETIC_ONLY,demo-nbfc-ev-001,AssureRail Synthetic EV Finance NBFC,SYN-EV-2W-2025,SYN-A-LN-0912,SYN-A-BR-0912,Synthetic Borrower A0912,Electric two-wheeler,Maharashtra,2025-04-15,2026-09-15,222345.17,148198.25,16.0,36,14,7817.0,93,3
SYNTHETIC_ONLY,demo-nbfc-ev-001,AssureRail Synthetic EV Finance NBFC,SYN-EV-2W-2025,SYN-A-LN-0913,SYN-A-BR-0913,Synthetic Borrower A0913,Electric two-wheeler,Karnataka,2025-05-15,2026-09-15,240655.95,177672.99,17.0,48,16,6944.14,0,0
SYNTHETIC_ONLY,demo-nbfc-ev-001,AssureRail Synthetic EV Finance NBFC,SYN-EV-2W-2025,SYN-A-LN-0914,SYN-A-BR-0914,Synthetic Borrower A0914,Electric two-wheeler,Tamil Nadu,2025-06-15,2026-09-15,258966.73,167585.87,18.0,36,15,9362.27,0,0
SYNTHETIC_ONLY,demo-nbfc-ev-001,AssureRail Synthetic EV Finance NBFC,SYN-EV-2W-2025,SYN-A-LN-0915,SYN-A-BR-0915,Synthetic Borrower A0915,Electric two-wheeler,Maharashtra,2025-07-15,2026-09-15,277277.51,211655.86,14.0,48,14,7577.02,0,0
SYNTHETIC_ONLY,demo-nbfc-ev-001,AssureRail Synthetic EV Finance NBFC,SYN-EV-2W-2025,SYN-A-LN-0916,SYN-A-BR-0916,Synthetic Borrower A0916,Electric two-wheeler,Karnataka,2025-08-15,2026-09-15,295588.29,203724.58,15.0,36,13,10246.67,0,0
SYNTHETIC_ONLY,demo-nbfc-ev-001,AssureRail Synthetic EV Finance NBFC,SYN-EV-2W-2025,SYN-A-LN-0917,SYN-A-BR-0917,Synthetic Borrower A0917,Electric two-wheeler,Tamil Nadu,2025-09-15,2026-09-15,313899.08,253035.8,16.0,48,12,8895.99,0,0
SYNTHETIC_ONLY,demo-nbfc-ev-001,AssureRail Synthetic EV Finance NBFC,SYN-EV-2W-2025,SYN-A-LN-0918,SYN-A-BR-0918,Synthetic Borrower A0918,Electric two-wheeler,Maharashtra,2025-01-15,2026-09-15,167412.84,89614.29,17.0,36,19,5968.72,30,1
SYNTHETIC_ONLY,demo-nbfc-ev-001,AssureRail Synthetic EV Finance NBFC,SYN-EV-2W-2025,SYN-A-LN-0919,SYN-A-BR-0919,Synthetic Borrower A0919,Electric two-wheeler,Karnataka,2025-02-15,2026-09-15,185723.62,127531.25,18.0,48,19,5455.63,0,0
SYNTHETIC_ONLY,demo-nbfc-ev-001,AssureRail Synthetic EV Finance NBFC,SYN-EV-2W-2025,SYN-A-LN-0920,SYN-A-BR-0920,Synthetic Borrower A0920,Electric two-wheeler,Tamil Nadu,2025-03-15,2026-09-15,204034.39,112628.48,14.0,36,18,6973.41,0,0
SYNTHETIC_ONLY,demo-nbfc-ev-001,AssureRail Synthetic EV Finance NBFC,SYN-EV-2W-2025,SYN-A-LN-0921,SYN-A-BR-0921,Synthetic Borrower A0921,Electric two-wheeler,Maharashtra,2025-04-15,2026-09-15,222345.17,158223.6,15.0,48,17,6188.03,0,0
SYNTHETIC_ONLY,demo-nbfc-ev-001,AssureRail Synthetic EV Finance NBFC,SYN-EV-2W-2025,SYN-A-LN-0922,SYN-A-BR-0922,Synthetic Borrower A0922,Electric two-wheeler,Karnataka,2025-05-15,2026-09-15,240655.95,147674.43,16.0,36,16,8460.75,0,0
SYNTHETIC_ONLY,demo-nbfc-ev-001,AssureRail Synthetic EV Finance NBFC,SYN-EV-2W-2025,SYN-A-LN-0923,SYN-A-BR-0923,Synthetic Borrower A0923,Electric two-wheeler,Tamil Nadu,2025-06-15,2026-09-15,258966.73,195888.99,17.0,48,15,7472.5,0,0
SYNTHETIC_ONLY,demo-nbfc-ev-001,AssureRail Synthetic EV Finance NBFC,SYN-EV-2W-2025,SYN-A-LN-0924,SYN-A-BR-0924,Synthetic Borrower A0924,Electric two-wheeler,Maharashtra,2025-07-15,2026-09-15,277277.52,200789.72,18.0,36,12,10024.25,66,2
SYNTHETIC_ONLY,demo-nbfc-ev-001,AssureRail Synthetic EV Finance NBFC,SYN-EV-2W-2025,SYN-A-LN-0925,SYN-A-BR-0925,Synthetic Borrower A0925,Electric two-wheeler,Karnataka,2025-08-15,2026-09-15,295588.29,231015.34,14.0,48,13,8077.39,0,0
SYNTHETIC_ONLY,demo-nbfc-ev-001,AssureRail Synthetic EV Finance NBFC,SYN-EV-2W-2025,SYN-A-LN-0926,SYN-A-BR-0926,Synthetic Borrower A0926,Electric two-wheeler,Tamil Nadu,2025-09-15,2026-09-15,313899.07,224420.84,15.0,36,12,10881.41,0,0
SYNTHETIC_ONLY,demo-nbfc-ev-001,AssureRail Synthetic EV Finance NBFC,SYN-EV-2W-2025,SYN-A-LN-0927,SYN-A-BR-0927,Synthetic Borrower A0927,Electric two-wheeler,Maharashtra,2025-01-15,2026-09-15,167412.83,110261.79,16.0,48,20,4744.53,0,0
SYNTHETIC_ONLY,demo-nbfc-ev-001,AssureRail Synthetic EV Finance NBFC,SYN-EV-2W-2025,SYN-A-LN-0928,SYN-A-BR-0928,Synthetic Borrower A0928,Electric two-wheeler,Karnataka,2025-02-15,2026-09-15,185723.62,99415.85,17.0,36,19,6621.55,0,0
SYNTHETIC_ONLY,demo-nbfc-ev-001,AssureRail Synthetic EV Finance NBFC,SYN-EV-2W-2025,SYN-A-LN-0929,SYN-A-BR-0929,Synthetic Borrower A0929,Electric two-wheeler,Tamil Nadu,2025-03-15,2026-09-15,204034.39,143939.17,18.0,48,18,5993.51,0,0
SYNTHETIC_ONLY,demo-nbfc-ev-001,AssureRail Synthetic EV Finance NBFC,SYN-EV-2W-2025,SYN-A-LN-0930,SYN-A-BR-0930,Synthetic Borrower A0930,Electric two-wheeler,Maharashtra,2025-04-15,2026-09-15,222345.17,146702.33,14.0,36,14,7599.23,93,3
SYNTHETIC_ONLY,demo-nbfc-ev-001,AssureRail Synthetic EV Finance NBFC,SYN-EV-2W-2025,SYN-A-LN-0931,SYN-A-BR-0931,Synthetic Borrower A0931,Electric two-wheeler,Karnataka,2025-05-15,2026-09-15,240655.96,175754.49,15.0,48,16,6697.64,0,0
SYNTHETIC_ONLY,demo-nbfc-ev-001,AssureRail Synthetic EV Finance NBFC,SYN-EV-2W-2025,SYN-A-LN-0932,SYN-A-BR-0932,Synthetic Borrower A0932,Electric two-wheeler,Tamil Nadu,2025-06-15,2026-09-15,258966.72,165804.3,16.0,36,15,9104.5,0,0
SYNTHETIC_ONLY,demo-nbfc-ev-001,AssureRail Synthetic EV Finance NBFC,SYN-EV-2W-2025,SYN-A-LN-0933,SYN-A-BR-0933,Synthetic Borrower A0933,Electric two-wheeler,Maharashtra,2025-07-15,2026-09-15,277277.51,214699.01,17.0,48,14,8000.85,0,0
SYNTHETIC_ONLY,demo-nbfc-ev-001,AssureRail Synthetic EV Finance NBFC,SYN-EV-2W-2025,SYN-A-LN-0934,SYN-A-BR-0934,Synthetic Borrower A0934,Electric two-wheeler,Karnataka,2025-08-15,2026-09-15,295588.3,206573.94,18.0,36,13,10686.23,0,0
SYNTHETIC_ONLY,demo-nbfc-ev-001,AssureRail Synthetic EV Finance NBFC,SYN-EV-2W-2025,SYN-A-LN-0935,SYN-A-BR-0935,Synthetic Borrower A0935,Electric two-wheeler,Tamil Nadu,2025-09-15,2026-09-15,313899.07,250975.73,14.0,48,12,8577.76,0,0
SYNTHETIC_ONLY,demo-nbfc-ev-001,AssureRail Synthetic EV Finance NBFC,SYN-EV-2W-2025,SYN-A-LN-0936,SYN-A-BR-0936,Synthetic Borrower A0936,Electric two-wheeler,Maharashtra,2025-01-15,2026-09-15,167412.84,88385.63,15.0,36,19,5803.42,30,1
SYNTHETIC_ONLY,demo-nbfc-ev-001,AssureRail Synthetic EV Finance NBFC,SYN-EV-2W-2025,SYN-A-LN-0937,SYN-A-BR-0937,Synthetic Borrower A0937,Electric two-wheeler,Karnataka,2025-02-15,2026-09-15,185723.61,125906.38,16.0,48,19,5263.46,0,0
SYNTHETIC_ONLY,demo-nbfc-ev-001,AssureRail Synthetic EV Finance NBFC,SYN-EV-2W-2025,SYN-A-LN-0938,SYN-A-BR-0938,Synthetic Borrower A0938,Electric two-wheeler,Tamil Nadu,2025-03-15,2026-09-15,204034.38,114864.54,17.0,36,18,7274.38,0,0
SYNTHETIC_ONLY,demo-nbfc-ev-001,AssureRail Synthetic EV Finance NBFC,SYN-EV-2W-2025,SYN-A-LN-0939,SYN-A-BR-0939,Synthetic Borrower A0939,Electric two-wheeler,Maharashtra,2025-04-15,2026-09-15,222345.18,160973.58,18.0,48,17,6531.39,0,0
SYNTHETIC_ONLY,demo-nbfc-ev-001,AssureRail Synthetic EV Finance NBFC,SYN-EV-2W-2025,SYN-A-LN-0940,SYN-A-BR-0940,Synthetic Borrower A0940,Electric two-wheeler,Karnataka,2025-05-15,2026-09-15,240655.95,145964.21,14.0,36,16,8225.05,0,0
SYNTHETIC_ONLY,demo-nbfc-ev-001,AssureRail Synthetic EV Finance NBFC,SYN-EV-2W-2025,SYN-A-LN-0941,SYN-A-BR-0941,Synthetic Borrower A0941,Electric two-wheeler,Tamil Nadu,2025-06-15,2026-09-15,258966.73,193910.46,15.0,48,15,7207.24,0,0
SYNTHETIC_ONLY,demo-nbfc-ev-001,AssureRail Synthetic EV Finance NBFC,SYN-EV-2W-2025,SYN-A-LN-0942,SYN-A-BR-0942,Synthetic Borrower A0942,Electric two-wheeler,Maharashtra,2025-07-15,2026-09-15,277277.51,199093.86,16.0,36,12,9748.25,66,2
SYNTHETIC_ONLY,demo-nbfc-ev-001,AssureRail Synthetic EV Finance NBFC,SYN-EV-2W-2025,SYN-A-LN-0943,SYN-A-BR-0943,Synthetic Borrower A0943,Electric two-wheeler,Karnataka,2025-08-15,2026-09-15,295588.29,234090.18,17.0,48,13,8529.21,0,0
SYNTHETIC_ONLY,demo-nbfc-ev-001,AssureRail Synthetic EV Finance NBFC,SYN-EV-2W-2025,SYN-A-LN-0944,SYN-A-BR-0944,Synthetic Borrower A0944,Electric two-wheeler,Tamil Nadu,2025-09-15,2026-09-15,313899.07,227309.11,18.0,36,12,11348.2,0,0
SYNTHETIC_ONLY,demo-nbfc-ev-001,AssureRail Synthetic EV Finance NBFC,SYN-EV-2W-2025,SYN-A-LN-0945,SYN-A-BR-0945,Synthetic Borrower A0945,Electric two-wheeler,Maharashtra,2025-01-15,2026-09-15,167412.85,108740.71,14.0,48,20,4574.8,0,0
SYNTHETIC_ONLY,demo-nbfc-ev-001,AssureRail Synthetic EV Finance NBFC,SYN-EV-2W-2025,SYN-A-LN-0946,SYN-A-BR-0946,Synthetic Borrower A0946,Electric two-wheeler,Karnataka,2025-02-15,2026-09-15,185723.62,98052.81,15.0,36,19,6438.17,0,0
SYNTHETIC_ONLY,demo-nbfc-ev-001,AssureRail Synthetic EV Finance NBFC,SYN-EV-2W-2025,SYN-A-LN-0947,SYN-A-BR-0947,Synthetic Borrower A0947,Electric two-wheeler,Tamil Nadu,2025-03-15,2026-09-15,204034.39,142206.0,16.0,48,18,5782.39,0,0
SYNTHETIC_ONLY,demo-nbfc-ev-001,AssureRail Synthetic EV Finance NBFC,SYN-EV-2W-2025,SYN-A-LN-0948,SYN-A-BR-0948,Synthetic Borrower A0948,Electric two-wheeler,Maharashtra,2025-04-15,2026-09-15,222345.16,148940.91,17.0,36,14,7927.21,93,3
SYNTHETIC_ONLY,demo-nbfc-ev-001,AssureRail Synthetic EV Finance NBFC,SYN-EV-2W-2025,SYN-A-LN-0949,SYN-A-BR-0949,Synthetic Borrower A0949,Electric two-wheeler,Karnataka,2025-05-15,2026-09-15,240655.95,178620.19,18.0,48,16,7069.27,0,0
SYNTHETIC_ONLY,demo-nbfc-ev-001,AssureRail Synthetic EV Finance NBFC,SYN-EV-2W-2025,SYN-A-LN-0950,SYN-A-BR-0950,Synthetic Borrower A0950,Electric two-wheeler,Tamil Nadu,2025-06-15,2026-09-15,258966.73,164007.63,14.0,36,15,8850.87,0,0
SYNTHETIC_ONLY,demo-nbfc-ev-001,AssureRail Synthetic EV Finance NBFC,SYN-EV-2W-2025,SYN-A-LN-0951,SYN-A-BR-0951,Synthetic Borrower A0951,Electric two-wheeler,Maharashtra,2025-07-15,2026-09-15,277277.51,212679.65,15.0,48,14,7716.84,0,0
SYNTHETIC_ONLY,demo-nbfc-ev-001,AssureRail Synthetic EV Finance NBFC,SYN-EV-2W-2025,SYN-A-LN-0952,SYN-A-BR-0952,Synthetic Borrower A0952,Electric two-wheeler,Karnataka,2025-08-15,2026-09-15,295588.29,204679.45,16.0,36,13,10392.01,0,0
SYNTHETIC_ONLY,demo-nbfc-ev-001,AssureRail Synthetic EV Finance NBFC,SYN-EV-2W-2025,SYN-A-LN-0953,SYN-A-BR-0953,Synthetic Borrower A0953,Electric two-wheeler,Tamil Nadu,2025-09-15,2026-09-15,313899.06,254049.87,17.0,48,12,9057.57,0,0
SYNTHETIC_ONLY,demo-nbfc-ev-001,AssureRail Synthetic EV Finance NBFC,SYN-EV-2W-2025,SYN-A-LN-0954,SYN-A-BR-0954,Synthetic Borrower A0954,Electric two-wheeler,Maharashtra,2025-01-15,2026-09-15,167412.85,90226.69,18.0,36,19,6052.38,30,1
SYNTHETIC_ONLY,demo-nbfc-ev-001,AssureRail Synthetic EV Finance NBFC,SYN-EV-2W-2025,SYN-A-LN-0955,SYN-A-BR-0955,Synthetic Borrower A0955,Electric two-wheeler,Karnataka,2025-02-15,2026-09-15,185723.61,124259.69,14.0,48,19,5075.17,0,0
SYNTHETIC_ONLY,demo-nbfc-ev-001,AssureRail Synthetic EV Finance NBFC,SYN-EV-2W-2025,SYN-A-LN-0956,SYN-A-BR-0956,Synthetic Borrower A0956,Electric two-wheeler,Tamil Nadu,2025-03-15,2026-09-15,204034.4,113375.71,15.0,36,18,7072.92,0,0
SYNTHETIC_ONLY,demo-nbfc-ev-001,AssureRail Synthetic EV Finance NBFC,SYN-EV-2W-2025,SYN-A-LN-0957,SYN-A-BR-0957,Synthetic Borrower A0957,Electric two-wheeler,Maharashtra,2025-04-15,2026-09-15,222345.18,159147.44,16.0,48,17,6301.32,0,0
SYNTHETIC_ONLY,demo-nbfc-ev-001,AssureRail Synthetic EV Finance NBFC,SYN-EV-2W-2025,SYN-A-LN-0958,SYN-A-BR-0958,Synthetic Borrower A0958,Electric two-wheeler,Karnataka,2025-05-15,2026-09-15,240655.95,148524.88,17.0,36,16,8580.04,0,0
SYNTHETIC_ONLY,demo-nbfc-ev-001,AssureRail Synthetic EV Finance NBFC,SYN-EV-2W-2025,SYN-A-LN-0959,SYN-A-BR-0959,Synthetic Borrower A0959,Electric two-wheeler,Tamil Nadu,2025-06-15,2026-09-15,258966.74,196865.03,18.0,48,15,7607.15,0,0
SYNTHETIC_ONLY,demo-nbfc-ev-001,AssureRail Synthetic EV Finance NBFC,SYN-EV-2W-2025,SYN-A-LN-0960,SYN-A-BR-0960,Synthetic Borrower A0960,Electric two-wheeler,Maharashtra,2025-07-15,2026-09-15,277277.52,197378.03,14.0,36,12,9476.69,66,2
SYNTHETIC_ONLY,demo-nbfc-ev-001,AssureRail Synthetic EV Finance NBFC,SYN-EV-2W-2025,SYN-A-LN-0961,SYN-A-BR-0961,Synthetic Borrower A0961,Electric two-wheeler,Karnataka,2025-08-15,2026-09-15,295588.3,232050.35,15.0,48,13,8226.44,0,0
SYNTHETIC_ONLY,demo-nbfc-ev-001,AssureRail Synthetic EV Finance NBFC,SYN-EV-2W-2025,SYN-A-LN-0962,SYN-A-BR-0962,Synthetic Borrower A0962,Electric two-wheeler,Tamil Nadu,2025-09-15,2026-09-15,313899.08,225389.28,16.0,36,12,11035.76,0,0
SYNTHETIC_ONLY,demo-nbfc-ev-001,AssureRail Synthetic EV Finance NBFC,SYN-EV-2W-2025,SYN-A-LN-0963,SYN-A-BR-0963,Synthetic Borrower A0963,Electric two-wheeler,Maharashtra,2025-01-15,2026-09-15,167412.84,111015.45,17.0,48,20,4830.7,0,0
SYNTHETIC_ONLY,demo-nbfc-ev-001,AssureRail Synthetic EV Finance NBFC,SYN-EV-2W-2025,SYN-A-LN-0964,SYN-A-BR-0964,Synthetic Borrower A0964,Electric two-wheeler,Karnataka,2025-02-15,2026-09-15,185723.62,100095.23,18.0,36,19,6714.35,0,0
SYNTHETIC_ONLY,demo-nbfc-ev-001,AssureRail Synthetic EV Finance NBFC,SYN-EV-2W-2025,SYN-A-LN-0965,SYN-A-BR-0965,Synthetic Borrower A0965,Electric two-wheeler,Tamil Nadu,2025-03-15,2026-09-15,204034.39,140447.63,14.0,48,18,5575.54,0,0
SYNTHETIC_ONLY,demo-nbfc-ev-001,AssureRail Synthetic EV Finance NBFC,SYN-EV-2W-2025,SYN-A-LN-0966,SYN-A-BR-0966,Synthetic Borrower A0966,Electric two-wheeler,Maharashtra,2025-04-15,2026-09-15,222345.18,147452.04,15.0,36,14,7707.67,93,3
SYNTHETIC_ONLY,demo-nbfc-ev-001,AssureRail Synthetic EV Finance NBFC,SYN-EV-2W-2025,SYN-A-LN-0967,SYN-A-BR-0967,Synthetic Borrower A0967,Electric two-wheeler,Karnataka,2025-05-15,2026-09-15,240655.96,176717.72,16.0,48,16,6820.26,0,0
SYNTHETIC_ONLY,demo-nbfc-ev-001,AssureRail Synthetic EV Finance NBFC,SYN-EV-2W-2025,SYN-A-LN-0968,SYN-A-BR-0968,Synthetic Borrower A0968,Electric two-wheeler,Tamil Nadu,2025-06-15,2026-09-15,258966.72,166697.01,17.0,36,15,9232.87,0,0
SYNTHETIC_ONLY,demo-nbfc-ev-001,AssureRail Synthetic EV Finance NBFC,SYN-EV-2W-2025,SYN-A-LN-0969,SYN-A-BR-0969,Synthetic Borrower A0969,Electric two-wheeler,Maharashtra,2025-07-15,2026-09-15,277277.51,215694.39,18.0,48,14,8145.03,0,0
SYNTHETIC_ONLY,demo-nbfc-ev-001,AssureRail Synthetic EV Finance NBFC,SYN-EV-2W-2025,SYN-A-LN-0970,SYN-A-BR-0970,Synthetic Borrower A0970,Electric two-wheeler,Karnataka,2025-08-15,2026-09-15,295588.29,202764.73,14.0,36,13,10102.51,0,0
SYNTHETIC_ONLY,demo-nbfc-ev-001,AssureRail Synthetic EV Finance NBFC,SYN-EV-2W-2025,SYN-A-LN-0971,SYN-A-BR-0971,Synthetic Borrower A0971,Electric two-wheeler,Tamil Nadu,2025-09-15,2026-09-15,313899.08,252011.06,15.0,48,12,8736.05,0,0
SYNTHETIC_ONLY,demo-nbfc-ev-001,AssureRail Synthetic EV Finance NBFC,SYN-EV-2W-2025,SYN-A-LN-0972,SYN-A-BR-0972,Synthetic Borrower A0972,Electric two-wheeler,Maharashtra,2025-01-15,2026-09-15,167412.84,89000.58,16.0,36,19,5885.74,30,1
SYNTHETIC_ONLY,demo-nbfc-ev-001,AssureRail Synthetic EV Finance NBFC,SYN-EV-2W-2025,SYN-A-LN-0973,SYN-A-BR-0973,Synthetic Borrower A0973,Electric two-wheeler,Karnataka,2025-02-15,2026-09-15,185723.62,126721.6,17.0,48,19,5359.06,0,0
SYNTHETIC_ONLY,demo-nbfc-ev-001,AssureRail Synthetic EV Finance NBFC,SYN-EV-2W-2025,SYN-A-LN-0974,SYN-A-BR-0974,Synthetic Borrower A0974,Electric two-wheeler,Tamil Nadu,2025-03-15,2026-09-15,204034.4,115606.02,18.0,36,18,7376.33,0,0
SYNTHETIC_ONLY,demo-nbfc-ev-001,AssureRail Synthetic EV Finance NBFC,SYN-EV-2W-2025,SYN-A-LN-0975,SYN-A-BR-0975,Synthetic Borrower A0975,Electric two-wheeler,Maharashtra,2025-04-15,2026-09-15,222345.18,157292.74,14.0,48,17,6075.91,0,0
SYNTHETIC_ONLY,demo-nbfc-ev-001,AssureRail Synthetic EV Finance NBFC,SYN-EV-2W-2025,SYN-A-LN-0976,SYN-A-BR-0976,Synthetic Borrower A0976,Electric two-wheeler,Karnataka,2025-05-15,2026-09-15,240655.96,146820.85,15.0,36,16,8342.42,0,0
SYNTHETIC_ONLY,demo-nbfc-ev-001,AssureRail Synthetic EV Finance NBFC,SYN-EV-2W-2025,SYN-A-LN-0977,SYN-A-BR-0977,Synthetic Borrower A0977,Electric two-wheeler,Tamil Nadu,2025-06-15,2026-09-15,258966.73,194904.1,16.0,48,15,7339.19,0,0
SYNTHETIC_ONLY,demo-nbfc-ev-001,AssureRail Synthetic EV Finance NBFC,SYN-EV-2W-2025,SYN-A-LN-0978,SYN-A-BR-0978,Synthetic Borrower A0978,Electric two-wheeler,Maharashtra,2025-07-15,2026-09-15,277277.51,199944.31,17.0,36,12,9885.7,66,2
SYNTHETIC_ONLY,demo-nbfc-ev-001,AssureRail Synthetic EV Finance NBFC,SYN-EV-2W-2025,SYN-A-LN-0979,SYN-A-BR-0979,Synthetic Borrower A0979,Electric two-wheeler,Karnataka,2025-08-15,2026-09-15,295588.3,235094.85,18.0,48,13,8682.91,0,0
SYNTHETIC_ONLY,demo-nbfc-ev-001,AssureRail Synthetic EV Finance NBFC,SYN-EV-2W-2025,SYN-A-LN-0980,SYN-A-BR-0980,Synthetic Borrower A0980,Electric two-wheeler,Tamil Nadu,2025-09-15,2026-09-15,313899.08,223446.83,14.0,36,12,10728.33,0,0
SYNTHETIC_ONLY,demo-nbfc-ev-001,AssureRail Synthetic EV Finance NBFC,SYN-EV-2W-2025,SYN-A-LN-0981,SYN-A-BR-0981,Synthetic Borrower A0981,Electric two-wheeler,Maharashtra,2025-01-15,2026-09-15,167412.83,109503.5,15.0,48,20,4659.22,0,0
SYNTHETIC_ONLY,demo-nbfc-ev-001,AssureRail Synthetic EV Finance NBFC,SYN-EV-2W-2025,SYN-A-LN-0982,SYN-A-BR-0982,Synthetic Borrower A0982,Electric two-wheeler,Karnataka,2025-02-15,2026-09-15,185723.62,98735.02,16.0,36,19,6529.49,0,0
SYNTHETIC_ONLY,demo-nbfc-ev-001,AssureRail Synthetic EV Finance NBFC,SYN-EV-2W-2025,SYN-A-LN-0983,SYN-A-BR-0983,Synthetic Borrower A0983,Electric two-wheeler,Tamil Nadu,2025-03-15,2026-09-15,204034.39,143075.79,17.0,48,18,5887.42,0,0
SYNTHETIC_ONLY,demo-nbfc-ev-001,AssureRail Synthetic EV Finance NBFC,SYN-EV-2W-2025,SYN-A-LN-0984,SYN-A-BR-0984,Synthetic Borrower A0984,Electric two-wheeler,Maharashtra,2025-04-15,2026-09-15,222345.17,149679.97,18.0,36,14,8038.31,93,3
SYNTHETIC_ONLY,demo-nbfc-ev-001,AssureRail Synthetic EV Finance NBFC,SYN-EV-2W-2025,SYN-A-LN-0985,SYN-A-BR-0985,Synthetic Borrower A0985,Electric two-wheeler,Karnataka,2025-05-15,2026-09-15,240655.96,174783.4,14.0,48,16,6576.28,0,0
SYNTHETIC_ONLY,demo-nbfc-ev-001,AssureRail Synthetic EV Finance NBFC,SYN-EV-2W-2025,SYN-A-LN-0986,SYN-A-BR-0986,Synthetic Borrower A0986,Electric two-wheeler,Tamil Nadu,2025-06-15,2026-09-15,258966.74,164907.82,15.0,36,15,8977.17,0,0
SYNTHETIC_ONLY,demo-nbfc-ev-001,AssureRail Synthetic EV Finance NBFC,SYN-EV-2W-2025,SYN-A-LN-0987,SYN-A-BR-0987,Synthetic Borrower A0987,Electric two-wheeler,Maharashtra,2025-07-15,2026-09-15,277277.52,213694.07,16.0,48,14,7858.12,0,0
SYNTHETIC_ONLY,demo-nbfc-ev-001,AssureRail Synthetic EV Finance NBFC,SYN-EV-2W-2025,SYN-A-LN-0988,SYN-A-BR-0988,Synthetic Borrower A0988,Electric two-wheeler,Karnataka,2025-08-15,2026-09-15,295588.3,205629.26,17.0,36,13,10538.53,0,0
SYNTHETIC_ONLY,demo-nbfc-ev-001,AssureRail Synthetic EV Finance NBFC,SYN-EV-2W-2025,SYN-A-LN-0989,SYN-A-BR-0989,Synthetic Borrower A0989,Electric two-wheeler,Tamil Nadu,2025-09-15,2026-09-15,313899.08,255053.23,18.0,48,12,9220.79,0,0
SYNTHETIC_ONLY,demo-nbfc-ev-001,AssureRail Synthetic EV Finance NBFC,SYN-EV-2W-2025,SYN-A-LN-0990,SYN-A-BR-0990,Synthetic Borrower A0990,Electric two-wheeler,Maharashtra,2025-01-15,2026-09-15,167412.85,87769.5,14.0,36,19,5721.77,30,1
SYNTHETIC_ONLY,demo-nbfc-ev-001,AssureRail Synthetic EV Finance NBFC,SYN-EV-2W-2025,SYN-A-LN-0991,SYN-A-BR-0991,Synthetic Borrower A0991,Electric two-wheeler,Karnataka,2025-02-15,2026-09-15,185723.62,125085.71,15.0,48,19,5168.83,0,0
SYNTHETIC_ONLY,demo-nbfc-ev-001,AssureRail Synthetic EV Finance NBFC,SYN-EV-2W-2025,SYN-A-LN-0992,SYN-A-BR-0992,Synthetic Borrower A0992,Electric two-wheeler,Tamil Nadu,2025-03-15,2026-09-15,204034.38,114121.08,16.0,36,18,7173.24,0,0
SYNTHETIC_ONLY,demo-nbfc-ev-001,AssureRail Synthetic EV Finance NBFC,SYN-EV-2W-2025,SYN-A-LN-0993,SYN-A-BR-0993,Synthetic Borrower A0993,Electric two-wheeler,Maharashtra,2025-04-15,2026-09-15,222345.18,160064.14,17.0,48,17,6415.78,0,0
SYNTHETIC_ONLY,demo-nbfc-ev-001,AssureRail Synthetic EV Finance NBFC,SYN-EV-2W-2025,SYN-A-LN-0994,SYN-A-BR-0994,Synthetic Borrower A0994,Electric two-wheeler,Karnataka,2025-05-15,2026-09-15,240655.96,149372.13,18.0,36,16,8700.29,0,0
SYNTHETIC_ONLY,demo-nbfc-ev-001,AssureRail Synthetic EV Finance NBFC,SYN-EV-2W-2025,SYN-A-LN-0995,SYN-A-BR-0995,Synthetic Borrower A0995,Electric two-wheeler,Tamil Nadu,2025-06-15,2026-09-15,258966.74,192908.19,14.0,48,15,7076.65,0,0
SYNTHETIC_ONLY,demo-nbfc-ev-001,AssureRail Synthetic EV Finance NBFC,SYN-EV-2W-2025,SYN-A-LN-0996,SYN-A-BR-0996,Synthetic Borrower A0996,Electric two-wheeler,Maharashtra,2025-07-15,2026-09-15,277277.51,198238.41,15.0,36,12,9611.92,66,2
SYNTHETIC_ONLY,demo-nbfc-ev-001,AssureRail Synthetic EV Finance NBFC,SYN-EV-2W-2025,SYN-A-LN-0997,SYN-A-BR-0997,Synthetic Borrower A0997,Electric two-wheeler,Karnataka,2025-08-15,2026-09-15,295588.29,233075.32,16.0,48,13,8377.06,0,0
SYNTHETIC_ONLY,demo-nbfc-ev-001,AssureRail Synthetic EV Finance NBFC,SYN-EV-2W-2025,SYN-A-LN-0998,SYN-A-BR-0998,Synthetic Borrower A0998,Electric two-wheeler,Tamil Nadu,2025-09-15,2026-09-15,313899.08,226352.06,17.0,36,12,11191.36,0,0
SYNTHETIC_ONLY,demo-nbfc-ev-001,AssureRail Synthetic EV Finance NBFC,SYN-EV-2W-2025,SYN-A-LN-0999,SYN-A-BR-0999,Synthetic Borrower A0999,Electric two-wheeler,Maharashtra,2025-01-15,2026-09-15,167412.84,111764.36,18.0,48,20,4917.75,0,0
SYNTHETIC_ONLY,demo-nbfc-ev-001,AssureRail Synthetic EV Finance NBFC,SYN-EV-2W-2025,SYN-A-LN-1000,SYN-A-BR-1000,Synthetic Borrower A1000,Electric two-wheeler,Karnataka,2025-02-15,2026-09-15,185723.62,97369.28,14.0,36,19,6347.59,0,0
SYNTHETIC_ONLY,demo-nbfc-ev-001,AssureRail Synthetic EV Finance NBFC,SYN-EV-2W-2025,SYN-A-LN-1001,SYN-A-BR-1001,Synthetic Borrower A1001,Electric two-wheeler,Tamil Nadu,2025-03-15,2026-09-15,204034.4,141329.91,15.0,48,18,5678.43,0,0
SYNTHETIC_ONLY,demo-nbfc-ev-001,AssureRail Synthetic EV Finance NBFC,SYN-EV-2W-2025,SYN-A-LN-1002,SYN-A-BR-1002,Synthetic Borrower A1002,Electric two-wheeler,Maharashtra,2025-04-15,2026-09-15,222345.17,148198.25,16.0,36,14,7817.0,93,3
SYNTHETIC_ONLY,demo-nbfc-ev-001,AssureRail Synthetic EV Finance NBFC,SYN-EV-2W-2025,SYN-A-LN-1003,SYN-A-BR-1003,Synthetic Borrower A1003,Electric two-wheeler,Karnataka,2025-05-15,2026-09-15,240655.95,177672.99,17.0,48,16,6944.14,0,0
SYNTHETIC_ONLY,demo-nbfc-ev-001,AssureRail Synthetic EV Finance NBFC,SYN-EV-2W-2025,SYN-A-LN-1004,SYN-A-BR-1004,Synthetic Borrower A1004,Electric two-wheeler,Tamil Nadu,2025-06-15,2026-09-15,258966.73,167585.87,18.0,36,15,9362.27,0,0
SYNTHETIC_ONLY,demo-nbfc-ev-001,AssureRail Synthetic EV Finance NBFC,SYN-EV-2W-2025,SYN-A-LN-1005,SYN-A-BR-1005,Synthetic Borrower A1005,Electric two-wheeler,Maharashtra,2025-07-15,2026-09-15,277277.51,211655.86,14.0,48,14,7577.02,0,0
SYNTHETIC_ONLY,demo-nbfc-ev-001,AssureRail Synthetic EV Finance NBFC,SYN-EV-2W-2025,SYN-A-LN-1006,SYN-A-BR-1006,Synthetic Borrower A1006,Electric two-wheeler,Karnataka,2025-08-15,2026-09-15,295588.29,203724.58,15.0,36,13,10246.67,0,0
SYNTHETIC_ONLY,demo-nbfc-ev-001,AssureRail Synthetic EV Finance NBFC,SYN-EV-2W-2025,SYN-A-LN-1007,SYN-A-BR-1007,Synthetic Borrower A1007,Electric two-wheeler,Tamil Nadu,2025-09-15,2026-09-15,313899.08,253035.8,16.0,48,12,8895.99,0,0
SYNTHETIC_ONLY,demo-nbfc-ev-001,AssureRail Synthetic EV Finance NBFC,SYN-EV-2W-2025,SYN-A-LN-1008,SYN-A-BR-1008,Synthetic Borrower A1008,Electric two-wheeler,Maharashtra,2025-01-15,2026-09-15,167412.84,89614.29,17.0,36,19,5968.72,30,1
SYNTHETIC_ONLY,demo-nbfc-ev-001,AssureRail Synthetic EV Finance NBFC,SYN-EV-2W-2025,SYN-A-LN-1009,SYN-A-BR-1009,Synthetic Borrower A1009,Electric two-wheeler,Karnataka,2025-02-15,2026-09-15,185723.62,127531.25,18.0,48,19,5455.63,0,0
SYNTHETIC_ONLY,demo-nbfc-ev-001,AssureRail Synthetic EV Finance NBFC,SYN-EV-2W-2025,SYN-A-LN-1010,SYN-A-BR-1010,Synthetic Borrower A1010,Electric two-wheeler,Tamil Nadu,2025-03-15,2026-09-15,204034.39,112628.48,14.0,36,18,6973.41,0,0
SYNTHETIC_ONLY,demo-nbfc-ev-001,AssureRail Synthetic EV Finance NBFC,SYN-EV-2W-2025,SYN-A-LN-1011,SYN-A-BR-1011,Synthetic Borrower A1011,Electric two-wheeler,Maharashtra,2025-04-15,2026-09-15,222345.17,158223.6,15.0,48,17,6188.03,0,0
SYNTHETIC_ONLY,demo-nbfc-ev-001,AssureRail Synthetic EV Finance NBFC,SYN-EV-2W-2025,SYN-A-LN-1012,SYN-A-BR-1012,Synthetic Borrower A1012,Electric two-wheeler,Karnataka,2025-05-15,2026-09-15,240655.95,147674.43,16.0,36,16,8460.75,0,0
SYNTHETIC_ONLY,demo-nbfc-ev-001,AssureRail Synthetic EV Finance NBFC,SYN-EV-2W-2025,SYN-A-LN-1013,SYN-A-BR-1013,Synthetic Borrower A1013,Electric two-wheeler,Tamil Nadu,2025-06-15,2026-09-15,258966.73,195888.99,17.0,48,15,7472.5,0,0
SYNTHETIC_ONLY,demo-nbfc-ev-001,AssureRail Synthetic EV Finance NBFC,SYN-EV-2W-2025,SYN-A-LN-1014,SYN-A-BR-1014,Synthetic Borrower A1014,Electric two-wheeler,Maharashtra,2025-07-15,2026-09-15,277277.52,200789.72,18.0,36,12,10024.25,66,2
SYNTHETIC_ONLY,demo-nbfc-ev-001,AssureRail Synthetic EV Finance NBFC,SYN-EV-2W-2025,SYN-A-LN-1015,SYN-A-BR-1015,Synthetic Borrower A1015,Electric two-wheeler,Karnataka,2025-08-15,2026-09-15,295588.29,231015.34,14.0,48,13,8077.39,0,0
SYNTHETIC_ONLY,demo-nbfc-ev-001,AssureRail Synthetic EV Finance NBFC,SYN-EV-2W-2025,SYN-A-LN-1016,SYN-A-BR-1016,Synthetic Borrower A1016,Electric two-wheeler,Tamil Nadu,2025-09-15,2026-09-15,313899.07,224420.84,15.0,36,12,10881.41,0,0
SYNTHETIC_ONLY,demo-nbfc-ev-001,AssureRail Synthetic EV Finance NBFC,SYN-EV-2W-2025,SYN-A-LN-1017,SYN-A-BR-1017,Synthetic Borrower A1017,Electric two-wheeler,Maharashtra,2025-01-15,2026-09-15,167412.83,110261.79,16.0,48,20,4744.53,0,0
SYNTHETIC_ONLY,demo-nbfc-ev-001,AssureRail Synthetic EV Finance NBFC,SYN-EV-2W-2025,SYN-A-LN-1018,SYN-A-BR-1018,Synthetic Borrower A1018,Electric two-wheeler,Karnataka,2025-02-15,2026-09-15,185723.62,99415.85,17.0,36,19,6621.55,0,0
SYNTHETIC_ONLY,demo-nbfc-ev-001,AssureRail Synthetic EV Finance NBFC,SYN-EV-2W-2025,SYN-A-LN-1019,SYN-A-BR-1019,Synthetic Borrower A1019,Electric two-wheeler,Tamil Nadu,2025-03-15,2026-09-15,204034.39,143939.17,18.0,48,18,5993.51,0,0
SYNTHETIC_ONLY,demo-nbfc-ev-001,AssureRail Synthetic EV Finance NBFC,SYN-EV-2W-2025,SYN-A-LN-1020,SYN-A-BR-1020,Synthetic Borrower A1020,Electric two-wheeler,Maharashtra,2025-04-15,2026-09-15,222345.17,146702.33,14.0,36,14,7599.23,93,3
SYNTHETIC_ONLY,demo-nbfc-ev-001,AssureRail Synthetic EV Finance NBFC,SYN-EV-2W-2025,SYN-A-LN-1021,SYN-A-BR-1021,Synthetic Borrower A1021,Electric two-wheeler,Karnataka,2025-05-15,2026-09-15,240655.96,175754.49,15.0,48,16,6697.64,0,0
SYNTHETIC_ONLY,demo-nbfc-ev-001,AssureRail Synthetic EV Finance NBFC,SYN-EV-2W-2025,SYN-A-LN-1022,SYN-A-BR-1022,Synthetic Borrower A1022,Electric two-wheeler,Tamil Nadu,2025-06-15,2026-09-15,258966.72,165804.3,16.0,36,15,9104.5,0,0
SYNTHETIC_ONLY,demo-nbfc-ev-001,AssureRail Synthetic EV Finance NBFC,SYN-EV-2W-2025,SYN-A-LN-1023,SYN-A-BR-1023,Synthetic Borrower A1023,Electric two-wheeler,Maharashtra,2025-07-15,2026-09-15,277277.51,214699.01,17.0,48,14,8000.85,0,0
SYNTHETIC_ONLY,demo-nbfc-ev-001,AssureRail Synthetic EV Finance NBFC,SYN-EV-2W-2025,SYN-A-LN-1024,SYN-A-BR-1024,Synthetic Borrower A1024,Electric two-wheeler,Karnataka,2025-08-15,2026-09-15,295588.3,206573.94,18.0,36,13,10686.23,0,0
SYNTHETIC_ONLY,demo-nbfc-ev-001,AssureRail Synthetic EV Finance NBFC,SYN-EV-2W-2025,SYN-A-LN-1025,SYN-A-BR-1025,Synthetic Borrower A1025,Electric two-wheeler,Tamil Nadu,2025-09-15,2026-09-15,313899.07,250975.73,14.0,48,12,8577.76,0,0
SYNTHETIC_ONLY,demo-nbfc-ev-001,AssureRail Synthetic EV Finance NBFC,SYN-EV-2W-2025,SYN-A-LN-1026,SYN-A-BR-1026,Synthetic Borrower A1026,Electric two-wheeler,Maharashtra,2025-01-15,2026-09-15,167412.84,88385.63,15.0,36,19,5803.42,30,1
SYNTHETIC_ONLY,demo-nbfc-ev-001,AssureRail Synthetic EV Finance NBFC,SYN-EV-2W-2025,SYN-A-LN-1027,SYN-A-BR-1027,Synthetic Borrower A1027,Electric two-wheeler,Karnataka,2025-02-15,2026-09-15,185723.61,125906.38,16.0,48,19,5263.46,0,0
SYNTHETIC_ONLY,demo-nbfc-ev-001,AssureRail Synthetic EV Finance NBFC,SYN-EV-2W-2025,SYN-A-LN-1028,SYN-A-BR-1028,Synthetic Borrower A1028,Electric two-wheeler,Tamil Nadu,2025-03-15,2026-09-15,204034.38,114864.54,17.0,36,18,7274.38,0,0
SYNTHETIC_ONLY,demo-nbfc-ev-001,AssureRail Synthetic EV Finance NBFC,SYN-EV-2W-2025,SYN-A-LN-1029,SYN-A-BR-1029,Synthetic Borrower A1029,Electric two-wheeler,Maharashtra,2025-04-15,2026-09-15,222345.18,160973.58,18.0,48,17,6531.39,0,0
SYNTHETIC_ONLY,demo-nbfc-ev-001,AssureRail Synthetic EV Finance NBFC,SYN-EV-2W-2025,SYN-A-LN-1030,SYN-A-BR-1030,Synthetic Borrower A1030,Electric two-wheeler,Karnataka,2025-05-15,2026-09-15,240655.95,145964.21,14.0,36,16,8225.05,0,0
SYNTHETIC_ONLY,demo-nbfc-ev-001,AssureRail Synthetic EV Finance NBFC,SYN-EV-2W-2025,SYN-A-LN-1031,SYN-A-BR-1031,Synthetic Borrower A1031,Electric two-wheeler,Tamil Nadu,2025-06-15,2026-09-15,258966.73,193910.46,15.0,48,15,7207.24,0,0
SYNTHETIC_ONLY,demo-nbfc-ev-001,AssureRail Synthetic EV Finance NBFC,SYN-EV-2W-2025,SYN-A-LN-1032,SYN-A-BR-1032,Synthetic Borrower A1032,Electric two-wheeler,Maharashtra,2025-07-15,2026-09-15,277277.51,199093.86,16.0,36,12,9748.25,66,2
SYNTHETIC_ONLY,demo-nbfc-ev-001,AssureRail Synthetic EV Finance NBFC,SYN-EV-2W-2025,SYN-A-LN-1033,SYN-A-BR-1033,Synthetic Borrower A1033,Electric two-wheeler,Karnataka,2025-08-15,2026-09-15,295588.29,234090.18,17.0,48,13,8529.21,0,0
SYNTHETIC_ONLY,demo-nbfc-ev-001,AssureRail Synthetic EV Finance NBFC,SYN-EV-2W-2025,SYN-A-LN-1034,SYN-A-BR-1034,Synthetic Borrower A1034,Electric two-wheeler,Tamil Nadu,2025-09-15,2026-09-15,313899.07,227309.11,18.0,36,12,11348.2,0,0
SYNTHETIC_ONLY,demo-nbfc-ev-001,AssureRail Synthetic EV Finance NBFC,SYN-EV-2W-2025,SYN-A-LN-1035,SYN-A-BR-1035,Synthetic Borrower A1035,Electric two-wheeler,Maharashtra,2025-01-15,2026-09-15,167412.85,108740.71,14.0,48,20,4574.8,0,0
SYNTHETIC_ONLY,demo-nbfc-ev-001,AssureRail Synthetic EV Finance NBFC,SYN-EV-2W-2025,SYN-A-LN-1036,SYN-A-BR-1036,Synthetic Borrower A1036,Electric two-wheeler,Karnataka,2025-02-15,2026-09-15,185723.62,98052.81,15.0,36,19,6438.17,0,0
SYNTHETIC_ONLY,demo-nbfc-ev-001,AssureRail Synthetic EV Finance NBFC,SYN-EV-2W-2025,SYN-A-LN-1037,SYN-A-BR-1037,Synthetic Borrower A1037,Electric two-wheeler,Tamil Nadu,2025-03-15,2026-09-15,204034.39,142206.0,16.0,48,18,5782.39,0,0
SYNTHETIC_ONLY,demo-nbfc-ev-001,AssureRail Synthetic EV Finance NBFC,SYN-EV-2W-2025,SYN-A-LN-1038,SYN-A-BR-1038,Synthetic Borrower A1038,Electric two-wheeler,Maharashtra,2025-04-15,2026-09-15,222345.16,148940.91,17.0,36,14,7927.21,93,3
SYNTHETIC_ONLY,demo-nbfc-ev-001,AssureRail Synthetic EV Finance NBFC,SYN-EV-2W-2025,SYN-A-LN-1039,SYN-A-BR-1039,Synthetic Borrower A1039,Electric two-wheeler,Karnataka,2025-05-15,2026-09-15,240655.95,178620.19,18.0,48,16,7069.27,0,0
SYNTHETIC_ONLY,demo-nbfc-ev-001,AssureRail Synthetic EV Finance NBFC,SYN-EV-2W-2025,SYN-A-LN-1040,SYN-A-BR-1040,Synthetic Borrower A1040,Electric two-wheeler,Tamil Nadu,2025-06-15,2026-09-15,258966.73,164007.63,14.0,36,15,8850.87,0,0
SYNTHETIC_ONLY,demo-nbfc-ev-001,AssureRail Synthetic EV Finance NBFC,SYN-EV-2W-2025,SYN-A-LN-1041,SYN-A-BR-1041,Synthetic Borrower A1041,Electric two-wheeler,Maharashtra,2025-07-15,2026-09-15,277277.51,212679.65,15.0,48,14,7716.84,0,0
SYNTHETIC_ONLY,demo-nbfc-ev-001,AssureRail Synthetic EV Finance NBFC,SYN-EV-2W-2025,SYN-A-LN-1042,SYN-A-BR-1042,Synthetic Borrower A1042,Electric two-wheeler,Karnataka,2025-08-15,2026-09-15,295588.29,204679.45,16.0,36,13,10392.01,0,0
SYNTHETIC_ONLY,demo-nbfc-ev-001,AssureRail Synthetic EV Finance NBFC,SYN-EV-2W-2025,SYN-A-LN-1043,SYN-A-BR-1043,Synthetic Borrower A1043,Electric two-wheeler,Tamil Nadu,2025-09-15,2026-09-15,313899.06,254049.87,17.0,48,12,9057.57,0,0
SYNTHETIC_ONLY,demo-nbfc-ev-001,AssureRail Synthetic EV Finance NBFC,SYN-EV-2W-2025,SYN-A-LN-1044,SYN-A-BR-1044,Synthetic Borrower A1044,Electric two-wheeler,Maharashtra,2025-01-15,2026-09-15,167412.85,90226.69,18.0,36,19,6052.38,30,1
SYNTHETIC_ONLY,demo-nbfc-ev-001,AssureRail Synthetic EV Finance NBFC,SYN-EV-2W-2025,SYN-A-LN-1045,SYN-A-BR-1045,Synthetic Borrower A1045,Electric two-wheeler,Karnataka,2025-02-15,2026-09-15,185723.61,124259.69,14.0,48,19,5075.17,0,0
SYNTHETIC_ONLY,demo-nbfc-ev-001,AssureRail Synthetic EV Finance NBFC,SYN-EV-2W-2025,SYN-A-LN-1046,SYN-A-BR-1046,Synthetic Borrower A1046,Electric two-wheeler,Tamil Nadu,2025-03-15,2026-09-15,204034.4,113375.71,15.0,36,18,7072.92,0,0
SYNTHETIC_ONLY,demo-nbfc-ev-001,AssureRail Synthetic EV Finance NBFC,SYN-EV-2W-2025,SYN-A-LN-1047,SYN-A-BR-1047,Synthetic Borrower A1047,Electric two-wheeler,Maharashtra,2025-04-15,2026-09-15,222345.18,159147.44,16.0,48,17,6301.32,0,0
SYNTHETIC_ONLY,demo-nbfc-ev-001,AssureRail Synthetic EV Finance NBFC,SYN-EV-2W-2025,SYN-A-LN-1048,SYN-A-BR-1048,Synthetic Borrower A1048,Electric two-wheeler,Karnataka,2025-05-15,2026-09-15,240655.95,148524.88,17.0,36,16,8580.04,0,0
SYNTHETIC_ONLY,demo-nbfc-ev-001,AssureRail Synthetic EV Finance NBFC,SYN-EV-2W-2025,SYN-A-LN-1049,SYN-A-BR-1049,Synthetic Borrower A1049,Electric two-wheeler,Tamil Nadu,2025-06-15,2026-09-15,258966.74,196865.03,18.0,48,15,7607.15,0,0
SYNTHETIC_ONLY,demo-nbfc-ev-001,AssureRail Synthetic EV Finance NBFC,SYN-EV-2W-2025,SYN-A-LN-1050,SYN-A-BR-1050,Synthetic Borrower A1050,Electric two-wheeler,Maharashtra,2025-07-15,2026-09-15,277277.52,197378.03,14.0,36,12,9476.69,66,2
SYNTHETIC_ONLY,demo-nbfc-ev-001,AssureRail Synthetic EV Finance NBFC,SYN-EV-2W-2025,SYN-A-LN-1051,SYN-A-BR-1051,Synthetic Borrower A1051,Electric two-wheeler,Karnataka,2025-08-15,2026-09-15,295588.3,232050.35,15.0,48,13,8226.44,0,0
SYNTHETIC_ONLY,demo-nbfc-ev-001,AssureRail Synthetic EV Finance NBFC,SYN-EV-2W-2025,SYN-A-LN-1052,SYN-A-BR-1052,Synthetic Borrower A1052,Electric two-wheeler,Tamil Nadu,2025-09-15,2026-09-15,313899.08,225389.28,16.0,36,12,11035.76,0,0
SYNTHETIC_ONLY,demo-nbfc-ev-001,AssureRail Synthetic EV Finance NBFC,SYN-EV-2W-2025,SYN-A-LN-1053,SYN-A-BR-1053,Synthetic Borrower A1053,Electric two-wheeler,Maharashtra,2025-01-15,2026-09-15,167412.84,111015.45,17.0,48,20,4830.7,0,0
SYNTHETIC_ONLY,demo-nbfc-ev-001,AssureRail Synthetic EV Finance NBFC,SYN-EV-2W-2025,SYN-A-LN-1054,SYN-A-BR-1054,Synthetic Borrower A1054,Electric two-wheeler,Karnataka,2025-02-15,2026-09-15,185723.62,100095.23,18.0,36,19,6714.35,0,0
SYNTHETIC_ONLY,demo-nbfc-ev-001,AssureRail Synthetic EV Finance NBFC,SYN-EV-2W-2025,SYN-A-LN-1055,SYN-A-BR-1055,Synthetic Borrower A1055,Electric two-wheeler,Tamil Nadu,2025-03-15,2026-09-15,204034.39,140447.63,14.0,48,18,5575.54,0,0
SYNTHETIC_ONLY,demo-nbfc-ev-001,AssureRail Synthetic EV Finance NBFC,SYN-EV-2W-2025,SYN-A-LN-1056,SYN-A-BR-1056,Synthetic Borrower A1056,Electric two-wheeler,Maharashtra,2025-04-15,2026-09-15,222345.18,147452.04,15.0,36,14,7707.67,93,3
SYNTHETIC_ONLY,demo-nbfc-ev-001,AssureRail Synthetic EV Finance NBFC,SYN-EV-2W-2025,SYN-A-LN-1057,SYN-A-BR-1057,Synthetic Borrower A1057,Electric two-wheeler,Karnataka,2025-05-15,2026-09-15,240655.96,176717.72,16.0,48,16,6820.26,0,0
SYNTHETIC_ONLY,demo-nbfc-ev-001,AssureRail Synthetic EV Finance NBFC,SYN-EV-2W-2025,SYN-A-LN-1058,SYN-A-BR-1058,Synthetic Borrower A1058,Electric two-wheeler,Tamil Nadu,2025-06-15,2026-09-15,258966.72,166697.01,17.0,36,15,9232.87,0,0
SYNTHETIC_ONLY,demo-nbfc-ev-001,AssureRail Synthetic EV Finance NBFC,SYN-EV-2W-2025,SYN-A-LN-1059,SYN-A-BR-1059,Synthetic Borrower A1059,Electric two-wheeler,Maharashtra,2025-07-15,2026-09-15,277277.51,215694.39,18.0,48,14,8145.03,0,0
SYNTHETIC_ONLY,demo-nbfc-ev-001,AssureRail Synthetic EV Finance NBFC,SYN-EV-2W-2025,SYN-A-LN-1060,SYN-A-BR-1060,Synthetic Borrower A1060,Electric two-wheeler,Karnataka,2025-08-15,2026-09-15,295588.29,202764.73,14.0,36,13,10102.51,0,0
SYNTHETIC_ONLY,demo-nbfc-ev-001,AssureRail Synthetic EV Finance NBFC,SYN-EV-2W-2025,SYN-A-LN-1061,SYN-A-BR-1061,Synthetic Borrower A1061,Electric two-wheeler,Tamil Nadu,2025-09-15,2026-09-15,313899.08,252011.06,15.0,48,12,8736.05,0,0
SYNTHETIC_ONLY,demo-nbfc-ev-001,AssureRail Synthetic EV Finance NBFC,SYN-EV-2W-2025,SYN-A-LN-1062,SYN-A-BR-1062,Synthetic Borrower A1062,Electric two-wheeler,Maharashtra,2025-01-15,2026-09-15,167412.84,89000.58,16.0,36,19,5885.74,30,1
SYNTHETIC_ONLY,demo-nbfc-ev-001,AssureRail Synthetic EV Finance NBFC,SYN-EV-2W-2025,SYN-A-LN-1063,SYN-A-BR-1063,Synthetic Borrower A1063,Electric two-wheeler,Karnataka,2025-02-15,2026-09-15,185723.62,126721.6,17.0,48,19,5359.06,0,0
SYNTHETIC_ONLY,demo-nbfc-ev-001,AssureRail Synthetic EV Finance NBFC,SYN-EV-2W-2025,SYN-A-LN-1064,SYN-A-BR-1064,Synthetic Borrower A1064,Electric two-wheeler,Tamil Nadu,2025-03-15,2026-09-15,204034.4,115606.02,18.0,36,18,7376.33,0,0
SYNTHETIC_ONLY,demo-nbfc-ev-001,AssureRail Synthetic EV Finance NBFC,SYN-EV-2W-2025,SYN-A-LN-1065,SYN-A-BR-1065,Synthetic Borrower A1065,Electric two-wheeler,Maharashtra,2025-04-15,2026-09-15,222345.18,157292.74,14.0,48,17,6075.91,0,0
SYNTHETIC_ONLY,demo-nbfc-ev-001,AssureRail Synthetic EV Finance NBFC,SYN-EV-2W-2025,SYN-A-LN-1066,SYN-A-BR-1066,Synthetic Borrower A1066,Electric two-wheeler,Karnataka,2025-05-15,2026-09-15,240655.96,146820.85,15.0,36,16,8342.42,0,0
SYNTHETIC_ONLY,demo-nbfc-ev-001,AssureRail Synthetic EV Finance NBFC,SYN-EV-2W-2025,SYN-A-LN-1067,SYN-A-BR-1067,Synthetic Borrower A1067,Electric two-wheeler,Tamil Nadu,2025-06-15,2026-09-15,258966.73,194904.1,16.0,48,15,7339.19,0,0
SYNTHETIC_ONLY,demo-nbfc-ev-001,AssureRail Synthetic EV Finance NBFC,SYN-EV-2W-2025,SYN-A-LN-1068,SYN-A-BR-1068,Synthetic Borrower A1068,Electric two-wheeler,Maharashtra,2025-07-15,2026-09-15,277277.51,199944.31,17.0,36,12,9885.7,66,2
SYNTHETIC_ONLY,demo-nbfc-ev-001,AssureRail Synthetic EV Finance NBFC,SYN-EV-2W-2025,SYN-A-LN-1069,SYN-A-BR-1069,Synthetic Borrower A1069,Electric two-wheeler,Karnataka,2025-08-15,2026-09-15,295588.3,235094.85,18.0,48,13,8682.91,0,0
SYNTHETIC_ONLY,demo-nbfc-ev-001,AssureRail Synthetic EV Finance NBFC,SYN-EV-2W-2025,SYN-A-LN-1070,SYN-A-BR-1070,Synthetic Borrower A1070,Electric two-wheeler,Tamil Nadu,2025-09-15,2026-09-15,313899.08,223446.83,14.0,36,12,10728.33,0,0
SYNTHETIC_ONLY,demo-nbfc-ev-001,AssureRail Synthetic EV Finance NBFC,SYN-EV-2W-2025,SYN-A-LN-1071,SYN-A-BR-1071,Synthetic Borrower A1071,Electric two-wheeler,Maharashtra,2025-01-15,2026-09-15,167412.83,109503.5,15.0,48,20,4659.22,0,0
SYNTHETIC_ONLY,demo-nbfc-ev-001,AssureRail Synthetic EV Finance NBFC,SYN-EV-2W-2025,SYN-A-LN-1072,SYN-A-BR-1072,Synthetic Borrower A1072,Electric two-wheeler,Karnataka,2025-02-15,2026-09-15,185723.62,98735.02,16.0,36,19,6529.49,0,0
SYNTHETIC_ONLY,demo-nbfc-ev-001,AssureRail Synthetic EV Finance NBFC,SYN-EV-2W-2025,SYN-A-LN-1073,SYN-A-BR-1073,Synthetic Borrower A1073,Electric two-wheeler,Tamil Nadu,2025-03-15,2026-09-15,204034.39,143075.79,17.0,48,18,5887.42,0,0
SYNTHETIC_ONLY,demo-nbfc-ev-001,AssureRail Synthetic EV Finance NBFC,SYN-EV-2W-2025,SYN-A-LN-1074,SYN-A-BR-1074,Synthetic Borrower A1074,Electric two-wheeler,Maharashtra,2025-04-15,2026-09-15,222345.17,149679.97,18.0,36,14,8038.31,93,3
SYNTHETIC_ONLY,demo-nbfc-ev-001,AssureRail Synthetic EV Finance NBFC,SYN-EV-2W-2025,SYN-A-LN-1075,SYN-A-BR-1075,Synthetic Borrower A1075,Electric two-wheeler,Karnataka,2025-05-15,2026-09-15,240655.96,174783.4,14.0,48,16,6576.28,0,0
SYNTHETIC_ONLY,demo-nbfc-ev-001,AssureRail Synthetic EV Finance NBFC,SYN-EV-2W-2025,SYN-A-LN-1076,SYN-A-BR-1076,Synthetic Borrower A1076,Electric two-wheeler,Tamil Nadu,2025-06-15,2026-09-15,258966.74,164907.82,15.0,36,15,8977.17,0,0
SYNTHETIC_ONLY,demo-nbfc-ev-001,AssureRail Synthetic EV Finance NBFC,SYN-EV-2W-2025,SYN-A-LN-1077,SYN-A-BR-1077,Synthetic Borrower A1077,Electric two-wheeler,Maharashtra,2025-07-15,2026-09-15,277277.52,213694.07,16.0,48,14,7858.12,0,0
SYNTHETIC_ONLY,demo-nbfc-ev-001,AssureRail Synthetic EV Finance NBFC,SYN-EV-2W-2025,SYN-A-LN-1078,SYN-A-BR-1078,Synthetic Borrower A1078,Electric two-wheeler,Karnataka,2025-08-15,2026-09-15,295588.3,205629.26,17.0,36,13,10538.53,0,0
SYNTHETIC_ONLY,demo-nbfc-ev-001,AssureRail Synthetic EV Finance NBFC,SYN-EV-2W-2025,SYN-A-LN-1079,SYN-A-BR-1079,Synthetic Borrower A1079,Electric two-wheeler,Tamil Nadu,2025-09-15,2026-09-15,313899.08,255053.23,18.0,48,12,9220.79,0,0
SYNTHETIC_ONLY,demo-nbfc-ev-001,AssureRail Synthetic EV Finance NBFC,SYN-EV-2W-2025,SYN-A-LN-1080,SYN-A-BR-1080,Synthetic Borrower A1080,Electric two-wheeler,Maharashtra,2025-01-15,2026-09-15,167412.85,87769.5,14.0,36,19,5721.77,30,1
SYNTHETIC_ONLY,demo-nbfc-ev-001,AssureRail Synthetic EV Finance NBFC,SYN-EV-2W-2025,SYN-A-LN-1081,SYN-A-BR-1081,Synthetic Borrower A1081,Electric two-wheeler,Karnataka,2025-02-15,2026-09-15,185723.62,125085.71,15.0,48,19,5168.83,0,0
SYNTHETIC_ONLY,demo-nbfc-ev-001,AssureRail Synthetic EV Finance NBFC,SYN-EV-2W-2025,SYN-A-LN-1082,SYN-A-BR-1082,Synthetic Borrower A1082,Electric two-wheeler,Tamil Nadu,2025-03-15,2026-09-15,204034.38,114121.08,16.0,36,18,7173.24,0,0
SYNTHETIC_ONLY,demo-nbfc-ev-001,AssureRail Synthetic EV Finance NBFC,SYN-EV-2W-2025,SYN-A-LN-1083,SYN-A-BR-1083,Synthetic Borrower A1083,Electric two-wheeler,Maharashtra,2025-04-15,2026-09-15,222345.18,160064.14,17.0,48,17,6415.78,0,0
SYNTHETIC_ONLY,demo-nbfc-ev-001,AssureRail Synthetic EV Finance NBFC,SYN-EV-2W-2025,SYN-A-LN-1084,SYN-A-BR-1084,Synthetic Borrower A1084,Electric two-wheeler,Karnataka,2025-05-15,2026-09-15,240655.96,149372.13,18.0,36,16,8700.29,0,0
SYNTHETIC_ONLY,demo-nbfc-ev-001,AssureRail Synthetic EV Finance NBFC,SYN-EV-2W-2025,SYN-A-LN-1085,SYN-A-BR-1085,Synthetic Borrower A1085,Electric two-wheeler,Tamil Nadu,2025-06-15,2026-09-15,258966.74,192908.19,14.0,48,15,7076.65,0,0
SYNTHETIC_ONLY,demo-nbfc-ev-001,AssureRail Synthetic EV Finance NBFC,SYN-EV-2W-2025,SYN-A-LN-1086,SYN-A-BR-1086,Synthetic Borrower A1086,Electric two-wheeler,Maharashtra,2025-07-15,2026-09-15,277277.51,198238.41,15.0,36,12,9611.92,66,2
SYNTHETIC_ONLY,demo-nbfc-ev-001,AssureRail Synthetic EV Finance NBFC,SYN-EV-2W-2025,SYN-A-LN-1087,SYN-A-BR-1087,Synthetic Borrower A1087,Electric two-wheeler,Karnataka,2025-08-15,2026-09-15,295588.29,233075.32,16.0,48,13,8377.06,0,0
SYNTHETIC_ONLY,demo-nbfc-ev-001,AssureRail Synthetic EV Finance NBFC,SYN-EV-2W-2025,SYN-A-LN-1088,SYN-A-BR-1088,Synthetic Borrower A1088,Electric two-wheeler,Tamil Nadu,2025-09-15,2026-09-15,313899.08,226352.06,17.0,36,12,11191.36,0,0
SYNTHETIC_ONLY,demo-nbfc-ev-001,AssureRail Synthetic EV Finance NBFC,SYN-EV-2W-2025,SYN-A-LN-1089,SYN-A-BR-1089,Synthetic Borrower A1089,Electric two-wheeler,Maharashtra,2025-01-15,2026-09-15,167412.84,111764.36,18.0,48,20,4917.75,0,0
SYNTHETIC_ONLY,demo-nbfc-ev-001,AssureRail Synthetic EV Finance NBFC,SYN-EV-2W-2025,SYN-A-LN-1090,SYN-A-BR-1090,Synthetic Borrower A1090,Electric two-wheeler,Karnataka,2025-02-15,2026-09-15,185723.62,97369.28,14.0,36,19,6347.59,0,0
SYNTHETIC_ONLY,demo-nbfc-ev-001,AssureRail Synthetic EV Finance NBFC,SYN-EV-2W-2025,SYN-A-LN-1091,SYN-A-BR-1091,Synthetic Borrower A1091,Electric two-wheeler,Tamil Nadu,2025-03-15,2026-09-15,204034.4,141329.91,15.0,48,18,5678.43,0,0
SYNTHETIC_ONLY,demo-nbfc-ev-001,AssureRail Synthetic EV Finance NBFC,SYN-EV-2W-2025,SYN-A-LN-1092,SYN-A-BR-1092,Synthetic Borrower A1092,Electric two-wheeler,Maharashtra,2025-04-15,2026-09-15,222345.17,148198.25,16.0,36,14,7817.0,93,3
SYNTHETIC_ONLY,demo-nbfc-ev-001,AssureRail Synthetic EV Finance NBFC,SYN-EV-2W-2025,SYN-A-LN-1093,SYN-A-BR-1093,Synthetic Borrower A1093,Electric two-wheeler,Karnataka,2025-05-15,2026-09-15,240655.95,177672.99,17.0,48,16,6944.14,0,0
SYNTHETIC_ONLY,demo-nbfc-ev-001,AssureRail Synthetic EV Finance NBFC,SYN-EV-2W-2025,SYN-A-LN-1094,SYN-A-BR-1094,Synthetic Borrower A1094,Electric two-wheeler,Tamil Nadu,2025-06-15,2026-09-15,258966.73,167585.87,18.0,36,15,9362.27,0,0
SYNTHETIC_ONLY,demo-nbfc-ev-001,AssureRail Synthetic EV Finance NBFC,SYN-EV-2W-2025,SYN-A-LN-1095,SYN-A-BR-1095,Synthetic Borrower A1095,Electric two-wheeler,Maharashtra,2025-07-15,2026-09-15,277277.51,211655.86,14.0,48,14,7577.02,0,0
SYNTHETIC_ONLY,demo-nbfc-ev-001,AssureRail Synthetic EV Finance NBFC,SYN-EV-2W-2025,SYN-A-LN-1096,SYN-A-BR-1096,Synthetic Borrower A1096,Electric two-wheeler,Karnataka,2025-08-15,2026-09-15,295588.29,203724.58,15.0,36,13,10246.67,0,0
SYNTHETIC_ONLY,demo-nbfc-ev-001,AssureRail Synthetic EV Finance NBFC,SYN-EV-2W-2025,SYN-A-LN-1097,SYN-A-BR-1097,Synthetic Borrower A1097,Electric two-wheeler,Tamil Nadu,2025-09-15,2026-09-15,313899.08,253035.8,16.0,48,12,8895.99,0,0
SYNTHETIC_ONLY,demo-nbfc-ev-001,AssureRail Synthetic EV Finance NBFC,SYN-EV-2W-2025,SYN-A-LN-1098,SYN-A-BR-1098,Synthetic Borrower A1098,Electric two-wheeler,Maharashtra,2025-01-15,2026-09-15,167412.84,89614.29,17.0,36,19,5968.72,30,1
SYNTHETIC_ONLY,demo-nbfc-ev-001,AssureRail Synthetic EV Finance NBFC,SYN-EV-2W-2025,SYN-A-LN-1099,SYN-A-BR-1099,Synthetic Borrower A1099,Electric two-wheeler,Karnataka,2025-02-15,2026-09-15,185723.62,127531.25,18.0,48,19,5455.63,0,0
SYNTHETIC_ONLY,demo-nbfc-ev-001,AssureRail Synthetic EV Finance NBFC,SYN-EV-2W-2025,SYN-A-LN-1100,SYN-A-BR-1100,Synthetic Borrower A1100,Electric two-wheeler,Tamil Nadu,2025-03-15,2026-09-15,204034.39,112628.48,14.0,36,18,6973.41,0,0
SYNTHETIC_ONLY,demo-nbfc-ev-001,AssureRail Synthetic EV Finance NBFC,SYN-EV-2W-2025,SYN-A-LN-1101,SYN-A-BR-1101,Synthetic Borrower A1101,Electric two-wheeler,Maharashtra,2025-04-15,2026-09-15,222345.17,158223.6,15.0,48,17,6188.03,0,0
SYNTHETIC_ONLY,demo-nbfc-ev-001,AssureRail Synthetic EV Finance NBFC,SYN-EV-2W-2025,SYN-A-LN-1102,SYN-A-BR-1102,Synthetic Borrower A1102,Electric two-wheeler,Karnataka,2025-05-15,2026-09-15,240655.95,147674.43,16.0,36,16,8460.75,0,0
SYNTHETIC_ONLY,demo-nbfc-ev-001,AssureRail Synthetic EV Finance NBFC,SYN-EV-2W-2025,SYN-A-LN-1103,SYN-A-BR-1103,Synthetic Borrower A1103,Electric two-wheeler,Tamil Nadu,2025-06-15,2026-09-15,258966.73,195888.99,17.0,48,15,7472.5,0,0
SYNTHETIC_ONLY,demo-nbfc-ev-001,AssureRail Synthetic EV Finance NBFC,SYN-EV-2W-2025,SYN-A-LN-1104,SYN-A-BR-1104,Synthetic Borrower A1104,Electric two-wheeler,Maharashtra,2025-07-15,2026-09-15,277277.52,200789.72,18.0,36,12,10024.25,66,2
SYNTHETIC_ONLY,demo-nbfc-ev-001,AssureRail Synthetic EV Finance NBFC,SYN-EV-2W-2025,SYN-A-LN-1105,SYN-A-BR-1105,Synthetic Borrower A1105,Electric two-wheeler,Karnataka,2025-08-15,2026-09-15,295588.29,231015.34,14.0,48,13,8077.39,0,0
SYNTHETIC_ONLY,demo-nbfc-ev-001,AssureRail Synthetic EV Finance NBFC,SYN-EV-2W-2025,SYN-A-LN-1106,SYN-A-BR-1106,Synthetic Borrower A1106,Electric two-wheeler,Tamil Nadu,2025-09-15,2026-09-15,313899.07,224420.84,15.0,36,12,10881.41,0,0
SYNTHETIC_ONLY,demo-nbfc-ev-001,AssureRail Synthetic EV Finance NBFC,SYN-EV-2W-2025,SYN-A-LN-1107,SYN-A-BR-1107,Synthetic Borrower A1107,Electric two-wheeler,Maharashtra,2025-01-15,2026-09-15,167412.83,110261.79,16.0,48,20,4744.53,0,0
SYNTHETIC_ONLY,demo-nbfc-ev-001,AssureRail Synthetic EV Finance NBFC,SYN-EV-2W-2025,SYN-A-LN-1108,SYN-A-BR-1108,Synthetic Borrower A1108,Electric two-wheeler,Karnataka,2025-02-15,2026-09-15,185723.62,99415.85,17.0,36,19,6621.55,0,0
SYNTHETIC_ONLY,demo-nbfc-ev-001,AssureRail Synthetic EV Finance NBFC,SYN-EV-2W-2025,SYN-A-LN-1109,SYN-A-BR-1109,Synthetic Borrower A1109,Electric two-wheeler,Tamil Nadu,2025-03-15,2026-09-15,204034.39,143939.17,18.0,48,18,5993.51,0,0
SYNTHETIC_ONLY,demo-nbfc-ev-001,AssureRail Synthetic EV Finance NBFC,SYN-EV-2W-2025,SYN-A-LN-1110,SYN-A-BR-1110,Synthetic Borrower A1110,Electric two-wheeler,Maharashtra,2025-04-15,2026-09-15,222345.17,146702.33,14.0,36,14,7599.23,93,3
SYNTHETIC_ONLY,demo-nbfc-ev-001,AssureRail Synthetic EV Finance NBFC,SYN-EV-2W-2025,SYN-A-LN-1111,SYN-A-BR-1111,Synthetic Borrower A1111,Electric two-wheeler,Karnataka,2025-05-15,2026-09-15,240655.96,175754.49,15.0,48,16,6697.64,0,0
SYNTHETIC_ONLY,demo-nbfc-ev-001,AssureRail Synthetic EV Finance NBFC,SYN-EV-2W-2025,SYN-A-LN-1112,SYN-A-BR-1112,Synthetic Borrower A1112,Electric two-wheeler,Tamil Nadu,2025-06-15,2026-09-15,258966.72,165804.3,16.0,36,15,9104.5,0,0
SYNTHETIC_ONLY,demo-nbfc-ev-001,AssureRail Synthetic EV Finance NBFC,SYN-EV-2W-2025,SYN-A-LN-1113,SYN-A-BR-1113,Synthetic Borrower A1113,Electric two-wheeler,Maharashtra,2025-07-15,2026-09-15,277277.51,214699.01,17.0,48,14,8000.85,0,0
SYNTHETIC_ONLY,demo-nbfc-ev-001,AssureRail Synthetic EV Finance NBFC,SYN-EV-2W-2025,SYN-A-LN-1114,SYN-A-BR-1114,Synthetic Borrower A1114,Electric two-wheeler,Karnataka,2025-08-15,2026-09-15,295588.3,206573.94,18.0,36,13,10686.23,0,0
SYNTHETIC_ONLY,demo-nbfc-ev-001,AssureRail Synthetic EV Finance NBFC,SYN-EV-2W-2025,SYN-A-LN-1115,SYN-A-BR-1115,Synthetic Borrower A1115,Electric two-wheeler,Tamil Nadu,2025-09-15,2026-09-15,313899.07,250975.73,14.0,48,12,8577.76,0,0
SYNTHETIC_ONLY,demo-nbfc-ev-001,AssureRail Synthetic EV Finance NBFC,SYN-EV-2W-2025,SYN-A-LN-1116,SYN-A-BR-1116,Synthetic Borrower A1116,Electric two-wheeler,Maharashtra,2025-01-15,2026-09-15,167412.84,88385.63,15.0,36,19,5803.42,30,1
SYNTHETIC_ONLY,demo-nbfc-ev-001,AssureRail Synthetic EV Finance NBFC,SYN-EV-2W-2025,SYN-A-LN-1117,SYN-A-BR-1117,Synthetic Borrower A1117,Electric two-wheeler,Karnataka,2025-02-15,2026-09-15,185723.61,125906.38,16.0,48,19,5263.46,0,0
SYNTHETIC_ONLY,demo-nbfc-ev-001,AssureRail Synthetic EV Finance NBFC,SYN-EV-2W-2025,SYN-A-LN-1118,SYN-A-BR-1118,Synthetic Borrower A1118,Electric two-wheeler,Tamil Nadu,2025-03-15,2026-09-15,204034.38,114864.54,17.0,36,18,7274.38,0,0
SYNTHETIC_ONLY,demo-nbfc-ev-001,AssureRail Synthetic EV Finance NBFC,SYN-EV-2W-2025,SYN-A-LN-1119,SYN-A-BR-1119,Synthetic Borrower A1119,Electric two-wheeler,Maharashtra,2025-04-15,2026-09-15,222345.18,160973.58,18.0,48,17,6531.39,0,0
SYNTHETIC_ONLY,demo-nbfc-ev-001,AssureRail Synthetic EV Finance NBFC,SYN-EV-2W-2025,SYN-A-LN-1120,SYN-A-BR-1120,Synthetic Borrower A1120,Electric two-wheeler,Karnataka,2025-05-15,2026-09-15,240655.95,145964.21,14.0,36,16,8225.05,0,0
SYNTHETIC_ONLY,demo-nbfc-ev-001,AssureRail Synthetic EV Finance NBFC,SYN-EV-2W-2025,SYN-A-LN-1121,SYN-A-BR-1121,Synthetic Borrower A1121,Electric two-wheeler,Tamil Nadu,2025-06-15,2026-09-15,258966.73,193910.46,15.0,48,15,7207.24,0,0
SYNTHETIC_ONLY,demo-nbfc-ev-001,AssureRail Synthetic EV Finance NBFC,SYN-EV-2W-2025,SYN-A-LN-1122,SYN-A-BR-1122,Synthetic Borrower A1122,Electric two-wheeler,Maharashtra,2025-07-15,2026-09-15,277277.51,199093.86,16.0,36,12,9748.25,66,2
SYNTHETIC_ONLY,demo-nbfc-ev-001,AssureRail Synthetic EV Finance NBFC,SYN-EV-2W-2025,SYN-A-LN-1123,SYN-A-BR-1123,Synthetic Borrower A1123,Electric two-wheeler,Karnataka,2025-08-15,2026-09-15,295588.29,234090.18,17.0,48,13,8529.21,0,0
SYNTHETIC_ONLY,demo-nbfc-ev-001,AssureRail Synthetic EV Finance NBFC,SYN-EV-2W-2025,SYN-A-LN-1124,SYN-A-BR-1124,Synthetic Borrower A1124,Electric two-wheeler,Tamil Nadu,2025-09-15,2026-09-15,313899.07,227309.11,18.0,36,12,11348.2,0,0
SYNTHETIC_ONLY,demo-nbfc-ev-001,AssureRail Synthetic EV Finance NBFC,SYN-EV-2W-2025,SYN-A-LN-1125,SYN-A-BR-1125,Synthetic Borrower A1125,Electric two-wheeler,Maharashtra,2025-01-15,2026-09-15,167412.85,108740.71,14.0,48,20,4574.8,0,0
SYNTHETIC_ONLY,demo-nbfc-ev-001,AssureRail Synthetic EV Finance NBFC,SYN-EV-2W-2025,SYN-A-LN-1126,SYN-A-BR-1126,Synthetic Borrower A1126,Electric two-wheeler,Karnataka,2025-02-15,2026-09-15,185723.62,98052.81,15.0,36,19,6438.17,0,0
SYNTHETIC_ONLY,demo-nbfc-ev-001,AssureRail Synthetic EV Finance NBFC,SYN-EV-2W-2025,SYN-A-LN-1127,SYN-A-BR-1127,Synthetic Borrower A1127,Electric two-wheeler,Tamil Nadu,2025-03-15,2026-09-15,204034.39,142206.0,16.0,48,18,5782.39,0,0
SYNTHETIC_ONLY,demo-nbfc-ev-001,AssureRail Synthetic EV Finance NBFC,SYN-EV-2W-2025,SYN-A-LN-1128,SYN-A-BR-1128,Synthetic Borrower A1128,Electric two-wheeler,Maharashtra,2025-04-15,2026-09-15,222345.16,148940.91,17.0,36,14,7927.21,93,3
SYNTHETIC_ONLY,demo-nbfc-ev-001,AssureRail Synthetic EV Finance NBFC,SYN-EV-2W-2025,SYN-A-LN-1129,SYN-A-BR-1129,Synthetic Borrower A1129,Electric two-wheeler,Karnataka,2025-05-15,2026-09-15,240655.95,178620.19,18.0,48,16,7069.27,0,0
SYNTHETIC_ONLY,demo-nbfc-ev-001,AssureRail Synthetic EV Finance NBFC,SYN-EV-2W-2025,SYN-A-LN-1130,SYN-A-BR-1130,Synthetic Borrower A1130,Electric two-wheeler,Tamil Nadu,2025-06-15,2026-09-15,258966.73,164007.63,14.0,36,15,8850.87,0,0
SYNTHETIC_ONLY,demo-nbfc-ev-001,AssureRail Synthetic EV Finance NBFC,SYN-EV-2W-2025,SYN-A-LN-1131,SYN-A-BR-1131,Synthetic Borrower A1131,Electric two-wheeler,Maharashtra,2025-07-15,2026-09-15,277277.51,212679.65,15.0,48,14,7716.84,0,0
SYNTHETIC_ONLY,demo-nbfc-ev-001,AssureRail Synthetic EV Finance NBFC,SYN-EV-2W-2025,SYN-A-LN-1132,SYN-A-BR-1132,Synthetic Borrower A1132,Electric two-wheeler,Karnataka,2025-08-15,2026-09-15,295588.29,204679.45,16.0,36,13,10392.01,0,0
SYNTHETIC_ONLY,demo-nbfc-ev-001,AssureRail Synthetic EV Finance NBFC,SYN-EV-2W-2025,SYN-A-LN-1133,SYN-A-BR-1133,Synthetic Borrower A1133,Electric two-wheeler,Tamil Nadu,2025-09-15,2026-09-15,313899.06,254049.87,17.0,48,12,9057.57,0,0
SYNTHETIC_ONLY,demo-nbfc-ev-001,AssureRail Synthetic EV Finance NBFC,SYN-EV-2W-2025,SYN-A-LN-1134,SYN-A-BR-1134,Synthetic Borrower A1134,Electric two-wheeler,Maharashtra,2025-01-15,2026-09-15,167412.85,90226.69,18.0,36,19,6052.38,30,1
SYNTHETIC_ONLY,demo-nbfc-ev-001,AssureRail Synthetic EV Finance NBFC,SYN-EV-2W-2025,SYN-A-LN-1135,SYN-A-BR-1135,Synthetic Borrower A1135,Electric two-wheeler,Karnataka,2025-02-15,2026-09-15,185723.61,124259.69,14.0,48,19,5075.17,0,0
SYNTHETIC_ONLY,demo-nbfc-ev-001,AssureRail Synthetic EV Finance NBFC,SYN-EV-2W-2025,SYN-A-LN-1136,SYN-A-BR-1136,Synthetic Borrower A1136,Electric two-wheeler,Tamil Nadu,2025-03-15,2026-09-15,204034.4,113375.71,15.0,36,18,7072.92,0,0
SYNTHETIC_ONLY,demo-nbfc-ev-001,AssureRail Synthetic EV Finance NBFC,SYN-EV-2W-2025,SYN-A-LN-1137,SYN-A-BR-1137,Synthetic Borrower A1137,Electric two-wheeler,Maharashtra,2025-04-15,2026-09-15,222345.18,159147.44,16.0,48,17,6301.32,0,0
SYNTHETIC_ONLY,demo-nbfc-ev-001,AssureRail Synthetic EV Finance NBFC,SYN-EV-2W-2025,SYN-A-LN-1138,SYN-A-BR-1138,Synthetic Borrower A1138,Electric two-wheeler,Karnataka,2025-05-15,2026-09-15,240655.95,148524.88,17.0,36,16,8580.04,0,0
SYNTHETIC_ONLY,demo-nbfc-ev-001,AssureRail Synthetic EV Finance NBFC,SYN-EV-2W-2025,SYN-A-LN-1139,SYN-A-BR-1139,Synthetic Borrower A1139,Electric two-wheeler,Tamil Nadu,2025-06-15,2026-09-15,258966.74,196865.03,18.0,48,15,7607.15,0,0
SYNTHETIC_ONLY,demo-nbfc-ev-001,AssureRail Synthetic EV Finance NBFC,SYN-EV-2W-2025,SYN-A-LN-1140,SYN-A-BR-1140,Synthetic Borrower A1140,Electric two-wheeler,Maharashtra,2025-07-15,2026-09-15,277277.52,197378.03,14.0,36,12,9476.69,66,2
SYNTHETIC_ONLY,demo-nbfc-ev-001,AssureRail Synthetic EV Finance NBFC,SYN-EV-2W-2025,SYN-A-LN-1141,SYN-A-BR-1141,Synthetic Borrower A1141,Electric two-wheeler,Karnataka,2025-08-15,2026-09-15,295588.3,232050.35,15.0,48,13,8226.44,0,0
SYNTHETIC_ONLY,demo-nbfc-ev-001,AssureRail Synthetic EV Finance NBFC,SYN-EV-2W-2025,SYN-A-LN-1142,SYN-A-BR-1142,Synthetic Borrower A1142,Electric two-wheeler,Tamil Nadu,2025-09-15,2026-09-15,313899.08,225389.28,16.0,36,12,11035.76,0,0
SYNTHETIC_ONLY,demo-nbfc-ev-001,AssureRail Synthetic EV Finance NBFC,SYN-EV-2W-2025,SYN-A-LN-1143,SYN-A-BR-1143,Synthetic Borrower A1143,Electric two-wheeler,Maharashtra,2025-01-15,2026-09-15,167412.84,111015.45,17.0,48,20,4830.7,0,0
SYNTHETIC_ONLY,demo-nbfc-ev-001,AssureRail Synthetic EV Finance NBFC,SYN-EV-2W-2025,SYN-A-LN-1144,SYN-A-BR-1144,Synthetic Borrower A1144,Electric two-wheeler,Karnataka,2025-02-15,2026-09-15,185723.62,100095.23,18.0,36,19,6714.35,0,0
SYNTHETIC_ONLY,demo-nbfc-ev-001,AssureRail Synthetic EV Finance NBFC,SYN-EV-2W-2025,SYN-A-LN-1145,SYN-A-BR-1145,Synthetic Borrower A1145,Electric two-wheeler,Tamil Nadu,2025-03-15,2026-09-15,204034.39,140447.63,14.0,48,18,5575.54,0,0
SYNTHETIC_ONLY,demo-nbfc-ev-001,AssureRail Synthetic EV Finance NBFC,SYN-EV-2W-2025,SYN-A-LN-1146,SYN-A-BR-1146,Synthetic Borrower A1146,Electric two-wheeler,Maharashtra,2025-04-15,2026-09-15,222345.18,147452.04,15.0,36,14,7707.67,93,3
SYNTHETIC_ONLY,demo-nbfc-ev-001,AssureRail Synthetic EV Finance NBFC,SYN-EV-2W-2025,SYN-A-LN-1147,SYN-A-BR-1147,Synthetic Borrower A1147,Electric two-wheeler,Karnataka,2025-05-15,2026-09-15,240655.96,176717.72,16.0,48,16,6820.26,0,0
SYNTHETIC_ONLY,demo-nbfc-ev-001,AssureRail Synthetic EV Finance NBFC,SYN-EV-2W-2025,SYN-A-LN-1148,SYN-A-BR-1148,Synthetic Borrower A1148,Electric two-wheeler,Tamil Nadu,2025-06-15,2026-09-15,258966.72,166697.01,17.0,36,15,9232.87,0,0
SYNTHETIC_ONLY,demo-nbfc-ev-001,AssureRail Synthetic EV Finance NBFC,SYN-EV-2W-2025,SYN-A-LN-1149,SYN-A-BR-1149,Synthetic Borrower A1149,Electric two-wheeler,Maharashtra,2025-07-15,2026-09-15,277277.51,215694.39,18.0,48,14,8145.03,0,0
SYNTHETIC_ONLY,demo-nbfc-ev-001,AssureRail Synthetic EV Finance NBFC,SYN-EV-2W-2025,SYN-A-LN-1150,SYN-A-BR-1150,Synthetic Borrower A1150,Electric two-wheeler,Karnataka,2025-08-15,2026-09-15,295588.29,202764.73,14.0,36,13,10102.51,0,0
SYNTHETIC_ONLY,demo-nbfc-ev-001,AssureRail Synthetic EV Finance NBFC,SYN-EV-2W-2025,SYN-A-LN-1151,SYN-A-BR-1151,Synthetic Borrower A1151,Electric two-wheeler,Tamil Nadu,2025-09-15,2026-09-15,313899.08,252011.06,15.0,48,12,8736.05,0,0
SYNTHETIC_ONLY,demo-nbfc-ev-001,AssureRail Synthetic EV Finance NBFC,SYN-EV-2W-2025,SYN-A-LN-1152,SYN-A-BR-1152,Synthetic Borrower A1152,Electric two-wheeler,Maharashtra,2025-01-15,2026-09-15,167412.84,89000.58,16.0,36,19,5885.74,30,1
SYNTHETIC_ONLY,demo-nbfc-ev-001,AssureRail Synthetic EV Finance NBFC,SYN-EV-2W-2025,SYN-A-LN-1153,SYN-A-BR-1153,Synthetic Borrower A1153,Electric two-wheeler,Karnataka,2025-02-15,2026-09-15,185723.62,126721.6,17.0,48,19,5359.06,0,0
SYNTHETIC_ONLY,demo-nbfc-ev-001,AssureRail Synthetic EV Finance NBFC,SYN-EV-2W-2025,SYN-A-LN-1154,SYN-A-BR-1154,Synthetic Borrower A1154,Electric two-wheeler,Tamil Nadu,2025-03-15,2026-09-15,204034.4,115606.02,18.0,36,18,7376.33,0,0
SYNTHETIC_ONLY,demo-nbfc-ev-001,AssureRail Synthetic EV Finance NBFC,SYN-EV-2W-2025,SYN-A-LN-1155,SYN-A-BR-1155,Synthetic Borrower A1155,Electric two-wheeler,Maharashtra,2025-04-15,2026-09-15,222345.18,157292.74,14.0,48,17,6075.91,0,0
SYNTHETIC_ONLY,demo-nbfc-ev-001,AssureRail Synthetic EV Finance NBFC,SYN-EV-2W-2025,SYN-A-LN-1156,SYN-A-BR-1156,Synthetic Borrower A1156,Electric two-wheeler,Karnataka,2025-05-15,2026-09-15,240655.96,146820.85,15.0,36,16,8342.42,0,0
SYNTHETIC_ONLY,demo-nbfc-ev-001,AssureRail Synthetic EV Finance NBFC,SYN-EV-2W-2025,SYN-A-LN-1157,SYN-A-BR-1157,Synthetic Borrower A1157,Electric two-wheeler,Tamil Nadu,2025-06-15,2026-09-15,258966.73,194904.1,16.0,48,15,7339.19,0,0
SYNTHETIC_ONLY,demo-nbfc-ev-001,AssureRail Synthetic EV Finance NBFC,SYN-EV-2W-2025,SYN-A-LN-1158,SYN-A-BR-1158,Synthetic Borrower A1158,Electric two-wheeler,Maharashtra,2025-07-15,2026-09-15,277277.51,199944.31,17.0,36,12,9885.7,66,2
SYNTHETIC_ONLY,demo-nbfc-ev-001,AssureRail Synthetic EV Finance NBFC,SYN-EV-2W-2025,SYN-A-LN-1159,SYN-A-BR-1159,Synthetic Borrower A1159,Electric two-wheeler,Karnataka,2025-08-15,2026-09-15,295588.3,235094.85,18.0,48,13,8682.91,0,0
SYNTHETIC_ONLY,demo-nbfc-ev-001,AssureRail Synthetic EV Finance NBFC,SYN-EV-2W-2025,SYN-A-LN-1160,SYN-A-BR-1160,Synthetic Borrower A1160,Electric two-wheeler,Tamil Nadu,2025-09-15,2026-09-15,313899.08,223446.83,14.0,36,12,10728.33,0,0
SYNTHETIC_ONLY,demo-nbfc-ev-001,AssureRail Synthetic EV Finance NBFC,SYN-EV-2W-2025,SYN-A-LN-1161,SYN-A-BR-1161,Synthetic Borrower A1161,Electric two-wheeler,Maharashtra,2025-01-15,2026-09-15,167412.83,109503.5,15.0,48,20,4659.22,0,0
SYNTHETIC_ONLY,demo-nbfc-ev-001,AssureRail Synthetic EV Finance NBFC,SYN-EV-2W-2025,SYN-A-LN-1162,SYN-A-BR-1162,Synthetic Borrower A1162,Electric two-wheeler,Karnataka,2025-02-15,2026-09-15,185723.62,98735.02,16.0,36,19,6529.49,0,0
SYNTHETIC_ONLY,demo-nbfc-ev-001,AssureRail Synthetic EV Finance NBFC,SYN-EV-2W-2025,SYN-A-LN-1163,SYN-A-BR-1163,Synthetic Borrower A1163,Electric two-wheeler,Tamil Nadu,2025-03-15,2026-09-15,204034.39,143075.79,17.0,48,18,5887.42,0,0
SYNTHETIC_ONLY,demo-nbfc-ev-001,AssureRail Synthetic EV Finance NBFC,SYN-EV-2W-2025,SYN-A-LN-1164,SYN-A-BR-1164,Synthetic Borrower A1164,Electric two-wheeler,Maharashtra,2025-04-15,2026-09-15,222345.17,149679.97,18.0,36,14,8038.31,93,3
SYNTHETIC_ONLY,demo-nbfc-ev-001,AssureRail Synthetic EV Finance NBFC,SYN-EV-2W-2025,SYN-A-LN-1165,SYN-A-BR-1165,Synthetic Borrower A1165,Electric two-wheeler,Karnataka,2025-05-15,2026-09-15,240655.96,174783.4,14.0,48,16,6576.28,0,0
SYNTHETIC_ONLY,demo-nbfc-ev-001,AssureRail Synthetic EV Finance NBFC,SYN-EV-2W-2025,SYN-A-LN-1166,SYN-A-BR-1166,Synthetic Borrower A1166,Electric two-wheeler,Tamil Nadu,2025-06-15,2026-09-15,258966.74,164907.82,15.0,36,15,8977.17,0,0
SYNTHETIC_ONLY,demo-nbfc-ev-001,AssureRail Synthetic EV Finance NBFC,SYN-EV-2W-2025,SYN-A-LN-1167,SYN-A-BR-1167,Synthetic Borrower A1167,Electric two-wheeler,Maharashtra,2025-07-15,2026-09-15,277277.52,213694.07,16.0,48,14,7858.12,0,0
SYNTHETIC_ONLY,demo-nbfc-ev-001,AssureRail Synthetic EV Finance NBFC,SYN-EV-2W-2025,SYN-A-LN-1168,SYN-A-BR-1168,Synthetic Borrower A1168,Electric two-wheeler,Karnataka,2025-08-15,2026-09-15,295588.3,205629.26,17.0,36,13,10538.53,0,0
SYNTHETIC_ONLY,demo-nbfc-ev-001,AssureRail Synthetic EV Finance NBFC,SYN-EV-2W-2025,SYN-A-LN-1169,SYN-A-BR-1169,Synthetic Borrower A1169,Electric two-wheeler,Tamil Nadu,2025-09-15,2026-09-15,313899.08,255053.23,18.0,48,12,9220.79,0,0
SYNTHETIC_ONLY,demo-nbfc-ev-001,AssureRail Synthetic EV Finance NBFC,SYN-EV-2W-2025,SYN-A-LN-1170,SYN-A-BR-1170,Synthetic Borrower A1170,Electric two-wheeler,Maharashtra,2025-01-15,2026-09-15,167412.85,87769.5,14.0,36,19,5721.77,30,1
SYNTHETIC_ONLY,demo-nbfc-ev-001,AssureRail Synthetic EV Finance NBFC,SYN-EV-2W-2025,SYN-A-LN-1171,SYN-A-BR-1171,Synthetic Borrower A1171,Electric two-wheeler,Karnataka,2025-02-15,2026-09-15,185723.62,125085.71,15.0,48,19,5168.83,0,0
SYNTHETIC_ONLY,demo-nbfc-ev-001,AssureRail Synthetic EV Finance NBFC,SYN-EV-2W-2025,SYN-A-LN-1172,SYN-A-BR-1172,Synthetic Borrower A1172,Electric two-wheeler,Tamil Nadu,2025-03-15,2026-09-15,204034.38,114121.08,16.0,36,18,7173.24,0,0
SYNTHETIC_ONLY,demo-nbfc-ev-001,AssureRail Synthetic EV Finance NBFC,SYN-EV-2W-2025,SYN-A-LN-1173,SYN-A-BR-1173,Synthetic Borrower A1173,Electric two-wheeler,Maharashtra,2025-04-15,2026-09-15,222345.18,160064.14,17.0,48,17,6415.78,0,0
SYNTHETIC_ONLY,demo-nbfc-ev-001,AssureRail Synthetic EV Finance NBFC,SYN-EV-2W-2025,SYN-A-LN-1174,SYN-A-BR-1174,Synthetic Borrower A1174,Electric two-wheeler,Karnataka,2025-05-15,2026-09-15,240655.96,149372.13,18.0,36,16,8700.29,0,0
SYNTHETIC_ONLY,demo-nbfc-ev-001,AssureRail Synthetic EV Finance NBFC,SYN-EV-2W-2025,SYN-A-LN-1175,SYN-A-BR-1175,Synthetic Borrower A1175,Electric two-wheeler,Tamil Nadu,2025-06-15,2026-09-15,258966.74,192908.19,14.0,48,15,7076.65,0,0
SYNTHETIC_ONLY,demo-nbfc-ev-001,AssureRail Synthetic EV Finance NBFC,SYN-EV-2W-2025,SYN-A-LN-1176,SYN-A-BR-1176,Synthetic Borrower A1176,Electric two-wheeler,Maharashtra,2025-07-15,2026-09-15,277277.51,198238.41,15.0,36,12,9611.92,66,2
SYNTHETIC_ONLY,demo-nbfc-ev-001,AssureRail Synthetic EV Finance NBFC,SYN-EV-2W-2025,SYN-A-LN-1177,SYN-A-BR-1177,Synthetic Borrower A1177,Electric two-wheeler,Karnataka,2025-08-15,2026-09-15,295588.29,233075.32,16.0,48,13,8377.06,0,0
SYNTHETIC_ONLY,demo-nbfc-ev-001,AssureRail Synthetic EV Finance NBFC,SYN-EV-2W-2025,SYN-A-LN-1178,SYN-A-BR-1178,Synthetic Borrower A1178,Electric two-wheeler,Tamil Nadu,2025-09-15,2026-09-15,313899.08,226352.06,17.0,36,12,11191.36,0,0
SYNTHETIC_ONLY,demo-nbfc-ev-001,AssureRail Synthetic EV Finance NBFC,SYN-EV-2W-2025,SYN-A-LN-1179,SYN-A-BR-1179,Synthetic Borrower A1179,Electric two-wheeler,Maharashtra,2025-01-15,2026-09-15,167412.84,111764.36,18.0,48,20,4917.75,0,0
SYNTHETIC_ONLY,demo-nbfc-ev-001,AssureRail Synthetic EV Finance NBFC,SYN-EV-2W-2025,SYN-A-LN-1180,SYN-A-BR-1180,Synthetic Borrower A1180,Electric two-wheeler,Karnataka,2025-02-15,2026-09-15,185723.62,97369.28,14.0,36,19,6347.59,0,0
SYNTHETIC_ONLY,demo-nbfc-ev-001,AssureRail Synthetic EV Finance NBFC,SYN-EV-2W-2025,SYN-A-LN-1181,SYN-A-BR-1181,Synthetic Borrower A1181,Electric two-wheeler,Tamil Nadu,2025-03-15,2026-09-15,204034.4,141329.91,15.0,48,18,5678.43,0,0
SYNTHETIC_ONLY,demo-nbfc-ev-001,AssureRail Synthetic EV Finance NBFC,SYN-EV-2W-2025,SYN-A-LN-1182,SYN-A-BR-1182,Synthetic Borrower A1182,Electric two-wheeler,Maharashtra,2025-04-15,2026-09-15,222345.17,148198.25,16.0,36,14,7817.0,93,3
SYNTHETIC_ONLY,demo-nbfc-ev-001,AssureRail Synthetic EV Finance NBFC,SYN-EV-2W-2025,SYN-A-LN-1183,SYN-A-BR-1183,Synthetic Borrower A1183,Electric two-wheeler,Karnataka,2025-05-15,2026-09-15,240655.95,177672.99,17.0,48,16,6944.14,0,0
SYNTHETIC_ONLY,demo-nbfc-ev-001,AssureRail Synthetic EV Finance NBFC,SYN-EV-2W-2025,SYN-A-LN-1184,SYN-A-BR-1184,Synthetic Borrower A1184,Electric two-wheeler,Tamil Nadu,2025-06-15,2026-09-15,258966.73,167585.87,18.0,36,15,9362.27,0,0
SYNTHETIC_ONLY,demo-nbfc-ev-001,AssureRail Synthetic EV Finance NBFC,SYN-EV-2W-2025,SYN-A-LN-1185,SYN-A-BR-1185,Synthetic Borrower A1185,Electric two-wheeler,Maharashtra,2025-07-15,2026-09-15,277277.51,211655.86,14.0,48,14,7577.02,0,0
SYNTHETIC_ONLY,demo-nbfc-ev-001,AssureRail Synthetic EV Finance NBFC,SYN-EV-2W-2025,SYN-A-LN-1186,SYN-A-BR-1186,Synthetic Borrower A1186,Electric two-wheeler,Karnataka,2025-08-15,2026-09-15,295588.29,203724.58,15.0,36,13,10246.67,0,0
SYNTHETIC_ONLY,demo-nbfc-ev-001,AssureRail Synthetic EV Finance NBFC,SYN-EV-2W-2025,SYN-A-LN-1187,SYN-A-BR-1187,Synthetic Borrower A1187,Electric two-wheeler,Tamil Nadu,2025-09-15,2026-09-15,313899.08,253035.8,16.0,48,12,8895.99,0,0
SYNTHETIC_ONLY,demo-nbfc-ev-001,AssureRail Synthetic EV Finance NBFC,SYN-EV-2W-2025,SYN-A-LN-1188,SYN-A-BR-1188,Synthetic Borrower A1188,Electric two-wheeler,Maharashtra,2025-01-15,2026-09-15,167412.84,89614.29,17.0,36,19,5968.72,30,1
SYNTHETIC_ONLY,demo-nbfc-ev-001,AssureRail Synthetic EV Finance NBFC,SYN-EV-2W-2025,SYN-A-LN-1189,SYN-A-BR-1189,Synthetic Borrower A1189,Electric two-wheeler,Karnataka,2025-02-15,2026-09-15,185723.62,127531.25,18.0,48,19,5455.63,0,0
SYNTHETIC_ONLY,demo-nbfc-ev-001,AssureRail Synthetic EV Finance NBFC,SYN-EV-2W-2025,SYN-A-LN-1190,SYN-A-BR-1190,Synthetic Borrower A1190,Electric two-wheeler,Tamil Nadu,2025-03-15,2026-09-15,204034.39,112628.48,14.0,36,18,6973.41,0,0
SYNTHETIC_ONLY,demo-nbfc-ev-001,AssureRail Synthetic EV Finance NBFC,SYN-EV-2W-2025,SYN-A-LN-1191,SYN-A-BR-1191,Synthetic Borrower A1191,Electric two-wheeler,Maharashtra,2025-04-15,2026-09-15,222345.17,158223.6,15.0,48,17,6188.03,0,0
SYNTHETIC_ONLY,demo-nbfc-ev-001,AssureRail Synthetic EV Finance NBFC,SYN-EV-2W-2025,SYN-A-LN-1192,SYN-A-BR-1192,Synthetic Borrower A1192,Electric two-wheeler,Karnataka,2025-05-15,2026-09-15,240655.95,147674.43,16.0,36,16,8460.75,0,0
SYNTHETIC_ONLY,demo-nbfc-ev-001,AssureRail Synthetic EV Finance NBFC,SYN-EV-2W-2025,SYN-A-LN-1193,SYN-A-BR-1193,Synthetic Borrower A1193,Electric two-wheeler,Tamil Nadu,2025-06-15,2026-09-15,258966.73,195888.99,17.0,48,15,7472.5,0,0
SYNTHETIC_ONLY,demo-nbfc-ev-001,AssureRail Synthetic EV Finance NBFC,SYN-EV-2W-2025,SYN-A-LN-1194,SYN-A-BR-1194,Synthetic Borrower A1194,Electric two-wheeler,Maharashtra,2025-07-15,2026-09-15,277277.52,200789.72,18.0,36,12,10024.25,66,2
SYNTHETIC_ONLY,demo-nbfc-ev-001,AssureRail Synthetic EV Finance NBFC,SYN-EV-2W-2025,SYN-A-LN-1195,SYN-A-BR-1195,Synthetic Borrower A1195,Electric two-wheeler,Karnataka,2025-08-15,2026-09-15,295588.29,231015.34,14.0,48,13,8077.39,0,0
SYNTHETIC_ONLY,demo-nbfc-ev-001,AssureRail Synthetic EV Finance NBFC,SYN-EV-2W-2025,SYN-A-LN-1196,SYN-A-BR-1196,Synthetic Borrower A1196,Electric two-wheeler,Tamil Nadu,2025-09-15,2026-09-15,313899.07,224420.84,15.0,36,12,10881.41,0,0
SYNTHETIC_ONLY,demo-nbfc-ev-001,AssureRail Synthetic EV Finance NBFC,SYN-EV-2W-2025,SYN-A-LN-1197,SYN-A-BR-1197,Synthetic Borrower A1197,Electric two-wheeler,Maharashtra,2025-01-15,2026-09-15,167412.83,110261.79,16.0,48,20,4744.53,0,0
SYNTHETIC_ONLY,demo-nbfc-ev-001,AssureRail Synthetic EV Finance NBFC,SYN-EV-2W-2025,SYN-A-LN-1198,SYN-A-BR-1198,Synthetic Borrower A1198,Electric two-wheeler,Karnataka,2025-02-15,2026-09-15,185723.62,99415.85,17.0,36,19,6621.55,0,0
SYNTHETIC_ONLY,demo-nbfc-ev-001,AssureRail Synthetic EV Finance NBFC,SYN-EV-2W-2025,SYN-A-LN-1199,SYN-A-BR-1199,Synthetic Borrower A1199,Electric two-wheeler,Tamil Nadu,2025-03-15,2026-09-15,204034.39,143939.17,18.0,48,18,5993.51,0,0
SYNTHETIC_ONLY,demo-nbfc-ev-001,AssureRail Synthetic EV Finance NBFC,SYN-EV-2W-2025,SYN-A-LN-1200,SYN-A-BR-1200,Synthetic Borrower A1200,Electric two-wheeler,Maharashtra,2025-04-15,2026-09-15,222345.17,146702.33,14.0,36,14,7599.23,93,3
SYNTHETIC_ONLY,demo-nbfc-ev-001,AssureRail Synthetic EV Finance NBFC,SYN-EV-3W-2025,SYN-B-LN-0001,SYN-B-BR-0001,Synthetic Borrower B0001,Electric three-wheeler,Karnataka,2025-02-15,2026-09-15,223988.98,150857.61,15.0,48,19,6233.78,0,0
SYNTHETIC_ONLY,demo-nbfc-ev-001,AssureRail Synthetic EV Finance NBFC,SYN-EV-3W-2025,SYN-B-LN-0002,SYN-B-BR-0002,Synthetic Borrower B0002,Electric three-wheeler,Tamil Nadu,2025-03-15,2026-09-15,239826.6,134140.48,16.0,36,18,8431.59,0,0
SYNTHETIC_ONLY,demo-nbfc-ev-001,AssureRail Synthetic EV Finance NBFC,SYN-EV-3W-2025,SYN-B-LN-0003,SYN-B-BR-0003,Synthetic Borrower B0003,Electric three-wheeler,Maharashtra,2025-04-15,2026-09-15,255664.19,184050.17,17.0,48,17,7377.2,0,0
SYNTHETIC_ONLY,demo-nbfc-ev-001,AssureRail Synthetic EV Finance NBFC,SYN-EV-3W-2025,SYN-B-LN-0004,SYN-B-BR-0004,Synthetic Borrower B0004,Electric three-wheeler,Karnataka,2025-05-15,2026-09-15,271501.8,168517.75,18.0,36,16,9815.44,0,0
SYNTHETIC_ONLY,demo-nbfc-ev-001,AssureRail Synthetic EV Finance NBFC,SYN-EV-3W-2025,SYN-B-LN-0005,SYN-B-BR-0005,Synthetic Borrower B0005,Electric three-wheeler,Tamil Nadu,2025-06-15,2026-09-15,287339.4,214043.41,14.0,48,15,7851.97,0,0
SYNTHETIC_ONLY,demo-nbfc-ev-001,AssureRail Synthetic EV Finance NBFC,SYN-EV-3W-2025,SYN-B-LN-0006,SYN-B-BR-0006,Synthetic Borrower B0006,Electric three-wheeler,Maharashtra,2025-07-15,2026-09-15,303177.0,216755.14,15.0,36,12,10509.73,66,2
SYNTHETIC_ONLY,demo-nbfc-ev-001,AssureRail Synthetic EV Finance NBFC,SYN-EV-3W-2025,SYN-B-LN-0007,SYN-B-BR-0007,Synthetic Borrower B0007,Electric three-wheeler,Karnataka,2025-08-15,2026-09-15,319014.61,251547.29,16.0,48,13,9040.96,0,0
SYNTHETIC_ONLY,demo-nbfc-ev-001,AssureRail Synthetic EV Finance NBFC,SYN-EV-3W-2025,SYN-B-LN-0008,SYN-B-BR-0008,Synthetic Borrower B0008,Electric three-wheeler,Tamil Nadu,2025-09-15,2026-09-15,334852.22,241461.33,17.0,36,12,11938.39,0,0
SYNTHETIC_ONLY,demo-nbfc-ev-001,AssureRail Synthetic EV Finance NBFC,SYN-EV-3W-2025,SYN-B-LN-0009,SYN-B-BR-0009,Synthetic Borrower B0009,Electric three-wheeler,Maharashtra,2025-01-15,2026-09-15,208151.38,138961.3,18.0,48,20,6114.45,0,0
SYNTHETIC_ONLY,demo-nbfc-ev-001,AssureRail Synthetic EV Finance NBFC,SYN-EV-3W-2025,SYN-B-LN-0010,SYN-B-BR-0010,Synthetic Borrower B0010,Electric three-wheeler,Karnataka,2025-02-15,2026-09-15,223988.97,117430.65,14.0,36,19,7655.41,0,0
SYNTHETIC_ONLY,demo-nbfc-ev-001,AssureRail Synthetic EV Finance NBFC,SYN-EV-3W-2025,SYN-B-LN-0011,SYN-B-BR-0011,Synthetic Borrower B0011,Electric three-wheeler,Tamil Nadu,2025-03-15,2026-09-15,239826.58,166122.33,15.0,48,18,6674.55,0,0
SYNTHETIC_ONLY,demo-nbfc-ev-001,AssureRail Synthetic EV Finance NBFC,SYN-EV-3W-2025,SYN-B-LN-0012,SYN-B-BR-0012,Synthetic Borrower B0012,Electric three-wheeler,Maharashtra,2025-04-15,2026-09-15,255664.2,170406.16,16.0,36,14,8988.39,93,3
SYNTHETIC_ONLY,demo-nbfc-ev-001,AssureRail Synthetic EV Finance NBFC,SYN-EV-3W-2025,SYN-B-LN-0013,SYN-B-BR-0013,Synthetic Borrower B0013,Electric three-wheeler,Karnataka,2025-05-15,2026-09-15,271501.79,200446.05,17.0,48,16,7834.2,0,0
SYNTHETIC_ONLY,demo-nbfc-ev-001,AssureRail Synthetic EV Finance NBFC,SYN-EV-3W-2025,SYN-B-LN-0014,SYN-B-BR-0014,Synthetic Borrower B0014,Electric three-wheeler,Tamil Nadu,2025-06-15,2026-09-15,287339.4,185946.76,18.0,36,15,10388.01,0,0
SYNTHETIC_ONLY,demo-nbfc-ev-001,AssureRail Synthetic EV Finance NBFC,SYN-EV-3W-2025,SYN-B-LN-0015,SYN-B-BR-0015,Synthetic Borrower B0015,Electric three-wheeler,Maharashtra,2025-07-15,2026-09-15,303177.01,231425.87,14.0,48,14,8284.76,0,0
SYNTHETIC_ONLY,demo-nbfc-ev-001,AssureRail Synthetic EV Finance NBFC,SYN-EV-3W-2025,SYN-B-LN-0016,SYN-B-BR-0016,Synthetic Borrower B0016,Electric three-wheeler,Karnataka,2025-08-15,2026-09-15,319014.61,219870.41,15.0,36,13,11058.75,0,0
SYNTHETIC_ONLY,demo-nbfc-ev-001,AssureRail Synthetic EV Finance NBFC,SYN-EV-3W-2025,SYN-B-LN-0017,SYN-B-BR-0017,Synthetic Borrower B0017,Electric three-wheeler,Tamil Nadu,2025-09-15,2026-09-15,334852.21,269926.24,16.0,48,12,9489.81,0,0
SYNTHETIC_ONLY,demo-nbfc-ev-001,AssureRail Synthetic EV Finance NBFC,SYN-EV-3W-2025,SYN-B-LN-0018,SYN-B-BR-0018,Synthetic Borrower B0018,Electric three-wheeler,Maharashtra,2025-01-15,2026-09-15,208151.38,111421.19,17.0,36,19,7421.16,30,1
SYNTHETIC_ONLY,demo-nbfc-ev-001,AssureRail Synthetic EV Finance NBFC,SYN-EV-3W-2025,SYN-B-LN-0019,SYN-B-BR-0019,Synthetic Borrower B0019,Electric three-wheeler,Karnataka,2025-02-15,2026-09-15,223988.98,153807.01,18.0,48,19,6579.68,0,0
SYNTHETIC_ONLY,demo-nbfc-ev-001,AssureRail Synthetic EV Finance NBFC,SYN-EV-3W-2025,SYN-B-LN-0020,SYN-B-BR-0020,Synthetic Borrower B0020,Electric three-wheeler,Tamil Nadu,2025-03-15,2026-09-15,239826.58,132386.03,14.0,36,18,8196.7,0,0
SYNTHETIC_ONLY,demo-nbfc-ev-001,AssureRail Synthetic EV Finance NBFC,SYN-EV-3W-2025,SYN-B-LN-0021,SYN-B-BR-0021,Synthetic Borrower B0021,Electric three-wheeler,Maharashtra,2025-04-15,2026-09-15,255664.18,181933.82,15.0,48,17,7115.33,0,0
SYNTHETIC_ONLY,demo-nbfc-ev-001,AssureRail Synthetic EV Finance NBFC,SYN-EV-3W-2025,SYN-B-LN-0022,SYN-B-BR-0022,Synthetic Borrower B0022,Electric three-wheeler,Karnataka,2025-05-15,2026-09-15,271501.79,166602.45,16.0,36,16,9545.2,0,0
SYNTHETIC_ONLY,demo-nbfc-ev-001,AssureRail Synthetic EV Finance NBFC,SYN-EV-3W-2025,SYN-B-LN-0023,SYN-B-BR-0023,Synthetic Borrower B0023,Electric three-wheeler,Tamil Nadu,2025-06-15,2026-09-15,287339.4,217350.79,17.0,48,15,8291.19,0,0
SYNTHETIC_ONLY,demo-nbfc-ev-001,AssureRail Synthetic EV Finance NBFC,SYN-EV-3W-2025,SYN-B-LN-0024,SYN-B-BR-0024,Synthetic Borrower B0024,Electric three-wheeler,Maharashtra,2025-07-15,2026-09-15,303177.0,219544.76,18.0,36,12,10960.57,66,2
SYNTHETIC_ONLY,demo-nbfc-ev-001,AssureRail Synthetic EV Finance NBFC,SYN-EV-3W-2025,SYN-B-LN-0025,SYN-B-BR-0025,Synthetic Borrower B0025,Electric three-wheeler,Karnataka,2025-08-15,2026-09-15,319014.6,249324.04,14.0,48,13,8717.54,0,0
SYNTHETIC_ONLY,demo-nbfc-ev-001,AssureRail Synthetic EV Finance NBFC,SYN-EV-3W-2025,SYN-B-LN-0026,SYN-B-BR-0026,Synthetic Borrower B0026,Electric three-wheeler,Tamil Nadu,2025-09-15,2026-09-15,334852.22,239401.21,15.0,36,12,11607.76,0,0
SYNTHETIC_ONLY,demo-nbfc-ev-001,AssureRail Synthetic EV Finance NBFC,SYN-EV-3W-2025,SYN-B-LN-0027,SYN-B-BR-0027,Synthetic Borrower B0027,Electric three-wheeler,Maharashtra,2025-01-15,2026-09-15,208151.37,137093.09,16.0,48,20,5899.07,0,0
SYNTHETIC_ONLY,demo-nbfc-ev-001,AssureRail Synthetic EV Finance NBFC,SYN-EV-3W-2025,SYN-B-LN-0028,SYN-B-BR-0028,Synthetic Borrower B0028,Electric three-wheeler,Karnataka,2025-02-15,2026-09-15,223988.99,119898.89,17.0,36,19,7985.82,0,0
SYNTHETIC_ONLY,demo-nbfc-ev-001,AssureRail Synthetic EV Finance NBFC,SYN-EV-3W-2025,SYN-B-LN-0029,SYN-B-BR-0029,Synthetic Borrower B0029,Electric three-wheeler,Tamil Nadu,2025-03-15,2026-09-15,239826.59,169189.32,18.0,48,18,7044.91,0,0
SYNTHETIC_ONLY,demo-nbfc-ev-001,AssureRail Synthetic EV Finance NBFC,SYN-EV-3W-2025,SYN-B-LN-0030,SYN-B-BR-0030,Synthetic Borrower B0030,Electric three-wheeler,Maharashtra,2025-04-15,2026-09-15,255664.19,168686.07,14.0,36,14,8738.0,93,3
SYNTHETIC_ONLY,demo-nbfc-ev-001,AssureRail Synthetic EV Finance NBFC,SYN-EV-3W-2025,SYN-B-LN-0031,SYN-B-BR-0031,Synthetic Borrower B0031,Electric three-wheeler,Karnataka,2025-05-15,2026-09-15,271501.79,198281.64,15.0,48,16,7556.1,0,0
SYNTHETIC_ONLY,demo-nbfc-ev-001,AssureRail Synthetic EV Finance NBFC,SYN-EV-3W-2025,SYN-B-LN-0032,SYN-B-BR-0032,Synthetic Borrower B0032,Electric three-wheeler,Tamil Nadu,2025-06-15,2026-09-15,287339.4,183970.0,16.0,36,15,10102.0,0,0
SYNTHETIC_ONLY,demo-nbfc-ev-001,AssureRail Synthetic EV Finance NBFC,SYN-EV-3W-2025,SYN-B-LN-0033,SYN-B-BR-0033,Synthetic Borrower B0033,Electric three-wheeler,Maharashtra,2025-07-15,2026-09-15,303177.0,234753.27,17.0,48,14,8748.19,0,0
SYNTHETIC_ONLY,demo-nbfc-ev-001,AssureRail Synthetic EV Finance NBFC,SYN-EV-3W-2025,SYN-B-LN-0034,SYN-B-BR-0034,Synthetic Borrower B0034,Electric three-wheeler,Karnataka,2025-08-15,2026-09-15,319014.6,222945.57,18.0,36,13,11533.14,0,0
SYNTHETIC_ONLY,demo-nbfc-ev-001,AssureRail Synthetic EV Finance NBFC,SYN-EV-3W-2025,SYN-B-LN-0035,SYN-B-BR-0035,Synthetic Borrower B0035,Electric three-wheeler,Tamil Nadu,2025-09-15,2026-09-15,334852.21,267728.66,14.0,48,12,9150.33,0,0
SYNTHETIC_ONLY,demo-nbfc-ev-001,AssureRail Synthetic EV Finance NBFC,SYN-EV-3W-2025,SYN-B-LN-0036,SYN-B-BR-0036,Synthetic Borrower B0036,Electric three-wheeler,Maharashtra,2025-01-15,2026-09-15,208151.39,109893.55,15.0,36,19,7215.64,30,1
SYNTHETIC_ONLY,demo-nbfc-ev-001,AssureRail Synthetic EV Finance NBFC,SYN-EV-3W-2025,SYN-B-LN-0037,SYN-B-BR-0037,Synthetic Borrower B0037,Electric three-wheeler,Karnataka,2025-02-15,2026-09-15,223988.98,151847.37,16.0,48,19,6347.91,0,0
SYNTHETIC_ONLY,demo-nbfc-ev-001,AssureRail Synthetic EV Finance NBFC,SYN-EV-3W-2025,SYN-B-LN-0038,SYN-B-BR-0038,Synthetic Borrower B0038,Electric three-wheeler,Tamil Nadu,2025-03-15,2026-09-15,239826.6,135014.36,17.0,36,18,8550.47,0,0
SYNTHETIC_ONLY,demo-nbfc-ev-001,AssureRail Synthetic EV Finance NBFC,SYN-EV-3W-2025,SYN-B-LN-0039,SYN-B-BR-0039,Synthetic Borrower B0039,Electric three-wheeler,Maharashtra,2025-04-15,2026-09-15,255664.2,185095.9,18.0,48,17,7510.14,0,0
SYNTHETIC_ONLY,demo-nbfc-ev-001,AssureRail Synthetic EV Finance NBFC,SYN-EV-3W-2025,SYN-B-LN-0040,SYN-B-BR-0040,Synthetic Borrower B0040,Electric three-wheeler,Karnataka,2025-05-15,2026-09-15,271501.8,164673.03,14.0,36,16,9279.29,0,0
SYNTHETIC_ONLY,demo-nbfc-ev-001,AssureRail Synthetic EV Finance NBFC,SYN-EV-3W-2025,SYN-B-LN-0041,SYN-B-BR-0041,Synthetic Borrower B0041,Electric three-wheeler,Tamil Nadu,2025-06-15,2026-09-15,287339.4,215155.5,15.0,48,15,7996.87,0,0
SYNTHETIC_ONLY,demo-nbfc-ev-001,AssureRail Synthetic EV Finance NBFC,SYN-EV-3W-2025,SYN-B-LN-0042,SYN-B-BR-0042,Synthetic Borrower B0042,Electric three-wheeler,Maharashtra,2025-07-15,2026-09-15,303177.01,217690.5,16.0,36,12,10658.8,66,2
SYNTHETIC_ONLY,demo-nbfc-ev-001,AssureRail Synthetic EV Finance NBFC,SYN-EV-3W-2025,SYN-B-LN-0043,SYN-B-BR-0043,Synthetic Borrower B0043,Electric three-wheeler,Karnataka,2025-08-15,2026-09-15,319014.6,252642.57,17.0,48,13,9205.18,0,0
SYNTHETIC_ONLY,demo-nbfc-ev-001,AssureRail Synthetic EV Finance NBFC,SYN-EV-3W-2025,SYN-B-LN-0044,SYN-B-BR-0044,Synthetic Borrower B0044,Electric three-wheeler,Tamil Nadu,2025-09-15,2026-09-15,334852.21,242482.27,18.0,36,12,12105.71,0,0
SYNTHETIC_ONLY,demo-nbfc-ev-001,AssureRail Synthetic EV Finance NBFC,SYN-EV-3W-2025,SYN-B-LN-0045,SYN-B-BR-0045,Synthetic Borrower B0045,Electric three-wheeler,Maharashtra,2025-01-15,2026-09-15,208151.38,135201.86,14.0,48,20,5688.04,0,0
SYNTHETIC_ONLY,demo-nbfc-ev-001,AssureRail Synthetic EV Finance NBFC,SYN-EV-3W-2025,SYN-B-LN-0046,SYN-B-BR-0046,Synthetic Borrower B0046,Electric three-wheeler,Karnataka,2025-02-15,2026-09-15,223988.98,118255.01,15.0,36,19,7764.65,0,0
SYNTHETIC_ONLY,demo-nbfc-ev-001,AssureRail Synthetic EV Finance NBFC,SYN-EV-3W-2025,SYN-B-LN-0047,SYN-B-BR-0047,Synthetic Borrower B0047,Electric three-wheeler,Tamil Nadu,2025-03-15,2026-09-15,239826.58,167152.11,16.0,48,18,6796.75,0,0
SYNTHETIC_ONLY,demo-nbfc-ev-001,AssureRail Synthetic EV Finance NBFC,SYN-EV-3W-2025,SYN-B-LN-0048,SYN-B-BR-0048,Synthetic Borrower B0048,Electric three-wheeler,Maharashtra,2025-04-15,2026-09-15,255664.19,171260.11,17.0,36,14,9115.13,93,3
SYNTHETIC_ONLY,demo-nbfc-ev-001,AssureRail Synthetic EV Finance NBFC,SYN-EV-3W-2025,SYN-B-LN-0049,SYN-B-BR-0049,Synthetic Borrower B0049,Electric three-wheeler,Karnataka,2025-05-15,2026-09-15,271501.8,201514.66,18.0,48,16,7975.37,0,0
SYNTHETIC_ONLY,demo-nbfc-ev-001,AssureRail Synthetic EV Finance NBFC,SYN-EV-3W-2025,SYN-B-LN-0050,SYN-B-BR-0050,Synthetic Borrower B0050,Electric three-wheeler,Tamil Nadu,2025-06-15,2026-09-15,287339.4,181976.48,14.0,36,15,9820.58,0,0
SYNTHETIC_ONLY,demo-nbfc-ev-001,AssureRail Synthetic EV Finance NBFC,SYN-EV-3W-2025,SYN-B-LN-0051,SYN-B-BR-0051,Synthetic Borrower B0051,Electric three-wheeler,Maharashtra,2025-07-15,2026-09-15,303177.01,232545.29,15.0,48,14,8437.64,0,0
SYNTHETIC_ONLY,demo-nbfc-ev-001,AssureRail Synthetic EV Finance NBFC,SYN-EV-3W-2025,SYN-B-LN-0052,SYN-B-BR-0052,Synthetic Borrower B0052,Electric three-wheeler,Karnataka,2025-08-15,2026-09-15,319014.61,220900.95,16.0,36,13,11215.61,0,0
SYNTHETIC_ONLY,demo-nbfc-ev-001,AssureRail Synthetic EV Finance NBFC,SYN-EV-3W-2025,SYN-B-LN-0053,SYN-B-BR-0053,Synthetic Borrower B0053,Electric three-wheeler,Tamil Nadu,2025-09-15,2026-09-15,334852.22,271008.02,17.0,48,12,9662.17,0,0
SYNTHETIC_ONLY,demo-nbfc-ev-001,AssureRail Synthetic EV Finance NBFC,SYN-EV-3W-2025,SYN-B-LN-0054,SYN-B-BR-0054,Synthetic Borrower B0054,Electric three-wheeler,Maharashtra,2025-01-15,2026-09-15,208151.36,112182.6,18.0,36,19,7525.17,30,1
SYNTHETIC_ONLY,demo-nbfc-ev-001,AssureRail Synthetic EV Finance NBFC,SYN-EV-3W-2025,SYN-B-LN-0055,SYN-B-BR-0055,Synthetic Borrower B0055,Electric three-wheeler,Karnataka,2025-02-15,2026-09-15,223988.99,149861.41,14.0,48,19,6120.83,0,0
SYNTHETIC_ONLY,demo-nbfc-ev-001,AssureRail Synthetic EV Finance NBFC,SYN-EV-3W-2025,SYN-B-LN-0056,SYN-B-BR-0056,Synthetic Borrower B0056,Electric three-wheeler,Tamil Nadu,2025-03-15,2026-09-15,239826.59,133264.34,15.0,36,18,8313.67,0,0
SYNTHETIC_ONLY,demo-nbfc-ev-001,AssureRail Synthetic EV Finance NBFC,SYN-EV-3W-2025,SYN-B-LN-0057,SYN-B-BR-0057,Synthetic Borrower B0057,Electric three-wheeler,Maharashtra,2025-04-15,2026-09-15,255664.18,182996.1,16.0,48,17,7245.59,0,0
SYNTHETIC_ONLY,demo-nbfc-ev-001,AssureRail Synthetic EV Finance NBFC,SYN-EV-3W-2025,SYN-B-LN-0058,SYN-B-BR-0058,Synthetic Borrower B0058,Electric three-wheeler,Karnataka,2025-05-15,2026-09-15,271501.79,167561.91,17.0,36,16,9679.78,0,0
SYNTHETIC_ONLY,demo-nbfc-ev-001,AssureRail Synthetic EV Finance NBFC,SYN-EV-3W-2025,SYN-B-LN-0059,SYN-B-BR-0059,Synthetic Borrower B0059,Electric three-wheeler,Tamil Nadu,2025-06-15,2026-09-15,287339.39,218433.76,18.0,48,15,8440.59,0,0
SYNTHETIC_ONLY,demo-nbfc-ev-001,AssureRail Synthetic EV Finance NBFC,SYN-EV-3W-2025,SYN-B-LN-0060,SYN-B-BR-0060,Synthetic Borrower B0060,Electric three-wheeler,Maharashtra,2025-07-15,2026-09-15,303177.01,215814.4,14.0,36,12,10361.87,66,2
SYNTHETIC_ONLY,demo-nbfc-ev-001,AssureRail Synthetic EV Finance NBFC,SYN-EV-3W-2025,SYN-B-LN-0061,SYN-B-BR-0061,Synthetic Borrower B0061,Electric three-wheeler,Karnataka,2025-08-15,2026-09-15,319014.61,250441.08,15.0,48,13,8878.42,0,0
SYNTHETIC_ONLY,demo-nbfc-ev-001,AssureRail Synthetic EV Finance NBFC,SYN-EV-3W-2025,SYN-B-LN-0062,SYN-B-BR-0062,Synthetic Borrower B0062,Electric three-wheeler,Tamil Nadu,2025-09-15,2026-09-15,334852.21,240434.28,16.0,36,12,11772.41,0,0
SYNTHETIC_ONLY,demo-nbfc-ev-001,AssureRail Synthetic EV Finance NBFC,SYN-EV-3W-2025,SYN-B-LN-0063,SYN-B-BR-0063,Synthetic Borrower B0063,Electric three-wheeler,Maharashtra,2025-01-15,2026-09-15,208151.39,138030.15,17.0,48,20,6006.22,0,0
SYNTHETIC_ONLY,demo-nbfc-ev-001,AssureRail Synthetic EV Finance NBFC,SYN-EV-3W-2025,SYN-B-LN-0064,SYN-B-BR-0064,Synthetic Borrower B0064,Electric three-wheeler,Karnataka,2025-02-15,2026-09-15,223988.98,120718.24,18.0,36,19,8097.74,0,0
SYNTHETIC_ONLY,demo-nbfc-ev-001,AssureRail Synthetic EV Finance NBFC,SYN-EV-3W-2025,SYN-B-LN-0065,SYN-B-BR-0065,Synthetic Borrower B0065,Electric three-wheeler,Tamil Nadu,2025-03-15,2026-09-15,239826.59,165085.29,14.0,48,18,6553.62,0,0
SYNTHETIC_ONLY,demo-nbfc-ev-001,AssureRail Synthetic EV Finance NBFC,SYN-EV-3W-2025,SYN-B-LN-0066,SYN-B-BR-0066,Synthetic Borrower B0066,Electric three-wheeler,Maharashtra,2025-04-15,2026-09-15,255664.19,169548.12,15.0,36,14,8862.68,93,3
SYNTHETIC_ONLY,demo-nbfc-ev-001,AssureRail Synthetic EV Finance NBFC,SYN-EV-3W-2025,SYN-B-LN-0067,SYN-B-BR-0067,Synthetic Borrower B0067,Electric three-wheeler,Karnataka,2025-05-15,2026-09-15,271501.8,199368.34,16.0,48,16,7694.44,0,0
SYNTHETIC_ONLY,demo-nbfc-ev-001,AssureRail Synthetic EV Finance NBFC,SYN-EV-3W-2025,SYN-B-LN-0068,SYN-B-BR-0068,Synthetic Borrower B0068,Electric three-wheeler,Tamil Nadu,2025-06-15,2026-09-15,287339.41,184960.52,17.0,36,15,10244.43,0,0
SYNTHETIC_ONLY,demo-nbfc-ev-001,AssureRail Synthetic EV Finance NBFC,SYN-EV-3W-2025,SYN-B-LN-0069,SYN-B-BR-0069,Synthetic Borrower B0069,Electric three-wheeler,Maharashtra,2025-07-15,2026-09-15,303177.01,235841.63,18.0,48,14,8905.82,0,0
SYNTHETIC_ONLY,demo-nbfc-ev-001,AssureRail Synthetic EV Finance NBFC,SYN-EV-3W-2025,SYN-B-LN-0070,SYN-B-BR-0070,Synthetic Borrower B0070,Electric three-wheeler,Karnataka,2025-08-15,2026-09-15,319014.61,218834.48,14.0,36,13,10903.16,0,0
SYNTHETIC_ONLY,demo-nbfc-ev-001,AssureRail Synthetic EV Finance NBFC,SYN-EV-3W-2025,SYN-B-LN-0071,SYN-B-BR-0071,Synthetic Borrower B0071,Electric three-wheeler,Tamil Nadu,2025-09-15,2026-09-15,334852.22,268833.1,15.0,48,12,9319.19,0,0
SYNTHETIC_ONLY,demo-nbfc-ev-001,AssureRail Synthetic EV Finance NBFC,SYN-EV-3W-2025,SYN-B-LN-0072,SYN-B-BR-0072,Synthetic Borrower B0072,Electric three-wheeler,Maharashtra,2025-01-15,2026-09-15,208151.38,110658.14,16.0,36,19,7317.98,30,1
SYNTHETIC_ONLY,demo-nbfc-ev-001,AssureRail Synthetic EV Finance NBFC,SYN-EV-3W-2025,SYN-B-LN-0073,SYN-B-BR-0073,Synthetic Borrower B0073,Electric three-wheeler,Karnataka,2025-02-15,2026-09-15,223988.98,152830.55,17.0,48,19,6463.21,0,0
SYNTHETIC_ONLY,demo-nbfc-ev-001,AssureRail Synthetic EV Finance NBFC,SYN-EV-3W-2025,SYN-B-LN-0074,SYN-B-BR-0074,Synthetic Borrower B0074,Electric three-wheeler,Tamil Nadu,2025-03-15,2026-09-15,239826.58,135885.89,18.0,36,18,8670.31,0,0
SYNTHETIC_ONLY,demo-nbfc-ev-001,AssureRail Synthetic EV Finance NBFC,SYN-EV-3W-2025,SYN-B-LN-0075,SYN-B-BR-0075,Synthetic Borrower B0075,Electric three-wheeler,Maharashtra,2025-04-15,2026-09-15,255664.19,180863.47,14.0,48,17,6986.4,0,0
SYNTHETIC_ONLY,demo-nbfc-ev-001,AssureRail Synthetic EV Finance NBFC,SYN-EV-3W-2025,SYN-B-LN-0076,SYN-B-BR-0076,Synthetic Borrower B0076,Electric three-wheeler,Karnataka,2025-05-15,2026-09-15,271501.79,165639.46,15.0,36,16,9411.7,0,0
SYNTHETIC_ONLY,demo-nbfc-ev-001,AssureRail Synthetic EV Finance NBFC,SYN-EV-3W-2025,SYN-B-LN-0077,SYN-B-BR-0077,Synthetic Borrower B0077,Electric three-wheeler,Tamil Nadu,2025-06-15,2026-09-15,287339.39,216257.99,16.0,48,15,8143.28,0,0
SYNTHETIC_ONLY,demo-nbfc-ev-001,AssureRail Synthetic EV Finance NBFC,SYN-EV-3W-2025,SYN-B-LN-0078,SYN-B-BR-0078,Synthetic Borrower B0078,Electric three-wheeler,Maharashtra,2025-07-15,2026-09-15,303177.02,218620.4,17.0,36,12,10809.09,66,2
SYNTHETIC_ONLY,demo-nbfc-ev-001,AssureRail Synthetic EV Finance NBFC,SYN-EV-3W-2025,SYN-B-LN-0079,SYN-B-BR-0079,Synthetic Borrower B0079,Electric three-wheeler,Karnataka,2025-08-15,2026-09-15,319014.61,253726.86,18.0,48,13,9371.05,0,0
SYNTHETIC_ONLY,demo-nbfc-ev-001,AssureRail Synthetic EV Finance NBFC,SYN-EV-3W-2025,SYN-B-LN-0080,SYN-B-BR-0080,Synthetic Borrower B0080,Electric three-wheeler,Tamil Nadu,2025-09-15,2026-09-15,334852.22,238362.17,14.0,36,12,11444.46,0,0
SYNTHETIC_ONLY,demo-nbfc-ev-001,AssureRail Synthetic EV Finance NBFC,SYN-EV-3W-2025,SYN-B-LN-0081,SYN-B-BR-0081,Synthetic Borrower B0081,Electric three-wheeler,Maharashtra,2025-01-15,2026-09-15,208151.38,136150.29,15.0,48,20,5793.01,0,0
SYNTHETIC_ONLY,demo-nbfc-ev-001,AssureRail Synthetic EV Finance NBFC,SYN-EV-3W-2025,SYN-B-LN-0082,SYN-B-BR-0082,Synthetic Borrower B0082,Electric three-wheeler,Karnataka,2025-02-15,2026-09-15,223988.98,119077.78,16.0,36,19,7874.79,0,0
SYNTHETIC_ONLY,demo-nbfc-ev-001,AssureRail Synthetic EV Finance NBFC,SYN-EV-3W-2025,SYN-B-LN-0083,SYN-B-BR-0083,Synthetic Borrower B0083,Electric three-wheeler,Tamil Nadu,2025-03-15,2026-09-15,239826.58,168174.48,17.0,48,18,6920.21,0,0
SYNTHETIC_ONLY,demo-nbfc-ev-001,AssureRail Synthetic EV Finance NBFC,SYN-EV-3W-2025,SYN-B-LN-0084,SYN-B-BR-0084,Synthetic Borrower B0084,Electric three-wheeler,Maharashtra,2025-04-15,2026-09-15,255664.19,172109.91,18.0,36,14,9242.87,93,3
SYNTHETIC_ONLY,demo-nbfc-ev-001,AssureRail Synthetic EV Finance NBFC,SYN-EV-3W-2025,SYN-B-LN-0085,SYN-B-BR-0085,Synthetic Borrower B0085,Electric three-wheeler,Karnataka,2025-05-15,2026-09-15,271501.8,197186.09,14.0,48,16,7419.19,0,0
SYNTHETIC_ONLY,demo-nbfc-ev-001,AssureRail Synthetic EV Finance NBFC,SYN-EV-3W-2025,SYN-B-LN-0086,SYN-B-BR-0086,Synthetic Borrower B0086,Electric three-wheeler,Tamil Nadu,2025-06-15,2026-09-15,287339.4,182975.29,15.0,36,15,9960.71,0,0
SYNTHETIC_ONLY,demo-nbfc-ev-001,AssureRail Synthetic EV Finance NBFC,SYN-EV-3W-2025,SYN-B-LN-0087,SYN-B-BR-0087,Synthetic Borrower B0087,Electric three-wheeler,Maharashtra,2025-07-15,2026-09-15,303177.01,233654.46,16.0,48,14,8592.12,0,0
SYNTHETIC_ONLY,demo-nbfc-ev-001,AssureRail Synthetic EV Finance NBFC,SYN-EV-3W-2025,SYN-B-LN-0088,SYN-B-BR-0088,Synthetic Borrower B0088,Electric three-wheeler,Karnataka,2025-08-15,2026-09-15,319014.61,221926.03,17.0,36,13,11373.74,0,0
SYNTHETIC_ONLY,demo-nbfc-ev-001,AssureRail Synthetic EV Finance NBFC,SYN-EV-3W-2025,SYN-B-LN-0089,SYN-B-BR-0089,Synthetic Borrower B0089,Electric three-wheeler,Tamil Nadu,2025-09-15,2026-09-15,334852.22,272078.34,18.0,48,12,9836.28,0,0
SYNTHETIC_ONLY,demo-nbfc-ev-001,AssureRail Synthetic EV Finance NBFC,SYN-EV-3W-2025,SYN-B-LN-0090,SYN-B-BR-0090,Synthetic Borrower B0090,Electric three-wheeler,Maharashtra,2025-01-15,2026-09-15,208151.38,109127.48,14.0,36,19,7114.12,30,1
SYNTHETIC_ONLY,demo-nbfc-ev-001,AssureRail Synthetic EV Finance NBFC,SYN-EV-3W-2025,SYN-B-LN-0091,SYN-B-BR-0091,Synthetic Borrower B0091,Electric three-wheeler,Karnataka,2025-02-15,2026-09-15,223988.98,150857.61,15.0,48,19,6233.78,0,0
SYNTHETIC_ONLY,demo-nbfc-ev-001,AssureRail Synthetic EV Finance NBFC,SYN-EV-3W-2025,SYN-B-LN-0092,SYN-B-BR-0092,Synthetic Borrower B0092,Electric three-wheeler,Tamil Nadu,2025-03-15,2026-09-15,239826.6,134140.48,16.0,36,18,8431.59,0,0
SYNTHETIC_ONLY,demo-nbfc-ev-001,AssureRail Synthetic EV Finance NBFC,SYN-EV-3W-2025,SYN-B-LN-0093,SYN-B-BR-0093,Synthetic Borrower B0093,Electric three-wheeler,Maharashtra,2025-04-15,2026-09-15,255664.19,184050.17,17.0,48,17,7377.2,0,0
SYNTHETIC_ONLY,demo-nbfc-ev-001,AssureRail Synthetic EV Finance NBFC,SYN-EV-3W-2025,SYN-B-LN-0094,SYN-B-BR-0094,Synthetic Borrower B0094,Electric three-wheeler,Karnataka,2025-05-15,2026-09-15,271501.8,168517.75,18.0,36,16,9815.44,0,0
SYNTHETIC_ONLY,demo-nbfc-ev-001,AssureRail Synthetic EV Finance NBFC,SYN-EV-3W-2025,SYN-B-LN-0095,SYN-B-BR-0095,Synthetic Borrower B0095,Electric three-wheeler,Tamil Nadu,2025-06-15,2026-09-15,287339.4,214043.41,14.0,48,15,7851.97,0,0
SYNTHETIC_ONLY,demo-nbfc-ev-001,AssureRail Synthetic EV Finance NBFC,SYN-EV-3W-2025,SYN-B-LN-0096,SYN-B-BR-0096,Synthetic Borrower B0096,Electric three-wheeler,Maharashtra,2025-07-15,2026-09-15,303177.0,216755.14,15.0,36,12,10509.73,66,2
SYNTHETIC_ONLY,demo-nbfc-ev-001,AssureRail Synthetic EV Finance NBFC,SYN-EV-3W-2025,SYN-B-LN-0097,SYN-B-BR-0097,Synthetic Borrower B0097,Electric three-wheeler,Karnataka,2025-08-15,2026-09-15,319014.61,251547.29,16.0,48,13,9040.96,0,0
SYNTHETIC_ONLY,demo-nbfc-ev-001,AssureRail Synthetic EV Finance NBFC,SYN-EV-3W-2025,SYN-B-LN-0098,SYN-B-BR-0098,Synthetic Borrower B0098,Electric three-wheeler,Tamil Nadu,2025-09-15,2026-09-15,334852.22,241461.33,17.0,36,12,11938.39,0,0
SYNTHETIC_ONLY,demo-nbfc-ev-001,AssureRail Synthetic EV Finance NBFC,SYN-EV-3W-2025,SYN-B-LN-0099,SYN-B-BR-0099,Synthetic Borrower B0099,Electric three-wheeler,Maharashtra,2025-01-15,2026-09-15,208151.38,138961.3,18.0,48,20,6114.45,0,0
SYNTHETIC_ONLY,demo-nbfc-ev-001,AssureRail Synthetic EV Finance NBFC,SYN-EV-3W-2025,SYN-B-LN-0100,SYN-B-BR-0100,Synthetic Borrower B0100,Electric three-wheeler,Karnataka,2025-02-15,2026-09-15,223988.97,117430.65,14.0,36,19,7655.41,0,0
SYNTHETIC_ONLY,demo-nbfc-ev-001,AssureRail Synthetic EV Finance NBFC,SYN-EV-3W-2025,SYN-B-LN-0101,SYN-B-BR-0101,Synthetic Borrower B0101,Electric three-wheeler,Tamil Nadu,2025-03-15,2026-09-15,239826.58,166122.33,15.0,48,18,6674.55,0,0
SYNTHETIC_ONLY,demo-nbfc-ev-001,AssureRail Synthetic EV Finance NBFC,SYN-EV-3W-2025,SYN-B-LN-0102,SYN-B-BR-0102,Synthetic Borrower B0102,Electric three-wheeler,Maharashtra,2025-04-15,2026-09-15,255664.2,170406.16,16.0,36,14,8988.39,93,3
SYNTHETIC_ONLY,demo-nbfc-ev-001,AssureRail Synthetic EV Finance NBFC,SYN-EV-3W-2025,SYN-B-LN-0103,SYN-B-BR-0103,Synthetic Borrower B0103,Electric three-wheeler,Karnataka,2025-05-15,2026-09-15,271501.79,200446.05,17.0,48,16,7834.2,0,0
SYNTHETIC_ONLY,demo-nbfc-ev-001,AssureRail Synthetic EV Finance NBFC,SYN-EV-3W-2025,SYN-B-LN-0104,SYN-B-BR-0104,Synthetic Borrower B0104,Electric three-wheeler,Tamil Nadu,2025-06-15,2026-09-15,287339.4,185946.76,18.0,36,15,10388.01,0,0
SYNTHETIC_ONLY,demo-nbfc-ev-001,AssureRail Synthetic EV Finance NBFC,SYN-EV-3W-2025,SYN-B-LN-0105,SYN-B-BR-0105,Synthetic Borrower B0105,Electric three-wheeler,Maharashtra,2025-07-15,2026-09-15,303177.01,231425.87,14.0,48,14,8284.76,0,0
SYNTHETIC_ONLY,demo-nbfc-ev-001,AssureRail Synthetic EV Finance NBFC,SYN-EV-3W-2025,SYN-B-LN-0106,SYN-B-BR-0106,Synthetic Borrower B0106,Electric three-wheeler,Karnataka,2025-08-15,2026-09-15,319014.61,219870.41,15.0,36,13,11058.75,0,0
SYNTHETIC_ONLY,demo-nbfc-ev-001,AssureRail Synthetic EV Finance NBFC,SYN-EV-3W-2025,SYN-B-LN-0107,SYN-B-BR-0107,Synthetic Borrower B0107,Electric three-wheeler,Tamil Nadu,2025-09-15,2026-09-15,334852.21,269926.24,16.0,48,12,9489.81,0,0
SYNTHETIC_ONLY,demo-nbfc-ev-001,AssureRail Synthetic EV Finance NBFC,SYN-EV-3W-2025,SYN-B-LN-0108,SYN-B-BR-0108,Synthetic Borrower B0108,Electric three-wheeler,Maharashtra,2025-01-15,2026-09-15,208151.38,111421.19,17.0,36,19,7421.16,30,1
SYNTHETIC_ONLY,demo-nbfc-ev-001,AssureRail Synthetic EV Finance NBFC,SYN-EV-3W-2025,SYN-B-LN-0109,SYN-B-BR-0109,Synthetic Borrower B0109,Electric three-wheeler,Karnataka,2025-02-15,2026-09-15,223988.98,153807.01,18.0,48,19,6579.68,0,0
SYNTHETIC_ONLY,demo-nbfc-ev-001,AssureRail Synthetic EV Finance NBFC,SYN-EV-3W-2025,SYN-B-LN-0110,SYN-B-BR-0110,Synthetic Borrower B0110,Electric three-wheeler,Tamil Nadu,2025-03-15,2026-09-15,239826.58,132386.03,14.0,36,18,8196.7,0,0
SYNTHETIC_ONLY,demo-nbfc-ev-001,AssureRail Synthetic EV Finance NBFC,SYN-EV-3W-2025,SYN-B-LN-0111,SYN-B-BR-0111,Synthetic Borrower B0111,Electric three-wheeler,Maharashtra,2025-04-15,2026-09-15,255664.18,181933.82,15.0,48,17,7115.33,0,0
SYNTHETIC_ONLY,demo-nbfc-ev-001,AssureRail Synthetic EV Finance NBFC,SYN-EV-3W-2025,SYN-B-LN-0112,SYN-B-BR-0112,Synthetic Borrower B0112,Electric three-wheeler,Karnataka,2025-05-15,2026-09-15,271501.79,166602.45,16.0,36,16,9545.2,0,0
SYNTHETIC_ONLY,demo-nbfc-ev-001,AssureRail Synthetic EV Finance NBFC,SYN-EV-3W-2025,SYN-B-LN-0113,SYN-B-BR-0113,Synthetic Borrower B0113,Electric three-wheeler,Tamil Nadu,2025-06-15,2026-09-15,287339.4,217350.79,17.0,48,15,8291.19,0,0
SYNTHETIC_ONLY,demo-nbfc-ev-001,AssureRail Synthetic EV Finance NBFC,SYN-EV-3W-2025,SYN-B-LN-0114,SYN-B-BR-0114,Synthetic Borrower B0114,Electric three-wheeler,Maharashtra,2025-07-15,2026-09-15,303177.0,219544.76,18.0,36,12,10960.57,66,2
SYNTHETIC_ONLY,demo-nbfc-ev-001,AssureRail Synthetic EV Finance NBFC,SYN-EV-3W-2025,SYN-B-LN-0115,SYN-B-BR-0115,Synthetic Borrower B0115,Electric three-wheeler,Karnataka,2025-08-15,2026-09-15,319014.6,249324.04,14.0,48,13,8717.54,0,0
SYNTHETIC_ONLY,demo-nbfc-ev-001,AssureRail Synthetic EV Finance NBFC,SYN-EV-3W-2025,SYN-B-LN-0116,SYN-B-BR-0116,Synthetic Borrower B0116,Electric three-wheeler,Tamil Nadu,2025-09-15,2026-09-15,334852.22,239401.21,15.0,36,12,11607.76,0,0
SYNTHETIC_ONLY,demo-nbfc-ev-001,AssureRail Synthetic EV Finance NBFC,SYN-EV-3W-2025,SYN-B-LN-0117,SYN-B-BR-0117,Synthetic Borrower B0117,Electric three-wheeler,Maharashtra,2025-01-15,2026-09-15,208151.37,137093.09,16.0,48,20,5899.07,0,0
SYNTHETIC_ONLY,demo-nbfc-ev-001,AssureRail Synthetic EV Finance NBFC,SYN-EV-3W-2025,SYN-B-LN-0118,SYN-B-BR-0118,Synthetic Borrower B0118,Electric three-wheeler,Karnataka,2025-02-15,2026-09-15,223988.99,119898.89,17.0,36,19,7985.82,0,0
SYNTHETIC_ONLY,demo-nbfc-ev-001,AssureRail Synthetic EV Finance NBFC,SYN-EV-3W-2025,SYN-B-LN-0119,SYN-B-BR-0119,Synthetic Borrower B0119,Electric three-wheeler,Tamil Nadu,2025-03-15,2026-09-15,239826.59,169189.32,18.0,48,18,7044.91,0,0
SYNTHETIC_ONLY,demo-nbfc-ev-001,AssureRail Synthetic EV Finance NBFC,SYN-EV-3W-2025,SYN-B-LN-0120,SYN-B-BR-0120,Synthetic Borrower B0120,Electric three-wheeler,Maharashtra,2025-04-15,2026-09-15,255664.19,168686.07,14.0,36,14,8738.0,93,3
SYNTHETIC_ONLY,demo-nbfc-ev-001,AssureRail Synthetic EV Finance NBFC,SYN-EV-3W-2025,SYN-B-LN-0121,SYN-B-BR-0121,Synthetic Borrower B0121,Electric three-wheeler,Karnataka,2025-05-15,2026-09-15,271501.79,198281.64,15.0,48,16,7556.1,0,0
SYNTHETIC_ONLY,demo-nbfc-ev-001,AssureRail Synthetic EV Finance NBFC,SYN-EV-3W-2025,SYN-B-LN-0122,SYN-B-BR-0122,Synthetic Borrower B0122,Electric three-wheeler,Tamil Nadu,2025-06-15,2026-09-15,287339.4,183970.0,16.0,36,15,10102.0,0,0
SYNTHETIC_ONLY,demo-nbfc-ev-001,AssureRail Synthetic EV Finance NBFC,SYN-EV-3W-2025,SYN-B-LN-0123,SYN-B-BR-0123,Synthetic Borrower B0123,Electric three-wheeler,Maharashtra,2025-07-15,2026-09-15,303177.0,234753.27,17.0,48,14,8748.19,0,0
SYNTHETIC_ONLY,demo-nbfc-ev-001,AssureRail Synthetic EV Finance NBFC,SYN-EV-3W-2025,SYN-B-LN-0124,SYN-B-BR-0124,Synthetic Borrower B0124,Electric three-wheeler,Karnataka,2025-08-15,2026-09-15,319014.6,222945.57,18.0,36,13,11533.14,0,0
SYNTHETIC_ONLY,demo-nbfc-ev-001,AssureRail Synthetic EV Finance NBFC,SYN-EV-3W-2025,SYN-B-LN-0125,SYN-B-BR-0125,Synthetic Borrower B0125,Electric three-wheeler,Tamil Nadu,2025-09-15,2026-09-15,334852.21,267728.66,14.0,48,12,9150.33,0,0
SYNTHETIC_ONLY,demo-nbfc-ev-001,AssureRail Synthetic EV Finance NBFC,SYN-EV-3W-2025,SYN-B-LN-0126,SYN-B-BR-0126,Synthetic Borrower B0126,Electric three-wheeler,Maharashtra,2025-01-15,2026-09-15,208151.39,109893.55,15.0,36,19,7215.64,30,1
SYNTHETIC_ONLY,demo-nbfc-ev-001,AssureRail Synthetic EV Finance NBFC,SYN-EV-3W-2025,SYN-B-LN-0127,SYN-B-BR-0127,Synthetic Borrower B0127,Electric three-wheeler,Karnataka,2025-02-15,2026-09-15,223988.98,151847.37,16.0,48,19,6347.91,0,0
SYNTHETIC_ONLY,demo-nbfc-ev-001,AssureRail Synthetic EV Finance NBFC,SYN-EV-3W-2025,SYN-B-LN-0128,SYN-B-BR-0128,Synthetic Borrower B0128,Electric three-wheeler,Tamil Nadu,2025-03-15,2026-09-15,239826.6,135014.36,17.0,36,18,8550.47,0,0
SYNTHETIC_ONLY,demo-nbfc-ev-001,AssureRail Synthetic EV Finance NBFC,SYN-EV-3W-2025,SYN-B-LN-0129,SYN-B-BR-0129,Synthetic Borrower B0129,Electric three-wheeler,Maharashtra,2025-04-15,2026-09-15,255664.2,185095.9,18.0,48,17,7510.14,0,0
SYNTHETIC_ONLY,demo-nbfc-ev-001,AssureRail Synthetic EV Finance NBFC,SYN-EV-3W-2025,SYN-B-LN-0130,SYN-B-BR-0130,Synthetic Borrower B0130,Electric three-wheeler,Karnataka,2025-05-15,2026-09-15,271501.8,164673.03,14.0,36,16,9279.29,0,0
SYNTHETIC_ONLY,demo-nbfc-ev-001,AssureRail Synthetic EV Finance NBFC,SYN-EV-3W-2025,SYN-B-LN-0131,SYN-B-BR-0131,Synthetic Borrower B0131,Electric three-wheeler,Tamil Nadu,2025-06-15,2026-09-15,287339.4,215155.5,15.0,48,15,7996.87,0,0
SYNTHETIC_ONLY,demo-nbfc-ev-001,AssureRail Synthetic EV Finance NBFC,SYN-EV-3W-2025,SYN-B-LN-0132,SYN-B-BR-0132,Synthetic Borrower B0132,Electric three-wheeler,Maharashtra,2025-07-15,2026-09-15,303177.01,217690.5,16.0,36,12,10658.8,66,2
SYNTHETIC_ONLY,demo-nbfc-ev-001,AssureRail Synthetic EV Finance NBFC,SYN-EV-3W-2025,SYN-B-LN-0133,SYN-B-BR-0133,Synthetic Borrower B0133,Electric three-wheeler,Karnataka,2025-08-15,2026-09-15,319014.6,252642.57,17.0,48,13,9205.18,0,0
SYNTHETIC_ONLY,demo-nbfc-ev-001,AssureRail Synthetic EV Finance NBFC,SYN-EV-3W-2025,SYN-B-LN-0134,SYN-B-BR-0134,Synthetic Borrower B0134,Electric three-wheeler,Tamil Nadu,2025-09-15,2026-09-15,334852.21,242482.27,18.0,36,12,12105.71,0,0
SYNTHETIC_ONLY,demo-nbfc-ev-001,AssureRail Synthetic EV Finance NBFC,SYN-EV-3W-2025,SYN-B-LN-0135,SYN-B-BR-0135,Synthetic Borrower B0135,Electric three-wheeler,Maharashtra,2025-01-15,2026-09-15,208151.38,135201.86,14.0,48,20,5688.04,0,0
SYNTHETIC_ONLY,demo-nbfc-ev-001,AssureRail Synthetic EV Finance NBFC,SYN-EV-3W-2025,SYN-B-LN-0136,SYN-B-BR-0136,Synthetic Borrower B0136,Electric three-wheeler,Karnataka,2025-02-15,2026-09-15,223988.98,118255.01,15.0,36,19,7764.65,0,0
SYNTHETIC_ONLY,demo-nbfc-ev-001,AssureRail Synthetic EV Finance NBFC,SYN-EV-3W-2025,SYN-B-LN-0137,SYN-B-BR-0137,Synthetic Borrower B0137,Electric three-wheeler,Tamil Nadu,2025-03-15,2026-09-15,239826.58,167152.11,16.0,48,18,6796.75,0,0
SYNTHETIC_ONLY,demo-nbfc-ev-001,AssureRail Synthetic EV Finance NBFC,SYN-EV-3W-2025,SYN-B-LN-0138,SYN-B-BR-0138,Synthetic Borrower B0138,Electric three-wheeler,Maharashtra,2025-04-15,2026-09-15,255664.19,171260.11,17.0,36,14,9115.13,93,3
SYNTHETIC_ONLY,demo-nbfc-ev-001,AssureRail Synthetic EV Finance NBFC,SYN-EV-3W-2025,SYN-B-LN-0139,SYN-B-BR-0139,Synthetic Borrower B0139,Electric three-wheeler,Karnataka,2025-05-15,2026-09-15,271501.8,201514.66,18.0,48,16,7975.37,0,0
SYNTHETIC_ONLY,demo-nbfc-ev-001,AssureRail Synthetic EV Finance NBFC,SYN-EV-3W-2025,SYN-B-LN-0140,SYN-B-BR-0140,Synthetic Borrower B0140,Electric three-wheeler,Tamil Nadu,2025-06-15,2026-09-15,287339.4,181976.48,14.0,36,15,9820.58,0,0
SYNTHETIC_ONLY,demo-nbfc-ev-001,AssureRail Synthetic EV Finance NBFC,SYN-EV-3W-2025,SYN-B-LN-0141,SYN-B-BR-0141,Synthetic Borrower B0141,Electric three-wheeler,Maharashtra,2025-07-15,2026-09-15,303177.01,232545.29,15.0,48,14,8437.64,0,0
SYNTHETIC_ONLY,demo-nbfc-ev-001,AssureRail Synthetic EV Finance NBFC,SYN-EV-3W-2025,SYN-B-LN-0142,SYN-B-BR-0142,Synthetic Borrower B0142,Electric three-wheeler,Karnataka,2025-08-15,2026-09-15,319014.61,220900.95,16.0,36,13,11215.61,0,0
SYNTHETIC_ONLY,demo-nbfc-ev-001,AssureRail Synthetic EV Finance NBFC,SYN-EV-3W-2025,SYN-B-LN-0143,SYN-B-BR-0143,Synthetic Borrower B0143,Electric three-wheeler,Tamil Nadu,2025-09-15,2026-09-15,334852.22,271008.02,17.0,48,12,9662.17,0,0
SYNTHETIC_ONLY,demo-nbfc-ev-001,AssureRail Synthetic EV Finance NBFC,SYN-EV-3W-2025,SYN-B-LN-0144,SYN-B-BR-0144,Synthetic Borrower B0144,Electric three-wheeler,Maharashtra,2025-01-15,2026-09-15,208151.36,112182.6,18.0,36,19,7525.17,30,1
SYNTHETIC_ONLY,demo-nbfc-ev-001,AssureRail Synthetic EV Finance NBFC,SYN-EV-3W-2025,SYN-B-LN-0145,SYN-B-BR-0145,Synthetic Borrower B0145,Electric three-wheeler,Karnataka,2025-02-15,2026-09-15,223988.99,149861.41,14.0,48,19,6120.83,0,0
SYNTHETIC_ONLY,demo-nbfc-ev-001,AssureRail Synthetic EV Finance NBFC,SYN-EV-3W-2025,SYN-B-LN-0146,SYN-B-BR-0146,Synthetic Borrower B0146,Electric three-wheeler,Tamil Nadu,2025-03-15,2026-09-15,239826.59,133264.34,15.0,36,18,8313.67,0,0
SYNTHETIC_ONLY,demo-nbfc-ev-001,AssureRail Synthetic EV Finance NBFC,SYN-EV-3W-2025,SYN-B-LN-0147,SYN-B-BR-0147,Synthetic Borrower B0147,Electric three-wheeler,Maharashtra,2025-04-15,2026-09-15,255664.18,182996.1,16.0,48,17,7245.59,0,0
SYNTHETIC_ONLY,demo-nbfc-ev-001,AssureRail Synthetic EV Finance NBFC,SYN-EV-3W-2025,SYN-B-LN-0148,SYN-B-BR-0148,Synthetic Borrower B0148,Electric three-wheeler,Karnataka,2025-05-15,2026-09-15,271501.79,167561.91,17.0,36,16,9679.78,0,0
SYNTHETIC_ONLY,demo-nbfc-ev-001,AssureRail Synthetic EV Finance NBFC,SYN-EV-3W-2025,SYN-B-LN-0149,SYN-B-BR-0149,Synthetic Borrower B0149,Electric three-wheeler,Tamil Nadu,2025-06-15,2026-09-15,287339.39,218433.76,18.0,48,15,8440.59,0,0
SYNTHETIC_ONLY,demo-nbfc-ev-001,AssureRail Synthetic EV Finance NBFC,SYN-EV-3W-2025,SYN-B-LN-0150,SYN-B-BR-0150,Synthetic Borrower B0150,Electric three-wheeler,Maharashtra,2025-07-15,2026-09-15,303177.01,215814.4,14.0,36,12,10361.87,66,2
SYNTHETIC_ONLY,demo-nbfc-ev-001,AssureRail Synthetic EV Finance NBFC,SYN-EV-3W-2025,SYN-B-LN-0151,SYN-B-BR-0151,Synthetic Borrower B0151,Electric three-wheeler,Karnataka,2025-08-15,2026-09-15,319014.61,250441.08,15.0,48,13,8878.42,0,0
SYNTHETIC_ONLY,demo-nbfc-ev-001,AssureRail Synthetic EV Finance NBFC,SYN-EV-3W-2025,SYN-B-LN-0152,SYN-B-BR-0152,Synthetic Borrower B0152,Electric three-wheeler,Tamil Nadu,2025-09-15,2026-09-15,334852.21,240434.28,16.0,36,12,11772.41,0,0
SYNTHETIC_ONLY,demo-nbfc-ev-001,AssureRail Synthetic EV Finance NBFC,SYN-EV-3W-2025,SYN-B-LN-0153,SYN-B-BR-0153,Synthetic Borrower B0153,Electric three-wheeler,Maharashtra,2025-01-15,2026-09-15,208151.39,138030.15,17.0,48,20,6006.22,0,0
SYNTHETIC_ONLY,demo-nbfc-ev-001,AssureRail Synthetic EV Finance NBFC,SYN-EV-3W-2025,SYN-B-LN-0154,SYN-B-BR-0154,Synthetic Borrower B0154,Electric three-wheeler,Karnataka,2025-02-15,2026-09-15,223988.98,120718.24,18.0,36,19,8097.74,0,0
SYNTHETIC_ONLY,demo-nbfc-ev-001,AssureRail Synthetic EV Finance NBFC,SYN-EV-3W-2025,SYN-B-LN-0155,SYN-B-BR-0155,Synthetic Borrower B0155,Electric three-wheeler,Tamil Nadu,2025-03-15,2026-09-15,239826.59,165085.29,14.0,48,18,6553.62,0,0
SYNTHETIC_ONLY,demo-nbfc-ev-001,AssureRail Synthetic EV Finance NBFC,SYN-EV-3W-2025,SYN-B-LN-0156,SYN-B-BR-0156,Synthetic Borrower B0156,Electric three-wheeler,Maharashtra,2025-04-15,2026-09-15,255664.19,169548.12,15.0,36,14,8862.68,93,3
SYNTHETIC_ONLY,demo-nbfc-ev-001,AssureRail Synthetic EV Finance NBFC,SYN-EV-3W-2025,SYN-B-LN-0157,SYN-B-BR-0157,Synthetic Borrower B0157,Electric three-wheeler,Karnataka,2025-05-15,2026-09-15,271501.8,199368.34,16.0,48,16,7694.44,0,0
SYNTHETIC_ONLY,demo-nbfc-ev-001,AssureRail Synthetic EV Finance NBFC,SYN-EV-3W-2025,SYN-B-LN-0158,SYN-B-BR-0158,Synthetic Borrower B0158,Electric three-wheeler,Tamil Nadu,2025-06-15,2026-09-15,287339.41,184960.52,17.0,36,15,10244.43,0,0
SYNTHETIC_ONLY,demo-nbfc-ev-001,AssureRail Synthetic EV Finance NBFC,SYN-EV-3W-2025,SYN-B-LN-0159,SYN-B-BR-0159,Synthetic Borrower B0159,Electric three-wheeler,Maharashtra,2025-07-15,2026-09-15,303177.01,235841.63,18.0,48,14,8905.82,0,0
SYNTHETIC_ONLY,demo-nbfc-ev-001,AssureRail Synthetic EV Finance NBFC,SYN-EV-3W-2025,SYN-B-LN-0160,SYN-B-BR-0160,Synthetic Borrower B0160,Electric three-wheeler,Karnataka,2025-08-15,2026-09-15,319014.61,218834.48,14.0,36,13,10903.16,0,0
SYNTHETIC_ONLY,demo-nbfc-ev-001,AssureRail Synthetic EV Finance NBFC,SYN-EV-3W-2025,SYN-B-LN-0161,SYN-B-BR-0161,Synthetic Borrower B0161,Electric three-wheeler,Tamil Nadu,2025-09-15,2026-09-15,334852.22,268833.1,15.0,48,12,9319.19,0,0
SYNTHETIC_ONLY,demo-nbfc-ev-001,AssureRail Synthetic EV Finance NBFC,SYN-EV-3W-2025,SYN-B-LN-0162,SYN-B-BR-0162,Synthetic Borrower B0162,Electric three-wheeler,Maharashtra,2025-01-15,2026-09-15,208151.38,110658.14,16.0,36,19,7317.98,30,1
SYNTHETIC_ONLY,demo-nbfc-ev-001,AssureRail Synthetic EV Finance NBFC,SYN-EV-3W-2025,SYN-B-LN-0163,SYN-B-BR-0163,Synthetic Borrower B0163,Electric three-wheeler,Karnataka,2025-02-15,2026-09-15,223988.98,152830.55,17.0,48,19,6463.21,0,0
SYNTHETIC_ONLY,demo-nbfc-ev-001,AssureRail Synthetic EV Finance NBFC,SYN-EV-3W-2025,SYN-B-LN-0164,SYN-B-BR-0164,Synthetic Borrower B0164,Electric three-wheeler,Tamil Nadu,2025-03-15,2026-09-15,239826.58,135885.89,18.0,36,18,8670.31,0,0
SYNTHETIC_ONLY,demo-nbfc-ev-001,AssureRail Synthetic EV Finance NBFC,SYN-EV-3W-2025,SYN-B-LN-0165,SYN-B-BR-0165,Synthetic Borrower B0165,Electric three-wheeler,Maharashtra,2025-04-15,2026-09-15,255664.19,180863.47,14.0,48,17,6986.4,0,0
SYNTHETIC_ONLY,demo-nbfc-ev-001,AssureRail Synthetic EV Finance NBFC,SYN-EV-3W-2025,SYN-B-LN-0166,SYN-B-BR-0166,Synthetic Borrower B0166,Electric three-wheeler,Karnataka,2025-05-15,2026-09-15,271501.79,165639.46,15.0,36,16,9411.7,0,0
SYNTHETIC_ONLY,demo-nbfc-ev-001,AssureRail Synthetic EV Finance NBFC,SYN-EV-3W-2025,SYN-B-LN-0167,SYN-B-BR-0167,Synthetic Borrower B0167,Electric three-wheeler,Tamil Nadu,2025-06-15,2026-09-15,287339.39,216257.99,16.0,48,15,8143.28,0,0
SYNTHETIC_ONLY,demo-nbfc-ev-001,AssureRail Synthetic EV Finance NBFC,SYN-EV-3W-2025,SYN-B-LN-0168,SYN-B-BR-0168,Synthetic Borrower B0168,Electric three-wheeler,Maharashtra,2025-07-15,2026-09-15,303177.02,218620.4,17.0,36,12,10809.09,66,2
SYNTHETIC_ONLY,demo-nbfc-ev-001,AssureRail Synthetic EV Finance NBFC,SYN-EV-3W-2025,SYN-B-LN-0169,SYN-B-BR-0169,Synthetic Borrower B0169,Electric three-wheeler,Karnataka,2025-08-15,2026-09-15,319014.61,253726.86,18.0,48,13,9371.05,0,0
SYNTHETIC_ONLY,demo-nbfc-ev-001,AssureRail Synthetic EV Finance NBFC,SYN-EV-3W-2025,SYN-B-LN-0170,SYN-B-BR-0170,Synthetic Borrower B0170,Electric three-wheeler,Tamil Nadu,2025-09-15,2026-09-15,334852.22,238362.17,14.0,36,12,11444.46,0,0
SYNTHETIC_ONLY,demo-nbfc-ev-001,AssureRail Synthetic EV Finance NBFC,SYN-EV-3W-2025,SYN-B-LN-0171,SYN-B-BR-0171,Synthetic Borrower B0171,Electric three-wheeler,Maharashtra,2025-01-15,2026-09-15,208151.38,136150.29,15.0,48,20,5793.01,0,0
SYNTHETIC_ONLY,demo-nbfc-ev-001,AssureRail Synthetic EV Finance NBFC,SYN-EV-3W-2025,SYN-B-LN-0172,SYN-B-BR-0172,Synthetic Borrower B0172,Electric three-wheeler,Karnataka,2025-02-15,2026-09-15,223988.98,119077.78,16.0,36,19,7874.79,0,0
SYNTHETIC_ONLY,demo-nbfc-ev-001,AssureRail Synthetic EV Finance NBFC,SYN-EV-3W-2025,SYN-B-LN-0173,SYN-B-BR-0173,Synthetic Borrower B0173,Electric three-wheeler,Tamil Nadu,2025-03-15,2026-09-15,239826.58,168174.48,17.0,48,18,6920.21,0,0
SYNTHETIC_ONLY,demo-nbfc-ev-001,AssureRail Synthetic EV Finance NBFC,SYN-EV-3W-2025,SYN-B-LN-0174,SYN-B-BR-0174,Synthetic Borrower B0174,Electric three-wheeler,Maharashtra,2025-04-15,2026-09-15,255664.19,172109.91,18.0,36,14,9242.87,93,3
SYNTHETIC_ONLY,demo-nbfc-ev-001,AssureRail Synthetic EV Finance NBFC,SYN-EV-3W-2025,SYN-B-LN-0175,SYN-B-BR-0175,Synthetic Borrower B0175,Electric three-wheeler,Karnataka,2025-05-15,2026-09-15,271501.8,197186.09,14.0,48,16,7419.19,0,0
SYNTHETIC_ONLY,demo-nbfc-ev-001,AssureRail Synthetic EV Finance NBFC,SYN-EV-3W-2025,SYN-B-LN-0176,SYN-B-BR-0176,Synthetic Borrower B0176,Electric three-wheeler,Tamil Nadu,2025-06-15,2026-09-15,287339.4,182975.29,15.0,36,15,9960.71,0,0
SYNTHETIC_ONLY,demo-nbfc-ev-001,AssureRail Synthetic EV Finance NBFC,SYN-EV-3W-2025,SYN-B-LN-0177,SYN-B-BR-0177,Synthetic Borrower B0177,Electric three-wheeler,Maharashtra,2025-07-15,2026-09-15,303177.01,233654.46,16.0,48,14,8592.12,0,0
SYNTHETIC_ONLY,demo-nbfc-ev-001,AssureRail Synthetic EV Finance NBFC,SYN-EV-3W-2025,SYN-B-LN-0178,SYN-B-BR-0178,Synthetic Borrower B0178,Electric three-wheeler,Karnataka,2025-08-15,2026-09-15,319014.61,221926.03,17.0,36,13,11373.74,0,0
SYNTHETIC_ONLY,demo-nbfc-ev-001,AssureRail Synthetic EV Finance NBFC,SYN-EV-3W-2025,SYN-B-LN-0179,SYN-B-BR-0179,Synthetic Borrower B0179,Electric three-wheeler,Tamil Nadu,2025-09-15,2026-09-15,334852.22,272078.34,18.0,48,12,9836.28,0,0
SYNTHETIC_ONLY,demo-nbfc-ev-001,AssureRail Synthetic EV Finance NBFC,SYN-EV-3W-2025,SYN-B-LN-0180,SYN-B-BR-0180,Synthetic Borrower B0180,Electric three-wheeler,Maharashtra,2025-01-15,2026-09-15,208151.38,109127.48,14.0,36,19,7114.12,30,1
SYNTHETIC_ONLY,demo-nbfc-ev-001,AssureRail Synthetic EV Finance NBFC,SYN-EV-3W-2025,SYN-B-LN-0181,SYN-B-BR-0181,Synthetic Borrower B0181,Electric three-wheeler,Karnataka,2025-02-15,2026-09-15,223988.98,150857.61,15.0,48,19,6233.78,0,0
SYNTHETIC_ONLY,demo-nbfc-ev-001,AssureRail Synthetic EV Finance NBFC,SYN-EV-3W-2025,SYN-B-LN-0182,SYN-B-BR-0182,Synthetic Borrower B0182,Electric three-wheeler,Tamil Nadu,2025-03-15,2026-09-15,239826.6,134140.48,16.0,36,18,8431.59,0,0
SYNTHETIC_ONLY,demo-nbfc-ev-001,AssureRail Synthetic EV Finance NBFC,SYN-EV-3W-2025,SYN-B-LN-0183,SYN-B-BR-0183,Synthetic Borrower B0183,Electric three-wheeler,Maharashtra,2025-04-15,2026-09-15,255664.19,184050.17,17.0,48,17,7377.2,0,0
SYNTHETIC_ONLY,demo-nbfc-ev-001,AssureRail Synthetic EV Finance NBFC,SYN-EV-3W-2025,SYN-B-LN-0184,SYN-B-BR-0184,Synthetic Borrower B0184,Electric three-wheeler,Karnataka,2025-05-15,2026-09-15,271501.8,168517.75,18.0,36,16,9815.44,0,0
SYNTHETIC_ONLY,demo-nbfc-ev-001,AssureRail Synthetic EV Finance NBFC,SYN-EV-3W-2025,SYN-B-LN-0185,SYN-B-BR-0185,Synthetic Borrower B0185,Electric three-wheeler,Tamil Nadu,2025-06-15,2026-09-15,287339.4,214043.41,14.0,48,15,7851.97,0,0
SYNTHETIC_ONLY,demo-nbfc-ev-001,AssureRail Synthetic EV Finance NBFC,SYN-EV-3W-2025,SYN-B-LN-0186,SYN-B-BR-0186,Synthetic Borrower B0186,Electric three-wheeler,Maharashtra,2025-07-15,2026-09-15,303177.0,216755.14,15.0,36,12,10509.73,66,2
SYNTHETIC_ONLY,demo-nbfc-ev-001,AssureRail Synthetic EV Finance NBFC,SYN-EV-3W-2025,SYN-B-LN-0187,SYN-B-BR-0187,Synthetic Borrower B0187,Electric three-wheeler,Karnataka,2025-08-15,2026-09-15,319014.61,251547.29,16.0,48,13,9040.96,0,0
SYNTHETIC_ONLY,demo-nbfc-ev-001,AssureRail Synthetic EV Finance NBFC,SYN-EV-3W-2025,SYN-B-LN-0188,SYN-B-BR-0188,Synthetic Borrower B0188,Electric three-wheeler,Tamil Nadu,2025-09-15,2026-09-15,334852.22,241461.33,17.0,36,12,11938.39,0,0
SYNTHETIC_ONLY,demo-nbfc-ev-001,AssureRail Synthetic EV Finance NBFC,SYN-EV-3W-2025,SYN-B-LN-0189,SYN-B-BR-0189,Synthetic Borrower B0189,Electric three-wheeler,Maharashtra,2025-01-15,2026-09-15,208151.38,138961.3,18.0,48,20,6114.45,0,0
SYNTHETIC_ONLY,demo-nbfc-ev-001,AssureRail Synthetic EV Finance NBFC,SYN-EV-3W-2025,SYN-B-LN-0190,SYN-B-BR-0190,Synthetic Borrower B0190,Electric three-wheeler,Karnataka,2025-02-15,2026-09-15,223988.97,117430.65,14.0,36,19,7655.41,0,0
SYNTHETIC_ONLY,demo-nbfc-ev-001,AssureRail Synthetic EV Finance NBFC,SYN-EV-3W-2025,SYN-B-LN-0191,SYN-B-BR-0191,Synthetic Borrower B0191,Electric three-wheeler,Tamil Nadu,2025-03-15,2026-09-15,239826.58,166122.33,15.0,48,18,6674.55,0,0
SYNTHETIC_ONLY,demo-nbfc-ev-001,AssureRail Synthetic EV Finance NBFC,SYN-EV-3W-2025,SYN-B-LN-0192,SYN-B-BR-0192,Synthetic Borrower B0192,Electric three-wheeler,Maharashtra,2025-04-15,2026-09-15,255664.2,170406.16,16.0,36,14,8988.39,93,3
SYNTHETIC_ONLY,demo-nbfc-ev-001,AssureRail Synthetic EV Finance NBFC,SYN-EV-3W-2025,SYN-B-LN-0193,SYN-B-BR-0193,Synthetic Borrower B0193,Electric three-wheeler,Karnataka,2025-05-15,2026-09-15,271501.79,200446.05,17.0,48,16,7834.2,0,0
SYNTHETIC_ONLY,demo-nbfc-ev-001,AssureRail Synthetic EV Finance NBFC,SYN-EV-3W-2025,SYN-B-LN-0194,SYN-B-BR-0194,Synthetic Borrower B0194,Electric three-wheeler,Tamil Nadu,2025-06-15,2026-09-15,287339.4,185946.76,18.0,36,15,10388.01,0,0
SYNTHETIC_ONLY,demo-nbfc-ev-001,AssureRail Synthetic EV Finance NBFC,SYN-EV-3W-2025,SYN-B-LN-0195,SYN-B-BR-0195,Synthetic Borrower B0195,Electric three-wheeler,Maharashtra,2025-07-15,2026-09-15,303177.01,231425.87,14.0,48,14,8284.76,0,0
SYNTHETIC_ONLY,demo-nbfc-ev-001,AssureRail Synthetic EV Finance NBFC,SYN-EV-3W-2025,SYN-B-LN-0196,SYN-B-BR-0196,Synthetic Borrower B0196,Electric three-wheeler,Karnataka,2025-08-15,2026-09-15,319014.61,219870.41,15.0,36,13,11058.75,0,0
SYNTHETIC_ONLY,demo-nbfc-ev-001,AssureRail Synthetic EV Finance NBFC,SYN-EV-3W-2025,SYN-B-LN-0197,SYN-B-BR-0197,Synthetic Borrower B0197,Electric three-wheeler,Tamil Nadu,2025-09-15,2026-09-15,334852.21,269926.24,16.0,48,12,9489.81,0,0
SYNTHETIC_ONLY,demo-nbfc-ev-001,AssureRail Synthetic EV Finance NBFC,SYN-EV-3W-2025,SYN-B-LN-0198,SYN-B-BR-0198,Synthetic Borrower B0198,Electric three-wheeler,Maharashtra,2025-01-15,2026-09-15,208151.38,111421.19,17.0,36,19,7421.16,30,1
SYNTHETIC_ONLY,demo-nbfc-ev-001,AssureRail Synthetic EV Finance NBFC,SYN-EV-3W-2025,SYN-B-LN-0199,SYN-B-BR-0199,Synthetic Borrower B0199,Electric three-wheeler,Karnataka,2025-02-15,2026-09-15,223988.98,153807.01,18.0,48,19,6579.68,0,0
SYNTHETIC_ONLY,demo-nbfc-ev-001,AssureRail Synthetic EV Finance NBFC,SYN-EV-3W-2025,SYN-B-LN-0200,SYN-B-BR-0200,Synthetic Borrower B0200,Electric three-wheeler,Tamil Nadu,2025-03-15,2026-09-15,239826.58,132386.03,14.0,36,18,8196.7,0,0
SYNTHETIC_ONLY,demo-nbfc-ev-001,AssureRail Synthetic EV Finance NBFC,SYN-EV-3W-2025,SYN-B-LN-0201,SYN-B-BR-0201,Synthetic Borrower B0201,Electric three-wheeler,Maharashtra,2025-04-15,2026-09-15,255664.18,181933.82,15.0,48,17,7115.33,0,0
SYNTHETIC_ONLY,demo-nbfc-ev-001,AssureRail Synthetic EV Finance NBFC,SYN-EV-3W-2025,SYN-B-LN-0202,SYN-B-BR-0202,Synthetic Borrower B0202,Electric three-wheeler,Karnataka,2025-05-15,2026-09-15,271501.79,166602.45,16.0,36,16,9545.2,0,0
SYNTHETIC_ONLY,demo-nbfc-ev-001,AssureRail Synthetic EV Finance NBFC,SYN-EV-3W-2025,SYN-B-LN-0203,SYN-B-BR-0203,Synthetic Borrower B0203,Electric three-wheeler,Tamil Nadu,2025-06-15,2026-09-15,287339.4,217350.79,17.0,48,15,8291.19,0,0
SYNTHETIC_ONLY,demo-nbfc-ev-001,AssureRail Synthetic EV Finance NBFC,SYN-EV-3W-2025,SYN-B-LN-0204,SYN-B-BR-0204,Synthetic Borrower B0204,Electric three-wheeler,Maharashtra,2025-07-15,2026-09-15,303177.0,219544.76,18.0,36,12,10960.57,66,2
SYNTHETIC_ONLY,demo-nbfc-ev-001,AssureRail Synthetic EV Finance NBFC,SYN-EV-3W-2025,SYN-B-LN-0205,SYN-B-BR-0205,Synthetic Borrower B0205,Electric three-wheeler,Karnataka,2025-08-15,2026-09-15,319014.6,249324.04,14.0,48,13,8717.54,0,0
SYNTHETIC_ONLY,demo-nbfc-ev-001,AssureRail Synthetic EV Finance NBFC,SYN-EV-3W-2025,SYN-B-LN-0206,SYN-B-BR-0206,Synthetic Borrower B0206,Electric three-wheeler,Tamil Nadu,2025-09-15,2026-09-15,334852.22,239401.21,15.0,36,12,11607.76,0,0
SYNTHETIC_ONLY,demo-nbfc-ev-001,AssureRail Synthetic EV Finance NBFC,SYN-EV-3W-2025,SYN-B-LN-0207,SYN-B-BR-0207,Synthetic Borrower B0207,Electric three-wheeler,Maharashtra,2025-01-15,2026-09-15,208151.37,137093.09,16.0,48,20,5899.07,0,0
SYNTHETIC_ONLY,demo-nbfc-ev-001,AssureRail Synthetic EV Finance NBFC,SYN-EV-3W-2025,SYN-B-LN-0208,SYN-B-BR-0208,Synthetic Borrower B0208,Electric three-wheeler,Karnataka,2025-02-15,2026-09-15,223988.99,119898.89,17.0,36,19,7985.82,0,0
SYNTHETIC_ONLY,demo-nbfc-ev-001,AssureRail Synthetic EV Finance NBFC,SYN-EV-3W-2025,SYN-B-LN-0209,SYN-B-BR-0209,Synthetic Borrower B0209,Electric three-wheeler,Tamil Nadu,2025-03-15,2026-09-15,239826.59,169189.32,18.0,48,18,7044.91,0,0
SYNTHETIC_ONLY,demo-nbfc-ev-001,AssureRail Synthetic EV Finance NBFC,SYN-EV-3W-2025,SYN-B-LN-0210,SYN-B-BR-0210,Synthetic Borrower B0210,Electric three-wheeler,Maharashtra,2025-04-15,2026-09-15,255664.19,168686.07,14.0,36,14,8738.0,93,3
SYNTHETIC_ONLY,demo-nbfc-ev-001,AssureRail Synthetic EV Finance NBFC,SYN-EV-3W-2025,SYN-B-LN-0211,SYN-B-BR-0211,Synthetic Borrower B0211,Electric three-wheeler,Karnataka,2025-05-15,2026-09-15,271501.79,198281.64,15.0,48,16,7556.1,0,0
SYNTHETIC_ONLY,demo-nbfc-ev-001,AssureRail Synthetic EV Finance NBFC,SYN-EV-3W-2025,SYN-B-LN-0212,SYN-B-BR-0212,Synthetic Borrower B0212,Electric three-wheeler,Tamil Nadu,2025-06-15,2026-09-15,287339.4,183970.0,16.0,36,15,10102.0,0,0
SYNTHETIC_ONLY,demo-nbfc-ev-001,AssureRail Synthetic EV Finance NBFC,SYN-EV-3W-2025,SYN-B-LN-0213,SYN-B-BR-0213,Synthetic Borrower B0213,Electric three-wheeler,Maharashtra,2025-07-15,2026-09-15,303177.0,234753.27,17.0,48,14,8748.19,0,0
SYNTHETIC_ONLY,demo-nbfc-ev-001,AssureRail Synthetic EV Finance NBFC,SYN-EV-3W-2025,SYN-B-LN-0214,SYN-B-BR-0214,Synthetic Borrower B0214,Electric three-wheeler,Karnataka,2025-08-15,2026-09-15,319014.6,222945.57,18.0,36,13,11533.14,0,0
SYNTHETIC_ONLY,demo-nbfc-ev-001,AssureRail Synthetic EV Finance NBFC,SYN-EV-3W-2025,SYN-B-LN-0215,SYN-B-BR-0215,Synthetic Borrower B0215,Electric three-wheeler,Tamil Nadu,2025-09-15,2026-09-15,334852.21,267728.66,14.0,48,12,9150.33,0,0
SYNTHETIC_ONLY,demo-nbfc-ev-001,AssureRail Synthetic EV Finance NBFC,SYN-EV-3W-2025,SYN-B-LN-0216,SYN-B-BR-0216,Synthetic Borrower B0216,Electric three-wheeler,Maharashtra,2025-01-15,2026-09-15,208151.39,109893.55,15.0,36,19,7215.64,30,1
SYNTHETIC_ONLY,demo-nbfc-ev-001,AssureRail Synthetic EV Finance NBFC,SYN-EV-3W-2025,SYN-B-LN-0217,SYN-B-BR-0217,Synthetic Borrower B0217,Electric three-wheeler,Karnataka,2025-02-15,2026-09-15,223988.98,151847.37,16.0,48,19,6347.91,0,0
SYNTHETIC_ONLY,demo-nbfc-ev-001,AssureRail Synthetic EV Finance NBFC,SYN-EV-3W-2025,SYN-B-LN-0218,SYN-B-BR-0218,Synthetic Borrower B0218,Electric three-wheeler,Tamil Nadu,2025-03-15,2026-09-15,239826.6,135014.36,17.0,36,18,8550.47,0,0
SYNTHETIC_ONLY,demo-nbfc-ev-001,AssureRail Synthetic EV Finance NBFC,SYN-EV-3W-2025,SYN-B-LN-0219,SYN-B-BR-0219,Synthetic Borrower B0219,Electric three-wheeler,Maharashtra,2025-04-15,2026-09-15,255664.2,185095.9,18.0,48,17,7510.14,0,0
SYNTHETIC_ONLY,demo-nbfc-ev-001,AssureRail Synthetic EV Finance NBFC,SYN-EV-3W-2025,SYN-B-LN-0220,SYN-B-BR-0220,Synthetic Borrower B0220,Electric three-wheeler,Karnataka,2025-05-15,2026-09-15,271501.8,164673.03,14.0,36,16,9279.29,0,0
SYNTHETIC_ONLY,demo-nbfc-ev-001,AssureRail Synthetic EV Finance NBFC,SYN-EV-3W-2025,SYN-B-LN-0221,SYN-B-BR-0221,Synthetic Borrower B0221,Electric three-wheeler,Tamil Nadu,2025-06-15,2026-09-15,287339.4,215155.5,15.0,48,15,7996.87,0,0
SYNTHETIC_ONLY,demo-nbfc-ev-001,AssureRail Synthetic EV Finance NBFC,SYN-EV-3W-2025,SYN-B-LN-0222,SYN-B-BR-0222,Synthetic Borrower B0222,Electric three-wheeler,Maharashtra,2025-07-15,2026-09-15,303177.01,217690.5,16.0,36,12,10658.8,66,2
SYNTHETIC_ONLY,demo-nbfc-ev-001,AssureRail Synthetic EV Finance NBFC,SYN-EV-3W-2025,SYN-B-LN-0223,SYN-B-BR-0223,Synthetic Borrower B0223,Electric three-wheeler,Karnataka,2025-08-15,2026-09-15,319014.6,252642.57,17.0,48,13,9205.18,0,0
SYNTHETIC_ONLY,demo-nbfc-ev-001,AssureRail Synthetic EV Finance NBFC,SYN-EV-3W-2025,SYN-B-LN-0224,SYN-B-BR-0224,Synthetic Borrower B0224,Electric three-wheeler,Tamil Nadu,2025-09-15,2026-09-15,334852.21,242482.27,18.0,36,12,12105.71,0,0
SYNTHETIC_ONLY,demo-nbfc-ev-001,AssureRail Synthetic EV Finance NBFC,SYN-EV-3W-2025,SYN-B-LN-0225,SYN-B-BR-0225,Synthetic Borrower B0225,Electric three-wheeler,Maharashtra,2025-01-15,2026-09-15,208151.38,135201.86,14.0,48,20,5688.04,0,0
SYNTHETIC_ONLY,demo-nbfc-ev-001,AssureRail Synthetic EV Finance NBFC,SYN-EV-3W-2025,SYN-B-LN-0226,SYN-B-BR-0226,Synthetic Borrower B0226,Electric three-wheeler,Karnataka,2025-02-15,2026-09-15,223988.98,118255.01,15.0,36,19,7764.65,0,0
SYNTHETIC_ONLY,demo-nbfc-ev-001,AssureRail Synthetic EV Finance NBFC,SYN-EV-3W-2025,SYN-B-LN-0227,SYN-B-BR-0227,Synthetic Borrower B0227,Electric three-wheeler,Tamil Nadu,2025-03-15,2026-09-15,239826.58,167152.11,16.0,48,18,6796.75,0,0
SYNTHETIC_ONLY,demo-nbfc-ev-001,AssureRail Synthetic EV Finance NBFC,SYN-EV-3W-2025,SYN-B-LN-0228,SYN-B-BR-0228,Synthetic Borrower B0228,Electric three-wheeler,Maharashtra,2025-04-15,2026-09-15,255664.19,171260.11,17.0,36,14,9115.13,93,3
SYNTHETIC_ONLY,demo-nbfc-ev-001,AssureRail Synthetic EV Finance NBFC,SYN-EV-3W-2025,SYN-B-LN-0229,SYN-B-BR-0229,Synthetic Borrower B0229,Electric three-wheeler,Karnataka,2025-05-15,2026-09-15,271501.8,201514.66,18.0,48,16,7975.37,0,0
SYNTHETIC_ONLY,demo-nbfc-ev-001,AssureRail Synthetic EV Finance NBFC,SYN-EV-3W-2025,SYN-B-LN-0230,SYN-B-BR-0230,Synthetic Borrower B0230,Electric three-wheeler,Tamil Nadu,2025-06-15,2026-09-15,287339.4,181976.48,14.0,36,15,9820.58,0,0
SYNTHETIC_ONLY,demo-nbfc-ev-001,AssureRail Synthetic EV Finance NBFC,SYN-EV-3W-2025,SYN-B-LN-0231,SYN-B-BR-0231,Synthetic Borrower B0231,Electric three-wheeler,Maharashtra,2025-07-15,2026-09-15,303177.01,232545.29,15.0,48,14,8437.64,0,0
SYNTHETIC_ONLY,demo-nbfc-ev-001,AssureRail Synthetic EV Finance NBFC,SYN-EV-3W-2025,SYN-B-LN-0232,SYN-B-BR-0232,Synthetic Borrower B0232,Electric three-wheeler,Karnataka,2025-08-15,2026-09-15,319014.61,220900.95,16.0,36,13,11215.61,0,0
SYNTHETIC_ONLY,demo-nbfc-ev-001,AssureRail Synthetic EV Finance NBFC,SYN-EV-3W-2025,SYN-B-LN-0233,SYN-B-BR-0233,Synthetic Borrower B0233,Electric three-wheeler,Tamil Nadu,2025-09-15,2026-09-15,334852.22,271008.02,17.0,48,12,9662.17,0,0
SYNTHETIC_ONLY,demo-nbfc-ev-001,AssureRail Synthetic EV Finance NBFC,SYN-EV-3W-2025,SYN-B-LN-0234,SYN-B-BR-0234,Synthetic Borrower B0234,Electric three-wheeler,Maharashtra,2025-01-15,2026-09-15,208151.36,112182.6,18.0,36,19,7525.17,30,1
SYNTHETIC_ONLY,demo-nbfc-ev-001,AssureRail Synthetic EV Finance NBFC,SYN-EV-3W-2025,SYN-B-LN-0235,SYN-B-BR-0235,Synthetic Borrower B0235,Electric three-wheeler,Karnataka,2025-02-15,2026-09-15,223988.99,149861.41,14.0,48,19,6120.83,0,0
SYNTHETIC_ONLY,demo-nbfc-ev-001,AssureRail Synthetic EV Finance NBFC,SYN-EV-3W-2025,SYN-B-LN-0236,SYN-B-BR-0236,Synthetic Borrower B0236,Electric three-wheeler,Tamil Nadu,2025-03-15,2026-09-15,239826.59,133264.34,15.0,36,18,8313.67,0,0
SYNTHETIC_ONLY,demo-nbfc-ev-001,AssureRail Synthetic EV Finance NBFC,SYN-EV-3W-2025,SYN-B-LN-0237,SYN-B-BR-0237,Synthetic Borrower B0237,Electric three-wheeler,Maharashtra,2025-04-15,2026-09-15,255664.18,182996.1,16.0,48,17,7245.59,0,0
SYNTHETIC_ONLY,demo-nbfc-ev-001,AssureRail Synthetic EV Finance NBFC,SYN-EV-3W-2025,SYN-B-LN-0238,SYN-B-BR-0238,Synthetic Borrower B0238,Electric three-wheeler,Karnataka,2025-05-15,2026-09-15,271501.79,167561.91,17.0,36,16,9679.78,0,0
SYNTHETIC_ONLY,demo-nbfc-ev-001,AssureRail Synthetic EV Finance NBFC,SYN-EV-3W-2025,SYN-B-LN-0239,SYN-B-BR-0239,Synthetic Borrower B0239,Electric three-wheeler,Tamil Nadu,2025-06-15,2026-09-15,287339.39,218433.76,18.0,48,15,8440.59,0,0
SYNTHETIC_ONLY,demo-nbfc-ev-001,AssureRail Synthetic EV Finance NBFC,SYN-EV-3W-2025,SYN-B-LN-0240,SYN-B-BR-0240,Synthetic Borrower B0240,Electric three-wheeler,Maharashtra,2025-07-15,2026-09-15,303177.01,215814.4,14.0,36,12,10361.87,66,2
SYNTHETIC_ONLY,demo-nbfc-ev-001,AssureRail Synthetic EV Finance NBFC,SYN-EV-3W-2025,SYN-B-LN-0241,SYN-B-BR-0241,Synthetic Borrower B0241,Electric three-wheeler,Karnataka,2025-08-15,2026-09-15,319014.61,250441.08,15.0,48,13,8878.42,0,0
SYNTHETIC_ONLY,demo-nbfc-ev-001,AssureRail Synthetic EV Finance NBFC,SYN-EV-3W-2025,SYN-B-LN-0242,SYN-B-BR-0242,Synthetic Borrower B0242,Electric three-wheeler,Tamil Nadu,2025-09-15,2026-09-15,334852.21,240434.28,16.0,36,12,11772.41,0,0
SYNTHETIC_ONLY,demo-nbfc-ev-001,AssureRail Synthetic EV Finance NBFC,SYN-EV-3W-2025,SYN-B-LN-0243,SYN-B-BR-0243,Synthetic Borrower B0243,Electric three-wheeler,Maharashtra,2025-01-15,2026-09-15,208151.39,138030.15,17.0,48,20,6006.22,0,0
SYNTHETIC_ONLY,demo-nbfc-ev-001,AssureRail Synthetic EV Finance NBFC,SYN-EV-3W-2025,SYN-B-LN-0244,SYN-B-BR-0244,Synthetic Borrower B0244,Electric three-wheeler,Karnataka,2025-02-15,2026-09-15,223988.98,120718.24,18.0,36,19,8097.74,0,0
SYNTHETIC_ONLY,demo-nbfc-ev-001,AssureRail Synthetic EV Finance NBFC,SYN-EV-3W-2025,SYN-B-LN-0245,SYN-B-BR-0245,Synthetic Borrower B0245,Electric three-wheeler,Tamil Nadu,2025-03-15,2026-09-15,239826.59,165085.29,14.0,48,18,6553.62,0,0
SYNTHETIC_ONLY,demo-nbfc-ev-001,AssureRail Synthetic EV Finance NBFC,SYN-EV-3W-2025,SYN-B-LN-0246,SYN-B-BR-0246,Synthetic Borrower B0246,Electric three-wheeler,Maharashtra,2025-04-15,2026-09-15,255664.19,169548.12,15.0,36,14,8862.68,93,3
SYNTHETIC_ONLY,demo-nbfc-ev-001,AssureRail Synthetic EV Finance NBFC,SYN-EV-3W-2025,SYN-B-LN-0247,SYN-B-BR-0247,Synthetic Borrower B0247,Electric three-wheeler,Karnataka,2025-05-15,2026-09-15,271501.8,199368.34,16.0,48,16,7694.44,0,0
SYNTHETIC_ONLY,demo-nbfc-ev-001,AssureRail Synthetic EV Finance NBFC,SYN-EV-3W-2025,SYN-B-LN-0248,SYN-B-BR-0248,Synthetic Borrower B0248,Electric three-wheeler,Tamil Nadu,2025-06-15,2026-09-15,287339.41,184960.52,17.0,36,15,10244.43,0,0
SYNTHETIC_ONLY,demo-nbfc-ev-001,AssureRail Synthetic EV Finance NBFC,SYN-EV-3W-2025,SYN-B-LN-0249,SYN-B-BR-0249,Synthetic Borrower B0249,Electric three-wheeler,Maharashtra,2025-07-15,2026-09-15,303177.01,235841.63,18.0,48,14,8905.82,0,0
SYNTHETIC_ONLY,demo-nbfc-ev-001,AssureRail Synthetic EV Finance NBFC,SYN-EV-3W-2025,SYN-B-LN-0250,SYN-B-BR-0250,Synthetic Borrower B0250,Electric three-wheeler,Karnataka,2025-08-15,2026-09-15,319014.61,218834.48,14.0,36,13,10903.16,0,0
SYNTHETIC_ONLY,demo-nbfc-ev-001,AssureRail Synthetic EV Finance NBFC,SYN-EV-3W-2025,SYN-B-LN-0251,SYN-B-BR-0251,Synthetic Borrower B0251,Electric three-wheeler,Tamil Nadu,2025-09-15,2026-09-15,334852.22,268833.1,15.0,48,12,9319.19,0,0
SYNTHETIC_ONLY,demo-nbfc-ev-001,AssureRail Synthetic EV Finance NBFC,SYN-EV-3W-2025,SYN-B-LN-0252,SYN-B-BR-0252,Synthetic Borrower B0252,Electric three-wheeler,Maharashtra,2025-01-15,2026-09-15,208151.38,110658.14,16.0,36,19,7317.98,30,1
SYNTHETIC_ONLY,demo-nbfc-ev-001,AssureRail Synthetic EV Finance NBFC,SYN-EV-3W-2025,SYN-B-LN-0253,SYN-B-BR-0253,Synthetic Borrower B0253,Electric three-wheeler,Karnataka,2025-02-15,2026-09-15,223988.98,152830.55,17.0,48,19,6463.21,0,0
SYNTHETIC_ONLY,demo-nbfc-ev-001,AssureRail Synthetic EV Finance NBFC,SYN-EV-3W-2025,SYN-B-LN-0254,SYN-B-BR-0254,Synthetic Borrower B0254,Electric three-wheeler,Tamil Nadu,2025-03-15,2026-09-15,239826.58,135885.89,18.0,36,18,8670.31,0,0
SYNTHETIC_ONLY,demo-nbfc-ev-001,AssureRail Synthetic EV Finance NBFC,SYN-EV-3W-2025,SYN-B-LN-0255,SYN-B-BR-0255,Synthetic Borrower B0255,Electric three-wheeler,Maharashtra,2025-04-15,2026-09-15,255664.19,180863.47,14.0,48,17,6986.4,0,0
SYNTHETIC_ONLY,demo-nbfc-ev-001,AssureRail Synthetic EV Finance NBFC,SYN-EV-3W-2025,SYN-B-LN-0256,SYN-B-BR-0256,Synthetic Borrower B0256,Electric three-wheeler,Karnataka,2025-05-15,2026-09-15,271501.79,165639.46,15.0,36,16,9411.7,0,0
SYNTHETIC_ONLY,demo-nbfc-ev-001,AssureRail Synthetic EV Finance NBFC,SYN-EV-3W-2025,SYN-B-LN-0257,SYN-B-BR-0257,Synthetic Borrower B0257,Electric three-wheeler,Tamil Nadu,2025-06-15,2026-09-15,287339.39,216257.99,16.0,48,15,8143.28,0,0
SYNTHETIC_ONLY,demo-nbfc-ev-001,AssureRail Synthetic EV Finance NBFC,SYN-EV-3W-2025,SYN-B-LN-0258,SYN-B-BR-0258,Synthetic Borrower B0258,Electric three-wheeler,Maharashtra,2025-07-15,2026-09-15,303177.02,218620.4,17.0,36,12,10809.09,66,2
SYNTHETIC_ONLY,demo-nbfc-ev-001,AssureRail Synthetic EV Finance NBFC,SYN-EV-3W-2025,SYN-B-LN-0259,SYN-B-BR-0259,Synthetic Borrower B0259,Electric three-wheeler,Karnataka,2025-08-15,2026-09-15,319014.61,253726.86,18.0,48,13,9371.05,0,0
SYNTHETIC_ONLY,demo-nbfc-ev-001,AssureRail Synthetic EV Finance NBFC,SYN-EV-3W-2025,SYN-B-LN-0260,SYN-B-BR-0260,Synthetic Borrower B0260,Electric three-wheeler,Tamil Nadu,2025-09-15,2026-09-15,334852.22,238362.17,14.0,36,12,11444.46,0,0
SYNTHETIC_ONLY,demo-nbfc-ev-001,AssureRail Synthetic EV Finance NBFC,SYN-EV-3W-2025,SYN-B-LN-0261,SYN-B-BR-0261,Synthetic Borrower B0261,Electric three-wheeler,Maharashtra,2025-01-15,2026-09-15,208151.38,136150.29,15.0,48,20,5793.01,0,0
SYNTHETIC_ONLY,demo-nbfc-ev-001,AssureRail Synthetic EV Finance NBFC,SYN-EV-3W-2025,SYN-B-LN-0262,SYN-B-BR-0262,Synthetic Borrower B0262,Electric three-wheeler,Karnataka,2025-02-15,2026-09-15,223988.98,119077.78,16.0,36,19,7874.79,0,0
SYNTHETIC_ONLY,demo-nbfc-ev-001,AssureRail Synthetic EV Finance NBFC,SYN-EV-3W-2025,SYN-B-LN-0263,SYN-B-BR-0263,Synthetic Borrower B0263,Electric three-wheeler,Tamil Nadu,2025-03-15,2026-09-15,239826.58,168174.48,17.0,48,18,6920.21,0,0
SYNTHETIC_ONLY,demo-nbfc-ev-001,AssureRail Synthetic EV Finance NBFC,SYN-EV-3W-2025,SYN-B-LN-0264,SYN-B-BR-0264,Synthetic Borrower B0264,Electric three-wheeler,Maharashtra,2025-04-15,2026-09-15,255664.19,172109.91,18.0,36,14,9242.87,93,3
SYNTHETIC_ONLY,demo-nbfc-ev-001,AssureRail Synthetic EV Finance NBFC,SYN-EV-3W-2025,SYN-B-LN-0265,SYN-B-BR-0265,Synthetic Borrower B0265,Electric three-wheeler,Karnataka,2025-05-15,2026-09-15,271501.8,197186.09,14.0,48,16,7419.19,0,0
SYNTHETIC_ONLY,demo-nbfc-ev-001,AssureRail Synthetic EV Finance NBFC,SYN-EV-3W-2025,SYN-B-LN-0266,SYN-B-BR-0266,Synthetic Borrower B0266,Electric three-wheeler,Tamil Nadu,2025-06-15,2026-09-15,287339.4,182975.29,15.0,36,15,9960.71,0,0
SYNTHETIC_ONLY,demo-nbfc-ev-001,AssureRail Synthetic EV Finance NBFC,SYN-EV-3W-2025,SYN-B-LN-0267,SYN-B-BR-0267,Synthetic Borrower B0267,Electric three-wheeler,Maharashtra,2025-07-15,2026-09-15,303177.01,233654.46,16.0,48,14,8592.12,0,0
SYNTHETIC_ONLY,demo-nbfc-ev-001,AssureRail Synthetic EV Finance NBFC,SYN-EV-3W-2025,SYN-B-LN-0268,SYN-B-BR-0268,Synthetic Borrower B0268,Electric three-wheeler,Karnataka,2025-08-15,2026-09-15,319014.61,221926.03,17.0,36,13,11373.74,0,0
SYNTHETIC_ONLY,demo-nbfc-ev-001,AssureRail Synthetic EV Finance NBFC,SYN-EV-3W-2025,SYN-B-LN-0269,SYN-B-BR-0269,Synthetic Borrower B0269,Electric three-wheeler,Tamil Nadu,2025-09-15,2026-09-15,334852.22,272078.34,18.0,48,12,9836.28,0,0
SYNTHETIC_ONLY,demo-nbfc-ev-001,AssureRail Synthetic EV Finance NBFC,SYN-EV-3W-2025,SYN-B-LN-0270,SYN-B-BR-0270,Synthetic Borrower B0270,Electric three-wheeler,Maharashtra,2025-01-15,2026-09-15,208151.38,109127.48,14.0,36,19,7114.12,30,1
SYNTHETIC_ONLY,demo-nbfc-ev-001,AssureRail Synthetic EV Finance NBFC,SYN-EV-3W-2025,SYN-B-LN-0271,SYN-B-BR-0271,Synthetic Borrower B0271,Electric three-wheeler,Karnataka,2025-02-15,2026-09-15,223988.98,150857.61,15.0,48,19,6233.78,0,0
SYNTHETIC_ONLY,demo-nbfc-ev-001,AssureRail Synthetic EV Finance NBFC,SYN-EV-3W-2025,SYN-B-LN-0272,SYN-B-BR-0272,Synthetic Borrower B0272,Electric three-wheeler,Tamil Nadu,2025-03-15,2026-09-15,239826.6,134140.48,16.0,36,18,8431.59,0,0
SYNTHETIC_ONLY,demo-nbfc-ev-001,AssureRail Synthetic EV Finance NBFC,SYN-EV-3W-2025,SYN-B-LN-0273,SYN-B-BR-0273,Synthetic Borrower B0273,Electric three-wheeler,Maharashtra,2025-04-15,2026-09-15,255664.19,184050.17,17.0,48,17,7377.2,0,0
SYNTHETIC_ONLY,demo-nbfc-ev-001,AssureRail Synthetic EV Finance NBFC,SYN-EV-3W-2025,SYN-B-LN-0274,SYN-B-BR-0274,Synthetic Borrower B0274,Electric three-wheeler,Karnataka,2025-05-15,2026-09-15,271501.8,168517.75,18.0,36,16,9815.44,0,0
SYNTHETIC_ONLY,demo-nbfc-ev-001,AssureRail Synthetic EV Finance NBFC,SYN-EV-3W-2025,SYN-B-LN-0275,SYN-B-BR-0275,Synthetic Borrower B0275,Electric three-wheeler,Tamil Nadu,2025-06-15,2026-09-15,287339.4,214043.41,14.0,48,15,7851.97,0,0
SYNTHETIC_ONLY,demo-nbfc-ev-001,AssureRail Synthetic EV Finance NBFC,SYN-EV-3W-2025,SYN-B-LN-0276,SYN-B-BR-0276,Synthetic Borrower B0276,Electric three-wheeler,Maharashtra,2025-07-15,2026-09-15,303177.0,216755.14,15.0,36,12,10509.73,66,2
SYNTHETIC_ONLY,demo-nbfc-ev-001,AssureRail Synthetic EV Finance NBFC,SYN-EV-3W-2025,SYN-B-LN-0277,SYN-B-BR-0277,Synthetic Borrower B0277,Electric three-wheeler,Karnataka,2025-08-15,2026-09-15,319014.61,251547.29,16.0,48,13,9040.96,0,0
SYNTHETIC_ONLY,demo-nbfc-ev-001,AssureRail Synthetic EV Finance NBFC,SYN-EV-3W-2025,SYN-B-LN-0278,SYN-B-BR-0278,Synthetic Borrower B0278,Electric three-wheeler,Tamil Nadu,2025-09-15,2026-09-15,334852.22,241461.33,17.0,36,12,11938.39,0,0
SYNTHETIC_ONLY,demo-nbfc-ev-001,AssureRail Synthetic EV Finance NBFC,SYN-EV-3W-2025,SYN-B-LN-0279,SYN-B-BR-0279,Synthetic Borrower B0279,Electric three-wheeler,Maharashtra,2025-01-15,2026-09-15,208151.38,138961.3,18.0,48,20,6114.45,0,0
SYNTHETIC_ONLY,demo-nbfc-ev-001,AssureRail Synthetic EV Finance NBFC,SYN-EV-3W-2025,SYN-B-LN-0280,SYN-B-BR-0280,Synthetic Borrower B0280,Electric three-wheeler,Karnataka,2025-02-15,2026-09-15,223988.97,117430.65,14.0,36,19,7655.41,0,0
SYNTHETIC_ONLY,demo-nbfc-ev-001,AssureRail Synthetic EV Finance NBFC,SYN-EV-3W-2025,SYN-B-LN-0281,SYN-B-BR-0281,Synthetic Borrower B0281,Electric three-wheeler,Tamil Nadu,2025-03-15,2026-09-15,239826.58,166122.33,15.0,48,18,6674.55,0,0
SYNTHETIC_ONLY,demo-nbfc-ev-001,AssureRail Synthetic EV Finance NBFC,SYN-EV-3W-2025,SYN-B-LN-0282,SYN-B-BR-0282,Synthetic Borrower B0282,Electric three-wheeler,Maharashtra,2025-04-15,2026-09-15,255664.2,170406.16,16.0,36,14,8988.39,93,3
SYNTHETIC_ONLY,demo-nbfc-ev-001,AssureRail Synthetic EV Finance NBFC,SYN-EV-3W-2025,SYN-B-LN-0283,SYN-B-BR-0283,Synthetic Borrower B0283,Electric three-wheeler,Karnataka,2025-05-15,2026-09-15,271501.79,200446.05,17.0,48,16,7834.2,0,0
SYNTHETIC_ONLY,demo-nbfc-ev-001,AssureRail Synthetic EV Finance NBFC,SYN-EV-3W-2025,SYN-B-LN-0284,SYN-B-BR-0284,Synthetic Borrower B0284,Electric three-wheeler,Tamil Nadu,2025-06-15,2026-09-15,287339.4,185946.76,18.0,36,15,10388.01,0,0
SYNTHETIC_ONLY,demo-nbfc-ev-001,AssureRail Synthetic EV Finance NBFC,SYN-EV-3W-2025,SYN-B-LN-0285,SYN-B-BR-0285,Synthetic Borrower B0285,Electric three-wheeler,Maharashtra,2025-07-15,2026-09-15,303177.01,231425.87,14.0,48,14,8284.76,0,0
SYNTHETIC_ONLY,demo-nbfc-ev-001,AssureRail Synthetic EV Finance NBFC,SYN-EV-3W-2025,SYN-B-LN-0286,SYN-B-BR-0286,Synthetic Borrower B0286,Electric three-wheeler,Karnataka,2025-08-15,2026-09-15,319014.61,219870.41,15.0,36,13,11058.75,0,0
SYNTHETIC_ONLY,demo-nbfc-ev-001,AssureRail Synthetic EV Finance NBFC,SYN-EV-3W-2025,SYN-B-LN-0287,SYN-B-BR-0287,Synthetic Borrower B0287,Electric three-wheeler,Tamil Nadu,2025-09-15,2026-09-15,334852.21,269926.24,16.0,48,12,9489.81,0,0
SYNTHETIC_ONLY,demo-nbfc-ev-001,AssureRail Synthetic EV Finance NBFC,SYN-EV-3W-2025,SYN-B-LN-0288,SYN-B-BR-0288,Synthetic Borrower B0288,Electric three-wheeler,Maharashtra,2025-01-15,2026-09-15,208151.38,111421.19,17.0,36,19,7421.16,30,1
SYNTHETIC_ONLY,demo-nbfc-ev-001,AssureRail Synthetic EV Finance NBFC,SYN-EV-3W-2025,SYN-B-LN-0289,SYN-B-BR-0289,Synthetic Borrower B0289,Electric three-wheeler,Karnataka,2025-02-15,2026-09-15,223988.98,153807.01,18.0,48,19,6579.68,0,0
SYNTHETIC_ONLY,demo-nbfc-ev-001,AssureRail Synthetic EV Finance NBFC,SYN-EV-3W-2025,SYN-B-LN-0290,SYN-B-BR-0290,Synthetic Borrower B0290,Electric three-wheeler,Tamil Nadu,2025-03-15,2026-09-15,239826.58,132386.03,14.0,36,18,8196.7,0,0
SYNTHETIC_ONLY,demo-nbfc-ev-001,AssureRail Synthetic EV Finance NBFC,SYN-EV-3W-2025,SYN-B-LN-0291,SYN-B-BR-0291,Synthetic Borrower B0291,Electric three-wheeler,Maharashtra,2025-04-15,2026-09-15,255664.18,181933.82,15.0,48,17,7115.33,0,0
SYNTHETIC_ONLY,demo-nbfc-ev-001,AssureRail Synthetic EV Finance NBFC,SYN-EV-3W-2025,SYN-B-LN-0292,SYN-B-BR-0292,Synthetic Borrower B0292,Electric three-wheeler,Karnataka,2025-05-15,2026-09-15,271501.79,166602.45,16.0,36,16,9545.2,0,0
SYNTHETIC_ONLY,demo-nbfc-ev-001,AssureRail Synthetic EV Finance NBFC,SYN-EV-3W-2025,SYN-B-LN-0293,SYN-B-BR-0293,Synthetic Borrower B0293,Electric three-wheeler,Tamil Nadu,2025-06-15,2026-09-15,287339.4,217350.79,17.0,48,15,8291.19,0,0
SYNTHETIC_ONLY,demo-nbfc-ev-001,AssureRail Synthetic EV Finance NBFC,SYN-EV-3W-2025,SYN-B-LN-0294,SYN-B-BR-0294,Synthetic Borrower B0294,Electric three-wheeler,Maharashtra,2025-07-15,2026-09-15,303177.0,219544.76,18.0,36,12,10960.57,66,2
SYNTHETIC_ONLY,demo-nbfc-ev-001,AssureRail Synthetic EV Finance NBFC,SYN-EV-3W-2025,SYN-B-LN-0295,SYN-B-BR-0295,Synthetic Borrower B0295,Electric three-wheeler,Karnataka,2025-08-15,2026-09-15,319014.6,249324.04,14.0,48,13,8717.54,0,0
SYNTHETIC_ONLY,demo-nbfc-ev-001,AssureRail Synthetic EV Finance NBFC,SYN-EV-3W-2025,SYN-B-LN-0296,SYN-B-BR-0296,Synthetic Borrower B0296,Electric three-wheeler,Tamil Nadu,2025-09-15,2026-09-15,334852.22,239401.21,15.0,36,12,11607.76,0,0
SYNTHETIC_ONLY,demo-nbfc-ev-001,AssureRail Synthetic EV Finance NBFC,SYN-EV-3W-2025,SYN-B-LN-0297,SYN-B-BR-0297,Synthetic Borrower B0297,Electric three-wheeler,Maharashtra,2025-01-15,2026-09-15,208151.37,137093.09,16.0,48,20,5899.07,0,0
SYNTHETIC_ONLY,demo-nbfc-ev-001,AssureRail Synthetic EV Finance NBFC,SYN-EV-3W-2025,SYN-B-LN-0298,SYN-B-BR-0298,Synthetic Borrower B0298,Electric three-wheeler,Karnataka,2025-02-15,2026-09-15,223988.99,119898.89,17.0,36,19,7985.82,0,0
SYNTHETIC_ONLY,demo-nbfc-ev-001,AssureRail Synthetic EV Finance NBFC,SYN-EV-3W-2025,SYN-B-LN-0299,SYN-B-BR-0299,Synthetic Borrower B0299,Electric three-wheeler,Tamil Nadu,2025-03-15,2026-09-15,239826.59,169189.32,18.0,48,18,7044.91,0,0
SYNTHETIC_ONLY,demo-nbfc-ev-001,AssureRail Synthetic EV Finance NBFC,SYN-EV-3W-2025,SYN-B-LN-0300,SYN-B-BR-0300,Synthetic Borrower B0300,Electric three-wheeler,Maharashtra,2025-04-15,2026-09-15,255664.19,168686.07,14.0,36,14,8738.0,93,3
SYNTHETIC_ONLY,demo-nbfc-ev-001,AssureRail Synthetic EV Finance NBFC,SYN-EV-3W-2025,SYN-B-LN-0301,SYN-B-BR-0301,Synthetic Borrower B0301,Electric three-wheeler,Karnataka,2025-05-15,2026-09-15,271501.79,198281.64,15.0,48,16,7556.1,0,0
SYNTHETIC_ONLY,demo-nbfc-ev-001,AssureRail Synthetic EV Finance NBFC,SYN-EV-3W-2025,SYN-B-LN-0302,SYN-B-BR-0302,Synthetic Borrower B0302,Electric three-wheeler,Tamil Nadu,2025-06-15,2026-09-15,287339.4,183970.0,16.0,36,15,10102.0,0,0
SYNTHETIC_ONLY,demo-nbfc-ev-001,AssureRail Synthetic EV Finance NBFC,SYN-EV-3W-2025,SYN-B-LN-0303,SYN-B-BR-0303,Synthetic Borrower B0303,Electric three-wheeler,Maharashtra,2025-07-15,2026-09-15,303177.0,234753.27,17.0,48,14,8748.19,0,0
SYNTHETIC_ONLY,demo-nbfc-ev-001,AssureRail Synthetic EV Finance NBFC,SYN-EV-3W-2025,SYN-B-LN-0304,SYN-B-BR-0304,Synthetic Borrower B0304,Electric three-wheeler,Karnataka,2025-08-15,2026-09-15,319014.6,222945.57,18.0,36,13,11533.14,0,0
SYNTHETIC_ONLY,demo-nbfc-ev-001,AssureRail Synthetic EV Finance NBFC,SYN-EV-3W-2025,SYN-B-LN-0305,SYN-B-BR-0305,Synthetic Borrower B0305,Electric three-wheeler,Tamil Nadu,2025-09-15,2026-09-15,334852.21,267728.66,14.0,48,12,9150.33,0,0
SYNTHETIC_ONLY,demo-nbfc-ev-001,AssureRail Synthetic EV Finance NBFC,SYN-EV-3W-2025,SYN-B-LN-0306,SYN-B-BR-0306,Synthetic Borrower B0306,Electric three-wheeler,Maharashtra,2025-01-15,2026-09-15,208151.39,109893.55,15.0,36,19,7215.64,30,1
SYNTHETIC_ONLY,demo-nbfc-ev-001,AssureRail Synthetic EV Finance NBFC,SYN-EV-3W-2025,SYN-B-LN-0307,SYN-B-BR-0307,Synthetic Borrower B0307,Electric three-wheeler,Karnataka,2025-02-15,2026-09-15,223988.98,151847.37,16.0,48,19,6347.91,0,0
SYNTHETIC_ONLY,demo-nbfc-ev-001,AssureRail Synthetic EV Finance NBFC,SYN-EV-3W-2025,SYN-B-LN-0308,SYN-B-BR-0308,Synthetic Borrower B0308,Electric three-wheeler,Tamil Nadu,2025-03-15,2026-09-15,239826.6,135014.36,17.0,36,18,8550.47,0,0
SYNTHETIC_ONLY,demo-nbfc-ev-001,AssureRail Synthetic EV Finance NBFC,SYN-EV-3W-2025,SYN-B-LN-0309,SYN-B-BR-0309,Synthetic Borrower B0309,Electric three-wheeler,Maharashtra,2025-04-15,2026-09-15,255664.2,185095.9,18.0,48,17,7510.14,0,0
SYNTHETIC_ONLY,demo-nbfc-ev-001,AssureRail Synthetic EV Finance NBFC,SYN-EV-3W-2025,SYN-B-LN-0310,SYN-B-BR-0310,Synthetic Borrower B0310,Electric three-wheeler,Karnataka,2025-05-15,2026-09-15,271501.8,164673.03,14.0,36,16,9279.29,0,0
SYNTHETIC_ONLY,demo-nbfc-ev-001,AssureRail Synthetic EV Finance NBFC,SYN-EV-3W-2025,SYN-B-LN-0311,SYN-B-BR-0311,Synthetic Borrower B0311,Electric three-wheeler,Tamil Nadu,2025-06-15,2026-09-15,287339.4,215155.5,15.0,48,15,7996.87,0,0
SYNTHETIC_ONLY,demo-nbfc-ev-001,AssureRail Synthetic EV Finance NBFC,SYN-EV-3W-2025,SYN-B-LN-0312,SYN-B-BR-0312,Synthetic Borrower B0312,Electric three-wheeler,Maharashtra,2025-07-15,2026-09-15,303177.01,217690.5,16.0,36,12,10658.8,66,2
SYNTHETIC_ONLY,demo-nbfc-ev-001,AssureRail Synthetic EV Finance NBFC,SYN-EV-3W-2025,SYN-B-LN-0313,SYN-B-BR-0313,Synthetic Borrower B0313,Electric three-wheeler,Karnataka,2025-08-15,2026-09-15,319014.6,252642.57,17.0,48,13,9205.18,0,0
SYNTHETIC_ONLY,demo-nbfc-ev-001,AssureRail Synthetic EV Finance NBFC,SYN-EV-3W-2025,SYN-B-LN-0314,SYN-B-BR-0314,Synthetic Borrower B0314,Electric three-wheeler,Tamil Nadu,2025-09-15,2026-09-15,334852.21,242482.27,18.0,36,12,12105.71,0,0
SYNTHETIC_ONLY,demo-nbfc-ev-001,AssureRail Synthetic EV Finance NBFC,SYN-EV-3W-2025,SYN-B-LN-0315,SYN-B-BR-0315,Synthetic Borrower B0315,Electric three-wheeler,Maharashtra,2025-01-15,2026-09-15,208151.38,135201.86,14.0,48,20,5688.04,0,0
SYNTHETIC_ONLY,demo-nbfc-ev-001,AssureRail Synthetic EV Finance NBFC,SYN-EV-3W-2025,SYN-B-LN-0316,SYN-B-BR-0316,Synthetic Borrower B0316,Electric three-wheeler,Karnataka,2025-02-15,2026-09-15,223988.98,118255.01,15.0,36,19,7764.65,0,0
SYNTHETIC_ONLY,demo-nbfc-ev-001,AssureRail Synthetic EV Finance NBFC,SYN-EV-3W-2025,SYN-B-LN-0317,SYN-B-BR-0317,Synthetic Borrower B0317,Electric three-wheeler,Tamil Nadu,2025-03-15,2026-09-15,239826.58,167152.11,16.0,48,18,6796.75,0,0
SYNTHETIC_ONLY,demo-nbfc-ev-001,AssureRail Synthetic EV Finance NBFC,SYN-EV-3W-2025,SYN-B-LN-0318,SYN-B-BR-0318,Synthetic Borrower B0318,Electric three-wheeler,Maharashtra,2025-04-15,2026-09-15,255664.19,171260.11,17.0,36,14,9115.13,93,3
SYNTHETIC_ONLY,demo-nbfc-ev-001,AssureRail Synthetic EV Finance NBFC,SYN-EV-3W-2025,SYN-B-LN-0319,SYN-B-BR-0319,Synthetic Borrower B0319,Electric three-wheeler,Karnataka,2025-05-15,2026-09-15,271501.8,201514.66,18.0,48,16,7975.37,0,0
SYNTHETIC_ONLY,demo-nbfc-ev-001,AssureRail Synthetic EV Finance NBFC,SYN-EV-3W-2025,SYN-B-LN-0320,SYN-B-BR-0320,Synthetic Borrower B0320,Electric three-wheeler,Tamil Nadu,2025-06-15,2026-09-15,287339.4,181976.48,14.0,36,15,9820.58,0,0
SYNTHETIC_ONLY,demo-nbfc-ev-001,AssureRail Synthetic EV Finance NBFC,SYN-EV-3W-2025,SYN-B-LN-0321,SYN-B-BR-0321,Synthetic Borrower B0321,Electric three-wheeler,Maharashtra,2025-07-15,2026-09-15,303177.01,232545.29,15.0,48,14,8437.64,0,0
SYNTHETIC_ONLY,demo-nbfc-ev-001,AssureRail Synthetic EV Finance NBFC,SYN-EV-3W-2025,SYN-B-LN-0322,SYN-B-BR-0322,Synthetic Borrower B0322,Electric three-wheeler,Karnataka,2025-08-15,2026-09-15,319014.61,220900.95,16.0,36,13,11215.61,0,0
SYNTHETIC_ONLY,demo-nbfc-ev-001,AssureRail Synthetic EV Finance NBFC,SYN-EV-3W-2025,SYN-B-LN-0323,SYN-B-BR-0323,Synthetic Borrower B0323,Electric three-wheeler,Tamil Nadu,2025-09-15,2026-09-15,334852.22,271008.02,17.0,48,12,9662.17,0,0
SYNTHETIC_ONLY,demo-nbfc-ev-001,AssureRail Synthetic EV Finance NBFC,SYN-EV-3W-2025,SYN-B-LN-0324,SYN-B-BR-0324,Synthetic Borrower B0324,Electric three-wheeler,Maharashtra,2025-01-15,2026-09-15,208151.36,112182.6,18.0,36,19,7525.17,30,1
SYNTHETIC_ONLY,demo-nbfc-ev-001,AssureRail Synthetic EV Finance NBFC,SYN-EV-3W-2025,SYN-B-LN-0325,SYN-B-BR-0325,Synthetic Borrower B0325,Electric three-wheeler,Karnataka,2025-02-15,2026-09-15,223988.99,149861.41,14.0,48,19,6120.83,0,0
SYNTHETIC_ONLY,demo-nbfc-ev-001,AssureRail Synthetic EV Finance NBFC,SYN-EV-3W-2025,SYN-B-LN-0326,SYN-B-BR-0326,Synthetic Borrower B0326,Electric three-wheeler,Tamil Nadu,2025-03-15,2026-09-15,239826.59,133264.34,15.0,36,18,8313.67,0,0
SYNTHETIC_ONLY,demo-nbfc-ev-001,AssureRail Synthetic EV Finance NBFC,SYN-EV-3W-2025,SYN-B-LN-0327,SYN-B-BR-0327,Synthetic Borrower B0327,Electric three-wheeler,Maharashtra,2025-04-15,2026-09-15,255664.18,182996.1,16.0,48,17,7245.59,0,0
SYNTHETIC_ONLY,demo-nbfc-ev-001,AssureRail Synthetic EV Finance NBFC,SYN-EV-3W-2025,SYN-B-LN-0328,SYN-B-BR-0328,Synthetic Borrower B0328,Electric three-wheeler,Karnataka,2025-05-15,2026-09-15,271501.79,167561.91,17.0,36,16,9679.78,0,0
SYNTHETIC_ONLY,demo-nbfc-ev-001,AssureRail Synthetic EV Finance NBFC,SYN-EV-3W-2025,SYN-B-LN-0329,SYN-B-BR-0329,Synthetic Borrower B0329,Electric three-wheeler,Tamil Nadu,2025-06-15,2026-09-15,287339.39,218433.76,18.0,48,15,8440.59,0,0
SYNTHETIC_ONLY,demo-nbfc-ev-001,AssureRail Synthetic EV Finance NBFC,SYN-EV-3W-2025,SYN-B-LN-0330,SYN-B-BR-0330,Synthetic Borrower B0330,Electric three-wheeler,Maharashtra,2025-07-15,2026-09-15,303177.01,215814.4,14.0,36,12,10361.87,66,2
SYNTHETIC_ONLY,demo-nbfc-ev-001,AssureRail Synthetic EV Finance NBFC,SYN-EV-3W-2025,SYN-B-LN-0331,SYN-B-BR-0331,Synthetic Borrower B0331,Electric three-wheeler,Karnataka,2025-08-15,2026-09-15,319014.61,250441.08,15.0,48,13,8878.42,0,0
SYNTHETIC_ONLY,demo-nbfc-ev-001,AssureRail Synthetic EV Finance NBFC,SYN-EV-3W-2025,SYN-B-LN-0332,SYN-B-BR-0332,Synthetic Borrower B0332,Electric three-wheeler,Tamil Nadu,2025-09-15,2026-09-15,334852.21,240434.28,16.0,36,12,11772.41,0,0
SYNTHETIC_ONLY,demo-nbfc-ev-001,AssureRail Synthetic EV Finance NBFC,SYN-EV-3W-2025,SYN-B-LN-0333,SYN-B-BR-0333,Synthetic Borrower B0333,Electric three-wheeler,Maharashtra,2025-01-15,2026-09-15,208151.39,138030.15,17.0,48,20,6006.22,0,0
SYNTHETIC_ONLY,demo-nbfc-ev-001,AssureRail Synthetic EV Finance NBFC,SYN-EV-3W-2025,SYN-B-LN-0334,SYN-B-BR-0334,Synthetic Borrower B0334,Electric three-wheeler,Karnataka,2025-02-15,2026-09-15,223988.98,120718.24,18.0,36,19,8097.74,0,0
SYNTHETIC_ONLY,demo-nbfc-ev-001,AssureRail Synthetic EV Finance NBFC,SYN-EV-3W-2025,SYN-B-LN-0335,SYN-B-BR-0335,Synthetic Borrower B0335,Electric three-wheeler,Tamil Nadu,2025-03-15,2026-09-15,239826.59,165085.29,14.0,48,18,6553.62,0,0
SYNTHETIC_ONLY,demo-nbfc-ev-001,AssureRail Synthetic EV Finance NBFC,SYN-EV-3W-2025,SYN-B-LN-0336,SYN-B-BR-0336,Synthetic Borrower B0336,Electric three-wheeler,Maharashtra,2025-04-15,2026-09-15,255664.19,169548.12,15.0,36,14,8862.68,93,3
SYNTHETIC_ONLY,demo-nbfc-ev-001,AssureRail Synthetic EV Finance NBFC,SYN-EV-3W-2025,SYN-B-LN-0337,SYN-B-BR-0337,Synthetic Borrower B0337,Electric three-wheeler,Karnataka,2025-05-15,2026-09-15,271501.8,199368.34,16.0,48,16,7694.44,0,0
SYNTHETIC_ONLY,demo-nbfc-ev-001,AssureRail Synthetic EV Finance NBFC,SYN-EV-3W-2025,SYN-B-LN-0338,SYN-B-BR-0338,Synthetic Borrower B0338,Electric three-wheeler,Tamil Nadu,2025-06-15,2026-09-15,287339.41,184960.52,17.0,36,15,10244.43,0,0
SYNTHETIC_ONLY,demo-nbfc-ev-001,AssureRail Synthetic EV Finance NBFC,SYN-EV-3W-2025,SYN-B-LN-0339,SYN-B-BR-0339,Synthetic Borrower B0339,Electric three-wheeler,Maharashtra,2025-07-15,2026-09-15,303177.01,235841.63,18.0,48,14,8905.82,0,0
SYNTHETIC_ONLY,demo-nbfc-ev-001,AssureRail Synthetic EV Finance NBFC,SYN-EV-3W-2025,SYN-B-LN-0340,SYN-B-BR-0340,Synthetic Borrower B0340,Electric three-wheeler,Karnataka,2025-08-15,2026-09-15,319014.61,218834.48,14.0,36,13,10903.16,0,0
SYNTHETIC_ONLY,demo-nbfc-ev-001,AssureRail Synthetic EV Finance NBFC,SYN-EV-3W-2025,SYN-B-LN-0341,SYN-B-BR-0341,Synthetic Borrower B0341,Electric three-wheeler,Tamil Nadu,2025-09-15,2026-09-15,334852.22,268833.1,15.0,48,12,9319.19,0,0
SYNTHETIC_ONLY,demo-nbfc-ev-001,AssureRail Synthetic EV Finance NBFC,SYN-EV-3W-2025,SYN-B-LN-0342,SYN-B-BR-0342,Synthetic Borrower B0342,Electric three-wheeler,Maharashtra,2025-01-15,2026-09-15,208151.38,110658.14,16.0,36,19,7317.98,30,1
SYNTHETIC_ONLY,demo-nbfc-ev-001,AssureRail Synthetic EV Finance NBFC,SYN-EV-3W-2025,SYN-B-LN-0343,SYN-B-BR-0343,Synthetic Borrower B0343,Electric three-wheeler,Karnataka,2025-02-15,2026-09-15,223988.98,152830.55,17.0,48,19,6463.21,0,0
SYNTHETIC_ONLY,demo-nbfc-ev-001,AssureRail Synthetic EV Finance NBFC,SYN-EV-3W-2025,SYN-B-LN-0344,SYN-B-BR-0344,Synthetic Borrower B0344,Electric three-wheeler,Tamil Nadu,2025-03-15,2026-09-15,239826.58,135885.89,18.0,36,18,8670.31,0,0
SYNTHETIC_ONLY,demo-nbfc-ev-001,AssureRail Synthetic EV Finance NBFC,SYN-EV-3W-2025,SYN-B-LN-0345,SYN-B-BR-0345,Synthetic Borrower B0345,Electric three-wheeler,Maharashtra,2025-04-15,2026-09-15,255664.19,180863.47,14.0,48,17,6986.4,0,0
SYNTHETIC_ONLY,demo-nbfc-ev-001,AssureRail Synthetic EV Finance NBFC,SYN-EV-3W-2025,SYN-B-LN-0346,SYN-B-BR-0346,Synthetic Borrower B0346,Electric three-wheeler,Karnataka,2025-05-15,2026-09-15,271501.79,165639.46,15.0,36,16,9411.7,0,0
SYNTHETIC_ONLY,demo-nbfc-ev-001,AssureRail Synthetic EV Finance NBFC,SYN-EV-3W-2025,SYN-B-LN-0347,SYN-B-BR-0347,Synthetic Borrower B0347,Electric three-wheeler,Tamil Nadu,2025-06-15,2026-09-15,287339.39,216257.99,16.0,48,15,8143.28,0,0
SYNTHETIC_ONLY,demo-nbfc-ev-001,AssureRail Synthetic EV Finance NBFC,SYN-EV-3W-2025,SYN-B-LN-0348,SYN-B-BR-0348,Synthetic Borrower B0348,Electric three-wheeler,Maharashtra,2025-07-15,2026-09-15,303177.02,218620.4,17.0,36,12,10809.09,66,2
SYNTHETIC_ONLY,demo-nbfc-ev-001,AssureRail Synthetic EV Finance NBFC,SYN-EV-3W-2025,SYN-B-LN-0349,SYN-B-BR-0349,Synthetic Borrower B0349,Electric three-wheeler,Karnataka,2025-08-15,2026-09-15,319014.61,253726.86,18.0,48,13,9371.05,0,0
SYNTHETIC_ONLY,demo-nbfc-ev-001,AssureRail Synthetic EV Finance NBFC,SYN-EV-3W-2025,SYN-B-LN-0350,SYN-B-BR-0350,Synthetic Borrower B0350,Electric three-wheeler,Tamil Nadu,2025-09-15,2026-09-15,334852.22,238362.17,14.0,36,12,11444.46,0,0
SYNTHETIC_ONLY,demo-nbfc-ev-001,AssureRail Synthetic EV Finance NBFC,SYN-EV-3W-2025,SYN-B-LN-0351,SYN-B-BR-0351,Synthetic Borrower B0351,Electric three-wheeler,Maharashtra,2025-01-15,2026-09-15,208151.38,136150.29,15.0,48,20,5793.01,0,0
SYNTHETIC_ONLY,demo-nbfc-ev-001,AssureRail Synthetic EV Finance NBFC,SYN-EV-3W-2025,SYN-B-LN-0352,SYN-B-BR-0352,Synthetic Borrower B0352,Electric three-wheeler,Karnataka,2025-02-15,2026-09-15,223988.98,119077.78,16.0,36,19,7874.79,0,0
SYNTHETIC_ONLY,demo-nbfc-ev-001,AssureRail Synthetic EV Finance NBFC,SYN-EV-3W-2025,SYN-B-LN-0353,SYN-B-BR-0353,Synthetic Borrower B0353,Electric three-wheeler,Tamil Nadu,2025-03-15,2026-09-15,239826.58,168174.48,17.0,48,18,6920.21,0,0
SYNTHETIC_ONLY,demo-nbfc-ev-001,AssureRail Synthetic EV Finance NBFC,SYN-EV-3W-2025,SYN-B-LN-0354,SYN-B-BR-0354,Synthetic Borrower B0354,Electric three-wheeler,Maharashtra,2025-04-15,2026-09-15,255664.19,172109.91,18.0,36,14,9242.87,93,3
SYNTHETIC_ONLY,demo-nbfc-ev-001,AssureRail Synthetic EV Finance NBFC,SYN-EV-3W-2025,SYN-B-LN-0355,SYN-B-BR-0355,Synthetic Borrower B0355,Electric three-wheeler,Karnataka,2025-05-15,2026-09-15,271501.8,197186.09,14.0,48,16,7419.19,0,0
SYNTHETIC_ONLY,demo-nbfc-ev-001,AssureRail Synthetic EV Finance NBFC,SYN-EV-3W-2025,SYN-B-LN-0356,SYN-B-BR-0356,Synthetic Borrower B0356,Electric three-wheeler,Tamil Nadu,2025-06-15,2026-09-15,287339.4,182975.29,15.0,36,15,9960.71,0,0
SYNTHETIC_ONLY,demo-nbfc-ev-001,AssureRail Synthetic EV Finance NBFC,SYN-EV-3W-2025,SYN-B-LN-0357,SYN-B-BR-0357,Synthetic Borrower B0357,Electric three-wheeler,Maharashtra,2025-07-15,2026-09-15,303177.01,233654.46,16.0,48,14,8592.12,0,0
SYNTHETIC_ONLY,demo-nbfc-ev-001,AssureRail Synthetic EV Finance NBFC,SYN-EV-3W-2025,SYN-B-LN-0358,SYN-B-BR-0358,Synthetic Borrower B0358,Electric three-wheeler,Karnataka,2025-08-15,2026-09-15,319014.61,221926.03,17.0,36,13,11373.74,0,0
SYNTHETIC_ONLY,demo-nbfc-ev-001,AssureRail Synthetic EV Finance NBFC,SYN-EV-3W-2025,SYN-B-LN-0359,SYN-B-BR-0359,Synthetic Borrower B0359,Electric three-wheeler,Tamil Nadu,2025-09-15,2026-09-15,334852.22,272078.34,18.0,48,12,9836.28,0,0
SYNTHETIC_ONLY,demo-nbfc-ev-001,AssureRail Synthetic EV Finance NBFC,SYN-EV-3W-2025,SYN-B-LN-0360,SYN-B-BR-0360,Synthetic Borrower B0360,Electric three-wheeler,Maharashtra,2025-01-15,2026-09-15,208151.38,109127.48,14.0,36,19,7114.12,30,1
SYNTHETIC_ONLY,demo-nbfc-ev-001,AssureRail Synthetic EV Finance NBFC,SYN-EV-3W-2025,SYN-B-LN-0361,SYN-B-BR-0361,Synthetic Borrower B0361,Electric three-wheeler,Karnataka,2025-02-15,2026-09-15,223988.98,150857.61,15.0,48,19,6233.78,0,0
SYNTHETIC_ONLY,demo-nbfc-ev-001,AssureRail Synthetic EV Finance NBFC,SYN-EV-3W-2025,SYN-B-LN-0362,SYN-B-BR-0362,Synthetic Borrower B0362,Electric three-wheeler,Tamil Nadu,2025-03-15,2026-09-15,239826.6,134140.48,16.0,36,18,8431.59,0,0
SYNTHETIC_ONLY,demo-nbfc-ev-001,AssureRail Synthetic EV Finance NBFC,SYN-EV-3W-2025,SYN-B-LN-0363,SYN-B-BR-0363,Synthetic Borrower B0363,Electric three-wheeler,Maharashtra,2025-04-15,2026-09-15,255664.19,184050.17,17.0,48,17,7377.2,0,0
SYNTHETIC_ONLY,demo-nbfc-ev-001,AssureRail Synthetic EV Finance NBFC,SYN-EV-3W-2025,SYN-B-LN-0364,SYN-B-BR-0364,Synthetic Borrower B0364,Electric three-wheeler,Karnataka,2025-05-15,2026-09-15,271501.8,168517.75,18.0,36,16,9815.44,0,0
SYNTHETIC_ONLY,demo-nbfc-ev-001,AssureRail Synthetic EV Finance NBFC,SYN-EV-3W-2025,SYN-B-LN-0365,SYN-B-BR-0365,Synthetic Borrower B0365,Electric three-wheeler,Tamil Nadu,2025-06-15,2026-09-15,287339.4,214043.41,14.0,48,15,7851.97,0,0
SYNTHETIC_ONLY,demo-nbfc-ev-001,AssureRail Synthetic EV Finance NBFC,SYN-EV-3W-2025,SYN-B-LN-0366,SYN-B-BR-0366,Synthetic Borrower B0366,Electric three-wheeler,Maharashtra,2025-07-15,2026-09-15,303177.0,216755.14,15.0,36,12,10509.73,66,2
SYNTHETIC_ONLY,demo-nbfc-ev-001,AssureRail Synthetic EV Finance NBFC,SYN-EV-3W-2025,SYN-B-LN-0367,SYN-B-BR-0367,Synthetic Borrower B0367,Electric three-wheeler,Karnataka,2025-08-15,2026-09-15,319014.61,251547.29,16.0,48,13,9040.96,0,0
SYNTHETIC_ONLY,demo-nbfc-ev-001,AssureRail Synthetic EV Finance NBFC,SYN-EV-3W-2025,SYN-B-LN-0368,SYN-B-BR-0368,Synthetic Borrower B0368,Electric three-wheeler,Tamil Nadu,2025-09-15,2026-09-15,334852.22,241461.33,17.0,36,12,11938.39,0,0
SYNTHETIC_ONLY,demo-nbfc-ev-001,AssureRail Synthetic EV Finance NBFC,SYN-EV-3W-2025,SYN-B-LN-0369,SYN-B-BR-0369,Synthetic Borrower B0369,Electric three-wheeler,Maharashtra,2025-01-15,2026-09-15,208151.38,138961.3,18.0,48,20,6114.45,0,0
SYNTHETIC_ONLY,demo-nbfc-ev-001,AssureRail Synthetic EV Finance NBFC,SYN-EV-3W-2025,SYN-B-LN-0370,SYN-B-BR-0370,Synthetic Borrower B0370,Electric three-wheeler,Karnataka,2025-02-15,2026-09-15,223988.97,117430.65,14.0,36,19,7655.41,0,0
SYNTHETIC_ONLY,demo-nbfc-ev-001,AssureRail Synthetic EV Finance NBFC,SYN-EV-3W-2025,SYN-B-LN-0371,SYN-B-BR-0371,Synthetic Borrower B0371,Electric three-wheeler,Tamil Nadu,2025-03-15,2026-09-15,239826.58,166122.33,15.0,48,18,6674.55,0,0
SYNTHETIC_ONLY,demo-nbfc-ev-001,AssureRail Synthetic EV Finance NBFC,SYN-EV-3W-2025,SYN-B-LN-0372,SYN-B-BR-0372,Synthetic Borrower B0372,Electric three-wheeler,Maharashtra,2025-04-15,2026-09-15,255664.2,170406.16,16.0,36,14,8988.39,93,3
SYNTHETIC_ONLY,demo-nbfc-ev-001,AssureRail Synthetic EV Finance NBFC,SYN-EV-3W-2025,SYN-B-LN-0373,SYN-B-BR-0373,Synthetic Borrower B0373,Electric three-wheeler,Karnataka,2025-05-15,2026-09-15,271501.79,200446.05,17.0,48,16,7834.2,0,0
SYNTHETIC_ONLY,demo-nbfc-ev-001,AssureRail Synthetic EV Finance NBFC,SYN-EV-3W-2025,SYN-B-LN-0374,SYN-B-BR-0374,Synthetic Borrower B0374,Electric three-wheeler,Tamil Nadu,2025-06-15,2026-09-15,287339.4,185946.76,18.0,36,15,10388.01,0,0
SYNTHETIC_ONLY,demo-nbfc-ev-001,AssureRail Synthetic EV Finance NBFC,SYN-EV-3W-2025,SYN-B-LN-0375,SYN-B-BR-0375,Synthetic Borrower B0375,Electric three-wheeler,Maharashtra,2025-07-15,2026-09-15,303177.01,231425.87,14.0,48,14,8284.76,0,0
SYNTHETIC_ONLY,demo-nbfc-ev-001,AssureRail Synthetic EV Finance NBFC,SYN-EV-3W-2025,SYN-B-LN-0376,SYN-B-BR-0376,Synthetic Borrower B0376,Electric three-wheeler,Karnataka,2025-08-15,2026-09-15,319014.61,219870.41,15.0,36,13,11058.75,0,0
SYNTHETIC_ONLY,demo-nbfc-ev-001,AssureRail Synthetic EV Finance NBFC,SYN-EV-3W-2025,SYN-B-LN-0377,SYN-B-BR-0377,Synthetic Borrower B0377,Electric three-wheeler,Tamil Nadu,2025-09-15,2026-09-15,334852.21,269926.24,16.0,48,12,9489.81,0,0
SYNTHETIC_ONLY,demo-nbfc-ev-001,AssureRail Synthetic EV Finance NBFC,SYN-EV-3W-2025,SYN-B-LN-0378,SYN-B-BR-0378,Synthetic Borrower B0378,Electric three-wheeler,Maharashtra,2025-01-15,2026-09-15,208151.38,111421.19,17.0,36,19,7421.16,30,1
SYNTHETIC_ONLY,demo-nbfc-ev-001,AssureRail Synthetic EV Finance NBFC,SYN-EV-3W-2025,SYN-B-LN-0379,SYN-B-BR-0379,Synthetic Borrower B0379,Electric three-wheeler,Karnataka,2025-02-15,2026-09-15,223988.98,153807.01,18.0,48,19,6579.68,0,0
SYNTHETIC_ONLY,demo-nbfc-ev-001,AssureRail Synthetic EV Finance NBFC,SYN-EV-3W-2025,SYN-B-LN-0380,SYN-B-BR-0380,Synthetic Borrower B0380,Electric three-wheeler,Tamil Nadu,2025-03-15,2026-09-15,239826.58,132386.03,14.0,36,18,8196.7,0,0
SYNTHETIC_ONLY,demo-nbfc-ev-001,AssureRail Synthetic EV Finance NBFC,SYN-EV-3W-2025,SYN-B-LN-0381,SYN-B-BR-0381,Synthetic Borrower B0381,Electric three-wheeler,Maharashtra,2025-04-15,2026-09-15,255664.18,181933.82,15.0,48,17,7115.33,0,0
SYNTHETIC_ONLY,demo-nbfc-ev-001,AssureRail Synthetic EV Finance NBFC,SYN-EV-3W-2025,SYN-B-LN-0382,SYN-B-BR-0382,Synthetic Borrower B0382,Electric three-wheeler,Karnataka,2025-05-15,2026-09-15,271501.79,166602.45,16.0,36,16,9545.2,0,0
SYNTHETIC_ONLY,demo-nbfc-ev-001,AssureRail Synthetic EV Finance NBFC,SYN-EV-3W-2025,SYN-B-LN-0383,SYN-B-BR-0383,Synthetic Borrower B0383,Electric three-wheeler,Tamil Nadu,2025-06-15,2026-09-15,287339.4,217350.79,17.0,48,15,8291.19,0,0
SYNTHETIC_ONLY,demo-nbfc-ev-001,AssureRail Synthetic EV Finance NBFC,SYN-EV-3W-2025,SYN-B-LN-0384,SYN-B-BR-0384,Synthetic Borrower B0384,Electric three-wheeler,Maharashtra,2025-07-15,2026-09-15,303177.0,219544.76,18.0,36,12,10960.57,66,2
SYNTHETIC_ONLY,demo-nbfc-ev-001,AssureRail Synthetic EV Finance NBFC,SYN-EV-3W-2025,SYN-B-LN-0385,SYN-B-BR-0385,Synthetic Borrower B0385,Electric three-wheeler,Karnataka,2025-08-15,2026-09-15,319014.6,249324.04,14.0,48,13,8717.54,0,0
SYNTHETIC_ONLY,demo-nbfc-ev-001,AssureRail Synthetic EV Finance NBFC,SYN-EV-3W-2025,SYN-B-LN-0386,SYN-B-BR-0386,Synthetic Borrower B0386,Electric three-wheeler,Tamil Nadu,2025-09-15,2026-09-15,334852.22,239401.21,15.0,36,12,11607.76,0,0
SYNTHETIC_ONLY,demo-nbfc-ev-001,AssureRail Synthetic EV Finance NBFC,SYN-EV-3W-2025,SYN-B-LN-0387,SYN-B-BR-0387,Synthetic Borrower B0387,Electric three-wheeler,Maharashtra,2025-01-15,2026-09-15,208151.37,137093.09,16.0,48,20,5899.07,0,0
SYNTHETIC_ONLY,demo-nbfc-ev-001,AssureRail Synthetic EV Finance NBFC,SYN-EV-3W-2025,SYN-B-LN-0388,SYN-B-BR-0388,Synthetic Borrower B0388,Electric three-wheeler,Karnataka,2025-02-15,2026-09-15,223988.99,119898.89,17.0,36,19,7985.82,0,0
SYNTHETIC_ONLY,demo-nbfc-ev-001,AssureRail Synthetic EV Finance NBFC,SYN-EV-3W-2025,SYN-B-LN-0389,SYN-B-BR-0389,Synthetic Borrower B0389,Electric three-wheeler,Tamil Nadu,2025-03-15,2026-09-15,239826.59,169189.32,18.0,48,18,7044.91,0,0
SYNTHETIC_ONLY,demo-nbfc-ev-001,AssureRail Synthetic EV Finance NBFC,SYN-EV-3W-2025,SYN-B-LN-0390,SYN-B-BR-0390,Synthetic Borrower B0390,Electric three-wheeler,Maharashtra,2025-04-15,2026-09-15,255664.19,168686.07,14.0,36,14,8738.0,93,3
SYNTHETIC_ONLY,demo-nbfc-ev-001,AssureRail Synthetic EV Finance NBFC,SYN-EV-3W-2025,SYN-B-LN-0391,SYN-B-BR-0391,Synthetic Borrower B0391,Electric three-wheeler,Karnataka,2025-05-15,2026-09-15,271501.79,198281.64,15.0,48,16,7556.1,0,0
SYNTHETIC_ONLY,demo-nbfc-ev-001,AssureRail Synthetic EV Finance NBFC,SYN-EV-3W-2025,SYN-B-LN-0392,SYN-B-BR-0392,Synthetic Borrower B0392,Electric three-wheeler,Tamil Nadu,2025-06-15,2026-09-15,287339.4,183970.0,16.0,36,15,10102.0,0,0
SYNTHETIC_ONLY,demo-nbfc-ev-001,AssureRail Synthetic EV Finance NBFC,SYN-EV-3W-2025,SYN-B-LN-0393,SYN-B-BR-0393,Synthetic Borrower B0393,Electric three-wheeler,Maharashtra,2025-07-15,2026-09-15,303177.0,234753.27,17.0,48,14,8748.19,0,0
SYNTHETIC_ONLY,demo-nbfc-ev-001,AssureRail Synthetic EV Finance NBFC,SYN-EV-3W-2025,SYN-B-LN-0394,SYN-B-BR-0394,Synthetic Borrower B0394,Electric three-wheeler,Karnataka,2025-08-15,2026-09-15,319014.6,222945.57,18.0,36,13,11533.14,0,0
SYNTHETIC_ONLY,demo-nbfc-ev-001,AssureRail Synthetic EV Finance NBFC,SYN-EV-3W-2025,SYN-B-LN-0395,SYN-B-BR-0395,Synthetic Borrower B0395,Electric three-wheeler,Tamil Nadu,2025-09-15,2026-09-15,334852.21,267728.66,14.0,48,12,9150.33,0,0
SYNTHETIC_ONLY,demo-nbfc-ev-001,AssureRail Synthetic EV Finance NBFC,SYN-EV-3W-2025,SYN-B-LN-0396,SYN-B-BR-0396,Synthetic Borrower B0396,Electric three-wheeler,Maharashtra,2025-01-15,2026-09-15,208151.39,109893.55,15.0,36,19,7215.64,30,1
SYNTHETIC_ONLY,demo-nbfc-ev-001,AssureRail Synthetic EV Finance NBFC,SYN-EV-3W-2025,SYN-B-LN-0397,SYN-B-BR-0397,Synthetic Borrower B0397,Electric three-wheeler,Karnataka,2025-02-15,2026-09-15,223988.98,151847.37,16.0,48,19,6347.91,0,0
SYNTHETIC_ONLY,demo-nbfc-ev-001,AssureRail Synthetic EV Finance NBFC,SYN-EV-3W-2025,SYN-B-LN-0398,SYN-B-BR-0398,Synthetic Borrower B0398,Electric three-wheeler,Tamil Nadu,2025-03-15,2026-09-15,239826.6,135014.36,17.0,36,18,8550.47,0,0
SYNTHETIC_ONLY,demo-nbfc-ev-001,AssureRail Synthetic EV Finance NBFC,SYN-EV-3W-2025,SYN-B-LN-0399,SYN-B-BR-0399,Synthetic Borrower B0399,Electric three-wheeler,Maharashtra,2025-04-15,2026-09-15,255664.2,185095.9,18.0,48,17,7510.14,0,0
SYNTHETIC_ONLY,demo-nbfc-ev-001,AssureRail Synthetic EV Finance NBFC,SYN-EV-3W-2025,SYN-B-LN-0400,SYN-B-BR-0400,Synthetic Borrower B0400,Electric three-wheeler,Karnataka,2025-05-15,2026-09-15,271501.8,164673.03,14.0,36,16,9279.29,0,0
SYNTHETIC_ONLY,demo-nbfc-ev-001,AssureRail Synthetic EV Finance NBFC,SYN-EV-3W-2025,SYN-B-LN-0401,SYN-B-BR-0401,Synthetic Borrower B0401,Electric three-wheeler,Tamil Nadu,2025-06-15,2026-09-15,287339.4,215155.5,15.0,48,15,7996.87,0,0
SYNTHETIC_ONLY,demo-nbfc-ev-001,AssureRail Synthetic EV Finance NBFC,SYN-EV-3W-2025,SYN-B-LN-0402,SYN-B-BR-0402,Synthetic Borrower B0402,Electric three-wheeler,Maharashtra,2025-07-15,2026-09-15,303177.01,217690.5,16.0,36,12,10658.8,66,2
SYNTHETIC_ONLY,demo-nbfc-ev-001,AssureRail Synthetic EV Finance NBFC,SYN-EV-3W-2025,SYN-B-LN-0403,SYN-B-BR-0403,Synthetic Borrower B0403,Electric three-wheeler,Karnataka,2025-08-15,2026-09-15,319014.6,252642.57,17.0,48,13,9205.18,0,0
SYNTHETIC_ONLY,demo-nbfc-ev-001,AssureRail Synthetic EV Finance NBFC,SYN-EV-3W-2025,SYN-B-LN-0404,SYN-B-BR-0404,Synthetic Borrower B0404,Electric three-wheeler,Tamil Nadu,2025-09-15,2026-09-15,334852.21,242482.27,18.0,36,12,12105.71,0,0
SYNTHETIC_ONLY,demo-nbfc-ev-001,AssureRail Synthetic EV Finance NBFC,SYN-EV-3W-2025,SYN-B-LN-0405,SYN-B-BR-0405,Synthetic Borrower B0405,Electric three-wheeler,Maharashtra,2025-01-15,2026-09-15,208151.38,135201.86,14.0,48,20,5688.04,0,0
SYNTHETIC_ONLY,demo-nbfc-ev-001,AssureRail Synthetic EV Finance NBFC,SYN-EV-3W-2025,SYN-B-LN-0406,SYN-B-BR-0406,Synthetic Borrower B0406,Electric three-wheeler,Karnataka,2025-02-15,2026-09-15,223988.98,118255.01,15.0,36,19,7764.65,0,0
SYNTHETIC_ONLY,demo-nbfc-ev-001,AssureRail Synthetic EV Finance NBFC,SYN-EV-3W-2025,SYN-B-LN-0407,SYN-B-BR-0407,Synthetic Borrower B0407,Electric three-wheeler,Tamil Nadu,2025-03-15,2026-09-15,239826.58,167152.11,16.0,48,18,6796.75,0,0
SYNTHETIC_ONLY,demo-nbfc-ev-001,AssureRail Synthetic EV Finance NBFC,SYN-EV-3W-2025,SYN-B-LN-0408,SYN-B-BR-0408,Synthetic Borrower B0408,Electric three-wheeler,Maharashtra,2025-04-15,2026-09-15,255664.19,171260.11,17.0,36,14,9115.13,93,3
SYNTHETIC_ONLY,demo-nbfc-ev-001,AssureRail Synthetic EV Finance NBFC,SYN-EV-3W-2025,SYN-B-LN-0409,SYN-B-BR-0409,Synthetic Borrower B0409,Electric three-wheeler,Karnataka,2025-05-15,2026-09-15,271501.8,201514.66,18.0,48,16,7975.37,0,0
SYNTHETIC_ONLY,demo-nbfc-ev-001,AssureRail Synthetic EV Finance NBFC,SYN-EV-3W-2025,SYN-B-LN-0410,SYN-B-BR-0410,Synthetic Borrower B0410,Electric three-wheeler,Tamil Nadu,2025-06-15,2026-09-15,287339.4,181976.48,14.0,36,15,9820.58,0,0
SYNTHETIC_ONLY,demo-nbfc-ev-001,AssureRail Synthetic EV Finance NBFC,SYN-EV-3W-2025,SYN-B-LN-0411,SYN-B-BR-0411,Synthetic Borrower B0411,Electric three-wheeler,Maharashtra,2025-07-15,2026-09-15,303177.01,232545.29,15.0,48,14,8437.64,0,0
SYNTHETIC_ONLY,demo-nbfc-ev-001,AssureRail Synthetic EV Finance NBFC,SYN-EV-3W-2025,SYN-B-LN-0412,SYN-B-BR-0412,Synthetic Borrower B0412,Electric three-wheeler,Karnataka,2025-08-15,2026-09-15,319014.61,220900.95,16.0,36,13,11215.61,0,0
SYNTHETIC_ONLY,demo-nbfc-ev-001,AssureRail Synthetic EV Finance NBFC,SYN-EV-3W-2025,SYN-B-LN-0413,SYN-B-BR-0413,Synthetic Borrower B0413,Electric three-wheeler,Tamil Nadu,2025-09-15,2026-09-15,334852.22,271008.02,17.0,48,12,9662.17,0,0
SYNTHETIC_ONLY,demo-nbfc-ev-001,AssureRail Synthetic EV Finance NBFC,SYN-EV-3W-2025,SYN-B-LN-0414,SYN-B-BR-0414,Synthetic Borrower B0414,Electric three-wheeler,Maharashtra,2025-01-15,2026-09-15,208151.36,112182.6,18.0,36,19,7525.17,30,1
SYNTHETIC_ONLY,demo-nbfc-ev-001,AssureRail Synthetic EV Finance NBFC,SYN-EV-3W-2025,SYN-B-LN-0415,SYN-B-BR-0415,Synthetic Borrower B0415,Electric three-wheeler,Karnataka,2025-02-15,2026-09-15,223988.99,149861.41,14.0,48,19,6120.83,0,0
SYNTHETIC_ONLY,demo-nbfc-ev-001,AssureRail Synthetic EV Finance NBFC,SYN-EV-3W-2025,SYN-B-LN-0416,SYN-B-BR-0416,Synthetic Borrower B0416,Electric three-wheeler,Tamil Nadu,2025-03-15,2026-09-15,239826.59,133264.34,15.0,36,18,8313.67,0,0
SYNTHETIC_ONLY,demo-nbfc-ev-001,AssureRail Synthetic EV Finance NBFC,SYN-EV-3W-2025,SYN-B-LN-0417,SYN-B-BR-0417,Synthetic Borrower B0417,Electric three-wheeler,Maharashtra,2025-04-15,2026-09-15,255664.18,182996.1,16.0,48,17,7245.59,0,0
SYNTHETIC_ONLY,demo-nbfc-ev-001,AssureRail Synthetic EV Finance NBFC,SYN-EV-3W-2025,SYN-B-LN-0418,SYN-B-BR-0418,Synthetic Borrower B0418,Electric three-wheeler,Karnataka,2025-05-15,2026-09-15,271501.79,167561.91,17.0,36,16,9679.78,0,0
SYNTHETIC_ONLY,demo-nbfc-ev-001,AssureRail Synthetic EV Finance NBFC,SYN-EV-3W-2025,SYN-B-LN-0419,SYN-B-BR-0419,Synthetic Borrower B0419,Electric three-wheeler,Tamil Nadu,2025-06-15,2026-09-15,287339.39,218433.76,18.0,48,15,8440.59,0,0
SYNTHETIC_ONLY,demo-nbfc-ev-001,AssureRail Synthetic EV Finance NBFC,SYN-EV-3W-2025,SYN-B-LN-0420,SYN-B-BR-0420,Synthetic Borrower B0420,Electric three-wheeler,Maharashtra,2025-07-15,2026-09-15,303177.01,215814.4,14.0,36,12,10361.87,66,2
SYNTHETIC_ONLY,demo-nbfc-ev-001,AssureRail Synthetic EV Finance NBFC,SYN-EV-3W-2025,SYN-B-LN-0421,SYN-B-BR-0421,Synthetic Borrower B0421,Electric three-wheeler,Karnataka,2025-08-15,2026-09-15,319014.61,250441.08,15.0,48,13,8878.42,0,0
SYNTHETIC_ONLY,demo-nbfc-ev-001,AssureRail Synthetic EV Finance NBFC,SYN-EV-3W-2025,SYN-B-LN-0422,SYN-B-BR-0422,Synthetic Borrower B0422,Electric three-wheeler,Tamil Nadu,2025-09-15,2026-09-15,334852.21,240434.28,16.0,36,12,11772.41,0,0
SYNTHETIC_ONLY,demo-nbfc-ev-001,AssureRail Synthetic EV Finance NBFC,SYN-EV-3W-2025,SYN-B-LN-0423,SYN-B-BR-0423,Synthetic Borrower B0423,Electric three-wheeler,Maharashtra,2025-01-15,2026-09-15,208151.39,138030.15,17.0,48,20,6006.22,0,0
SYNTHETIC_ONLY,demo-nbfc-ev-001,AssureRail Synthetic EV Finance NBFC,SYN-EV-3W-2025,SYN-B-LN-0424,SYN-B-BR-0424,Synthetic Borrower B0424,Electric three-wheeler,Karnataka,2025-02-15,2026-09-15,223988.98,120718.24,18.0,36,19,8097.74,0,0
SYNTHETIC_ONLY,demo-nbfc-ev-001,AssureRail Synthetic EV Finance NBFC,SYN-EV-3W-2025,SYN-B-LN-0425,SYN-B-BR-0425,Synthetic Borrower B0425,Electric three-wheeler,Tamil Nadu,2025-03-15,2026-09-15,239826.59,165085.29,14.0,48,18,6553.62,0,0
SYNTHETIC_ONLY,demo-nbfc-ev-001,AssureRail Synthetic EV Finance NBFC,SYN-EV-3W-2025,SYN-B-LN-0426,SYN-B-BR-0426,Synthetic Borrower B0426,Electric three-wheeler,Maharashtra,2025-04-15,2026-09-15,255664.19,169548.12,15.0,36,14,8862.68,93,3
SYNTHETIC_ONLY,demo-nbfc-ev-001,AssureRail Synthetic EV Finance NBFC,SYN-EV-3W-2025,SYN-B-LN-0427,SYN-B-BR-0427,Synthetic Borrower B0427,Electric three-wheeler,Karnataka,2025-05-15,2026-09-15,271501.8,199368.34,16.0,48,16,7694.44,0,0
SYNTHETIC_ONLY,demo-nbfc-ev-001,AssureRail Synthetic EV Finance NBFC,SYN-EV-3W-2025,SYN-B-LN-0428,SYN-B-BR-0428,Synthetic Borrower B0428,Electric three-wheeler,Tamil Nadu,2025-06-15,2026-09-15,287339.41,184960.52,17.0,36,15,10244.43,0,0
SYNTHETIC_ONLY,demo-nbfc-ev-001,AssureRail Synthetic EV Finance NBFC,SYN-EV-3W-2025,SYN-B-LN-0429,SYN-B-BR-0429,Synthetic Borrower B0429,Electric three-wheeler,Maharashtra,2025-07-15,2026-09-15,303177.01,235841.63,18.0,48,14,8905.82,0,0
SYNTHETIC_ONLY,demo-nbfc-ev-001,AssureRail Synthetic EV Finance NBFC,SYN-EV-3W-2025,SYN-B-LN-0430,SYN-B-BR-0430,Synthetic Borrower B0430,Electric three-wheeler,Karnataka,2025-08-15,2026-09-15,319014.61,218834.48,14.0,36,13,10903.16,0,0
SYNTHETIC_ONLY,demo-nbfc-ev-001,AssureRail Synthetic EV Finance NBFC,SYN-EV-3W-2025,SYN-B-LN-0431,SYN-B-BR-0431,Synthetic Borrower B0431,Electric three-wheeler,Tamil Nadu,2025-09-15,2026-09-15,334852.22,268833.1,15.0,48,12,9319.19,0,0
SYNTHETIC_ONLY,demo-nbfc-ev-001,AssureRail Synthetic EV Finance NBFC,SYN-EV-3W-2025,SYN-B-LN-0432,SYN-B-BR-0432,Synthetic Borrower B0432,Electric three-wheeler,Maharashtra,2025-01-15,2026-09-15,208151.38,110658.14,16.0,36,19,7317.98,30,1
SYNTHETIC_ONLY,demo-nbfc-ev-001,AssureRail Synthetic EV Finance NBFC,SYN-EV-3W-2025,SYN-B-LN-0433,SYN-B-BR-0433,Synthetic Borrower B0433,Electric three-wheeler,Karnataka,2025-02-15,2026-09-15,223988.98,152830.55,17.0,48,19,6463.21,0,0
SYNTHETIC_ONLY,demo-nbfc-ev-001,AssureRail Synthetic EV Finance NBFC,SYN-EV-3W-2025,SYN-B-LN-0434,SYN-B-BR-0434,Synthetic Borrower B0434,Electric three-wheeler,Tamil Nadu,2025-03-15,2026-09-15,239826.58,135885.89,18.0,36,18,8670.31,0,0
SYNTHETIC_ONLY,demo-nbfc-ev-001,AssureRail Synthetic EV Finance NBFC,SYN-EV-3W-2025,SYN-B-LN-0435,SYN-B-BR-0435,Synthetic Borrower B0435,Electric three-wheeler,Maharashtra,2025-04-15,2026-09-15,255664.19,180863.47,14.0,48,17,6986.4,0,0
SYNTHETIC_ONLY,demo-nbfc-ev-001,AssureRail Synthetic EV Finance NBFC,SYN-EV-3W-2025,SYN-B-LN-0436,SYN-B-BR-0436,Synthetic Borrower B0436,Electric three-wheeler,Karnataka,2025-05-15,2026-09-15,271501.79,165639.46,15.0,36,16,9411.7,0,0
SYNTHETIC_ONLY,demo-nbfc-ev-001,AssureRail Synthetic EV Finance NBFC,SYN-EV-3W-2025,SYN-B-LN-0437,SYN-B-BR-0437,Synthetic Borrower B0437,Electric three-wheeler,Tamil Nadu,2025-06-15,2026-09-15,287339.39,216257.99,16.0,48,15,8143.28,0,0
SYNTHETIC_ONLY,demo-nbfc-ev-001,AssureRail Synthetic EV Finance NBFC,SYN-EV-3W-2025,SYN-B-LN-0438,SYN-B-BR-0438,Synthetic Borrower B0438,Electric three-wheeler,Maharashtra,2025-07-15,2026-09-15,303177.02,218620.4,17.0,36,12,10809.09,66,2
SYNTHETIC_ONLY,demo-nbfc-ev-001,AssureRail Synthetic EV Finance NBFC,SYN-EV-3W-2025,SYN-B-LN-0439,SYN-B-BR-0439,Synthetic Borrower B0439,Electric three-wheeler,Karnataka,2025-08-15,2026-09-15,319014.61,253726.86,18.0,48,13,9371.05,0,0
SYNTHETIC_ONLY,demo-nbfc-ev-001,AssureRail Synthetic EV Finance NBFC,SYN-EV-3W-2025,SYN-B-LN-0440,SYN-B-BR-0440,Synthetic Borrower B0440,Electric three-wheeler,Tamil Nadu,2025-09-15,2026-09-15,334852.22,238362.17,14.0,36,12,11444.46,0,0
SYNTHETIC_ONLY,demo-nbfc-ev-001,AssureRail Synthetic EV Finance NBFC,SYN-EV-3W-2025,SYN-B-LN-0441,SYN-B-BR-0441,Synthetic Borrower B0441,Electric three-wheeler,Maharashtra,2025-01-15,2026-09-15,208151.38,136150.29,15.0,48,20,5793.01,0,0
SYNTHETIC_ONLY,demo-nbfc-ev-001,AssureRail Synthetic EV Finance NBFC,SYN-EV-3W-2025,SYN-B-LN-0442,SYN-B-BR-0442,Synthetic Borrower B0442,Electric three-wheeler,Karnataka,2025-02-15,2026-09-15,223988.98,119077.78,16.0,36,19,7874.79,0,0
SYNTHETIC_ONLY,demo-nbfc-ev-001,AssureRail Synthetic EV Finance NBFC,SYN-EV-3W-2025,SYN-B-LN-0443,SYN-B-BR-0443,Synthetic Borrower B0443,Electric three-wheeler,Tamil Nadu,2025-03-15,2026-09-15,239826.58,168174.48,17.0,48,18,6920.21,0,0
SYNTHETIC_ONLY,demo-nbfc-ev-001,AssureRail Synthetic EV Finance NBFC,SYN-EV-3W-2025,SYN-B-LN-0444,SYN-B-BR-0444,Synthetic Borrower B0444,Electric three-wheeler,Maharashtra,2025-04-15,2026-09-15,255664.19,172109.91,18.0,36,14,9242.87,93,3
SYNTHETIC_ONLY,demo-nbfc-ev-001,AssureRail Synthetic EV Finance NBFC,SYN-EV-3W-2025,SYN-B-LN-0445,SYN-B-BR-0445,Synthetic Borrower B0445,Electric three-wheeler,Karnataka,2025-05-15,2026-09-15,271501.8,197186.09,14.0,48,16,7419.19,0,0
SYNTHETIC_ONLY,demo-nbfc-ev-001,AssureRail Synthetic EV Finance NBFC,SYN-EV-3W-2025,SYN-B-LN-0446,SYN-B-BR-0446,Synthetic Borrower B0446,Electric three-wheeler,Tamil Nadu,2025-06-15,2026-09-15,287339.4,182975.29,15.0,36,15,9960.71,0,0
SYNTHETIC_ONLY,demo-nbfc-ev-001,AssureRail Synthetic EV Finance NBFC,SYN-EV-3W-2025,SYN-B-LN-0447,SYN-B-BR-0447,Synthetic Borrower B0447,Electric three-wheeler,Maharashtra,2025-07-15,2026-09-15,303177.01,233654.46,16.0,48,14,8592.12,0,0
SYNTHETIC_ONLY,demo-nbfc-ev-001,AssureRail Synthetic EV Finance NBFC,SYN-EV-3W-2025,SYN-B-LN-0448,SYN-B-BR-0448,Synthetic Borrower B0448,Electric three-wheeler,Karnataka,2025-08-15,2026-09-15,319014.61,221926.03,17.0,36,13,11373.74,0,0
SYNTHETIC_ONLY,demo-nbfc-ev-001,AssureRail Synthetic EV Finance NBFC,SYN-EV-3W-2025,SYN-B-LN-0449,SYN-B-BR-0449,Synthetic Borrower B0449,Electric three-wheeler,Tamil Nadu,2025-09-15,2026-09-15,334852.22,272078.34,18.0,48,12,9836.28,0,0
SYNTHETIC_ONLY,demo-nbfc-ev-001,AssureRail Synthetic EV Finance NBFC,SYN-EV-3W-2025,SYN-B-LN-0450,SYN-B-BR-0450,Synthetic Borrower B0450,Electric three-wheeler,Maharashtra,2025-01-15,2026-09-15,208151.38,109127.48,14.0,36,19,7114.12,30,1
SYNTHETIC_ONLY,demo-nbfc-ev-001,AssureRail Synthetic EV Finance NBFC,SYN-EV-3W-2025,SYN-B-LN-0451,SYN-B-BR-0451,Synthetic Borrower B0451,Electric three-wheeler,Karnataka,2025-02-15,2026-09-15,223988.98,150857.61,15.0,48,19,6233.78,0,0
SYNTHETIC_ONLY,demo-nbfc-ev-001,AssureRail Synthetic EV Finance NBFC,SYN-EV-3W-2025,SYN-B-LN-0452,SYN-B-BR-0452,Synthetic Borrower B0452,Electric three-wheeler,Tamil Nadu,2025-03-15,2026-09-15,239826.6,134140.48,16.0,36,18,8431.59,0,0
SYNTHETIC_ONLY,demo-nbfc-ev-001,AssureRail Synthetic EV Finance NBFC,SYN-EV-3W-2025,SYN-B-LN-0453,SYN-B-BR-0453,Synthetic Borrower B0453,Electric three-wheeler,Maharashtra,2025-04-15,2026-09-15,255664.19,184050.17,17.0,48,17,7377.2,0,0
SYNTHETIC_ONLY,demo-nbfc-ev-001,AssureRail Synthetic EV Finance NBFC,SYN-EV-3W-2025,SYN-B-LN-0454,SYN-B-BR-0454,Synthetic Borrower B0454,Electric three-wheeler,Karnataka,2025-05-15,2026-09-15,271501.8,168517.75,18.0,36,16,9815.44,0,0
SYNTHETIC_ONLY,demo-nbfc-ev-001,AssureRail Synthetic EV Finance NBFC,SYN-EV-3W-2025,SYN-B-LN-0455,SYN-B-BR-0455,Synthetic Borrower B0455,Electric three-wheeler,Tamil Nadu,2025-06-15,2026-09-15,287339.4,214043.41,14.0,48,15,7851.97,0,0
SYNTHETIC_ONLY,demo-nbfc-ev-001,AssureRail Synthetic EV Finance NBFC,SYN-EV-3W-2025,SYN-B-LN-0456,SYN-B-BR-0456,Synthetic Borrower B0456,Electric three-wheeler,Maharashtra,2025-07-15,2026-09-15,303177.0,216755.14,15.0,36,12,10509.73,66,2
SYNTHETIC_ONLY,demo-nbfc-ev-001,AssureRail Synthetic EV Finance NBFC,SYN-EV-3W-2025,SYN-B-LN-0457,SYN-B-BR-0457,Synthetic Borrower B0457,Electric three-wheeler,Karnataka,2025-08-15,2026-09-15,319014.61,251547.29,16.0,48,13,9040.96,0,0
SYNTHETIC_ONLY,demo-nbfc-ev-001,AssureRail Synthetic EV Finance NBFC,SYN-EV-3W-2025,SYN-B-LN-0458,SYN-B-BR-0458,Synthetic Borrower B0458,Electric three-wheeler,Tamil Nadu,2025-09-15,2026-09-15,334852.22,241461.33,17.0,36,12,11938.39,0,0
SYNTHETIC_ONLY,demo-nbfc-ev-001,AssureRail Synthetic EV Finance NBFC,SYN-EV-3W-2025,SYN-B-LN-0459,SYN-B-BR-0459,Synthetic Borrower B0459,Electric three-wheeler,Maharashtra,2025-01-15,2026-09-15,208151.38,138961.3,18.0,48,20,6114.45,0,0
SYNTHETIC_ONLY,demo-nbfc-ev-001,AssureRail Synthetic EV Finance NBFC,SYN-EV-3W-2025,SYN-B-LN-0460,SYN-B-BR-0460,Synthetic Borrower B0460,Electric three-wheeler,Karnataka,2025-02-15,2026-09-15,223988.97,117430.65,14.0,36,19,7655.41,0,0
SYNTHETIC_ONLY,demo-nbfc-ev-001,AssureRail Synthetic EV Finance NBFC,SYN-EV-3W-2025,SYN-B-LN-0461,SYN-B-BR-0461,Synthetic Borrower B0461,Electric three-wheeler,Tamil Nadu,2025-03-15,2026-09-15,239826.58,166122.33,15.0,48,18,6674.55,0,0
SYNTHETIC_ONLY,demo-nbfc-ev-001,AssureRail Synthetic EV Finance NBFC,SYN-EV-3W-2025,SYN-B-LN-0462,SYN-B-BR-0462,Synthetic Borrower B0462,Electric three-wheeler,Maharashtra,2025-04-15,2026-09-15,255664.2,170406.16,16.0,36,14,8988.39,93,3
SYNTHETIC_ONLY,demo-nbfc-ev-001,AssureRail Synthetic EV Finance NBFC,SYN-EV-3W-2025,SYN-B-LN-0463,SYN-B-BR-0463,Synthetic Borrower B0463,Electric three-wheeler,Karnataka,2025-05-15,2026-09-15,271501.79,200446.05,17.0,48,16,7834.2,0,0
SYNTHETIC_ONLY,demo-nbfc-ev-001,AssureRail Synthetic EV Finance NBFC,SYN-EV-3W-2025,SYN-B-LN-0464,SYN-B-BR-0464,Synthetic Borrower B0464,Electric three-wheeler,Tamil Nadu,2025-06-15,2026-09-15,287339.4,185946.76,18.0,36,15,10388.01,0,0
SYNTHETIC_ONLY,demo-nbfc-ev-001,AssureRail Synthetic EV Finance NBFC,SYN-EV-3W-2025,SYN-B-LN-0465,SYN-B-BR-0465,Synthetic Borrower B0465,Electric three-wheeler,Maharashtra,2025-07-15,2026-09-15,303177.01,231425.87,14.0,48,14,8284.76,0,0
SYNTHETIC_ONLY,demo-nbfc-ev-001,AssureRail Synthetic EV Finance NBFC,SYN-EV-3W-2025,SYN-B-LN-0466,SYN-B-BR-0466,Synthetic Borrower B0466,Electric three-wheeler,Karnataka,2025-08-15,2026-09-15,319014.61,219870.41,15.0,36,13,11058.75,0,0
SYNTHETIC_ONLY,demo-nbfc-ev-001,AssureRail Synthetic EV Finance NBFC,SYN-EV-3W-2025,SYN-B-LN-0467,SYN-B-BR-0467,Synthetic Borrower B0467,Electric three-wheeler,Tamil Nadu,2025-09-15,2026-09-15,334852.21,269926.24,16.0,48,12,9489.81,0,0
SYNTHETIC_ONLY,demo-nbfc-ev-001,AssureRail Synthetic EV Finance NBFC,SYN-EV-3W-2025,SYN-B-LN-0468,SYN-B-BR-0468,Synthetic Borrower B0468,Electric three-wheeler,Maharashtra,2025-01-15,2026-09-15,208151.38,111421.19,17.0,36,19,7421.16,30,1
SYNTHETIC_ONLY,demo-nbfc-ev-001,AssureRail Synthetic EV Finance NBFC,SYN-EV-3W-2025,SYN-B-LN-0469,SYN-B-BR-0469,Synthetic Borrower B0469,Electric three-wheeler,Karnataka,2025-02-15,2026-09-15,223988.98,153807.01,18.0,48,19,6579.68,0,0
SYNTHETIC_ONLY,demo-nbfc-ev-001,AssureRail Synthetic EV Finance NBFC,SYN-EV-3W-2025,SYN-B-LN-0470,SYN-B-BR-0470,Synthetic Borrower B0470,Electric three-wheeler,Tamil Nadu,2025-03-15,2026-09-15,239826.58,132386.03,14.0,36,18,8196.7,0,0
SYNTHETIC_ONLY,demo-nbfc-ev-001,AssureRail Synthetic EV Finance NBFC,SYN-EV-3W-2025,SYN-B-LN-0471,SYN-B-BR-0471,Synthetic Borrower B0471,Electric three-wheeler,Maharashtra,2025-04-15,2026-09-15,255664.18,181933.82,15.0,48,17,7115.33,0,0
SYNTHETIC_ONLY,demo-nbfc-ev-001,AssureRail Synthetic EV Finance NBFC,SYN-EV-3W-2025,SYN-B-LN-0472,SYN-B-BR-0472,Synthetic Borrower B0472,Electric three-wheeler,Karnataka,2025-05-15,2026-09-15,271501.79,166602.45,16.0,36,16,9545.2,0,0
SYNTHETIC_ONLY,demo-nbfc-ev-001,AssureRail Synthetic EV Finance NBFC,SYN-EV-3W-2025,SYN-B-LN-0473,SYN-B-BR-0473,Synthetic Borrower B0473,Electric three-wheeler,Tamil Nadu,2025-06-15,2026-09-15,287339.4,217350.79,17.0,48,15,8291.19,0,0
SYNTHETIC_ONLY,demo-nbfc-ev-001,AssureRail Synthetic EV Finance NBFC,SYN-EV-3W-2025,SYN-B-LN-0474,SYN-B-BR-0474,Synthetic Borrower B0474,Electric three-wheeler,Maharashtra,2025-07-15,2026-09-15,303177.0,219544.76,18.0,36,12,10960.57,66,2
SYNTHETIC_ONLY,demo-nbfc-ev-001,AssureRail Synthetic EV Finance NBFC,SYN-EV-3W-2025,SYN-B-LN-0475,SYN-B-BR-0475,Synthetic Borrower B0475,Electric three-wheeler,Karnataka,2025-08-15,2026-09-15,319014.6,249324.04,14.0,48,13,8717.54,0,0
SYNTHETIC_ONLY,demo-nbfc-ev-001,AssureRail Synthetic EV Finance NBFC,SYN-EV-3W-2025,SYN-B-LN-0476,SYN-B-BR-0476,Synthetic Borrower B0476,Electric three-wheeler,Tamil Nadu,2025-09-15,2026-09-15,334852.22,239401.21,15.0,36,12,11607.76,0,0
SYNTHETIC_ONLY,demo-nbfc-ev-001,AssureRail Synthetic EV Finance NBFC,SYN-EV-3W-2025,SYN-B-LN-0477,SYN-B-BR-0477,Synthetic Borrower B0477,Electric three-wheeler,Maharashtra,2025-01-15,2026-09-15,208151.37,137093.09,16.0,48,20,5899.07,0,0
SYNTHETIC_ONLY,demo-nbfc-ev-001,AssureRail Synthetic EV Finance NBFC,SYN-EV-3W-2025,SYN-B-LN-0478,SYN-B-BR-0478,Synthetic Borrower B0478,Electric three-wheeler,Karnataka,2025-02-15,2026-09-15,223988.99,119898.89,17.0,36,19,7985.82,0,0
SYNTHETIC_ONLY,demo-nbfc-ev-001,AssureRail Synthetic EV Finance NBFC,SYN-EV-3W-2025,SYN-B-LN-0479,SYN-B-BR-0479,Synthetic Borrower B0479,Electric three-wheeler,Tamil Nadu,2025-03-15,2026-09-15,239826.59,169189.32,18.0,48,18,7044.91,0,0
SYNTHETIC_ONLY,demo-nbfc-ev-001,AssureRail Synthetic EV Finance NBFC,SYN-EV-3W-2025,SYN-B-LN-0480,SYN-B-BR-0480,Synthetic Borrower B0480,Electric three-wheeler,Maharashtra,2025-04-15,2026-09-15,255664.19,168686.07,14.0,36,14,8738.0,93,3
SYNTHETIC_ONLY,demo-nbfc-ev-001,AssureRail Synthetic EV Finance NBFC,SYN-EV-3W-2025,SYN-B-LN-0481,SYN-B-BR-0481,Synthetic Borrower B0481,Electric three-wheeler,Karnataka,2025-05-15,2026-09-15,271501.79,198281.64,15.0,48,16,7556.1,0,0
SYNTHETIC_ONLY,demo-nbfc-ev-001,AssureRail Synthetic EV Finance NBFC,SYN-EV-3W-2025,SYN-B-LN-0482,SYN-B-BR-0482,Synthetic Borrower B0482,Electric three-wheeler,Tamil Nadu,2025-06-15,2026-09-15,287339.4,183970.0,16.0,36,15,10102.0,0,0
SYNTHETIC_ONLY,demo-nbfc-ev-001,AssureRail Synthetic EV Finance NBFC,SYN-EV-3W-2025,SYN-B-LN-0483,SYN-B-BR-0483,Synthetic Borrower B0483,Electric three-wheeler,Maharashtra,2025-07-15,2026-09-15,303177.0,234753.27,17.0,48,14,8748.19,0,0
SYNTHETIC_ONLY,demo-nbfc-ev-001,AssureRail Synthetic EV Finance NBFC,SYN-EV-3W-2025,SYN-B-LN-0484,SYN-B-BR-0484,Synthetic Borrower B0484,Electric three-wheeler,Karnataka,2025-08-15,2026-09-15,319014.6,222945.57,18.0,36,13,11533.14,0,0
SYNTHETIC_ONLY,demo-nbfc-ev-001,AssureRail Synthetic EV Finance NBFC,SYN-EV-3W-2025,SYN-B-LN-0485,SYN-B-BR-0485,Synthetic Borrower B0485,Electric three-wheeler,Tamil Nadu,2025-09-15,2026-09-15,334852.21,267728.66,14.0,48,12,9150.33,0,0
SYNTHETIC_ONLY,demo-nbfc-ev-001,AssureRail Synthetic EV Finance NBFC,SYN-EV-3W-2025,SYN-B-LN-0486,SYN-B-BR-0486,Synthetic Borrower B0486,Electric three-wheeler,Maharashtra,2025-01-15,2026-09-15,208151.39,109893.55,15.0,36,19,7215.64,30,1
SYNTHETIC_ONLY,demo-nbfc-ev-001,AssureRail Synthetic EV Finance NBFC,SYN-EV-3W-2025,SYN-B-LN-0487,SYN-B-BR-0487,Synthetic Borrower B0487,Electric three-wheeler,Karnataka,2025-02-15,2026-09-15,223988.98,151847.37,16.0,48,19,6347.91,0,0
SYNTHETIC_ONLY,demo-nbfc-ev-001,AssureRail Synthetic EV Finance NBFC,SYN-EV-3W-2025,SYN-B-LN-0488,SYN-B-BR-0488,Synthetic Borrower B0488,Electric three-wheeler,Tamil Nadu,2025-03-15,2026-09-15,239826.6,135014.36,17.0,36,18,8550.47,0,0
SYNTHETIC_ONLY,demo-nbfc-ev-001,AssureRail Synthetic EV Finance NBFC,SYN-EV-3W-2025,SYN-B-LN-0489,SYN-B-BR-0489,Synthetic Borrower B0489,Electric three-wheeler,Maharashtra,2025-04-15,2026-09-15,255664.2,185095.9,18.0,48,17,7510.14,0,0
SYNTHETIC_ONLY,demo-nbfc-ev-001,AssureRail Synthetic EV Finance NBFC,SYN-EV-3W-2025,SYN-B-LN-0490,SYN-B-BR-0490,Synthetic Borrower B0490,Electric three-wheeler,Karnataka,2025-05-15,2026-09-15,271501.8,164673.03,14.0,36,16,9279.29,0,0
SYNTHETIC_ONLY,demo-nbfc-ev-001,AssureRail Synthetic EV Finance NBFC,SYN-EV-3W-2025,SYN-B-LN-0491,SYN-B-BR-0491,Synthetic Borrower B0491,Electric three-wheeler,Tamil Nadu,2025-06-15,2026-09-15,287339.4,215155.5,15.0,48,15,7996.87,0,0
SYNTHETIC_ONLY,demo-nbfc-ev-001,AssureRail Synthetic EV Finance NBFC,SYN-EV-3W-2025,SYN-B-LN-0492,SYN-B-BR-0492,Synthetic Borrower B0492,Electric three-wheeler,Maharashtra,2025-07-15,2026-09-15,303177.01,217690.5,16.0,36,12,10658.8,66,2
SYNTHETIC_ONLY,demo-nbfc-ev-001,AssureRail Synthetic EV Finance NBFC,SYN-EV-3W-2025,SYN-B-LN-0493,SYN-B-BR-0493,Synthetic Borrower B0493,Electric three-wheeler,Karnataka,2025-08-15,2026-09-15,319014.6,252642.57,17.0,48,13,9205.18,0,0
SYNTHETIC_ONLY,demo-nbfc-ev-001,AssureRail Synthetic EV Finance NBFC,SYN-EV-3W-2025,SYN-B-LN-0494,SYN-B-BR-0494,Synthetic Borrower B0494,Electric three-wheeler,Tamil Nadu,2025-09-15,2026-09-15,334852.21,242482.27,18.0,36,12,12105.71,0,0
SYNTHETIC_ONLY,demo-nbfc-ev-001,AssureRail Synthetic EV Finance NBFC,SYN-EV-3W-2025,SYN-B-LN-0495,SYN-B-BR-0495,Synthetic Borrower B0495,Electric three-wheeler,Maharashtra,2025-01-15,2026-09-15,208151.38,135201.86,14.0,48,20,5688.04,0,0
SYNTHETIC_ONLY,demo-nbfc-ev-001,AssureRail Synthetic EV Finance NBFC,SYN-EV-3W-2025,SYN-B-LN-0496,SYN-B-BR-0496,Synthetic Borrower B0496,Electric three-wheeler,Karnataka,2025-02-15,2026-09-15,223988.98,118255.01,15.0,36,19,7764.65,0,0
SYNTHETIC_ONLY,demo-nbfc-ev-001,AssureRail Synthetic EV Finance NBFC,SYN-EV-3W-2025,SYN-B-LN-0497,SYN-B-BR-0497,Synthetic Borrower B0497,Electric three-wheeler,Tamil Nadu,2025-03-15,2026-09-15,239826.58,167152.11,16.0,48,18,6796.75,0,0
SYNTHETIC_ONLY,demo-nbfc-ev-001,AssureRail Synthetic EV Finance NBFC,SYN-EV-3W-2025,SYN-B-LN-0498,SYN-B-BR-0498,Synthetic Borrower B0498,Electric three-wheeler,Maharashtra,2025-04-15,2026-09-15,255664.19,171260.11,17.0,36,14,9115.13,93,3
SYNTHETIC_ONLY,demo-nbfc-ev-001,AssureRail Synthetic EV Finance NBFC,SYN-EV-3W-2025,SYN-B-LN-0499,SYN-B-BR-0499,Synthetic Borrower B0499,Electric three-wheeler,Karnataka,2025-05-15,2026-09-15,271501.8,201514.66,18.0,48,16,7975.37,0,0
SYNTHETIC_ONLY,demo-nbfc-ev-001,AssureRail Synthetic EV Finance NBFC,SYN-EV-3W-2025,SYN-B-LN-0500,SYN-B-BR-0500,Synthetic Borrower B0500,Electric three-wheeler,Tamil Nadu,2025-06-15,2026-09-15,287339.4,181976.48,14.0,36,15,9820.58,0,0
SYNTHETIC_ONLY,demo-nbfc-ev-001,AssureRail Synthetic EV Finance NBFC,SYN-EV-3W-2025,SYN-B-LN-0501,SYN-B-BR-0501,Synthetic Borrower B0501,Electric three-wheeler,Maharashtra,2025-07-15,2026-09-15,303177.01,232545.29,15.0,48,14,8437.64,0,0
SYNTHETIC_ONLY,demo-nbfc-ev-001,AssureRail Synthetic EV Finance NBFC,SYN-EV-3W-2025,SYN-B-LN-0502,SYN-B-BR-0502,Synthetic Borrower B0502,Electric three-wheeler,Karnataka,2025-08-15,2026-09-15,319014.61,220900.95,16.0,36,13,11215.61,0,0
SYNTHETIC_ONLY,demo-nbfc-ev-001,AssureRail Synthetic EV Finance NBFC,SYN-EV-3W-2025,SYN-B-LN-0503,SYN-B-BR-0503,Synthetic Borrower B0503,Electric three-wheeler,Tamil Nadu,2025-09-15,2026-09-15,334852.22,271008.02,17.0,48,12,9662.17,0,0
SYNTHETIC_ONLY,demo-nbfc-ev-001,AssureRail Synthetic EV Finance NBFC,SYN-EV-3W-2025,SYN-B-LN-0504,SYN-B-BR-0504,Synthetic Borrower B0504,Electric three-wheeler,Maharashtra,2025-01-15,2026-09-15,208151.36,112182.6,18.0,36,19,7525.17,30,1
SYNTHETIC_ONLY,demo-nbfc-ev-001,AssureRail Synthetic EV Finance NBFC,SYN-EV-3W-2025,SYN-B-LN-0505,SYN-B-BR-0505,Synthetic Borrower B0505,Electric three-wheeler,Karnataka,2025-02-15,2026-09-15,223988.99,149861.41,14.0,48,19,6120.83,0,0
SYNTHETIC_ONLY,demo-nbfc-ev-001,AssureRail Synthetic EV Finance NBFC,SYN-EV-3W-2025,SYN-B-LN-0506,SYN-B-BR-0506,Synthetic Borrower B0506,Electric three-wheeler,Tamil Nadu,2025-03-15,2026-09-15,239826.59,133264.34,15.0,36,18,8313.67,0,0
SYNTHETIC_ONLY,demo-nbfc-ev-001,AssureRail Synthetic EV Finance NBFC,SYN-EV-3W-2025,SYN-B-LN-0507,SYN-B-BR-0507,Synthetic Borrower B0507,Electric three-wheeler,Maharashtra,2025-04-15,2026-09-15,255664.18,182996.1,16.0,48,17,7245.59,0,0
SYNTHETIC_ONLY,demo-nbfc-ev-001,AssureRail Synthetic EV Finance NBFC,SYN-EV-3W-2025,SYN-B-LN-0508,SYN-B-BR-0508,Synthetic Borrower B0508,Electric three-wheeler,Karnataka,2025-05-15,2026-09-15,271501.79,167561.91,17.0,36,16,9679.78,0,0
SYNTHETIC_ONLY,demo-nbfc-ev-001,AssureRail Synthetic EV Finance NBFC,SYN-EV-3W-2025,SYN-B-LN-0509,SYN-B-BR-0509,Synthetic Borrower B0509,Electric three-wheeler,Tamil Nadu,2025-06-15,2026-09-15,287339.39,218433.76,18.0,48,15,8440.59,0,0
SYNTHETIC_ONLY,demo-nbfc-ev-001,AssureRail Synthetic EV Finance NBFC,SYN-EV-3W-2025,SYN-B-LN-0510,SYN-B-BR-0510,Synthetic Borrower B0510,Electric three-wheeler,Maharashtra,2025-07-15,2026-09-15,303177.01,215814.4,14.0,36,12,10361.87,66,2
SYNTHETIC_ONLY,demo-nbfc-ev-001,AssureRail Synthetic EV Finance NBFC,SYN-EV-3W-2025,SYN-B-LN-0511,SYN-B-BR-0511,Synthetic Borrower B0511,Electric three-wheeler,Karnataka,2025-08-15,2026-09-15,319014.61,250441.08,15.0,48,13,8878.42,0,0
SYNTHETIC_ONLY,demo-nbfc-ev-001,AssureRail Synthetic EV Finance NBFC,SYN-EV-3W-2025,SYN-B-LN-0512,SYN-B-BR-0512,Synthetic Borrower B0512,Electric three-wheeler,Tamil Nadu,2025-09-15,2026-09-15,334852.21,240434.28,16.0,36,12,11772.41,0,0
SYNTHETIC_ONLY,demo-nbfc-ev-001,AssureRail Synthetic EV Finance NBFC,SYN-EV-3W-2025,SYN-B-LN-0513,SYN-B-BR-0513,Synthetic Borrower B0513,Electric three-wheeler,Maharashtra,2025-01-15,2026-09-15,208151.39,138030.15,17.0,48,20,6006.22,0,0
SYNTHETIC_ONLY,demo-nbfc-ev-001,AssureRail Synthetic EV Finance NBFC,SYN-EV-3W-2025,SYN-B-LN-0514,SYN-B-BR-0514,Synthetic Borrower B0514,Electric three-wheeler,Karnataka,2025-02-15,2026-09-15,223988.98,120718.24,18.0,36,19,8097.74,0,0
SYNTHETIC_ONLY,demo-nbfc-ev-001,AssureRail Synthetic EV Finance NBFC,SYN-EV-3W-2025,SYN-B-LN-0515,SYN-B-BR-0515,Synthetic Borrower B0515,Electric three-wheeler,Tamil Nadu,2025-03-15,2026-09-15,239826.59,165085.29,14.0,48,18,6553.62,0,0
SYNTHETIC_ONLY,demo-nbfc-ev-001,AssureRail Synthetic EV Finance NBFC,SYN-EV-3W-2025,SYN-B-LN-0516,SYN-B-BR-0516,Synthetic Borrower B0516,Electric three-wheeler,Maharashtra,2025-04-15,2026-09-15,255664.19,169548.12,15.0,36,14,8862.68,93,3
SYNTHETIC_ONLY,demo-nbfc-ev-001,AssureRail Synthetic EV Finance NBFC,SYN-EV-3W-2025,SYN-B-LN-0517,SYN-B-BR-0517,Synthetic Borrower B0517,Electric three-wheeler,Karnataka,2025-05-15,2026-09-15,271501.8,199368.34,16.0,48,16,7694.44,0,0
SYNTHETIC_ONLY,demo-nbfc-ev-001,AssureRail Synthetic EV Finance NBFC,SYN-EV-3W-2025,SYN-B-LN-0518,SYN-B-BR-0518,Synthetic Borrower B0518,Electric three-wheeler,Tamil Nadu,2025-06-15,2026-09-15,287339.41,184960.52,17.0,36,15,10244.43,0,0
SYNTHETIC_ONLY,demo-nbfc-ev-001,AssureRail Synthetic EV Finance NBFC,SYN-EV-3W-2025,SYN-B-LN-0519,SYN-B-BR-0519,Synthetic Borrower B0519,Electric three-wheeler,Maharashtra,2025-07-15,2026-09-15,303177.01,235841.63,18.0,48,14,8905.82,0,0
SYNTHETIC_ONLY,demo-nbfc-ev-001,AssureRail Synthetic EV Finance NBFC,SYN-EV-3W-2025,SYN-B-LN-0520,SYN-B-BR-0520,Synthetic Borrower B0520,Electric three-wheeler,Karnataka,2025-08-15,2026-09-15,319014.61,218834.48,14.0,36,13,10903.16,0,0
SYNTHETIC_ONLY,demo-nbfc-ev-001,AssureRail Synthetic EV Finance NBFC,SYN-EV-3W-2025,SYN-B-LN-0521,SYN-B-BR-0521,Synthetic Borrower B0521,Electric three-wheeler,Tamil Nadu,2025-09-15,2026-09-15,334852.22,268833.1,15.0,48,12,9319.19,0,0
SYNTHETIC_ONLY,demo-nbfc-ev-001,AssureRail Synthetic EV Finance NBFC,SYN-EV-3W-2025,SYN-B-LN-0522,SYN-B-BR-0522,Synthetic Borrower B0522,Electric three-wheeler,Maharashtra,2025-01-15,2026-09-15,208151.38,110658.14,16.0,36,19,7317.98,30,1
SYNTHETIC_ONLY,demo-nbfc-ev-001,AssureRail Synthetic EV Finance NBFC,SYN-EV-3W-2025,SYN-B-LN-0523,SYN-B-BR-0523,Synthetic Borrower B0523,Electric three-wheeler,Karnataka,2025-02-15,2026-09-15,223988.98,152830.55,17.0,48,19,6463.21,0,0
SYNTHETIC_ONLY,demo-nbfc-ev-001,AssureRail Synthetic EV Finance NBFC,SYN-EV-3W-2025,SYN-B-LN-0524,SYN-B-BR-0524,Synthetic Borrower B0524,Electric three-wheeler,Tamil Nadu,2025-03-15,2026-09-15,239826.58,135885.89,18.0,36,18,8670.31,0,0
SYNTHETIC_ONLY,demo-nbfc-ev-001,AssureRail Synthetic EV Finance NBFC,SYN-EV-3W-2025,SYN-B-LN-0525,SYN-B-BR-0525,Synthetic Borrower B0525,Electric three-wheeler,Maharashtra,2025-04-15,2026-09-15,255664.19,180863.47,14.0,48,17,6986.4,0,0
SYNTHETIC_ONLY,demo-nbfc-ev-001,AssureRail Synthetic EV Finance NBFC,SYN-EV-3W-2025,SYN-B-LN-0526,SYN-B-BR-0526,Synthetic Borrower B0526,Electric three-wheeler,Karnataka,2025-05-15,2026-09-15,271501.79,165639.46,15.0,36,16,9411.7,0,0
SYNTHETIC_ONLY,demo-nbfc-ev-001,AssureRail Synthetic EV Finance NBFC,SYN-EV-3W-2025,SYN-B-LN-0527,SYN-B-BR-0527,Synthetic Borrower B0527,Electric three-wheeler,Tamil Nadu,2025-06-15,2026-09-15,287339.39,216257.99,16.0,48,15,8143.28,0,0
SYNTHETIC_ONLY,demo-nbfc-ev-001,AssureRail Synthetic EV Finance NBFC,SYN-EV-3W-2025,SYN-B-LN-0528,SYN-B-BR-0528,Synthetic Borrower B0528,Electric three-wheeler,Maharashtra,2025-07-15,2026-09-15,303177.02,218620.4,17.0,36,12,10809.09,66,2
SYNTHETIC_ONLY,demo-nbfc-ev-001,AssureRail Synthetic EV Finance NBFC,SYN-EV-3W-2025,SYN-B-LN-0529,SYN-B-BR-0529,Synthetic Borrower B0529,Electric three-wheeler,Karnataka,2025-08-15,2026-09-15,319014.61,253726.86,18.0,48,13,9371.05,0,0
SYNTHETIC_ONLY,demo-nbfc-ev-001,AssureRail Synthetic EV Finance NBFC,SYN-EV-3W-2025,SYN-B-LN-0530,SYN-B-BR-0530,Synthetic Borrower B0530,Electric three-wheeler,Tamil Nadu,2025-09-15,2026-09-15,334852.22,238362.17,14.0,36,12,11444.46,0,0
SYNTHETIC_ONLY,demo-nbfc-ev-001,AssureRail Synthetic EV Finance NBFC,SYN-EV-3W-2025,SYN-B-LN-0531,SYN-B-BR-0531,Synthetic Borrower B0531,Electric three-wheeler,Maharashtra,2025-01-15,2026-09-15,208151.38,136150.29,15.0,48,20,5793.01,0,0
SYNTHETIC_ONLY,demo-nbfc-ev-001,AssureRail Synthetic EV Finance NBFC,SYN-EV-3W-2025,SYN-B-LN-0532,SYN-B-BR-0532,Synthetic Borrower B0532,Electric three-wheeler,Karnataka,2025-02-15,2026-09-15,223988.98,119077.78,16.0,36,19,7874.79,0,0
SYNTHETIC_ONLY,demo-nbfc-ev-001,AssureRail Synthetic EV Finance NBFC,SYN-EV-3W-2025,SYN-B-LN-0533,SYN-B-BR-0533,Synthetic Borrower B0533,Electric three-wheeler,Tamil Nadu,2025-03-15,2026-09-15,239826.58,168174.48,17.0,48,18,6920.21,0,0
SYNTHETIC_ONLY,demo-nbfc-ev-001,AssureRail Synthetic EV Finance NBFC,SYN-EV-3W-2025,SYN-B-LN-0534,SYN-B-BR-0534,Synthetic Borrower B0534,Electric three-wheeler,Maharashtra,2025-04-15,2026-09-15,255664.19,172109.91,18.0,36,14,9242.87,93,3
SYNTHETIC_ONLY,demo-nbfc-ev-001,AssureRail Synthetic EV Finance NBFC,SYN-EV-3W-2025,SYN-B-LN-0535,SYN-B-BR-0535,Synthetic Borrower B0535,Electric three-wheeler,Karnataka,2025-05-15,2026-09-15,271501.8,197186.09,14.0,48,16,7419.19,0,0
SYNTHETIC_ONLY,demo-nbfc-ev-001,AssureRail Synthetic EV Finance NBFC,SYN-EV-3W-2025,SYN-B-LN-0536,SYN-B-BR-0536,Synthetic Borrower B0536,Electric three-wheeler,Tamil Nadu,2025-06-15,2026-09-15,287339.4,182975.29,15.0,36,15,9960.71,0,0
SYNTHETIC_ONLY,demo-nbfc-ev-001,AssureRail Synthetic EV Finance NBFC,SYN-EV-3W-2025,SYN-B-LN-0537,SYN-B-BR-0537,Synthetic Borrower B0537,Electric three-wheeler,Maharashtra,2025-07-15,2026-09-15,303177.01,233654.46,16.0,48,14,8592.12,0,0
SYNTHETIC_ONLY,demo-nbfc-ev-001,AssureRail Synthetic EV Finance NBFC,SYN-EV-3W-2025,SYN-B-LN-0538,SYN-B-BR-0538,Synthetic Borrower B0538,Electric three-wheeler,Karnataka,2025-08-15,2026-09-15,319014.61,221926.03,17.0,36,13,11373.74,0,0
SYNTHETIC_ONLY,demo-nbfc-ev-001,AssureRail Synthetic EV Finance NBFC,SYN-EV-3W-2025,SYN-B-LN-0539,SYN-B-BR-0539,Synthetic Borrower B0539,Electric three-wheeler,Tamil Nadu,2025-09-15,2026-09-15,334852.22,272078.34,18.0,48,12,9836.28,0,0
SYNTHETIC_ONLY,demo-nbfc-ev-001,AssureRail Synthetic EV Finance NBFC,SYN-EV-3W-2025,SYN-B-LN-0540,SYN-B-BR-0540,Synthetic Borrower B0540,Electric three-wheeler,Maharashtra,2025-01-15,2026-09-15,208151.38,109127.48,14.0,36,19,7114.12,30,1
SYNTHETIC_ONLY,demo-nbfc-ev-001,AssureRail Synthetic EV Finance NBFC,SYN-EV-3W-2025,SYN-B-LN-0541,SYN-B-BR-0541,Synthetic Borrower B0541,Electric three-wheeler,Karnataka,2025-02-15,2026-09-15,223988.98,150857.61,15.0,48,19,6233.78,0,0
SYNTHETIC_ONLY,demo-nbfc-ev-001,AssureRail Synthetic EV Finance NBFC,SYN-EV-3W-2025,SYN-B-LN-0542,SYN-B-BR-0542,Synthetic Borrower B0542,Electric three-wheeler,Tamil Nadu,2025-03-15,2026-09-15,239826.6,134140.48,16.0,36,18,8431.59,0,0
SYNTHETIC_ONLY,demo-nbfc-ev-001,AssureRail Synthetic EV Finance NBFC,SYN-EV-3W-2025,SYN-B-LN-0543,SYN-B-BR-0543,Synthetic Borrower B0543,Electric three-wheeler,Maharashtra,2025-04-15,2026-09-15,255664.19,184050.17,17.0,48,17,7377.2,0,0
SYNTHETIC_ONLY,demo-nbfc-ev-001,AssureRail Synthetic EV Finance NBFC,SYN-EV-3W-2025,SYN-B-LN-0544,SYN-B-BR-0544,Synthetic Borrower B0544,Electric three-wheeler,Karnataka,2025-05-15,2026-09-15,271501.8,168517.75,18.0,36,16,9815.44,0,0
SYNTHETIC_ONLY,demo-nbfc-ev-001,AssureRail Synthetic EV Finance NBFC,SYN-EV-3W-2025,SYN-B-LN-0545,SYN-B-BR-0545,Synthetic Borrower B0545,Electric three-wheeler,Tamil Nadu,2025-06-15,2026-09-15,287339.4,214043.41,14.0,48,15,7851.97,0,0
SYNTHETIC_ONLY,demo-nbfc-ev-001,AssureRail Synthetic EV Finance NBFC,SYN-EV-3W-2025,SYN-B-LN-0546,SYN-B-BR-0546,Synthetic Borrower B0546,Electric three-wheeler,Maharashtra,2025-07-15,2026-09-15,303177.0,216755.14,15.0,36,12,10509.73,66,2
SYNTHETIC_ONLY,demo-nbfc-ev-001,AssureRail Synthetic EV Finance NBFC,SYN-EV-3W-2025,SYN-B-LN-0547,SYN-B-BR-0547,Synthetic Borrower B0547,Electric three-wheeler,Karnataka,2025-08-15,2026-09-15,319014.61,251547.29,16.0,48,13,9040.96,0,0
SYNTHETIC_ONLY,demo-nbfc-ev-001,AssureRail Synthetic EV Finance NBFC,SYN-EV-3W-2025,SYN-B-LN-0548,SYN-B-BR-0548,Synthetic Borrower B0548,Electric three-wheeler,Tamil Nadu,2025-09-15,2026-09-15,334852.22,241461.33,17.0,36,12,11938.39,0,0
SYNTHETIC_ONLY,demo-nbfc-ev-001,AssureRail Synthetic EV Finance NBFC,SYN-EV-3W-2025,SYN-B-LN-0549,SYN-B-BR-0549,Synthetic Borrower B0549,Electric three-wheeler,Maharashtra,2025-01-15,2026-09-15,208151.38,138961.3,18.0,48,20,6114.45,0,0
SYNTHETIC_ONLY,demo-nbfc-ev-001,AssureRail Synthetic EV Finance NBFC,SYN-EV-3W-2025,SYN-B-LN-0550,SYN-B-BR-0550,Synthetic Borrower B0550,Electric three-wheeler,Karnataka,2025-02-15,2026-09-15,223988.97,117430.65,14.0,36,19,7655.41,0,0
SYNTHETIC_ONLY,demo-nbfc-ev-001,AssureRail Synthetic EV Finance NBFC,SYN-EV-3W-2025,SYN-B-LN-0551,SYN-B-BR-0551,Synthetic Borrower B0551,Electric three-wheeler,Tamil Nadu,2025-03-15,2026-09-15,239826.58,166122.33,15.0,48,18,6674.55,0,0
SYNTHETIC_ONLY,demo-nbfc-ev-001,AssureRail Synthetic EV Finance NBFC,SYN-EV-3W-2025,SYN-B-LN-0552,SYN-B-BR-0552,Synthetic Borrower B0552,Electric three-wheeler,Maharashtra,2025-04-15,2026-09-15,255664.2,170406.16,16.0,36,14,8988.39,93,3
SYNTHETIC_ONLY,demo-nbfc-ev-001,AssureRail Synthetic EV Finance NBFC,SYN-EV-3W-2025,SYN-B-LN-0553,SYN-B-BR-0553,Synthetic Borrower B0553,Electric three-wheeler,Karnataka,2025-05-15,2026-09-15,271501.79,200446.05,17.0,48,16,7834.2,0,0
SYNTHETIC_ONLY,demo-nbfc-ev-001,AssureRail Synthetic EV Finance NBFC,SYN-EV-3W-2025,SYN-B-LN-0554,SYN-B-BR-0554,Synthetic Borrower B0554,Electric three-wheeler,Tamil Nadu,2025-06-15,2026-09-15,287339.4,185946.76,18.0,36,15,10388.01,0,0
SYNTHETIC_ONLY,demo-nbfc-ev-001,AssureRail Synthetic EV Finance NBFC,SYN-EV-3W-2025,SYN-B-LN-0555,SYN-B-BR-0555,Synthetic Borrower B0555,Electric three-wheeler,Maharashtra,2025-07-15,2026-09-15,303177.01,231425.87,14.0,48,14,8284.76,0,0
SYNTHETIC_ONLY,demo-nbfc-ev-001,AssureRail Synthetic EV Finance NBFC,SYN-EV-3W-2025,SYN-B-LN-0556,SYN-B-BR-0556,Synthetic Borrower B0556,Electric three-wheeler,Karnataka,2025-08-15,2026-09-15,319014.61,219870.41,15.0,36,13,11058.75,0,0
SYNTHETIC_ONLY,demo-nbfc-ev-001,AssureRail Synthetic EV Finance NBFC,SYN-EV-3W-2025,SYN-B-LN-0557,SYN-B-BR-0557,Synthetic Borrower B0557,Electric three-wheeler,Tamil Nadu,2025-09-15,2026-09-15,334852.21,269926.24,16.0,48,12,9489.81,0,0
SYNTHETIC_ONLY,demo-nbfc-ev-001,AssureRail Synthetic EV Finance NBFC,SYN-EV-3W-2025,SYN-B-LN-0558,SYN-B-BR-0558,Synthetic Borrower B0558,Electric three-wheeler,Maharashtra,2025-01-15,2026-09-15,208151.38,111421.19,17.0,36,19,7421.16,30,1
SYNTHETIC_ONLY,demo-nbfc-ev-001,AssureRail Synthetic EV Finance NBFC,SYN-EV-3W-2025,SYN-B-LN-0559,SYN-B-BR-0559,Synthetic Borrower B0559,Electric three-wheeler,Karnataka,2025-02-15,2026-09-15,223988.98,153807.01,18.0,48,19,6579.68,0,0
SYNTHETIC_ONLY,demo-nbfc-ev-001,AssureRail Synthetic EV Finance NBFC,SYN-EV-3W-2025,SYN-B-LN-0560,SYN-B-BR-0560,Synthetic Borrower B0560,Electric three-wheeler,Tamil Nadu,2025-03-15,2026-09-15,239826.58,132386.03,14.0,36,18,8196.7,0,0
SYNTHETIC_ONLY,demo-nbfc-ev-001,AssureRail Synthetic EV Finance NBFC,SYN-EV-3W-2025,SYN-B-LN-0561,SYN-B-BR-0561,Synthetic Borrower B0561,Electric three-wheeler,Maharashtra,2025-04-15,2026-09-15,255664.18,181933.82,15.0,48,17,7115.33,0,0
SYNTHETIC_ONLY,demo-nbfc-ev-001,AssureRail Synthetic EV Finance NBFC,SYN-EV-3W-2025,SYN-B-LN-0562,SYN-B-BR-0562,Synthetic Borrower B0562,Electric three-wheeler,Karnataka,2025-05-15,2026-09-15,271501.79,166602.45,16.0,36,16,9545.2,0,0
SYNTHETIC_ONLY,demo-nbfc-ev-001,AssureRail Synthetic EV Finance NBFC,SYN-EV-3W-2025,SYN-B-LN-0563,SYN-B-BR-0563,Synthetic Borrower B0563,Electric three-wheeler,Tamil Nadu,2025-06-15,2026-09-15,287339.4,217350.79,17.0,48,15,8291.19,0,0
SYNTHETIC_ONLY,demo-nbfc-ev-001,AssureRail Synthetic EV Finance NBFC,SYN-EV-3W-2025,SYN-B-LN-0564,SYN-B-BR-0564,Synthetic Borrower B0564,Electric three-wheeler,Maharashtra,2025-07-15,2026-09-15,303177.0,219544.76,18.0,36,12,10960.57,66,2
SYNTHETIC_ONLY,demo-nbfc-ev-001,AssureRail Synthetic EV Finance NBFC,SYN-EV-3W-2025,SYN-B-LN-0565,SYN-B-BR-0565,Synthetic Borrower B0565,Electric three-wheeler,Karnataka,2025-08-15,2026-09-15,319014.6,249324.04,14.0,48,13,8717.54,0,0
SYNTHETIC_ONLY,demo-nbfc-ev-001,AssureRail Synthetic EV Finance NBFC,SYN-EV-3W-2025,SYN-B-LN-0566,SYN-B-BR-0566,Synthetic Borrower B0566,Electric three-wheeler,Tamil Nadu,2025-09-15,2026-09-15,334852.22,239401.21,15.0,36,12,11607.76,0,0
SYNTHETIC_ONLY,demo-nbfc-ev-001,AssureRail Synthetic EV Finance NBFC,SYN-EV-3W-2025,SYN-B-LN-0567,SYN-B-BR-0567,Synthetic Borrower B0567,Electric three-wheeler,Maharashtra,2025-01-15,2026-09-15,208151.37,137093.09,16.0,48,20,5899.07,0,0
SYNTHETIC_ONLY,demo-nbfc-ev-001,AssureRail Synthetic EV Finance NBFC,SYN-EV-3W-2025,SYN-B-LN-0568,SYN-B-BR-0568,Synthetic Borrower B0568,Electric three-wheeler,Karnataka,2025-02-15,2026-09-15,223988.99,119898.89,17.0,36,19,7985.82,0,0
SYNTHETIC_ONLY,demo-nbfc-ev-001,AssureRail Synthetic EV Finance NBFC,SYN-EV-3W-2025,SYN-B-LN-0569,SYN-B-BR-0569,Synthetic Borrower B0569,Electric three-wheeler,Tamil Nadu,2025-03-15,2026-09-15,239826.59,169189.32,18.0,48,18,7044.91,0,0
SYNTHETIC_ONLY,demo-nbfc-ev-001,AssureRail Synthetic EV Finance NBFC,SYN-EV-3W-2025,SYN-B-LN-0570,SYN-B-BR-0570,Synthetic Borrower B0570,Electric three-wheeler,Maharashtra,2025-04-15,2026-09-15,255664.19,168686.07,14.0,36,14,8738.0,93,3
SYNTHETIC_ONLY,demo-nbfc-ev-001,AssureRail Synthetic EV Finance NBFC,SYN-EV-3W-2025,SYN-B-LN-0571,SYN-B-BR-0571,Synthetic Borrower B0571,Electric three-wheeler,Karnataka,2025-05-15,2026-09-15,271501.79,198281.64,15.0,48,16,7556.1,0,0
SYNTHETIC_ONLY,demo-nbfc-ev-001,AssureRail Synthetic EV Finance NBFC,SYN-EV-3W-2025,SYN-B-LN-0572,SYN-B-BR-0572,Synthetic Borrower B0572,Electric three-wheeler,Tamil Nadu,2025-06-15,2026-09-15,287339.4,183970.0,16.0,36,15,10102.0,0,0
SYNTHETIC_ONLY,demo-nbfc-ev-001,AssureRail Synthetic EV Finance NBFC,SYN-EV-3W-2025,SYN-B-LN-0573,SYN-B-BR-0573,Synthetic Borrower B0573,Electric three-wheeler,Maharashtra,2025-07-15,2026-09-15,303177.0,234753.27,17.0,48,14,8748.19,0,0
SYNTHETIC_ONLY,demo-nbfc-ev-001,AssureRail Synthetic EV Finance NBFC,SYN-EV-3W-2025,SYN-B-LN-0574,SYN-B-BR-0574,Synthetic Borrower B0574,Electric three-wheeler,Karnataka,2025-08-15,2026-09-15,319014.6,222945.57,18.0,36,13,11533.14,0,0
SYNTHETIC_ONLY,demo-nbfc-ev-001,AssureRail Synthetic EV Finance NBFC,SYN-EV-3W-2025,SYN-B-LN-0575,SYN-B-BR-0575,Synthetic Borrower B0575,Electric three-wheeler,Tamil Nadu,2025-09-15,2026-09-15,334852.21,267728.66,14.0,48,12,9150.33,0,0
SYNTHETIC_ONLY,demo-nbfc-ev-001,AssureRail Synthetic EV Finance NBFC,SYN-EV-3W-2025,SYN-B-LN-0576,SYN-B-BR-0576,Synthetic Borrower B0576,Electric three-wheeler,Maharashtra,2025-01-15,2026-09-15,208151.39,109893.55,15.0,36,19,7215.64,30,1
SYNTHETIC_ONLY,demo-nbfc-ev-001,AssureRail Synthetic EV Finance NBFC,SYN-EV-3W-2025,SYN-B-LN-0577,SYN-B-BR-0577,Synthetic Borrower B0577,Electric three-wheeler,Karnataka,2025-02-15,2026-09-15,223988.98,151847.37,16.0,48,19,6347.91,0,0
SYNTHETIC_ONLY,demo-nbfc-ev-001,AssureRail Synthetic EV Finance NBFC,SYN-EV-3W-2025,SYN-B-LN-0578,SYN-B-BR-0578,Synthetic Borrower B0578,Electric three-wheeler,Tamil Nadu,2025-03-15,2026-09-15,239826.6,135014.36,17.0,36,18,8550.47,0,0
SYNTHETIC_ONLY,demo-nbfc-ev-001,AssureRail Synthetic EV Finance NBFC,SYN-EV-3W-2025,SYN-B-LN-0579,SYN-B-BR-0579,Synthetic Borrower B0579,Electric three-wheeler,Maharashtra,2025-04-15,2026-09-15,255664.2,185095.9,18.0,48,17,7510.14,0,0
SYNTHETIC_ONLY,demo-nbfc-ev-001,AssureRail Synthetic EV Finance NBFC,SYN-EV-3W-2025,SYN-B-LN-0580,SYN-B-BR-0580,Synthetic Borrower B0580,Electric three-wheeler,Karnataka,2025-05-15,2026-09-15,271501.8,164673.03,14.0,36,16,9279.29,0,0
SYNTHETIC_ONLY,demo-nbfc-ev-001,AssureRail Synthetic EV Finance NBFC,SYN-EV-3W-2025,SYN-B-LN-0581,SYN-B-BR-0581,Synthetic Borrower B0581,Electric three-wheeler,Tamil Nadu,2025-06-15,2026-09-15,287339.4,215155.5,15.0,48,15,7996.87,0,0
SYNTHETIC_ONLY,demo-nbfc-ev-001,AssureRail Synthetic EV Finance NBFC,SYN-EV-3W-2025,SYN-B-LN-0582,SYN-B-BR-0582,Synthetic Borrower B0582,Electric three-wheeler,Maharashtra,2025-07-15,2026-09-15,303177.01,217690.5,16.0,36,12,10658.8,66,2
SYNTHETIC_ONLY,demo-nbfc-ev-001,AssureRail Synthetic EV Finance NBFC,SYN-EV-3W-2025,SYN-B-LN-0583,SYN-B-BR-0583,Synthetic Borrower B0583,Electric three-wheeler,Karnataka,2025-08-15,2026-09-15,319014.6,252642.57,17.0,48,13,9205.18,0,0
SYNTHETIC_ONLY,demo-nbfc-ev-001,AssureRail Synthetic EV Finance NBFC,SYN-EV-3W-2025,SYN-B-LN-0584,SYN-B-BR-0584,Synthetic Borrower B0584,Electric three-wheeler,Tamil Nadu,2025-09-15,2026-09-15,334852.21,242482.27,18.0,36,12,12105.71,0,0
SYNTHETIC_ONLY,demo-nbfc-ev-001,AssureRail Synthetic EV Finance NBFC,SYN-EV-3W-2025,SYN-B-LN-0585,SYN-B-BR-0585,Synthetic Borrower B0585,Electric three-wheeler,Maharashtra,2025-01-15,2026-09-15,208151.38,135201.86,14.0,48,20,5688.04,0,0
SYNTHETIC_ONLY,demo-nbfc-ev-001,AssureRail Synthetic EV Finance NBFC,SYN-EV-3W-2025,SYN-B-LN-0586,SYN-B-BR-0586,Synthetic Borrower B0586,Electric three-wheeler,Karnataka,2025-02-15,2026-09-15,223988.98,118255.01,15.0,36,19,7764.65,0,0
SYNTHETIC_ONLY,demo-nbfc-ev-001,AssureRail Synthetic EV Finance NBFC,SYN-EV-3W-2025,SYN-B-LN-0587,SYN-B-BR-0587,Synthetic Borrower B0587,Electric three-wheeler,Tamil Nadu,2025-03-15,2026-09-15,239826.58,167152.11,16.0,48,18,6796.75,0,0
SYNTHETIC_ONLY,demo-nbfc-ev-001,AssureRail Synthetic EV Finance NBFC,SYN-EV-3W-2025,SYN-B-LN-0588,SYN-B-BR-0588,Synthetic Borrower B0588,Electric three-wheeler,Maharashtra,2025-04-15,2026-09-15,255664.19,171260.11,17.0,36,14,9115.13,93,3
SYNTHETIC_ONLY,demo-nbfc-ev-001,AssureRail Synthetic EV Finance NBFC,SYN-EV-3W-2025,SYN-B-LN-0589,SYN-B-BR-0589,Synthetic Borrower B0589,Electric three-wheeler,Karnataka,2025-05-15,2026-09-15,271501.8,201514.66,18.0,48,16,7975.37,0,0
SYNTHETIC_ONLY,demo-nbfc-ev-001,AssureRail Synthetic EV Finance NBFC,SYN-EV-3W-2025,SYN-B-LN-0590,SYN-B-BR-0590,Synthetic Borrower B0590,Electric three-wheeler,Tamil Nadu,2025-06-15,2026-09-15,287339.4,181976.48,14.0,36,15,9820.58,0,0
SYNTHETIC_ONLY,demo-nbfc-ev-001,AssureRail Synthetic EV Finance NBFC,SYN-EV-3W-2025,SYN-B-LN-0591,SYN-B-BR-0591,Synthetic Borrower B0591,Electric three-wheeler,Maharashtra,2025-07-15,2026-09-15,303177.01,232545.29,15.0,48,14,8437.64,0,0
SYNTHETIC_ONLY,demo-nbfc-ev-001,AssureRail Synthetic EV Finance NBFC,SYN-EV-3W-2025,SYN-B-LN-0592,SYN-B-BR-0592,Synthetic Borrower B0592,Electric three-wheeler,Karnataka,2025-08-15,2026-09-15,319014.61,220900.95,16.0,36,13,11215.61,0,0
SYNTHETIC_ONLY,demo-nbfc-ev-001,AssureRail Synthetic EV Finance NBFC,SYN-EV-3W-2025,SYN-B-LN-0593,SYN-B-BR-0593,Synthetic Borrower B0593,Electric three-wheeler,Tamil Nadu,2025-09-15,2026-09-15,334852.22,271008.02,17.0,48,12,9662.17,0,0
SYNTHETIC_ONLY,demo-nbfc-ev-001,AssureRail Synthetic EV Finance NBFC,SYN-EV-3W-2025,SYN-B-LN-0594,SYN-B-BR-0594,Synthetic Borrower B0594,Electric three-wheeler,Maharashtra,2025-01-15,2026-09-15,208151.36,112182.6,18.0,36,19,7525.17,30,1
SYNTHETIC_ONLY,demo-nbfc-ev-001,AssureRail Synthetic EV Finance NBFC,SYN-EV-3W-2025,SYN-B-LN-0595,SYN-B-BR-0595,Synthetic Borrower B0595,Electric three-wheeler,Karnataka,2025-02-15,2026-09-15,223988.99,149861.41,14.0,48,19,6120.83,0,0
SYNTHETIC_ONLY,demo-nbfc-ev-001,AssureRail Synthetic EV Finance NBFC,SYN-EV-3W-2025,SYN-B-LN-0596,SYN-B-BR-0596,Synthetic Borrower B0596,Electric three-wheeler,Tamil Nadu,2025-03-15,2026-09-15,239826.59,133264.34,15.0,36,18,8313.67,0,0
SYNTHETIC_ONLY,demo-nbfc-ev-001,AssureRail Synthetic EV Finance NBFC,SYN-EV-3W-2025,SYN-B-LN-0597,SYN-B-BR-0597,Synthetic Borrower B0597,Electric three-wheeler,Maharashtra,2025-04-15,2026-09-15,255664.18,182996.1,16.0,48,17,7245.59,0,0
SYNTHETIC_ONLY,demo-nbfc-ev-001,AssureRail Synthetic EV Finance NBFC,SYN-EV-3W-2025,SYN-B-LN-0598,SYN-B-BR-0598,Synthetic Borrower B0598,Electric three-wheeler,Karnataka,2025-05-15,2026-09-15,271501.79,167561.91,17.0,36,16,9679.78,0,0
SYNTHETIC_ONLY,demo-nbfc-ev-001,AssureRail Synthetic EV Finance NBFC,SYN-EV-3W-2025,SYN-B-LN-0599,SYN-B-BR-0599,Synthetic Borrower B0599,Electric three-wheeler,Tamil Nadu,2025-06-15,2026-09-15,287339.39,218433.76,18.0,48,15,8440.59,0,0
SYNTHETIC_ONLY,demo-nbfc-ev-001,AssureRail Synthetic EV Finance NBFC,SYN-EV-3W-2025,SYN-B-LN-0600,SYN-B-BR-0600,Synthetic Borrower B0600,Electric three-wheeler,Maharashtra,2025-07-15,2026-09-15,303177.01,215814.4,14.0,36,12,10361.87,66,2
SYNTHETIC_ONLY,demo-nbfc-ev-001,AssureRail Synthetic EV Finance NBFC,SYN-EV-3W-2025,SYN-B-LN-0601,SYN-B-BR-0601,Synthetic Borrower B0601,Electric three-wheeler,Karnataka,2025-08-15,2026-09-15,319014.61,250441.08,15.0,48,13,8878.42,0,0
SYNTHETIC_ONLY,demo-nbfc-ev-001,AssureRail Synthetic EV Finance NBFC,SYN-EV-3W-2025,SYN-B-LN-0602,SYN-B-BR-0602,Synthetic Borrower B0602,Electric three-wheeler,Tamil Nadu,2025-09-15,2026-09-15,334852.21,240434.28,16.0,36,12,11772.41,0,0
SYNTHETIC_ONLY,demo-nbfc-ev-001,AssureRail Synthetic EV Finance NBFC,SYN-EV-3W-2025,SYN-B-LN-0603,SYN-B-BR-0603,Synthetic Borrower B0603,Electric three-wheeler,Maharashtra,2025-01-15,2026-09-15,208151.39,138030.15,17.0,48,20,6006.22,0,0
SYNTHETIC_ONLY,demo-nbfc-ev-001,AssureRail Synthetic EV Finance NBFC,SYN-EV-3W-2025,SYN-B-LN-0604,SYN-B-BR-0604,Synthetic Borrower B0604,Electric three-wheeler,Karnataka,2025-02-15,2026-09-15,223988.98,120718.24,18.0,36,19,8097.74,0,0
SYNTHETIC_ONLY,demo-nbfc-ev-001,AssureRail Synthetic EV Finance NBFC,SYN-EV-3W-2025,SYN-B-LN-0605,SYN-B-BR-0605,Synthetic Borrower B0605,Electric three-wheeler,Tamil Nadu,2025-03-15,2026-09-15,239826.59,165085.29,14.0,48,18,6553.62,0,0
SYNTHETIC_ONLY,demo-nbfc-ev-001,AssureRail Synthetic EV Finance NBFC,SYN-EV-3W-2025,SYN-B-LN-0606,SYN-B-BR-0606,Synthetic Borrower B0606,Electric three-wheeler,Maharashtra,2025-04-15,2026-09-15,255664.19,169548.12,15.0,36,14,8862.68,93,3
SYNTHETIC_ONLY,demo-nbfc-ev-001,AssureRail Synthetic EV Finance NBFC,SYN-EV-3W-2025,SYN-B-LN-0607,SYN-B-BR-0607,Synthetic Borrower B0607,Electric three-wheeler,Karnataka,2025-05-15,2026-09-15,271501.8,199368.34,16.0,48,16,7694.44,0,0
SYNTHETIC_ONLY,demo-nbfc-ev-001,AssureRail Synthetic EV Finance NBFC,SYN-EV-3W-2025,SYN-B-LN-0608,SYN-B-BR-0608,Synthetic Borrower B0608,Electric three-wheeler,Tamil Nadu,2025-06-15,2026-09-15,287339.41,184960.52,17.0,36,15,10244.43,0,0
SYNTHETIC_ONLY,demo-nbfc-ev-001,AssureRail Synthetic EV Finance NBFC,SYN-EV-3W-2025,SYN-B-LN-0609,SYN-B-BR-0609,Synthetic Borrower B0609,Electric three-wheeler,Maharashtra,2025-07-15,2026-09-15,303177.01,235841.63,18.0,48,14,8905.82,0,0
SYNTHETIC_ONLY,demo-nbfc-ev-001,AssureRail Synthetic EV Finance NBFC,SYN-EV-3W-2025,SYN-B-LN-0610,SYN-B-BR-0610,Synthetic Borrower B0610,Electric three-wheeler,Karnataka,2025-08-15,2026-09-15,319014.61,218834.48,14.0,36,13,10903.16,0,0
SYNTHETIC_ONLY,demo-nbfc-ev-001,AssureRail Synthetic EV Finance NBFC,SYN-EV-3W-2025,SYN-B-LN-0611,SYN-B-BR-0611,Synthetic Borrower B0611,Electric three-wheeler,Tamil Nadu,2025-09-15,2026-09-15,334852.22,268833.1,15.0,48,12,9319.19,0,0
SYNTHETIC_ONLY,demo-nbfc-ev-001,AssureRail Synthetic EV Finance NBFC,SYN-EV-3W-2025,SYN-B-LN-0612,SYN-B-BR-0612,Synthetic Borrower B0612,Electric three-wheeler,Maharashtra,2025-01-15,2026-09-15,208151.38,110658.14,16.0,36,19,7317.98,30,1
SYNTHETIC_ONLY,demo-nbfc-ev-001,AssureRail Synthetic EV Finance NBFC,SYN-EV-3W-2025,SYN-B-LN-0613,SYN-B-BR-0613,Synthetic Borrower B0613,Electric three-wheeler,Karnataka,2025-02-15,2026-09-15,223988.98,152830.55,17.0,48,19,6463.21,0,0
SYNTHETIC_ONLY,demo-nbfc-ev-001,AssureRail Synthetic EV Finance NBFC,SYN-EV-3W-2025,SYN-B-LN-0614,SYN-B-BR-0614,Synthetic Borrower B0614,Electric three-wheeler,Tamil Nadu,2025-03-15,2026-09-15,239826.58,135885.89,18.0,36,18,8670.31,0,0
SYNTHETIC_ONLY,demo-nbfc-ev-001,AssureRail Synthetic EV Finance NBFC,SYN-EV-3W-2025,SYN-B-LN-0615,SYN-B-BR-0615,Synthetic Borrower B0615,Electric three-wheeler,Maharashtra,2025-04-15,2026-09-15,255664.19,180863.47,14.0,48,17,6986.4,0,0
SYNTHETIC_ONLY,demo-nbfc-ev-001,AssureRail Synthetic EV Finance NBFC,SYN-EV-3W-2025,SYN-B-LN-0616,SYN-B-BR-0616,Synthetic Borrower B0616,Electric three-wheeler,Karnataka,2025-05-15,2026-09-15,271501.79,165639.46,15.0,36,16,9411.7,0,0
SYNTHETIC_ONLY,demo-nbfc-ev-001,AssureRail Synthetic EV Finance NBFC,SYN-EV-3W-2025,SYN-B-LN-0617,SYN-B-BR-0617,Synthetic Borrower B0617,Electric three-wheeler,Tamil Nadu,2025-06-15,2026-09-15,287339.39,216257.99,16.0,48,15,8143.28,0,0
SYNTHETIC_ONLY,demo-nbfc-ev-001,AssureRail Synthetic EV Finance NBFC,SYN-EV-3W-2025,SYN-B-LN-0618,SYN-B-BR-0618,Synthetic Borrower B0618,Electric three-wheeler,Maharashtra,2025-07-15,2026-09-15,303177.02,218620.4,17.0,36,12,10809.09,66,2
SYNTHETIC_ONLY,demo-nbfc-ev-001,AssureRail Synthetic EV Finance NBFC,SYN-EV-3W-2025,SYN-B-LN-0619,SYN-B-BR-0619,Synthetic Borrower B0619,Electric three-wheeler,Karnataka,2025-08-15,2026-09-15,319014.61,253726.86,18.0,48,13,9371.05,0,0
SYNTHETIC_ONLY,demo-nbfc-ev-001,AssureRail Synthetic EV Finance NBFC,SYN-EV-3W-2025,SYN-B-LN-0620,SYN-B-BR-0620,Synthetic Borrower B0620,Electric three-wheeler,Tamil Nadu,2025-09-15,2026-09-15,334852.22,238362.17,14.0,36,12,11444.46,0,0
SYNTHETIC_ONLY,demo-nbfc-ev-001,AssureRail Synthetic EV Finance NBFC,SYN-EV-3W-2025,SYN-B-LN-0621,SYN-B-BR-0621,Synthetic Borrower B0621,Electric three-wheeler,Maharashtra,2025-01-15,2026-09-15,208151.38,136150.29,15.0,48,20,5793.01,0,0
SYNTHETIC_ONLY,demo-nbfc-ev-001,AssureRail Synthetic EV Finance NBFC,SYN-EV-3W-2025,SYN-B-LN-0622,SYN-B-BR-0622,Synthetic Borrower B0622,Electric three-wheeler,Karnataka,2025-02-15,2026-09-15,223988.98,119077.78,16.0,36,19,7874.79,0,0
SYNTHETIC_ONLY,demo-nbfc-ev-001,AssureRail Synthetic EV Finance NBFC,SYN-EV-3W-2025,SYN-B-LN-0623,SYN-B-BR-0623,Synthetic Borrower B0623,Electric three-wheeler,Tamil Nadu,2025-03-15,2026-09-15,239826.58,168174.48,17.0,48,18,6920.21,0,0
SYNTHETIC_ONLY,demo-nbfc-ev-001,AssureRail Synthetic EV Finance NBFC,SYN-EV-3W-2025,SYN-B-LN-0624,SYN-B-BR-0624,Synthetic Borrower B0624,Electric three-wheeler,Maharashtra,2025-04-15,2026-09-15,255664.19,172109.91,18.0,36,14,9242.87,93,3
SYNTHETIC_ONLY,demo-nbfc-ev-001,AssureRail Synthetic EV Finance NBFC,SYN-EV-3W-2025,SYN-B-LN-0625,SYN-B-BR-0625,Synthetic Borrower B0625,Electric three-wheeler,Karnataka,2025-05-15,2026-09-15,271501.8,197186.09,14.0,48,16,7419.19,0,0
SYNTHETIC_ONLY,demo-nbfc-ev-001,AssureRail Synthetic EV Finance NBFC,SYN-EV-3W-2025,SYN-B-LN-0626,SYN-B-BR-0626,Synthetic Borrower B0626,Electric three-wheeler,Tamil Nadu,2025-06-15,2026-09-15,287339.4,182975.29,15.0,36,15,9960.71,0,0
SYNTHETIC_ONLY,demo-nbfc-ev-001,AssureRail Synthetic EV Finance NBFC,SYN-EV-3W-2025,SYN-B-LN-0627,SYN-B-BR-0627,Synthetic Borrower B0627,Electric three-wheeler,Maharashtra,2025-07-15,2026-09-15,303177.01,233654.46,16.0,48,14,8592.12,0,0
SYNTHETIC_ONLY,demo-nbfc-ev-001,AssureRail Synthetic EV Finance NBFC,SYN-EV-3W-2025,SYN-B-LN-0628,SYN-B-BR-0628,Synthetic Borrower B0628,Electric three-wheeler,Karnataka,2025-08-15,2026-09-15,319014.61,221926.03,17.0,36,13,11373.74,0,0
SYNTHETIC_ONLY,demo-nbfc-ev-001,AssureRail Synthetic EV Finance NBFC,SYN-EV-3W-2025,SYN-B-LN-0629,SYN-B-BR-0629,Synthetic Borrower B0629,Electric three-wheeler,Tamil Nadu,2025-09-15,2026-09-15,334852.22,272078.34,18.0,48,12,9836.28,0,0
SYNTHETIC_ONLY,demo-nbfc-ev-001,AssureRail Synthetic EV Finance NBFC,SYN-EV-3W-2025,SYN-B-LN-0630,SYN-B-BR-0630,Synthetic Borrower B0630,Electric three-wheeler,Maharashtra,2025-01-15,2026-09-15,208151.38,109127.48,14.0,36,19,7114.12,30,1
SYNTHETIC_ONLY,demo-nbfc-ev-001,AssureRail Synthetic EV Finance NBFC,SYN-EV-3W-2025,SYN-B-LN-0631,SYN-B-BR-0631,Synthetic Borrower B0631,Electric three-wheeler,Karnataka,2025-02-15,2026-09-15,223988.98,150857.61,15.0,48,19,6233.78,0,0
SYNTHETIC_ONLY,demo-nbfc-ev-001,AssureRail Synthetic EV Finance NBFC,SYN-EV-3W-2025,SYN-B-LN-0632,SYN-B-BR-0632,Synthetic Borrower B0632,Electric three-wheeler,Tamil Nadu,2025-03-15,2026-09-15,239826.6,134140.48,16.0,36,18,8431.59,0,0
SYNTHETIC_ONLY,demo-nbfc-ev-001,AssureRail Synthetic EV Finance NBFC,SYN-EV-3W-2025,SYN-B-LN-0633,SYN-B-BR-0633,Synthetic Borrower B0633,Electric three-wheeler,Maharashtra,2025-04-15,2026-09-15,255664.19,184050.17,17.0,48,17,7377.2,0,0
SYNTHETIC_ONLY,demo-nbfc-ev-001,AssureRail Synthetic EV Finance NBFC,SYN-EV-3W-2025,SYN-B-LN-0634,SYN-B-BR-0634,Synthetic Borrower B0634,Electric three-wheeler,Karnataka,2025-05-15,2026-09-15,271501.8,168517.75,18.0,36,16,9815.44,0,0
SYNTHETIC_ONLY,demo-nbfc-ev-001,AssureRail Synthetic EV Finance NBFC,SYN-EV-3W-2025,SYN-B-LN-0635,SYN-B-BR-0635,Synthetic Borrower B0635,Electric three-wheeler,Tamil Nadu,2025-06-15,2026-09-15,287339.4,214043.41,14.0,48,15,7851.97,0,0
SYNTHETIC_ONLY,demo-nbfc-ev-001,AssureRail Synthetic EV Finance NBFC,SYN-EV-3W-2025,SYN-B-LN-0636,SYN-B-BR-0636,Synthetic Borrower B0636,Electric three-wheeler,Maharashtra,2025-07-15,2026-09-15,303177.0,216755.14,15.0,36,12,10509.73,66,2
SYNTHETIC_ONLY,demo-nbfc-ev-001,AssureRail Synthetic EV Finance NBFC,SYN-EV-3W-2025,SYN-B-LN-0637,SYN-B-BR-0637,Synthetic Borrower B0637,Electric three-wheeler,Karnataka,2025-08-15,2026-09-15,319014.61,251547.29,16.0,48,13,9040.96,0,0
SYNTHETIC_ONLY,demo-nbfc-ev-001,AssureRail Synthetic EV Finance NBFC,SYN-EV-3W-2025,SYN-B-LN-0638,SYN-B-BR-0638,Synthetic Borrower B0638,Electric three-wheeler,Tamil Nadu,2025-09-15,2026-09-15,334852.22,241461.33,17.0,36,12,11938.39,0,0
SYNTHETIC_ONLY,demo-nbfc-ev-001,AssureRail Synthetic EV Finance NBFC,SYN-EV-3W-2025,SYN-B-LN-0639,SYN-B-BR-0639,Synthetic Borrower B0639,Electric three-wheeler,Maharashtra,2025-01-15,2026-09-15,208151.38,138961.3,18.0,48,20,6114.45,0,0
SYNTHETIC_ONLY,demo-nbfc-ev-001,AssureRail Synthetic EV Finance NBFC,SYN-EV-3W-2025,SYN-B-LN-0640,SYN-B-BR-0640,Synthetic Borrower B0640,Electric three-wheeler,Karnataka,2025-02-15,2026-09-15,223988.97,117430.65,14.0,36,19,7655.41,0,0
SYNTHETIC_ONLY,demo-nbfc-ev-001,AssureRail Synthetic EV Finance NBFC,SYN-EV-3W-2025,SYN-B-LN-0641,SYN-B-BR-0641,Synthetic Borrower B0641,Electric three-wheeler,Tamil Nadu,2025-03-15,2026-09-15,239826.58,166122.33,15.0,48,18,6674.55,0,0
SYNTHETIC_ONLY,demo-nbfc-ev-001,AssureRail Synthetic EV Finance NBFC,SYN-EV-3W-2025,SYN-B-LN-0642,SYN-B-BR-0642,Synthetic Borrower B0642,Electric three-wheeler,Maharashtra,2025-04-15,2026-09-15,255664.2,170406.16,16.0,36,14,8988.39,93,3
SYNTHETIC_ONLY,demo-nbfc-ev-001,AssureRail Synthetic EV Finance NBFC,SYN-EV-3W-2025,SYN-B-LN-0643,SYN-B-BR-0643,Synthetic Borrower B0643,Electric three-wheeler,Karnataka,2025-05-15,2026-09-15,271501.79,200446.05,17.0,48,16,7834.2,0,0
SYNTHETIC_ONLY,demo-nbfc-ev-001,AssureRail Synthetic EV Finance NBFC,SYN-EV-3W-2025,SYN-B-LN-0644,SYN-B-BR-0644,Synthetic Borrower B0644,Electric three-wheeler,Tamil Nadu,2025-06-15,2026-09-15,287339.4,185946.76,18.0,36,15,10388.01,0,0
SYNTHETIC_ONLY,demo-nbfc-ev-001,AssureRail Synthetic EV Finance NBFC,SYN-EV-3W-2025,SYN-B-LN-0645,SYN-B-BR-0645,Synthetic Borrower B0645,Electric three-wheeler,Maharashtra,2025-07-15,2026-09-15,303177.01,231425.87,14.0,48,14,8284.76,0,0
SYNTHETIC_ONLY,demo-nbfc-ev-001,AssureRail Synthetic EV Finance NBFC,SYN-EV-3W-2025,SYN-B-LN-0646,SYN-B-BR-0646,Synthetic Borrower B0646,Electric three-wheeler,Karnataka,2025-08-15,2026-09-15,319014.61,219870.41,15.0,36,13,11058.75,0,0
SYNTHETIC_ONLY,demo-nbfc-ev-001,AssureRail Synthetic EV Finance NBFC,SYN-EV-3W-2025,SYN-B-LN-0647,SYN-B-BR-0647,Synthetic Borrower B0647,Electric three-wheeler,Tamil Nadu,2025-09-15,2026-09-15,334852.21,269926.24,16.0,48,12,9489.81,0,0
SYNTHETIC_ONLY,demo-nbfc-ev-001,AssureRail Synthetic EV Finance NBFC,SYN-EV-3W-2025,SYN-B-LN-0648,SYN-B-BR-0648,Synthetic Borrower B0648,Electric three-wheeler,Maharashtra,2025-01-15,2026-09-15,208151.38,111421.19,17.0,36,19,7421.16,30,1
SYNTHETIC_ONLY,demo-nbfc-ev-001,AssureRail Synthetic EV Finance NBFC,SYN-EV-3W-2025,SYN-B-LN-0649,SYN-B-BR-0649,Synthetic Borrower B0649,Electric three-wheeler,Karnataka,2025-02-15,2026-09-15,223988.98,153807.01,18.0,48,19,6579.68,0,0
SYNTHETIC_ONLY,demo-nbfc-ev-001,AssureRail Synthetic EV Finance NBFC,SYN-EV-3W-2025,SYN-B-LN-0650,SYN-B-BR-0650,Synthetic Borrower B0650,Electric three-wheeler,Tamil Nadu,2025-03-15,2026-09-15,239826.58,132386.03,14.0,36,18,8196.7,0,0
SYNTHETIC_ONLY,demo-nbfc-ev-001,AssureRail Synthetic EV Finance NBFC,SYN-EV-3W-2025,SYN-B-LN-0651,SYN-B-BR-0651,Synthetic Borrower B0651,Electric three-wheeler,Maharashtra,2025-04-15,2026-09-15,255664.18,181933.82,15.0,48,17,7115.33,0,0
SYNTHETIC_ONLY,demo-nbfc-ev-001,AssureRail Synthetic EV Finance NBFC,SYN-EV-3W-2025,SYN-B-LN-0652,SYN-B-BR-0652,Synthetic Borrower B0652,Electric three-wheeler,Karnataka,2025-05-15,2026-09-15,271501.79,166602.45,16.0,36,16,9545.2,0,0
SYNTHETIC_ONLY,demo-nbfc-ev-001,AssureRail Synthetic EV Finance NBFC,SYN-EV-3W-2025,SYN-B-LN-0653,SYN-B-BR-0653,Synthetic Borrower B0653,Electric three-wheeler,Tamil Nadu,2025-06-15,2026-09-15,287339.4,217350.79,17.0,48,15,8291.19,0,0
SYNTHETIC_ONLY,demo-nbfc-ev-001,AssureRail Synthetic EV Finance NBFC,SYN-EV-3W-2025,SYN-B-LN-0654,SYN-B-BR-0654,Synthetic Borrower B0654,Electric three-wheeler,Maharashtra,2025-07-15,2026-09-15,303177.0,219544.76,18.0,36,12,10960.57,66,2
SYNTHETIC_ONLY,demo-nbfc-ev-001,AssureRail Synthetic EV Finance NBFC,SYN-EV-3W-2025,SYN-B-LN-0655,SYN-B-BR-0655,Synthetic Borrower B0655,Electric three-wheeler,Karnataka,2025-08-15,2026-09-15,319014.6,249324.04,14.0,48,13,8717.54,0,0
SYNTHETIC_ONLY,demo-nbfc-ev-001,AssureRail Synthetic EV Finance NBFC,SYN-EV-3W-2025,SYN-B-LN-0656,SYN-B-BR-0656,Synthetic Borrower B0656,Electric three-wheeler,Tamil Nadu,2025-09-15,2026-09-15,334852.22,239401.21,15.0,36,12,11607.76,0,0
SYNTHETIC_ONLY,demo-nbfc-ev-001,AssureRail Synthetic EV Finance NBFC,SYN-EV-3W-2025,SYN-B-LN-0657,SYN-B-BR-0657,Synthetic Borrower B0657,Electric three-wheeler,Maharashtra,2025-01-15,2026-09-15,208151.37,137093.09,16.0,48,20,5899.07,0,0
SYNTHETIC_ONLY,demo-nbfc-ev-001,AssureRail Synthetic EV Finance NBFC,SYN-EV-3W-2025,SYN-B-LN-0658,SYN-B-BR-0658,Synthetic Borrower B0658,Electric three-wheeler,Karnataka,2025-02-15,2026-09-15,223988.99,119898.89,17.0,36,19,7985.82,0,0
SYNTHETIC_ONLY,demo-nbfc-ev-001,AssureRail Synthetic EV Finance NBFC,SYN-EV-3W-2025,SYN-B-LN-0659,SYN-B-BR-0659,Synthetic Borrower B0659,Electric three-wheeler,Tamil Nadu,2025-03-15,2026-09-15,239826.59,169189.32,18.0,48,18,7044.91,0,0
SYNTHETIC_ONLY,demo-nbfc-ev-001,AssureRail Synthetic EV Finance NBFC,SYN-EV-3W-2025,SYN-B-LN-0660,SYN-B-BR-0660,Synthetic Borrower B0660,Electric three-wheeler,Maharashtra,2025-04-15,2026-09-15,255664.19,168686.07,14.0,36,14,8738.0,93,3
SYNTHETIC_ONLY,demo-nbfc-ev-001,AssureRail Synthetic EV Finance NBFC,SYN-EV-3W-2025,SYN-B-LN-0661,SYN-B-BR-0661,Synthetic Borrower B0661,Electric three-wheeler,Karnataka,2025-05-15,2026-09-15,271501.79,198281.64,15.0,48,16,7556.1,0,0
SYNTHETIC_ONLY,demo-nbfc-ev-001,AssureRail Synthetic EV Finance NBFC,SYN-EV-3W-2025,SYN-B-LN-0662,SYN-B-BR-0662,Synthetic Borrower B0662,Electric three-wheeler,Tamil Nadu,2025-06-15,2026-09-15,287339.4,183970.0,16.0,36,15,10102.0,0,0
SYNTHETIC_ONLY,demo-nbfc-ev-001,AssureRail Synthetic EV Finance NBFC,SYN-EV-3W-2025,SYN-B-LN-0663,SYN-B-BR-0663,Synthetic Borrower B0663,Electric three-wheeler,Maharashtra,2025-07-15,2026-09-15,303177.0,234753.27,17.0,48,14,8748.19,0,0
SYNTHETIC_ONLY,demo-nbfc-ev-001,AssureRail Synthetic EV Finance NBFC,SYN-EV-3W-2025,SYN-B-LN-0664,SYN-B-BR-0664,Synthetic Borrower B0664,Electric three-wheeler,Karnataka,2025-08-15,2026-09-15,319014.6,222945.57,18.0,36,13,11533.14,0,0
SYNTHETIC_ONLY,demo-nbfc-ev-001,AssureRail Synthetic EV Finance NBFC,SYN-EV-3W-2025,SYN-B-LN-0665,SYN-B-BR-0665,Synthetic Borrower B0665,Electric three-wheeler,Tamil Nadu,2025-09-15,2026-09-15,334852.21,267728.66,14.0,48,12,9150.33,0,0
SYNTHETIC_ONLY,demo-nbfc-ev-001,AssureRail Synthetic EV Finance NBFC,SYN-EV-3W-2025,SYN-B-LN-0666,SYN-B-BR-0666,Synthetic Borrower B0666,Electric three-wheeler,Maharashtra,2025-01-15,2026-09-15,208151.39,109893.55,15.0,36,19,7215.64,30,1
SYNTHETIC_ONLY,demo-nbfc-ev-001,AssureRail Synthetic EV Finance NBFC,SYN-EV-3W-2025,SYN-B-LN-0667,SYN-B-BR-0667,Synthetic Borrower B0667,Electric three-wheeler,Karnataka,2025-02-15,2026-09-15,223988.98,151847.37,16.0,48,19,6347.91,0,0
SYNTHETIC_ONLY,demo-nbfc-ev-001,AssureRail Synthetic EV Finance NBFC,SYN-EV-3W-2025,SYN-B-LN-0668,SYN-B-BR-0668,Synthetic Borrower B0668,Electric three-wheeler,Tamil Nadu,2025-03-15,2026-09-15,239826.6,135014.36,17.0,36,18,8550.47,0,0
SYNTHETIC_ONLY,demo-nbfc-ev-001,AssureRail Synthetic EV Finance NBFC,SYN-EV-3W-2025,SYN-B-LN-0669,SYN-B-BR-0669,Synthetic Borrower B0669,Electric three-wheeler,Maharashtra,2025-04-15,2026-09-15,255664.2,185095.9,18.0,48,17,7510.14,0,0
SYNTHETIC_ONLY,demo-nbfc-ev-001,AssureRail Synthetic EV Finance NBFC,SYN-EV-3W-2025,SYN-B-LN-0670,SYN-B-BR-0670,Synthetic Borrower B0670,Electric three-wheeler,Karnataka,2025-05-15,2026-09-15,271501.8,164673.03,14.0,36,16,9279.29,0,0
SYNTHETIC_ONLY,demo-nbfc-ev-001,AssureRail Synthetic EV Finance NBFC,SYN-EV-3W-2025,SYN-B-LN-0671,SYN-B-BR-0671,Synthetic Borrower B0671,Electric three-wheeler,Tamil Nadu,2025-06-15,2026-09-15,287339.4,215155.5,15.0,48,15,7996.87,0,0
SYNTHETIC_ONLY,demo-nbfc-ev-001,AssureRail Synthetic EV Finance NBFC,SYN-EV-3W-2025,SYN-B-LN-0672,SYN-B-BR-0672,Synthetic Borrower B0672,Electric three-wheeler,Maharashtra,2025-07-15,2026-09-15,303177.01,217690.5,16.0,36,12,10658.8,66,2
SYNTHETIC_ONLY,demo-nbfc-ev-001,AssureRail Synthetic EV Finance NBFC,SYN-EV-3W-2025,SYN-B-LN-0673,SYN-B-BR-0673,Synthetic Borrower B0673,Electric three-wheeler,Karnataka,2025-08-15,2026-09-15,319014.6,252642.57,17.0,48,13,9205.18,0,0
SYNTHETIC_ONLY,demo-nbfc-ev-001,AssureRail Synthetic EV Finance NBFC,SYN-EV-3W-2025,SYN-B-LN-0674,SYN-B-BR-0674,Synthetic Borrower B0674,Electric three-wheeler,Tamil Nadu,2025-09-15,2026-09-15,334852.21,242482.27,18.0,36,12,12105.71,0,0
SYNTHETIC_ONLY,demo-nbfc-ev-001,AssureRail Synthetic EV Finance NBFC,SYN-EV-3W-2025,SYN-B-LN-0675,SYN-B-BR-0675,Synthetic Borrower B0675,Electric three-wheeler,Maharashtra,2025-01-15,2026-09-15,208151.38,135201.86,14.0,48,20,5688.04,0,0
SYNTHETIC_ONLY,demo-nbfc-ev-001,AssureRail Synthetic EV Finance NBFC,SYN-EV-3W-2025,SYN-B-LN-0676,SYN-B-BR-0676,Synthetic Borrower B0676,Electric three-wheeler,Karnataka,2025-02-15,2026-09-15,223988.96,118255.0,15.0,36,19,7764.65,0,0
SYNTHETIC_ONLY,demo-nbfc-ev-001,AssureRail Synthetic EV Finance NBFC,SYN-EV-3W-2025,SYN-B-LN-0677,SYN-B-BR-0677,Synthetic Borrower B0677,Electric three-wheeler,Tamil Nadu,2025-03-15,2026-09-15,239826.58,167152.11,16.0,48,18,6796.75,0,0
SYNTHETIC_ONLY,demo-nbfc-ev-001,AssureRail Synthetic EV Finance NBFC,SYN-EV-3W-2025,SYN-B-LN-0678,SYN-B-BR-0678,Synthetic Borrower B0678,Electric three-wheeler,Maharashtra,2025-04-15,2026-09-15,255664.19,171260.11,17.0,36,14,9115.13,93,3
SYNTHETIC_ONLY,demo-nbfc-ev-001,AssureRail Synthetic EV Finance NBFC,SYN-EV-3W-2025,SYN-B-LN-0679,SYN-B-BR-0679,Synthetic Borrower B0679,Electric three-wheeler,Karnataka,2025-05-15,2026-09-15,271501.8,201514.66,18.0,48,16,7975.37,0,0
SYNTHETIC_ONLY,demo-nbfc-ev-001,AssureRail Synthetic EV Finance NBFC,SYN-EV-3W-2025,SYN-B-LN-0680,SYN-B-BR-0680,Synthetic Borrower B0680,Electric three-wheeler,Tamil Nadu,2025-06-15,2026-09-15,287339.4,181976.48,14.0,36,15,9820.58,0,0
SYNTHETIC_ONLY,demo-nbfc-ev-001,AssureRail Synthetic EV Finance NBFC,SYN-EV-3W-2025,SYN-B-LN-0681,SYN-B-BR-0681,Synthetic Borrower B0681,Electric three-wheeler,Maharashtra,2025-07-15,2026-09-15,303177.01,232545.29,15.0,48,14,8437.64,0,0
SYNTHETIC_ONLY,demo-nbfc-ev-001,AssureRail Synthetic EV Finance NBFC,SYN-EV-3W-2025,SYN-B-LN-0682,SYN-B-BR-0682,Synthetic Borrower B0682,Electric three-wheeler,Karnataka,2025-08-15,2026-09-15,319014.61,220900.95,16.0,36,13,11215.61,0,0
SYNTHETIC_ONLY,demo-nbfc-ev-001,AssureRail Synthetic EV Finance NBFC,SYN-EV-3W-2025,SYN-B-LN-0683,SYN-B-BR-0683,Synthetic Borrower B0683,Electric three-wheeler,Tamil Nadu,2025-09-15,2026-09-15,334852.22,271008.02,17.0,48,12,9662.17,0,0
SYNTHETIC_ONLY,demo-nbfc-ev-001,AssureRail Synthetic EV Finance NBFC,SYN-EV-3W-2025,SYN-B-LN-0684,SYN-B-BR-0684,Synthetic Borrower B0684,Electric three-wheeler,Maharashtra,2025-01-15,2026-09-15,208151.36,112182.6,18.0,36,19,7525.17,30,1
SYNTHETIC_ONLY,demo-nbfc-ev-001,AssureRail Synthetic EV Finance NBFC,SYN-EV-3W-2025,SYN-B-LN-0685,SYN-B-BR-0685,Synthetic Borrower B0685,Electric three-wheeler,Karnataka,2025-02-15,2026-09-15,223988.99,149861.41,14.0,48,19,6120.83,0,0
SYNTHETIC_ONLY,demo-nbfc-ev-001,AssureRail Synthetic EV Finance NBFC,SYN-EV-3W-2025,SYN-B-LN-0686,SYN-B-BR-0686,Synthetic Borrower B0686,Electric three-wheeler,Tamil Nadu,2025-03-15,2026-09-15,239826.59,133264.34,15.0,36,18,8313.67,0,0
SYNTHETIC_ONLY,demo-nbfc-ev-001,AssureRail Synthetic EV Finance NBFC,SYN-EV-3W-2025,SYN-B-LN-0687,SYN-B-BR-0687,Synthetic Borrower B0687,Electric three-wheeler,Maharashtra,2025-04-15,2026-09-15,255664.18,182996.1,16.0,48,17,7245.59,0,0
SYNTHETIC_ONLY,demo-nbfc-ev-001,AssureRail Synthetic EV Finance NBFC,SYN-EV-3W-2025,SYN-B-LN-0688,SYN-B-BR-0688,Synthetic Borrower B0688,Electric three-wheeler,Karnataka,2025-05-15,2026-09-15,271501.79,167561.91,17.0,36,16,9679.78,0,0
SYNTHETIC_ONLY,demo-nbfc-ev-001,AssureRail Synthetic EV Finance NBFC,SYN-EV-3W-2025,SYN-B-LN-0689,SYN-B-BR-0689,Synthetic Borrower B0689,Electric three-wheeler,Tamil Nadu,2025-06-15,2026-09-15,287339.39,218433.76,18.0,48,15,8440.59,0,0
SYNTHETIC_ONLY,demo-nbfc-ev-001,AssureRail Synthetic EV Finance NBFC,SYN-EV-3W-2025,SYN-B-LN-0690,SYN-B-BR-0690,Synthetic Borrower B0690,Electric three-wheeler,Maharashtra,2025-07-15,2026-09-15,303177.01,215814.4,14.0,36,12,10361.87,66,2
SYNTHETIC_ONLY,demo-nbfc-ev-001,AssureRail Synthetic EV Finance NBFC,SYN-EV-3W-2025,SYN-B-LN-0691,SYN-B-BR-0691,Synthetic Borrower B0691,Electric three-wheeler,Karnataka,2025-08-15,2026-09-15,319014.61,250441.08,15.0,48,13,8878.42,0,0
SYNTHETIC_ONLY,demo-nbfc-ev-001,AssureRail Synthetic EV Finance NBFC,SYN-EV-3W-2025,SYN-B-LN-0692,SYN-B-BR-0692,Synthetic Borrower B0692,Electric three-wheeler,Tamil Nadu,2025-09-15,2026-09-15,334852.21,240434.28,16.0,36,12,11772.41,0,0
SYNTHETIC_ONLY,demo-nbfc-ev-001,AssureRail Synthetic EV Finance NBFC,SYN-EV-3W-2025,SYN-B-LN-0693,SYN-B-BR-0693,Synthetic Borrower B0693,Electric three-wheeler,Maharashtra,2025-01-15,2026-09-15,208151.39,138030.15,17.0,48,20,6006.22,0,0
SYNTHETIC_ONLY,demo-nbfc-ev-001,AssureRail Synthetic EV Finance NBFC,SYN-EV-3W-2025,SYN-B-LN-0694,SYN-B-BR-0694,Synthetic Borrower B0694,Electric three-wheeler,Karnataka,2025-02-15,2026-09-15,223988.98,120718.24,18.0,36,19,8097.74,0,0
SYNTHETIC_ONLY,demo-nbfc-ev-001,AssureRail Synthetic EV Finance NBFC,SYN-EV-3W-2025,SYN-B-LN-0695,SYN-B-BR-0695,Synthetic Borrower B0695,Electric three-wheeler,Tamil Nadu,2025-03-15,2026-09-15,239826.59,165085.29,14.0,48,18,6553.62,0,0
SYNTHETIC_ONLY,demo-nbfc-ev-001,AssureRail Synthetic EV Finance NBFC,SYN-EV-3W-2025,SYN-B-LN-0696,SYN-B-BR-0696,Synthetic Borrower B0696,Electric three-wheeler,Maharashtra,2025-04-15,2026-09-15,255664.19,169548.12,15.0,36,14,8862.68,93,3
SYNTHETIC_ONLY,demo-nbfc-ev-001,AssureRail Synthetic EV Finance NBFC,SYN-EV-3W-2025,SYN-B-LN-0697,SYN-B-BR-0697,Synthetic Borrower B0697,Electric three-wheeler,Karnataka,2025-05-15,2026-09-15,271501.8,199368.34,16.0,48,16,7694.44,0,0
SYNTHETIC_ONLY,demo-nbfc-ev-001,AssureRail Synthetic EV Finance NBFC,SYN-EV-3W-2025,SYN-B-LN-0698,SYN-B-BR-0698,Synthetic Borrower B0698,Electric three-wheeler,Tamil Nadu,2025-06-15,2026-09-15,287339.41,184960.52,17.0,36,15,10244.43,0,0
SYNTHETIC_ONLY,demo-nbfc-ev-001,AssureRail Synthetic EV Finance NBFC,SYN-EV-3W-2025,SYN-B-LN-0699,SYN-B-BR-0699,Synthetic Borrower B0699,Electric three-wheeler,Maharashtra,2025-07-15,2026-09-15,303177.01,235841.63,18.0,48,14,8905.82,0,0
SYNTHETIC_ONLY,demo-nbfc-ev-001,AssureRail Synthetic EV Finance NBFC,SYN-EV-3W-2025,SYN-B-LN-0700,SYN-B-BR-0700,Synthetic Borrower B0700,Electric three-wheeler,Karnataka,2025-08-15,2026-09-15,319014.61,218834.48,14.0,36,13,10903.16,0,0
SYNTHETIC_ONLY,demo-nbfc-ev-001,AssureRail Synthetic EV Finance NBFC,SYN-EV-3W-2025,SYN-B-LN-0701,SYN-B-BR-0701,Synthetic Borrower B0701,Electric three-wheeler,Tamil Nadu,2025-09-15,2026-09-15,334852.22,268833.1,15.0,48,12,9319.19,0,0
SYNTHETIC_ONLY,demo-nbfc-ev-001,AssureRail Synthetic EV Finance NBFC,SYN-EV-3W-2025,SYN-B-LN-0702,SYN-B-BR-0702,Synthetic Borrower B0702,Electric three-wheeler,Maharashtra,2025-01-15,2026-09-15,208151.38,110658.14,16.0,36,19,7317.98,30,1
SYNTHETIC_ONLY,demo-nbfc-ev-001,AssureRail Synthetic EV Finance NBFC,SYN-EV-3W-2025,SYN-B-LN-0703,SYN-B-BR-0703,Synthetic Borrower B0703,Electric three-wheeler,Karnataka,2025-02-15,2026-09-15,223988.98,152830.55,17.0,48,19,6463.21,0,0
SYNTHETIC_ONLY,demo-nbfc-ev-001,AssureRail Synthetic EV Finance NBFC,SYN-EV-3W-2025,SYN-B-LN-0704,SYN-B-BR-0704,Synthetic Borrower B0704,Electric three-wheeler,Tamil Nadu,2025-03-15,2026-09-15,239826.58,135885.89,18.0,36,18,8670.31,0,0
SYNTHETIC_ONLY,demo-nbfc-ev-001,AssureRail Synthetic EV Finance NBFC,SYN-EV-3W-2025,SYN-B-LN-0705,SYN-B-BR-0705,Synthetic Borrower B0705,Electric three-wheeler,Maharashtra,2025-04-15,2026-09-15,255664.19,180863.47,14.0,48,17,6986.4,0,0
SYNTHETIC_ONLY,demo-nbfc-ev-001,AssureRail Synthetic EV Finance NBFC,SYN-EV-3W-2025,SYN-B-LN-0706,SYN-B-BR-0706,Synthetic Borrower B0706,Electric three-wheeler,Karnataka,2025-05-15,2026-09-15,271501.79,165639.46,15.0,36,16,9411.7,0,0
SYNTHETIC_ONLY,demo-nbfc-ev-001,AssureRail Synthetic EV Finance NBFC,SYN-EV-3W-2025,SYN-B-LN-0707,SYN-B-BR-0707,Synthetic Borrower B0707,Electric three-wheeler,Tamil Nadu,2025-06-15,2026-09-15,287339.39,216257.99,16.0,48,15,8143.28,0,0
SYNTHETIC_ONLY,demo-nbfc-ev-001,AssureRail Synthetic EV Finance NBFC,SYN-EV-3W-2025,SYN-B-LN-0708,SYN-B-BR-0708,Synthetic Borrower B0708,Electric three-wheeler,Maharashtra,2025-07-15,2026-09-15,303177.02,218620.4,17.0,36,12,10809.09,66,2
SYNTHETIC_ONLY,demo-nbfc-ev-001,AssureRail Synthetic EV Finance NBFC,SYN-EV-3W-2025,SYN-B-LN-0709,SYN-B-BR-0709,Synthetic Borrower B0709,Electric three-wheeler,Karnataka,2025-08-15,2026-09-15,319014.61,253726.86,18.0,48,13,9371.05,0,0
SYNTHETIC_ONLY,demo-nbfc-ev-001,AssureRail Synthetic EV Finance NBFC,SYN-EV-3W-2025,SYN-B-LN-0710,SYN-B-BR-0710,Synthetic Borrower B0710,Electric three-wheeler,Tamil Nadu,2025-09-15,2026-09-15,334852.22,238362.17,14.0,36,12,11444.46,0,0
SYNTHETIC_ONLY,demo-nbfc-ev-001,AssureRail Synthetic EV Finance NBFC,SYN-EV-3W-2025,SYN-B-LN-0711,SYN-B-BR-0711,Synthetic Borrower B0711,Electric three-wheeler,Maharashtra,2025-01-15,2026-09-15,208151.38,136150.29,15.0,48,20,5793.01,0,0
SYNTHETIC_ONLY,demo-nbfc-ev-001,AssureRail Synthetic EV Finance NBFC,SYN-EV-3W-2025,SYN-B-LN-0712,SYN-B-BR-0712,Synthetic Borrower B0712,Electric three-wheeler,Karnataka,2025-02-15,2026-09-15,223988.98,119077.78,16.0,36,19,7874.79,0,0
SYNTHETIC_ONLY,demo-nbfc-ev-001,AssureRail Synthetic EV Finance NBFC,SYN-EV-3W-2025,SYN-B-LN-0713,SYN-B-BR-0713,Synthetic Borrower B0713,Electric three-wheeler,Tamil Nadu,2025-03-15,2026-09-15,239826.58,168174.48,17.0,48,18,6920.21,0,0
SYNTHETIC_ONLY,demo-nbfc-ev-001,AssureRail Synthetic EV Finance NBFC,SYN-EV-3W-2025,SYN-B-LN-0714,SYN-B-BR-0714,Synthetic Borrower B0714,Electric three-wheeler,Maharashtra,2025-04-15,2026-09-15,255664.19,172109.91,18.0,36,14,9242.87,93,3
SYNTHETIC_ONLY,demo-nbfc-ev-001,AssureRail Synthetic EV Finance NBFC,SYN-EV-3W-2025,SYN-B-LN-0715,SYN-B-BR-0715,Synthetic Borrower B0715,Electric three-wheeler,Karnataka,2025-05-15,2026-09-15,271501.8,197186.09,14.0,48,16,7419.19,0,0
SYNTHETIC_ONLY,demo-nbfc-ev-001,AssureRail Synthetic EV Finance NBFC,SYN-EV-3W-2025,SYN-B-LN-0716,SYN-B-BR-0716,Synthetic Borrower B0716,Electric three-wheeler,Tamil Nadu,2025-06-15,2026-09-15,287339.4,182975.29,15.0,36,15,9960.71,0,0
SYNTHETIC_ONLY,demo-nbfc-ev-001,AssureRail Synthetic EV Finance NBFC,SYN-EV-3W-2025,SYN-B-LN-0717,SYN-B-BR-0717,Synthetic Borrower B0717,Electric three-wheeler,Maharashtra,2025-07-15,2026-09-15,303177.01,233654.46,16.0,48,14,8592.12,0,0
SYNTHETIC_ONLY,demo-nbfc-ev-001,AssureRail Synthetic EV Finance NBFC,SYN-EV-3W-2025,SYN-B-LN-0718,SYN-B-BR-0718,Synthetic Borrower B0718,Electric three-wheeler,Karnataka,2025-08-15,2026-09-15,319014.61,221926.03,17.0,36,13,11373.74,0,0
SYNTHETIC_ONLY,demo-nbfc-ev-001,AssureRail Synthetic EV Finance NBFC,SYN-EV-3W-2025,SYN-B-LN-0719,SYN-B-BR-0719,Synthetic Borrower B0719,Electric three-wheeler,Tamil Nadu,2025-09-15,2026-09-15,334852.22,272078.34,18.0,48,12,9836.28,0,0
SYNTHETIC_ONLY,demo-nbfc-ev-001,AssureRail Synthetic EV Finance NBFC,SYN-EV-3W-2025,SYN-B-LN-0720,SYN-B-BR-0720,Synthetic Borrower B0720,Electric three-wheeler,Maharashtra,2025-01-15,2026-09-15,208151.38,109127.48,14.0,36,19,7114.12,30,1
SYNTHETIC_ONLY,demo-nbfc-ev-001,AssureRail Synthetic EV Finance NBFC,SYN-EV-3W-2025,SYN-B-LN-0721,SYN-B-BR-0721,Synthetic Borrower B0721,Electric three-wheeler,Karnataka,2025-02-15,2026-09-15,223988.98,150857.61,15.0,48,19,6233.78,0,0
SYNTHETIC_ONLY,demo-nbfc-ev-001,AssureRail Synthetic EV Finance NBFC,SYN-EV-3W-2025,SYN-B-LN-0722,SYN-B-BR-0722,Synthetic Borrower B0722,Electric three-wheeler,Tamil Nadu,2025-03-15,2026-09-15,239826.6,134140.48,16.0,36,18,8431.59,0,0
SYNTHETIC_ONLY,demo-nbfc-ev-001,AssureRail Synthetic EV Finance NBFC,SYN-EV-3W-2025,SYN-B-LN-0723,SYN-B-BR-0723,Synthetic Borrower B0723,Electric three-wheeler,Maharashtra,2025-04-15,2026-09-15,255664.19,184050.17,17.0,48,17,7377.2,0,0
SYNTHETIC_ONLY,demo-nbfc-ev-001,AssureRail Synthetic EV Finance NBFC,SYN-EV-3W-2025,SYN-B-LN-0724,SYN-B-BR-0724,Synthetic Borrower B0724,Electric three-wheeler,Karnataka,2025-05-15,2026-09-15,271501.8,168517.75,18.0,36,16,9815.44,0,0
SYNTHETIC_ONLY,demo-nbfc-ev-001,AssureRail Synthetic EV Finance NBFC,SYN-EV-3W-2025,SYN-B-LN-0725,SYN-B-BR-0725,Synthetic Borrower B0725,Electric three-wheeler,Tamil Nadu,2025-06-15,2026-09-15,287339.4,214043.41,14.0,48,15,7851.97,0,0
SYNTHETIC_ONLY,demo-nbfc-ev-001,AssureRail Synthetic EV Finance NBFC,SYN-EV-3W-2025,SYN-B-LN-0726,SYN-B-BR-0726,Synthetic Borrower B0726,Electric three-wheeler,Maharashtra,2025-07-15,2026-09-15,303177.0,216755.14,15.0,36,12,10509.73,66,2
SYNTHETIC_ONLY,demo-nbfc-ev-001,AssureRail Synthetic EV Finance NBFC,SYN-EV-3W-2025,SYN-B-LN-0727,SYN-B-BR-0727,Synthetic Borrower B0727,Electric three-wheeler,Karnataka,2025-08-15,2026-09-15,319014.61,251547.29,16.0,48,13,9040.96,0,0
SYNTHETIC_ONLY,demo-nbfc-ev-001,AssureRail Synthetic EV Finance NBFC,SYN-EV-3W-2025,SYN-B-LN-0728,SYN-B-BR-0728,Synthetic Borrower B0728,Electric three-wheeler,Tamil Nadu,2025-09-15,2026-09-15,334852.22,241461.33,17.0,36,12,11938.39,0,0
SYNTHETIC_ONLY,demo-nbfc-ev-001,AssureRail Synthetic EV Finance NBFC,SYN-EV-3W-2025,SYN-B-LN-0729,SYN-B-BR-0729,Synthetic Borrower B0729,Electric three-wheeler,Maharashtra,2025-01-15,2026-09-15,208151.38,138961.3,18.0,48,20,6114.45,0,0
SYNTHETIC_ONLY,demo-nbfc-ev-001,AssureRail Synthetic EV Finance NBFC,SYN-EV-3W-2025,SYN-B-LN-0730,SYN-B-BR-0730,Synthetic Borrower B0730,Electric three-wheeler,Karnataka,2025-02-15,2026-09-15,223988.97,117430.65,14.0,36,19,7655.41,0,0
SYNTHETIC_ONLY,demo-nbfc-ev-001,AssureRail Synthetic EV Finance NBFC,SYN-EV-3W-2025,SYN-B-LN-0731,SYN-B-BR-0731,Synthetic Borrower B0731,Electric three-wheeler,Tamil Nadu,2025-03-15,2026-09-15,239826.58,166122.33,15.0,48,18,6674.55,0,0
SYNTHETIC_ONLY,demo-nbfc-ev-001,AssureRail Synthetic EV Finance NBFC,SYN-EV-3W-2025,SYN-B-LN-0732,SYN-B-BR-0732,Synthetic Borrower B0732,Electric three-wheeler,Maharashtra,2025-04-15,2026-09-15,255664.2,170406.16,16.0,36,14,8988.39,93,3
SYNTHETIC_ONLY,demo-nbfc-ev-001,AssureRail Synthetic EV Finance NBFC,SYN-EV-3W-2025,SYN-B-LN-0733,SYN-B-BR-0733,Synthetic Borrower B0733,Electric three-wheeler,Karnataka,2025-05-15,2026-09-15,271501.79,200446.05,17.0,48,16,7834.2,0,0
SYNTHETIC_ONLY,demo-nbfc-ev-001,AssureRail Synthetic EV Finance NBFC,SYN-EV-3W-2025,SYN-B-LN-0734,SYN-B-BR-0734,Synthetic Borrower B0734,Electric three-wheeler,Tamil Nadu,2025-06-15,2026-09-15,287339.4,185946.76,18.0,36,15,10388.01,0,0
SYNTHETIC_ONLY,demo-nbfc-ev-001,AssureRail Synthetic EV Finance NBFC,SYN-EV-3W-2025,SYN-B-LN-0735,SYN-B-BR-0735,Synthetic Borrower B0735,Electric three-wheeler,Maharashtra,2025-07-15,2026-09-15,303177.01,231425.87,14.0,48,14,8284.76,0,0
SYNTHETIC_ONLY,demo-nbfc-ev-001,AssureRail Synthetic EV Finance NBFC,SYN-EV-3W-2025,SYN-B-LN-0736,SYN-B-BR-0736,Synthetic Borrower B0736,Electric three-wheeler,Karnataka,2025-08-15,2026-09-15,319014.61,219870.41,15.0,36,13,11058.75,0,0
SYNTHETIC_ONLY,demo-nbfc-ev-001,AssureRail Synthetic EV Finance NBFC,SYN-EV-3W-2025,SYN-B-LN-0737,SYN-B-BR-0737,Synthetic Borrower B0737,Electric three-wheeler,Tamil Nadu,2025-09-15,2026-09-15,334852.21,269926.24,16.0,48,12,9489.81,0,0
SYNTHETIC_ONLY,demo-nbfc-ev-001,AssureRail Synthetic EV Finance NBFC,SYN-EV-3W-2025,SYN-B-LN-0738,SYN-B-BR-0738,Synthetic Borrower B0738,Electric three-wheeler,Maharashtra,2025-01-15,2026-09-15,208151.38,111421.19,17.0,36,19,7421.16,30,1
SYNTHETIC_ONLY,demo-nbfc-ev-001,AssureRail Synthetic EV Finance NBFC,SYN-EV-3W-2025,SYN-B-LN-0739,SYN-B-BR-0739,Synthetic Borrower B0739,Electric three-wheeler,Karnataka,2025-02-15,2026-09-15,223988.98,153807.01,18.0,48,19,6579.68,0,0
SYNTHETIC_ONLY,demo-nbfc-ev-001,AssureRail Synthetic EV Finance NBFC,SYN-EV-3W-2025,SYN-B-LN-0740,SYN-B-BR-0740,Synthetic Borrower B0740,Electric three-wheeler,Tamil Nadu,2025-03-15,2026-09-15,239826.58,132386.03,14.0,36,18,8196.7,0,0
SYNTHETIC_ONLY,demo-nbfc-ev-001,AssureRail Synthetic EV Finance NBFC,SYN-EV-3W-2025,SYN-B-LN-0741,SYN-B-BR-0741,Synthetic Borrower B0741,Electric three-wheeler,Maharashtra,2025-04-15,2026-09-15,255664.18,181933.82,15.0,48,17,7115.33,0,0
SYNTHETIC_ONLY,demo-nbfc-ev-001,AssureRail Synthetic EV Finance NBFC,SYN-EV-3W-2025,SYN-B-LN-0742,SYN-B-BR-0742,Synthetic Borrower B0742,Electric three-wheeler,Karnataka,2025-05-15,2026-09-15,271501.79,166602.45,16.0,36,16,9545.2,0,0
SYNTHETIC_ONLY,demo-nbfc-ev-001,AssureRail Synthetic EV Finance NBFC,SYN-EV-3W-2025,SYN-B-LN-0743,SYN-B-BR-0743,Synthetic Borrower B0743,Electric three-wheeler,Tamil Nadu,2025-06-15,2026-09-15,287339.4,217350.79,17.0,48,15,8291.19,0,0
SYNTHETIC_ONLY,demo-nbfc-ev-001,AssureRail Synthetic EV Finance NBFC,SYN-EV-3W-2025,SYN-B-LN-0744,SYN-B-BR-0744,Synthetic Borrower B0744,Electric three-wheeler,Maharashtra,2025-07-15,2026-09-15,303177.0,219544.76,18.0,36,12,10960.57,66,2
SYNTHETIC_ONLY,demo-nbfc-ev-001,AssureRail Synthetic EV Finance NBFC,SYN-EV-3W-2025,SYN-B-LN-0745,SYN-B-BR-0745,Synthetic Borrower B0745,Electric three-wheeler,Karnataka,2025-08-15,2026-09-15,319014.6,249324.04,14.0,48,13,8717.54,0,0
SYNTHETIC_ONLY,demo-nbfc-ev-001,AssureRail Synthetic EV Finance NBFC,SYN-EV-3W-2025,SYN-B-LN-0746,SYN-B-BR-0746,Synthetic Borrower B0746,Electric three-wheeler,Tamil Nadu,2025-09-15,2026-09-15,334852.22,239401.21,15.0,36,12,11607.76,0,0
SYNTHETIC_ONLY,demo-nbfc-ev-001,AssureRail Synthetic EV Finance NBFC,SYN-EV-3W-2025,SYN-B-LN-0747,SYN-B-BR-0747,Synthetic Borrower B0747,Electric three-wheeler,Maharashtra,2025-01-15,2026-09-15,208151.37,137093.09,16.0,48,20,5899.07,0,0
SYNTHETIC_ONLY,demo-nbfc-ev-001,AssureRail Synthetic EV Finance NBFC,SYN-EV-3W-2025,SYN-B-LN-0748,SYN-B-BR-0748,Synthetic Borrower B0748,Electric three-wheeler,Karnataka,2025-02-15,2026-09-15,223988.99,119898.89,17.0,36,19,7985.82,0,0
SYNTHETIC_ONLY,demo-nbfc-ev-001,AssureRail Synthetic EV Finance NBFC,SYN-EV-3W-2025,SYN-B-LN-0749,SYN-B-BR-0749,Synthetic Borrower B0749,Electric three-wheeler,Tamil Nadu,2025-03-15,2026-09-15,239826.59,169189.32,18.0,48,18,7044.91,0,0
SYNTHETIC_ONLY,demo-nbfc-ev-001,AssureRail Synthetic EV Finance NBFC,SYN-EV-3W-2025,SYN-B-LN-0750,SYN-B-BR-0750,Synthetic Borrower B0750,Electric three-wheeler,Maharashtra,2025-04-15,2026-09-15,255664.19,168686.07,14.0,36,14,8738.0,93,3
SYNTHETIC_ONLY,demo-nbfc-ev-001,AssureRail Synthetic EV Finance NBFC,SYN-EV-3W-2025,SYN-B-LN-0751,SYN-B-BR-0751,Synthetic Borrower B0751,Electric three-wheeler,Karnataka,2025-05-15,2026-09-15,271501.79,198281.64,15.0,48,16,7556.1,0,0
SYNTHETIC_ONLY,demo-nbfc-ev-001,AssureRail Synthetic EV Finance NBFC,SYN-EV-3W-2025,SYN-B-LN-0752,SYN-B-BR-0752,Synthetic Borrower B0752,Electric three-wheeler,Tamil Nadu,2025-06-15,2026-09-15,287339.4,183970.0,16.0,36,15,10102.0,0,0
SYNTHETIC_ONLY,demo-nbfc-ev-001,AssureRail Synthetic EV Finance NBFC,SYN-EV-3W-2025,SYN-B-LN-0753,SYN-B-BR-0753,Synthetic Borrower B0753,Electric three-wheeler,Maharashtra,2025-07-15,2026-09-15,303177.0,234753.27,17.0,48,14,8748.19,0,0
SYNTHETIC_ONLY,demo-nbfc-ev-001,AssureRail Synthetic EV Finance NBFC,SYN-EV-3W-2025,SYN-B-LN-0754,SYN-B-BR-0754,Synthetic Borrower B0754,Electric three-wheeler,Karnataka,2025-08-15,2026-09-15,319014.6,222945.57,18.0,36,13,11533.14,0,0
SYNTHETIC_ONLY,demo-nbfc-ev-001,AssureRail Synthetic EV Finance NBFC,SYN-EV-3W-2025,SYN-B-LN-0755,SYN-B-BR-0755,Synthetic Borrower B0755,Electric three-wheeler,Tamil Nadu,2025-09-15,2026-09-15,334852.21,267728.66,14.0,48,12,9150.33,0,0
SYNTHETIC_ONLY,demo-nbfc-ev-001,AssureRail Synthetic EV Finance NBFC,SYN-EV-3W-2025,SYN-B-LN-0756,SYN-B-BR-0756,Synthetic Borrower B0756,Electric three-wheeler,Maharashtra,2025-01-15,2026-09-15,208151.39,109893.55,15.0,36,19,7215.64,30,1
SYNTHETIC_ONLY,demo-nbfc-ev-001,AssureRail Synthetic EV Finance NBFC,SYN-EV-3W-2025,SYN-B-LN-0757,SYN-B-BR-0757,Synthetic Borrower B0757,Electric three-wheeler,Karnataka,2025-02-15,2026-09-15,223988.98,151847.37,16.0,48,19,6347.91,0,0
SYNTHETIC_ONLY,demo-nbfc-ev-001,AssureRail Synthetic EV Finance NBFC,SYN-EV-3W-2025,SYN-B-LN-0758,SYN-B-BR-0758,Synthetic Borrower B0758,Electric three-wheeler,Tamil Nadu,2025-03-15,2026-09-15,239826.6,135014.36,17.0,36,18,8550.47,0,0
SYNTHETIC_ONLY,demo-nbfc-ev-001,AssureRail Synthetic EV Finance NBFC,SYN-EV-3W-2025,SYN-B-LN-0759,SYN-B-BR-0759,Synthetic Borrower B0759,Electric three-wheeler,Maharashtra,2025-04-15,2026-09-15,255664.2,185095.9,18.0,48,17,7510.14,0,0
SYNTHETIC_ONLY,demo-nbfc-ev-001,AssureRail Synthetic EV Finance NBFC,SYN-EV-3W-2025,SYN-B-LN-0760,SYN-B-BR-0760,Synthetic Borrower B0760,Electric three-wheeler,Karnataka,2025-05-15,2026-09-15,271501.8,164673.03,14.0,36,16,9279.29,0,0
SYNTHETIC_ONLY,demo-nbfc-ev-001,AssureRail Synthetic EV Finance NBFC,SYN-EV-3W-2025,SYN-B-LN-0761,SYN-B-BR-0761,Synthetic Borrower B0761,Electric three-wheeler,Tamil Nadu,2025-06-15,2026-09-15,287339.4,215155.5,15.0,48,15,7996.87,0,0
SYNTHETIC_ONLY,demo-nbfc-ev-001,AssureRail Synthetic EV Finance NBFC,SYN-EV-3W-2025,SYN-B-LN-0762,SYN-B-BR-0762,Synthetic Borrower B0762,Electric three-wheeler,Maharashtra,2025-07-15,2026-09-15,303177.01,217690.5,16.0,36,12,10658.8,66,2
SYNTHETIC_ONLY,demo-nbfc-ev-001,AssureRail Synthetic EV Finance NBFC,SYN-EV-3W-2025,SYN-B-LN-0763,SYN-B-BR-0763,Synthetic Borrower B0763,Electric three-wheeler,Karnataka,2025-08-15,2026-09-15,319014.6,252642.57,17.0,48,13,9205.18,0,0
SYNTHETIC_ONLY,demo-nbfc-ev-001,AssureRail Synthetic EV Finance NBFC,SYN-EV-3W-2025,SYN-B-LN-0764,SYN-B-BR-0764,Synthetic Borrower B0764,Electric three-wheeler,Tamil Nadu,2025-09-15,2026-09-15,334852.21,242482.27,18.0,36,12,12105.71,0,0
SYNTHETIC_ONLY,demo-nbfc-ev-001,AssureRail Synthetic EV Finance NBFC,SYN-EV-3W-2025,SYN-B-LN-0765,SYN-B-BR-0765,Synthetic Borrower B0765,Electric three-wheeler,Maharashtra,2025-01-15,2026-09-15,208151.38,135201.86,14.0,48,20,5688.04,0,0
SYNTHETIC_ONLY,demo-nbfc-ev-001,AssureRail Synthetic EV Finance NBFC,SYN-EV-3W-2025,SYN-B-LN-0766,SYN-B-BR-0766,Synthetic Borrower B0766,Electric three-wheeler,Karnataka,2025-02-15,2026-09-15,223988.96,118255.0,15.0,36,19,7764.65,0,0
SYNTHETIC_ONLY,demo-nbfc-ev-001,AssureRail Synthetic EV Finance NBFC,SYN-EV-3W-2025,SYN-B-LN-0767,SYN-B-BR-0767,Synthetic Borrower B0767,Electric three-wheeler,Tamil Nadu,2025-03-15,2026-09-15,239826.58,167152.11,16.0,48,18,6796.75,0,0
SYNTHETIC_ONLY,demo-nbfc-ev-001,AssureRail Synthetic EV Finance NBFC,SYN-EV-3W-2025,SYN-B-LN-0768,SYN-B-BR-0768,Synthetic Borrower B0768,Electric three-wheeler,Maharashtra,2025-04-15,2026-09-15,255664.19,171260.11,17.0,36,14,9115.13,93,3
SYNTHETIC_ONLY,demo-nbfc-ev-001,AssureRail Synthetic EV Finance NBFC,SYN-EV-3W-2025,SYN-B-LN-0769,SYN-B-BR-0769,Synthetic Borrower B0769,Electric three-wheeler,Karnataka,2025-05-15,2026-09-15,271501.8,201514.66,18.0,48,16,7975.37,0,0
SYNTHETIC_ONLY,demo-nbfc-ev-001,AssureRail Synthetic EV Finance NBFC,SYN-EV-3W-2025,SYN-B-LN-0770,SYN-B-BR-0770,Synthetic Borrower B0770,Electric three-wheeler,Tamil Nadu,2025-06-15,2026-09-15,287339.4,181976.48,14.0,36,15,9820.58,0,0
SYNTHETIC_ONLY,demo-nbfc-ev-001,AssureRail Synthetic EV Finance NBFC,SYN-EV-3W-2025,SYN-B-LN-0771,SYN-B-BR-0771,Synthetic Borrower B0771,Electric three-wheeler,Maharashtra,2025-07-15,2026-09-15,303177.01,232545.29,15.0,48,14,8437.64,0,0
SYNTHETIC_ONLY,demo-nbfc-ev-001,AssureRail Synthetic EV Finance NBFC,SYN-EV-3W-2025,SYN-B-LN-0772,SYN-B-BR-0772,Synthetic Borrower B0772,Electric three-wheeler,Karnataka,2025-08-15,2026-09-15,319014.61,220900.95,16.0,36,13,11215.61,0,0
SYNTHETIC_ONLY,demo-nbfc-ev-001,AssureRail Synthetic EV Finance NBFC,SYN-EV-3W-2025,SYN-B-LN-0773,SYN-B-BR-0773,Synthetic Borrower B0773,Electric three-wheeler,Tamil Nadu,2025-09-15,2026-09-15,334852.22,271008.02,17.0,48,12,9662.17,0,0
SYNTHETIC_ONLY,demo-nbfc-ev-001,AssureRail Synthetic EV Finance NBFC,SYN-EV-3W-2025,SYN-B-LN-0774,SYN-B-BR-0774,Synthetic Borrower B0774,Electric three-wheeler,Maharashtra,2025-01-15,2026-09-15,208151.36,112182.6,18.0,36,19,7525.17,30,1
SYNTHETIC_ONLY,demo-nbfc-ev-001,AssureRail Synthetic EV Finance NBFC,SYN-EV-3W-2025,SYN-B-LN-0775,SYN-B-BR-0775,Synthetic Borrower B0775,Electric three-wheeler,Karnataka,2025-02-15,2026-09-15,223988.99,149861.41,14.0,48,19,6120.83,0,0
SYNTHETIC_ONLY,demo-nbfc-ev-001,AssureRail Synthetic EV Finance NBFC,SYN-EV-3W-2025,SYN-B-LN-0776,SYN-B-BR-0776,Synthetic Borrower B0776,Electric three-wheeler,Tamil Nadu,2025-03-15,2026-09-15,239826.59,133264.34,15.0,36,18,8313.67,0,0
SYNTHETIC_ONLY,demo-nbfc-ev-001,AssureRail Synthetic EV Finance NBFC,SYN-EV-3W-2025,SYN-B-LN-0777,SYN-B-BR-0777,Synthetic Borrower B0777,Electric three-wheeler,Maharashtra,2025-04-15,2026-09-15,255664.18,182996.1,16.0,48,17,7245.59,0,0
SYNTHETIC_ONLY,demo-nbfc-ev-001,AssureRail Synthetic EV Finance NBFC,SYN-EV-3W-2025,SYN-B-LN-0778,SYN-B-BR-0778,Synthetic Borrower B0778,Electric three-wheeler,Karnataka,2025-05-15,2026-09-15,271501.79,167561.91,17.0,36,16,9679.78,0,0
SYNTHETIC_ONLY,demo-nbfc-ev-001,AssureRail Synthetic EV Finance NBFC,SYN-EV-3W-2025,SYN-B-LN-0779,SYN-B-BR-0779,Synthetic Borrower B0779,Electric three-wheeler,Tamil Nadu,2025-06-15,2026-09-15,287339.39,218433.76,18.0,48,15,8440.59,0,0
SYNTHETIC_ONLY,demo-nbfc-ev-001,AssureRail Synthetic EV Finance NBFC,SYN-EV-3W-2025,SYN-B-LN-0780,SYN-B-BR-0780,Synthetic Borrower B0780,Electric three-wheeler,Maharashtra,2025-07-15,2026-09-15,303177.01,215814.4,14.0,36,12,10361.87,66,2
SYNTHETIC_ONLY,demo-nbfc-ev-001,AssureRail Synthetic EV Finance NBFC,SYN-EV-3W-2025,SYN-B-LN-0781,SYN-B-BR-0781,Synthetic Borrower B0781,Electric three-wheeler,Karnataka,2025-08-15,2026-09-15,319014.61,250441.08,15.0,48,13,8878.42,0,0
SYNTHETIC_ONLY,demo-nbfc-ev-001,AssureRail Synthetic EV Finance NBFC,SYN-EV-3W-2025,SYN-B-LN-0782,SYN-B-BR-0782,Synthetic Borrower B0782,Electric three-wheeler,Tamil Nadu,2025-09-15,2026-09-15,334852.21,240434.28,16.0,36,12,11772.41,0,0
SYNTHETIC_ONLY,demo-nbfc-ev-001,AssureRail Synthetic EV Finance NBFC,SYN-EV-3W-2025,SYN-B-LN-0783,SYN-B-BR-0783,Synthetic Borrower B0783,Electric three-wheeler,Maharashtra,2025-01-15,2026-09-15,208151.39,138030.15,17.0,48,20,6006.22,0,0
SYNTHETIC_ONLY,demo-nbfc-ev-001,AssureRail Synthetic EV Finance NBFC,SYN-EV-3W-2025,SYN-B-LN-0784,SYN-B-BR-0784,Synthetic Borrower B0784,Electric three-wheeler,Karnataka,2025-02-15,2026-09-15,223988.98,120718.24,18.0,36,19,8097.74,0,0
SYNTHETIC_ONLY,demo-nbfc-ev-001,AssureRail Synthetic EV Finance NBFC,SYN-EV-3W-2025,SYN-B-LN-0785,SYN-B-BR-0785,Synthetic Borrower B0785,Electric three-wheeler,Tamil Nadu,2025-03-15,2026-09-15,239826.59,165085.29,14.0,48,18,6553.62,0,0
SYNTHETIC_ONLY,demo-nbfc-ev-001,AssureRail Synthetic EV Finance NBFC,SYN-EV-3W-2025,SYN-B-LN-0786,SYN-B-BR-0786,Synthetic Borrower B0786,Electric three-wheeler,Maharashtra,2025-04-15,2026-09-15,255664.19,169548.12,15.0,36,14,8862.68,93,3
SYNTHETIC_ONLY,demo-nbfc-ev-001,AssureRail Synthetic EV Finance NBFC,SYN-EV-3W-2025,SYN-B-LN-0787,SYN-B-BR-0787,Synthetic Borrower B0787,Electric three-wheeler,Karnataka,2025-05-15,2026-09-15,271501.8,199368.34,16.0,48,16,7694.44,0,0
SYNTHETIC_ONLY,demo-nbfc-ev-001,AssureRail Synthetic EV Finance NBFC,SYN-EV-3W-2025,SYN-B-LN-0788,SYN-B-BR-0788,Synthetic Borrower B0788,Electric three-wheeler,Tamil Nadu,2025-06-15,2026-09-15,287339.41,184960.52,17.0,36,15,10244.43,0,0
SYNTHETIC_ONLY,demo-nbfc-ev-001,AssureRail Synthetic EV Finance NBFC,SYN-EV-3W-2025,SYN-B-LN-0789,SYN-B-BR-0789,Synthetic Borrower B0789,Electric three-wheeler,Maharashtra,2025-07-15,2026-09-15,303177.01,235841.63,18.0,48,14,8905.82,0,0
SYNTHETIC_ONLY,demo-nbfc-ev-001,AssureRail Synthetic EV Finance NBFC,SYN-EV-3W-2025,SYN-B-LN-0790,SYN-B-BR-0790,Synthetic Borrower B0790,Electric three-wheeler,Karnataka,2025-08-15,2026-09-15,319014.61,218834.48,14.0,36,13,10903.16,0,0
SYNTHETIC_ONLY,demo-nbfc-ev-001,AssureRail Synthetic EV Finance NBFC,SYN-EV-3W-2025,SYN-B-LN-0791,SYN-B-BR-0791,Synthetic Borrower B0791,Electric three-wheeler,Tamil Nadu,2025-09-15,2026-09-15,334852.22,268833.1,15.0,48,12,9319.19,0,0
SYNTHETIC_ONLY,demo-nbfc-ev-001,AssureRail Synthetic EV Finance NBFC,SYN-EV-3W-2025,SYN-B-LN-0792,SYN-B-BR-0792,Synthetic Borrower B0792,Electric three-wheeler,Maharashtra,2025-01-15,2026-09-15,208151.38,110658.14,16.0,36,19,7317.98,30,1
SYNTHETIC_ONLY,demo-nbfc-ev-001,AssureRail Synthetic EV Finance NBFC,SYN-EV-3W-2025,SYN-B-LN-0793,SYN-B-BR-0793,Synthetic Borrower B0793,Electric three-wheeler,Karnataka,2025-02-15,2026-09-15,223988.98,152830.55,17.0,48,19,6463.21,0,0
SYNTHETIC_ONLY,demo-nbfc-ev-001,AssureRail Synthetic EV Finance NBFC,SYN-EV-3W-2025,SYN-B-LN-0794,SYN-B-BR-0794,Synthetic Borrower B0794,Electric three-wheeler,Tamil Nadu,2025-03-15,2026-09-15,239826.58,135885.89,18.0,36,18,8670.31,0,0
SYNTHETIC_ONLY,demo-nbfc-ev-001,AssureRail Synthetic EV Finance NBFC,SYN-EV-3W-2025,SYN-B-LN-0795,SYN-B-BR-0795,Synthetic Borrower B0795,Electric three-wheeler,Maharashtra,2025-04-15,2026-09-15,255664.19,180863.47,14.0,48,17,6986.4,0,0
SYNTHETIC_ONLY,demo-nbfc-ev-001,AssureRail Synthetic EV Finance NBFC,SYN-EV-3W-2025,SYN-B-LN-0796,SYN-B-BR-0796,Synthetic Borrower B0796,Electric three-wheeler,Karnataka,2025-05-15,2026-09-15,271501.79,165639.46,15.0,36,16,9411.7,0,0
SYNTHETIC_ONLY,demo-nbfc-ev-001,AssureRail Synthetic EV Finance NBFC,SYN-EV-3W-2025,SYN-B-LN-0797,SYN-B-BR-0797,Synthetic Borrower B0797,Electric three-wheeler,Tamil Nadu,2025-06-15,2026-09-15,287339.39,216257.99,16.0,48,15,8143.28,0,0
SYNTHETIC_ONLY,demo-nbfc-ev-001,AssureRail Synthetic EV Finance NBFC,SYN-EV-3W-2025,SYN-B-LN-0798,SYN-B-BR-0798,Synthetic Borrower B0798,Electric three-wheeler,Maharashtra,2025-07-15,2026-09-15,303177.02,218620.4,17.0,36,12,10809.09,66,2
SYNTHETIC_ONLY,demo-nbfc-ev-001,AssureRail Synthetic EV Finance NBFC,SYN-EV-3W-2025,SYN-B-LN-0799,SYN-B-BR-0799,Synthetic Borrower B0799,Electric three-wheeler,Karnataka,2025-08-15,2026-09-15,319014.61,253726.86,18.0,48,13,9371.05,0,0
SYNTHETIC_ONLY,demo-nbfc-ev-001,AssureRail Synthetic EV Finance NBFC,SYN-EV-3W-2025,SYN-B-LN-0800,SYN-B-BR-0800,Synthetic Borrower B0800,Electric three-wheeler,Tamil Nadu,2025-09-15,2026-09-15,334852.22,238362.17,14.0,36,12,11444.46,0,0
SYNTHETIC_ONLY,demo-nbfc-ev-002,Synthetic Summit Vehicle Finance NBFC,SYN-EV-2W-2025,SYN-C-LN-0001,SYN-C-BR-0001,Synthetic Borrower C0001,Electric two-wheeler,Karnataka,2025-02-15,2026-09-15,249297.67,167903.13,15.0,48,19,6938.14,0,0
SYNTHETIC_ONLY,demo-nbfc-ev-002,Synthetic Summit Vehicle Finance NBFC,SYN-EV-2W-2025,SYN-C-LN-0002,SYN-C-BR-0002,Synthetic Borrower C0002,Electric two-wheeler,Tamil Nadu,2025-03-15,2026-09-15,263038.49,147123.42,16.0,36,18,9247.65,0,0
SYNTHETIC_ONLY,demo-nbfc-ev-002,Synthetic Summit Vehicle Finance NBFC,SYN-EV-2W-2025,SYN-C-LN-0003,SYN-C-BR-0003,Synthetic Borrower C0003,Electric two-wheeler,Maharashtra,2025-04-15,2026-09-15,276779.31,199250.74,17.0,48,17,7986.48,0,0
SYNTHETIC_ONLY,demo-nbfc-ev-002,Synthetic Summit Vehicle Finance NBFC,SYN-EV-2W-2025,SYN-C-LN-0004,SYN-C-BR-0004,Synthetic Borrower C0004,Electric two-wheeler,Karnataka,2025-05-15,2026-09-15,290520.15,180322.2,18.0,36,16,10503.0,0,0
SYNTHETIC_ONLY,demo-nbfc-ev-002,Synthetic Summit Vehicle Finance NBFC,SYN-EV-2W-2025,SYN-C-LN-0005,SYN-C-BR-0005,Synthetic Borrower C0005,Electric two-wheeler,Tamil Nadu,2025-06-15,2026-09-15,304260.96,226648.53,14.0,48,15,8314.38,0,0
SYNTHETIC_ONLY,demo-nbfc-ev-002,Synthetic Summit Vehicle Finance NBFC,SYN-EV-2W-2025,SYN-C-LN-0006,SYN-C-BR-0006,Synthetic Borrower C0006,Electric two-wheeler,Maharashtra,2025-07-15,2026-09-15,318001.77,227354.05,15.0,36,12,11023.64,66,2
SYNTHETIC_ONLY,demo-nbfc-ev-002,Synthetic Summit Vehicle Finance NBFC,SYN-EV-2W-2025,SYN-C-LN-0007,SYN-C-BR-0007,Synthetic Borrower C0007,Electric two-wheeler,Karnataka,2025-08-15,2026-09-15,331742.58,261583.46,16.0,48,13,9401.68,0,0
SYNTHETIC_ONLY,demo-nbfc-ev-002,Synthetic Summit Vehicle Finance NBFC,SYN-EV-2W-2025,SYN-C-LN-0008,SYN-C-BR-0008,Synthetic Borrower C0008,Electric two-wheeler,Tamil Nadu,2025-09-15,2026-09-15,345483.4,249127.46,17.0,36,12,12317.43,0,0
SYNTHETIC_ONLY,demo-nbfc-ev-002,Synthetic Summit Vehicle Finance NBFC,SYN-EV-2W-2025,SYN-C-LN-0009,SYN-C-BR-0009,Synthetic Borrower C0009,Electric two-wheeler,Maharashtra,2025-01-15,2026-09-15,235556.87,157257.13,18.0,48,20,6919.48,0,0
SYNTHETIC_ONLY,demo-nbfc-ev-002,Synthetic Summit Vehicle Finance NBFC,SYN-EV-2W-2025,SYN-C-LN-0010,SYN-C-BR-0010,Synthetic Borrower C0010,Electric two-wheeler,Karnataka,2025-02-15,2026-09-15,249297.68,130699.24,14.0,36,19,8520.4,0,0
SYNTHETIC_ONLY,demo-nbfc-ev-002,Synthetic Summit Vehicle Finance NBFC,SYN-EV-2W-2025,SYN-C-LN-0011,SYN-C-BR-0011,Synthetic Borrower C0011,Electric two-wheeler,Tamil Nadu,2025-03-15,2026-09-15,263038.5,182200.69,15.0,48,18,7320.56,0,0
SYNTHETIC_ONLY,demo-nbfc-ev-002,Synthetic Summit Vehicle Finance NBFC,SYN-EV-2W-2025,SYN-C-LN-0012,SYN-C-BR-0012,Synthetic Borrower C0012,Electric two-wheeler,Maharashtra,2025-04-15,2026-09-15,276779.32,184479.88,16.0,36,14,9730.74,93,3
SYNTHETIC_ONLY,demo-nbfc-ev-002,Synthetic Summit Vehicle Finance NBFC,SYN-EV-2W-2025,SYN-C-LN-0013,SYN-C-BR-0013,Synthetic Borrower C0013,Electric two-wheeler,Karnataka,2025-05-15,2026-09-15,290520.13,214487.03,17.0,48,16,8382.97,0,0
SYNTHETIC_ONLY,demo-nbfc-ev-002,Synthetic Summit Vehicle Finance NBFC,SYN-EV-2W-2025,SYN-C-LN-0014,SYN-C-BR-0014,Synthetic Borrower C0014,Electric two-wheeler,Tamil Nadu,2025-06-15,2026-09-15,304260.95,196897.25,18.0,36,15,10999.76,0,0
SYNTHETIC_ONLY,demo-nbfc-ev-002,Synthetic Summit Vehicle Finance NBFC,SYN-EV-2W-2025,SYN-C-LN-0015,SYN-C-BR-0015,Synthetic Borrower C0015,Electric two-wheeler,Maharashtra,2025-07-15,2026-09-15,318001.77,242742.14,14.0,48,14,8689.87,0,0
SYNTHETIC_ONLY,demo-nbfc-ev-002,Synthetic Summit Vehicle Finance NBFC,SYN-EV-2W-2025,SYN-C-LN-0016,SYN-C-BR-0016,Synthetic Borrower C0016,Electric two-wheeler,Karnataka,2025-08-15,2026-09-15,331742.57,228642.74,15.0,36,13,11499.97,0,0
SYNTHETIC_ONLY,demo-nbfc-ev-002,Synthetic Summit Vehicle Finance NBFC,SYN-EV-2W-2025,SYN-C-LN-0017,SYN-C-BR-0017,Synthetic Borrower C0017,Electric two-wheeler,Tamil Nadu,2025-09-15,2026-09-15,345483.4,278496.1,16.0,48,12,9791.1,0,0
SYNTHETIC_ONLY,demo-nbfc-ev-002,Synthetic Summit Vehicle Finance NBFC,SYN-EV-2W-2025,SYN-C-LN-0018,SYN-C-BR-0018,Synthetic Borrower C0018,Electric two-wheeler,Maharashtra,2025-01-15,2026-09-15,235556.86,126091.05,17.0,36,19,8398.24,30,1
SYNTHETIC_ONLY,demo-nbfc-ev-002,Synthetic Summit Vehicle Finance NBFC,SYN-EV-2W-2025,SYN-C-LN-0019,SYN-C-BR-0019,Synthetic Borrower C0019,Electric two-wheeler,Karnataka,2025-02-15,2026-09-15,249297.68,171185.79,18.0,48,19,7323.12,0,0
SYNTHETIC_ONLY,demo-nbfc-ev-002,Synthetic Summit Vehicle Finance NBFC,SYN-EV-2W-2025,SYN-C-LN-0020,SYN-C-BR-0020,Synthetic Borrower C0020,Electric two-wheeler,Tamil Nadu,2025-03-15,2026-09-15,263038.48,145199.17,14.0,36,18,8990.03,0,0
SYNTHETIC_ONLY,demo-nbfc-ev-002,Synthetic Summit Vehicle Finance NBFC,SYN-EV-2W-2025,SYN-C-LN-0021,SYN-C-BR-0021,Synthetic Borrower C0021,Electric two-wheeler,Maharashtra,2025-04-15,2026-09-15,276779.32,196959.62,15.0,48,17,7702.98,0,0
SYNTHETIC_ONLY,demo-nbfc-ev-002,Synthetic Summit Vehicle Finance NBFC,SYN-EV-2W-2025,SYN-C-LN-0022,SYN-C-BR-0022,Synthetic Borrower C0022,Electric two-wheeler,Karnataka,2025-05-15,2026-09-15,290520.13,178272.73,16.0,36,16,10213.83,0,0
SYNTHETIC_ONLY,demo-nbfc-ev-002,Synthetic Summit Vehicle Finance NBFC,SYN-EV-2W-2025,SYN-C-LN-0023,SYN-C-BR-0023,Synthetic Borrower C0023,Electric two-wheeler,Tamil Nadu,2025-06-15,2026-09-15,304260.95,230150.68,17.0,48,15,8779.46,0,0
SYNTHETIC_ONLY,demo-nbfc-ev-002,Synthetic Summit Vehicle Finance NBFC,SYN-EV-2W-2025,SYN-C-LN-0024,SYN-C-BR-0024,Synthetic Borrower C0024,Electric two-wheeler,Maharashtra,2025-07-15,2026-09-15,318001.77,230280.07,18.0,36,12,11496.53,66,2
SYNTHETIC_ONLY,demo-nbfc-ev-002,Synthetic Summit Vehicle Finance NBFC,SYN-EV-2W-2025,SYN-C-LN-0025,SYN-C-BR-0025,Synthetic Borrower C0025,Electric two-wheeler,Karnataka,2025-08-15,2026-09-15,331742.58,259271.52,14.0,48,13,9065.36,0,0
SYNTHETIC_ONLY,demo-nbfc-ev-002,Synthetic Summit Vehicle Finance NBFC,SYN-EV-2W-2025,SYN-C-LN-0026,SYN-C-BR-0026,Synthetic Borrower C0026,Electric two-wheeler,Tamil Nadu,2025-09-15,2026-09-15,345483.4,247001.93,15.0,36,12,11976.3,0,0
SYNTHETIC_ONLY,demo-nbfc-ev-002,Synthetic Summit Vehicle Finance NBFC,SYN-EV-2W-2025,SYN-C-LN-0027,SYN-C-BR-0027,Synthetic Borrower C0027,Electric two-wheeler,Maharashtra,2025-01-15,2026-09-15,235556.87,155142.96,16.0,48,20,6675.75,0,0
SYNTHETIC_ONLY,demo-nbfc-ev-002,Synthetic Summit Vehicle Finance NBFC,SYN-EV-2W-2025,SYN-C-LN-0028,SYN-C-BR-0028,Synthetic Borrower C0028,Electric two-wheeler,Karnataka,2025-02-15,2026-09-15,249297.68,133446.36,17.0,36,19,8888.14,0,0
SYNTHETIC_ONLY,demo-nbfc-ev-002,Synthetic Summit Vehicle Finance NBFC,SYN-EV-2W-2025,SYN-C-LN-0029,SYN-C-BR-0029,Synthetic Borrower C0029,Electric two-wheeler,Tamil Nadu,2025-03-15,2026-09-15,263038.49,185564.51,18.0,48,18,7726.76,0,0
SYNTHETIC_ONLY,demo-nbfc-ev-002,Synthetic Summit Vehicle Finance NBFC,SYN-EV-2W-2025,SYN-C-LN-0030,SYN-C-BR-0030,Synthetic Borrower C0030,Electric two-wheeler,Maharashtra,2025-04-15,2026-09-15,276779.33,182617.74,14.0,36,14,9459.66,93,3
SYNTHETIC_ONLY,demo-nbfc-ev-002,Synthetic Summit Vehicle Finance NBFC,SYN-EV-2W-2025,SYN-C-LN-0031,SYN-C-BR-0031,Synthetic Borrower C0031,Electric two-wheeler,Karnataka,2025-05-15,2026-09-15,290520.14,212171.01,15.0,48,16,8085.39,0,0
SYNTHETIC_ONLY,demo-nbfc-ev-002,Synthetic Summit Vehicle Finance NBFC,SYN-EV-2W-2025,SYN-C-LN-0032,SYN-C-BR-0032,Synthetic Borrower C0032,Electric two-wheeler,Tamil Nadu,2025-06-15,2026-09-15,304260.94,194804.07,16.0,36,15,10696.91,0,0
SYNTHETIC_ONLY,demo-nbfc-ev-002,Synthetic Summit Vehicle Finance NBFC,SYN-EV-2W-2025,SYN-C-LN-0033,SYN-C-BR-0033,Synthetic Borrower C0033,Electric two-wheeler,Maharashtra,2025-07-15,2026-09-15,318001.77,246232.25,17.0,48,14,9175.95,0,0
SYNTHETIC_ONLY,demo-nbfc-ev-002,Synthetic Summit Vehicle Finance NBFC,SYN-EV-2W-2025,SYN-C-LN-0034,SYN-C-BR-0034,Synthetic Borrower C0034,Electric two-wheeler,Karnataka,2025-08-15,2026-09-15,331742.58,231840.61,18.0,36,13,11993.29,0,0
SYNTHETIC_ONLY,demo-nbfc-ev-002,Synthetic Summit Vehicle Finance NBFC,SYN-EV-2W-2025,SYN-C-LN-0035,SYN-C-BR-0035,Synthetic Borrower C0035,Electric two-wheeler,Tamil Nadu,2025-09-15,2026-09-15,345483.41,276228.76,14.0,48,12,9440.84,0,0
SYNTHETIC_ONLY,demo-nbfc-ev-002,Synthetic Summit Vehicle Finance NBFC,SYN-EV-2W-2025,SYN-C-LN-0036,SYN-C-BR-0036,Synthetic Borrower C0036,Electric two-wheeler,Maharashtra,2025-01-15,2026-09-15,235556.87,124362.28,15.0,36,19,8165.66,30,1
SYNTHETIC_ONLY,demo-nbfc-ev-002,Synthetic Summit Vehicle Finance NBFC,SYN-EV-2W-2025,SYN-C-LN-0037,SYN-C-BR-0037,Synthetic Borrower C0037,Electric two-wheeler,Karnataka,2025-02-15,2026-09-15,249297.68,169004.73,16.0,48,19,7065.17,0,0
SYNTHETIC_ONLY,demo-nbfc-ev-002,Synthetic Summit Vehicle Finance NBFC,SYN-EV-2W-2025,SYN-C-LN-0038,SYN-C-BR-0038,Synthetic Borrower C0038,Electric two-wheeler,Tamil Nadu,2025-03-15,2026-09-15,263038.51,148081.89,17.0,36,18,9378.04,0,0
SYNTHETIC_ONLY,demo-nbfc-ev-002,Synthetic Summit Vehicle Finance NBFC,SYN-EV-2W-2025,SYN-C-LN-0039,SYN-C-BR-0039,Synthetic Borrower C0039,Electric two-wheeler,Maharashtra,2025-04-15,2026-09-15,276779.31,200382.83,18.0,48,17,8130.39,0,0
SYNTHETIC_ONLY,demo-nbfc-ev-002,Synthetic Summit Vehicle Finance NBFC,SYN-EV-2W-2025,SYN-C-LN-0040,SYN-C-BR-0040,Synthetic Borrower C0040,Electric two-wheeler,Karnataka,2025-05-15,2026-09-15,290520.14,176208.16,14.0,36,16,9929.29,0,0
SYNTHETIC_ONLY,demo-nbfc-ev-002,Synthetic Summit Vehicle Finance NBFC,SYN-EV-2W-2025,SYN-C-LN-0041,SYN-C-BR-0041,Synthetic Borrower C0041,Electric two-wheeler,Tamil Nadu,2025-06-15,2026-09-15,304260.96,227826.11,15.0,48,15,8467.81,0,0
SYNTHETIC_ONLY,demo-nbfc-ev-002,Synthetic Summit Vehicle Finance NBFC,SYN-EV-2W-2025,SYN-C-LN-0042,SYN-C-BR-0042,Synthetic Borrower C0042,Electric two-wheeler,Maharashtra,2025-07-15,2026-09-15,318001.77,228335.14,16.0,36,12,11180.0,66,2
SYNTHETIC_ONLY,demo-nbfc-ev-002,Synthetic Summit Vehicle Finance NBFC,SYN-EV-2W-2025,SYN-C-LN-0043,SYN-C-BR-0043,Synthetic Borrower C0043,Electric two-wheeler,Karnataka,2025-08-15,2026-09-15,331742.58,262722.45,17.0,48,13,9572.45,0,0
SYNTHETIC_ONLY,demo-nbfc-ev-002,Synthetic Summit Vehicle Finance NBFC,SYN-EV-2W-2025,SYN-C-LN-0044,SYN-C-BR-0044,Synthetic Borrower C0044,Electric two-wheeler,Tamil Nadu,2025-09-15,2026-09-15,345483.41,250180.82,18.0,36,12,12490.05,0,0
SYNTHETIC_ONLY,demo-nbfc-ev-002,Synthetic Summit Vehicle Finance NBFC,SYN-EV-2W-2025,SYN-C-LN-0045,SYN-C-BR-0045,Synthetic Borrower C0045,Electric two-wheeler,Maharashtra,2025-01-15,2026-09-15,235556.87,153002.72,14.0,48,20,6436.94,0,0
SYNTHETIC_ONLY,demo-nbfc-ev-002,Synthetic Summit Vehicle Finance NBFC,SYN-EV-2W-2025,SYN-C-LN-0046,SYN-C-BR-0046,Synthetic Borrower C0046,Electric two-wheeler,Karnataka,2025-02-15,2026-09-15,249297.68,131616.74,15.0,36,19,8641.99,0,0
SYNTHETIC_ONLY,demo-nbfc-ev-002,Synthetic Summit Vehicle Finance NBFC,SYN-EV-2W-2025,SYN-C-LN-0047,SYN-C-BR-0047,Synthetic Borrower C0047,Electric two-wheeler,Tamil Nadu,2025-03-15,2026-09-15,263038.49,183330.13,16.0,48,18,7454.58,0,0
SYNTHETIC_ONLY,demo-nbfc-ev-002,Synthetic Summit Vehicle Finance NBFC,SYN-EV-2W-2025,SYN-C-LN-0048,SYN-C-BR-0048,Synthetic Borrower C0048,Electric two-wheeler,Maharashtra,2025-04-15,2026-09-15,276779.31,185404.36,17.0,36,14,9867.94,93,3
SYNTHETIC_ONLY,demo-nbfc-ev-002,Synthetic Summit Vehicle Finance NBFC,SYN-EV-2W-2025,SYN-C-LN-0049,SYN-C-BR-0049,Synthetic Borrower C0049,Electric two-wheeler,Karnataka,2025-05-15,2026-09-15,290520.13,215630.49,18.0,48,16,8534.03,0,0
SYNTHETIC_ONLY,demo-nbfc-ev-002,Synthetic Summit Vehicle Finance NBFC,SYN-EV-2W-2025,SYN-C-LN-0050,SYN-C-BR-0050,Synthetic Borrower C0050,Electric two-wheeler,Tamil Nadu,2025-06-15,2026-09-15,304260.94,192693.15,14.0,36,15,10398.92,0,0
SYNTHETIC_ONLY,demo-nbfc-ev-002,Synthetic Summit Vehicle Finance NBFC,SYN-EV-2W-2025,SYN-C-LN-0051,SYN-C-BR-0051,Synthetic Borrower C0051,Electric two-wheeler,Maharashtra,2025-07-15,2026-09-15,318001.77,243916.3,15.0,48,14,8850.23,0,0
SYNTHETIC_ONLY,demo-nbfc-ev-002,Synthetic Summit Vehicle Finance NBFC,SYN-EV-2W-2025,SYN-C-LN-0052,SYN-C-BR-0052,Synthetic Borrower C0052,Electric two-wheeler,Karnataka,2025-08-15,2026-09-15,331742.57,229714.4,16.0,36,13,11663.08,0,0
SYNTHETIC_ONLY,demo-nbfc-ev-002,Synthetic Summit Vehicle Finance NBFC,SYN-EV-2W-2025,SYN-C-LN-0053,SYN-C-BR-0053,Synthetic Borrower C0053,Electric two-wheeler,Tamil Nadu,2025-09-15,2026-09-15,345483.41,279612.22,17.0,48,12,9968.94,0,0
SYNTHETIC_ONLY,demo-nbfc-ev-002,Synthetic Summit Vehicle Finance NBFC,SYN-EV-2W-2025,SYN-C-LN-0054,SYN-C-BR-0054,Synthetic Borrower C0054,Electric two-wheeler,Maharashtra,2025-01-15,2026-09-15,235556.86,126952.72,18.0,36,19,8515.94,30,1
SYNTHETIC_ONLY,demo-nbfc-ev-002,Synthetic Summit Vehicle Finance NBFC,SYN-EV-2W-2025,SYN-C-LN-0055,SYN-C-BR-0055,Synthetic Borrower C0055,Electric two-wheeler,Karnataka,2025-02-15,2026-09-15,249297.68,166794.37,14.0,48,19,6812.43,0,0
SYNTHETIC_ONLY,demo-nbfc-ev-002,Synthetic Summit Vehicle Finance NBFC,SYN-EV-2W-2025,SYN-C-LN-0056,SYN-C-BR-0056,Synthetic Borrower C0056,Electric two-wheeler,Tamil Nadu,2025-03-15,2026-09-15,263038.5,146162.49,15.0,36,18,9118.32,0,0
SYNTHETIC_ONLY,demo-nbfc-ev-002,Synthetic Summit Vehicle Finance NBFC,SYN-EV-2W-2025,SYN-C-LN-0057,SYN-C-BR-0057,Synthetic Borrower C0057,Electric two-wheeler,Maharashtra,2025-04-15,2026-09-15,276779.31,198109.62,16.0,48,17,7844.0,0,0
SYNTHETIC_ONLY,demo-nbfc-ev-002,Synthetic Summit Vehicle Finance NBFC,SYN-EV-2W-2025,SYN-C-LN-0058,SYN-C-BR-0058,Synthetic Borrower C0058,Electric two-wheeler,Karnataka,2025-05-15,2026-09-15,290520.13,179299.4,17.0,36,16,10357.84,0,0
SYNTHETIC_ONLY,demo-nbfc-ev-002,Synthetic Summit Vehicle Finance NBFC,SYN-EV-2W-2025,SYN-C-LN-0059,SYN-C-BR-0059,Synthetic Borrower C0059,Electric two-wheeler,Tamil Nadu,2025-06-15,2026-09-15,304260.95,231297.43,18.0,48,15,8937.67,0,0
SYNTHETIC_ONLY,demo-nbfc-ev-002,Synthetic Summit Vehicle Finance NBFC,SYN-EV-2W-2025,SYN-C-LN-0060,SYN-C-BR-0060,Synthetic Borrower C0060,Electric two-wheeler,Maharashtra,2025-07-15,2026-09-15,318001.77,226367.3,14.0,36,12,10868.55,66,2
SYNTHETIC_ONLY,demo-nbfc-ev-002,Synthetic Summit Vehicle Finance NBFC,SYN-EV-2W-2025,SYN-C-LN-0061,SYN-C-BR-0061,Synthetic Borrower C0061,Electric two-wheeler,Karnataka,2025-08-15,2026-09-15,331742.58,260433.12,15.0,48,13,9232.64,0,0
SYNTHETIC_ONLY,demo-nbfc-ev-002,Synthetic Summit Vehicle Finance NBFC,SYN-EV-2W-2025,SYN-C-LN-0062,SYN-C-BR-0062,Synthetic Borrower C0062,Electric two-wheeler,Tamil Nadu,2025-09-15,2026-09-15,345483.41,248067.81,16.0,36,12,12146.17,0,0
SYNTHETIC_ONLY,demo-nbfc-ev-002,Synthetic Summit Vehicle Finance NBFC,SYN-EV-2W-2025,SYN-C-LN-0063,SYN-C-BR-0063,Synthetic Borrower C0063,Electric two-wheeler,Maharashtra,2025-01-15,2026-09-15,235556.87,156203.38,17.0,48,20,6797.0,0,0
SYNTHETIC_ONLY,demo-nbfc-ev-002,Synthetic Summit Vehicle Finance NBFC,SYN-EV-2W-2025,SYN-C-LN-0064,SYN-C-BR-0064,Synthetic Borrower C0064,Electric two-wheeler,Karnataka,2025-02-15,2026-09-15,249297.69,134358.3,18.0,36,19,9012.71,0,0
SYNTHETIC_ONLY,demo-nbfc-ev-002,Synthetic Summit Vehicle Finance NBFC,SYN-EV-2W-2025,SYN-C-LN-0065,SYN-C-BR-0065,Synthetic Borrower C0065,Electric two-wheeler,Tamil Nadu,2025-03-15,2026-09-15,263038.5,181063.27,14.0,48,18,7187.92,0,0
SYNTHETIC_ONLY,demo-nbfc-ev-002,Synthetic Summit Vehicle Finance NBFC,SYN-EV-2W-2025,SYN-C-LN-0066,SYN-C-BR-0066,Synthetic Borrower C0066,Electric two-wheeler,Maharashtra,2025-04-15,2026-09-15,276779.31,183550.97,15.0,36,14,9594.65,93,3
SYNTHETIC_ONLY,demo-nbfc-ev-002,Synthetic Summit Vehicle Finance NBFC,SYN-EV-2W-2025,SYN-C-LN-0067,SYN-C-BR-0067,Synthetic Borrower C0067,Electric two-wheeler,Karnataka,2025-05-15,2026-09-15,290520.14,213333.83,16.0,48,16,8233.42,0,0
SYNTHETIC_ONLY,demo-nbfc-ev-002,Synthetic Summit Vehicle Finance NBFC,SYN-EV-2W-2025,SYN-C-LN-0068,SYN-C-BR-0068,Synthetic Borrower C0068,Electric two-wheeler,Tamil Nadu,2025-06-15,2026-09-15,304260.95,195852.93,17.0,36,15,10847.73,0,0
SYNTHETIC_ONLY,demo-nbfc-ev-002,Synthetic Summit Vehicle Finance NBFC,SYN-EV-2W-2025,SYN-C-LN-0069,SYN-C-BR-0069,Synthetic Borrower C0069,Electric two-wheeler,Maharashtra,2025-07-15,2026-09-15,318001.77,247373.82,18.0,48,14,9341.3,0,0
SYNTHETIC_ONLY,demo-nbfc-ev-002,Synthetic Summit Vehicle Finance NBFC,SYN-EV-2W-2025,SYN-C-LN-0070,SYN-C-BR-0070,Synthetic Borrower C0070,Electric two-wheeler,Karnataka,2025-08-15,2026-09-15,331742.59,227565.5,14.0,36,13,11338.18,0,0
SYNTHETIC_ONLY,demo-nbfc-ev-002,Synthetic Summit Vehicle Finance NBFC,SYN-EV-2W-2025,SYN-C-LN-0071,SYN-C-BR-0071,Synthetic Borrower C0071,Electric two-wheeler,Tamil Nadu,2025-09-15,2026-09-15,345483.41,277368.26,15.0,48,12,9615.06,0,0
SYNTHETIC_ONLY,demo-nbfc-ev-002,Synthetic Summit Vehicle Finance NBFC,SYN-EV-2W-2025,SYN-C-LN-0072,SYN-C-BR-0072,Synthetic Borrower C0072,Electric two-wheeler,Maharashtra,2025-01-15,2026-09-15,235556.87,125227.54,16.0,36,19,8281.48,30,1
SYNTHETIC_ONLY,demo-nbfc-ev-002,Synthetic Summit Vehicle Finance NBFC,SYN-EV-2W-2025,SYN-C-LN-0073,SYN-C-BR-0073,Synthetic Borrower C0073,Electric two-wheeler,Karnataka,2025-02-15,2026-09-15,249297.68,170099.0,17.0,48,19,7193.5,0,0
SYNTHETIC_ONLY,demo-nbfc-ev-002,Synthetic Summit Vehicle Finance NBFC,SYN-EV-2W-2025,SYN-C-LN-0074,SYN-C-BR-0074,Synthetic Borrower C0074,Electric two-wheeler,Tamil Nadu,2025-03-15,2026-09-15,263038.5,149037.78,18.0,36,18,9509.47,0,0
SYNTHETIC_ONLY,demo-nbfc-ev-002,Synthetic Summit Vehicle Finance NBFC,SYN-EV-2W-2025,SYN-C-LN-0075,SYN-C-BR-0075,Synthetic Borrower C0075,Electric two-wheeler,Maharashtra,2025-04-15,2026-09-15,276779.32,195800.86,14.0,48,17,7563.4,0,0
SYNTHETIC_ONLY,demo-nbfc-ev-002,Synthetic Summit Vehicle Finance NBFC,SYN-EV-2W-2025,SYN-C-LN-0076,SYN-C-BR-0076,Synthetic Borrower C0076,Electric two-wheeler,Karnataka,2025-05-15,2026-09-15,290520.14,177242.29,15.0,36,16,10070.98,0,0
SYNTHETIC_ONLY,demo-nbfc-ev-002,Synthetic Summit Vehicle Finance NBFC,SYN-EV-2W-2025,SYN-C-LN-0077,SYN-C-BR-0077,Synthetic Borrower C0077,Electric two-wheeler,Tamil Nadu,2025-06-15,2026-09-15,304260.95,228993.53,16.0,48,15,8622.84,0,0
SYNTHETIC_ONLY,demo-nbfc-ev-002,Synthetic Summit Vehicle Finance NBFC,SYN-EV-2W-2025,SYN-C-LN-0078,SYN-C-BR-0078,Synthetic Borrower C0078,Electric two-wheeler,Maharashtra,2025-07-15,2026-09-15,318001.77,229310.5,17.0,36,12,11337.63,66,2
SYNTHETIC_ONLY,demo-nbfc-ev-002,Synthetic Summit Vehicle Finance NBFC,SYN-EV-2W-2025,SYN-C-LN-0079,SYN-C-BR-0079,Synthetic Borrower C0079,Electric two-wheeler,Karnataka,2025-08-15,2026-09-15,331742.59,263850.0,18.0,48,13,9744.94,0,0
SYNTHETIC_ONLY,demo-nbfc-ev-002,Synthetic Summit Vehicle Finance NBFC,SYN-EV-2W-2025,SYN-C-LN-0080,SYN-C-BR-0080,Synthetic Borrower C0080,Electric two-wheeler,Tamil Nadu,2025-09-15,2026-09-15,345483.4,245929.9,14.0,36,12,11807.8,0,0
SYNTHETIC_ONLY,demo-nbfc-ev-002,Synthetic Summit Vehicle Finance NBFC,SYN-EV-2W-2025,SYN-C-LN-0081,SYN-C-BR-0081,Synthetic Borrower C0081,Electric two-wheeler,Maharashtra,2025-01-15,2026-09-15,235556.87,154076.02,15.0,48,20,6555.72,0,0
SYNTHETIC_ONLY,demo-nbfc-ev-002,Synthetic Summit Vehicle Finance NBFC,SYN-EV-2W-2025,SYN-C-LN-0082,SYN-C-BR-0082,Synthetic Borrower C0082,Electric two-wheeler,Karnataka,2025-02-15,2026-09-15,249297.68,132532.48,16.0,36,19,8764.57,0,0
SYNTHETIC_ONLY,demo-nbfc-ev-002,Synthetic Summit Vehicle Finance NBFC,SYN-EV-2W-2025,SYN-C-LN-0083,SYN-C-BR-0083,Synthetic Borrower C0083,Electric two-wheeler,Tamil Nadu,2025-03-15,2026-09-15,263038.5,184451.46,17.0,48,18,7589.99,0,0
SYNTHETIC_ONLY,demo-nbfc-ev-002,Synthetic Summit Vehicle Finance NBFC,SYN-EV-2W-2025,SYN-C-LN-0084,SYN-C-BR-0084,Synthetic Borrower C0084,Electric two-wheeler,Maharashtra,2025-04-15,2026-09-15,276779.32,186324.35,18.0,36,14,10006.24,93,3
SYNTHETIC_ONLY,demo-nbfc-ev-002,Synthetic Summit Vehicle Finance NBFC,SYN-EV-2W-2025,SYN-C-LN-0085,SYN-C-BR-0085,Synthetic Borrower C0085,Electric two-wheeler,Karnataka,2025-05-15,2026-09-15,290520.13,210998.71,14.0,48,16,7938.89,0,0
SYNTHETIC_ONLY,demo-nbfc-ev-002,Synthetic Summit Vehicle Finance NBFC,SYN-EV-2W-2025,SYN-C-LN-0086,SYN-C-BR-0086,Synthetic Borrower C0086,Electric two-wheeler,Tamil Nadu,2025-06-15,2026-09-15,304260.95,193750.79,15.0,36,15,10547.31,0,0
SYNTHETIC_ONLY,demo-nbfc-ev-002,Synthetic Summit Vehicle Finance NBFC,SYN-EV-2W-2025,SYN-C-LN-0087,SYN-C-BR-0087,Synthetic Borrower C0087,Electric two-wheeler,Maharashtra,2025-07-15,2026-09-15,318001.77,245079.71,16.0,48,14,9012.26,0,0
SYNTHETIC_ONLY,demo-nbfc-ev-002,Synthetic Summit Vehicle Finance NBFC,SYN-EV-2W-2025,SYN-C-LN-0088,SYN-C-BR-0088,Synthetic Borrower C0088,Electric two-wheeler,Karnataka,2025-08-15,2026-09-15,331742.57,230780.38,17.0,36,13,11827.53,0,0
SYNTHETIC_ONLY,demo-nbfc-ev-002,Synthetic Summit Vehicle Finance NBFC,SYN-EV-2W-2025,SYN-C-LN-0089,SYN-C-BR-0089,Synthetic Borrower C0089,Electric two-wheeler,Tamil Nadu,2025-09-15,2026-09-15,345483.4,280716.52,18.0,48,12,10148.57,0,0
SYNTHETIC_ONLY,demo-nbfc-ev-002,Synthetic Summit Vehicle Finance NBFC,SYN-EV-2W-2025,SYN-C-LN-0090,SYN-C-BR-0090,Synthetic Borrower C0090,Electric two-wheeler,Maharashtra,2025-01-15,2026-09-15,235556.87,123495.35,14.0,36,19,8050.78,30,1
SYNTHETIC_ONLY,demo-nbfc-ev-002,Synthetic Summit Vehicle Finance NBFC,SYN-EV-2W-2025,SYN-C-LN-0091,SYN-C-BR-0091,Synthetic Borrower C0091,Electric two-wheeler,Karnataka,2025-02-15,2026-09-15,249297.67,167903.13,15.0,48,19,6938.14,0,0
SYNTHETIC_ONLY,demo-nbfc-ev-002,Synthetic Summit Vehicle Finance NBFC,SYN-EV-2W-2025,SYN-C-LN-0092,SYN-C-BR-0092,Synthetic Borrower C0092,Electric two-wheeler,Tamil Nadu,2025-03-15,2026-09-15,263038.49,147123.42,16.0,36,18,9247.65,0,0
SYNTHETIC_ONLY,demo-nbfc-ev-002,Synthetic Summit Vehicle Finance NBFC,SYN-EV-2W-2025,SYN-C-LN-0093,SYN-C-BR-0093,Synthetic Borrower C0093,Electric two-wheeler,Maharashtra,2025-04-15,2026-09-15,276779.31,199250.74,17.0,48,17,7986.48,0,0
SYNTHETIC_ONLY,demo-nbfc-ev-002,Synthetic Summit Vehicle Finance NBFC,SYN-EV-2W-2025,SYN-C-LN-0094,SYN-C-BR-0094,Synthetic Borrower C0094,Electric two-wheeler,Karnataka,2025-05-15,2026-09-15,290520.15,180322.2,18.0,36,16,10503.0,0,0
SYNTHETIC_ONLY,demo-nbfc-ev-002,Synthetic Summit Vehicle Finance NBFC,SYN-EV-2W-2025,SYN-C-LN-0095,SYN-C-BR-0095,Synthetic Borrower C0095,Electric two-wheeler,Tamil Nadu,2025-06-15,2026-09-15,304260.96,226648.53,14.0,48,15,8314.38,0,0
SYNTHETIC_ONLY,demo-nbfc-ev-002,Synthetic Summit Vehicle Finance NBFC,SYN-EV-2W-2025,SYN-C-LN-0096,SYN-C-BR-0096,Synthetic Borrower C0096,Electric two-wheeler,Maharashtra,2025-07-15,2026-09-15,318001.77,227354.05,15.0,36,12,11023.64,66,2
SYNTHETIC_ONLY,demo-nbfc-ev-002,Synthetic Summit Vehicle Finance NBFC,SYN-EV-2W-2025,SYN-C-LN-0097,SYN-C-BR-0097,Synthetic Borrower C0097,Electric two-wheeler,Karnataka,2025-08-15,2026-09-15,331742.58,261583.46,16.0,48,13,9401.68,0,0
SYNTHETIC_ONLY,demo-nbfc-ev-002,Synthetic Summit Vehicle Finance NBFC,SYN-EV-2W-2025,SYN-C-LN-0098,SYN-C-BR-0098,Synthetic Borrower C0098,Electric two-wheeler,Tamil Nadu,2025-09-15,2026-09-15,345483.4,249127.46,17.0,36,12,12317.43,0,0
SYNTHETIC_ONLY,demo-nbfc-ev-002,Synthetic Summit Vehicle Finance NBFC,SYN-EV-2W-2025,SYN-C-LN-0099,SYN-C-BR-0099,Synthetic Borrower C0099,Electric two-wheeler,Maharashtra,2025-01-15,2026-09-15,235556.87,157257.13,18.0,48,20,6919.48,0,0
SYNTHETIC_ONLY,demo-nbfc-ev-002,Synthetic Summit Vehicle Finance NBFC,SYN-EV-2W-2025,SYN-C-LN-0100,SYN-C-BR-0100,Synthetic Borrower C0100,Electric two-wheeler,Karnataka,2025-02-15,2026-09-15,249297.68,130699.24,14.0,36,19,8520.4,0,0
SYNTHETIC_ONLY,demo-nbfc-ev-002,Synthetic Summit Vehicle Finance NBFC,SYN-EV-2W-2025,SYN-C-LN-0101,SYN-C-BR-0101,Synthetic Borrower C0101,Electric two-wheeler,Tamil Nadu,2025-03-15,2026-09-15,263038.5,182200.69,15.0,48,18,7320.56,0,0
SYNTHETIC_ONLY,demo-nbfc-ev-002,Synthetic Summit Vehicle Finance NBFC,SYN-EV-2W-2025,SYN-C-LN-0102,SYN-C-BR-0102,Synthetic Borrower C0102,Electric two-wheeler,Maharashtra,2025-04-15,2026-09-15,276779.32,184479.88,16.0,36,14,9730.74,93,3
SYNTHETIC_ONLY,demo-nbfc-ev-002,Synthetic Summit Vehicle Finance NBFC,SYN-EV-2W-2025,SYN-C-LN-0103,SYN-C-BR-0103,Synthetic Borrower C0103,Electric two-wheeler,Karnataka,2025-05-15,2026-09-15,290520.13,214487.03,17.0,48,16,8382.97,0,0
SYNTHETIC_ONLY,demo-nbfc-ev-002,Synthetic Summit Vehicle Finance NBFC,SYN-EV-2W-2025,SYN-C-LN-0104,SYN-C-BR-0104,Synthetic Borrower C0104,Electric two-wheeler,Tamil Nadu,2025-06-15,2026-09-15,304260.95,196897.25,18.0,36,15,10999.76,0,0
SYNTHETIC_ONLY,demo-nbfc-ev-002,Synthetic Summit Vehicle Finance NBFC,SYN-EV-2W-2025,SYN-C-LN-0105,SYN-C-BR-0105,Synthetic Borrower C0105,Electric two-wheeler,Maharashtra,2025-07-15,2026-09-15,318001.77,242742.14,14.0,48,14,8689.87,0,0
SYNTHETIC_ONLY,demo-nbfc-ev-002,Synthetic Summit Vehicle Finance NBFC,SYN-EV-2W-2025,SYN-C-LN-0106,SYN-C-BR-0106,Synthetic Borrower C0106,Electric two-wheeler,Karnataka,2025-08-15,2026-09-15,331742.57,228642.74,15.0,36,13,11499.97,0,0
SYNTHETIC_ONLY,demo-nbfc-ev-002,Synthetic Summit Vehicle Finance NBFC,SYN-EV-2W-2025,SYN-C-LN-0107,SYN-C-BR-0107,Synthetic Borrower C0107,Electric two-wheeler,Tamil Nadu,2025-09-15,2026-09-15,345483.4,278496.1,16.0,48,12,9791.1,0,0
SYNTHETIC_ONLY,demo-nbfc-ev-002,Synthetic Summit Vehicle Finance NBFC,SYN-EV-2W-2025,SYN-C-LN-0108,SYN-C-BR-0108,Synthetic Borrower C0108,Electric two-wheeler,Maharashtra,2025-01-15,2026-09-15,235556.86,126091.05,17.0,36,19,8398.24,30,1
SYNTHETIC_ONLY,demo-nbfc-ev-002,Synthetic Summit Vehicle Finance NBFC,SYN-EV-2W-2025,SYN-C-LN-0109,SYN-C-BR-0109,Synthetic Borrower C0109,Electric two-wheeler,Karnataka,2025-02-15,2026-09-15,249297.68,171185.79,18.0,48,19,7323.12,0,0
SYNTHETIC_ONLY,demo-nbfc-ev-002,Synthetic Summit Vehicle Finance NBFC,SYN-EV-2W-2025,SYN-C-LN-0110,SYN-C-BR-0110,Synthetic Borrower C0110,Electric two-wheeler,Tamil Nadu,2025-03-15,2026-09-15,263038.48,145199.17,14.0,36,18,8990.03,0,0
SYNTHETIC_ONLY,demo-nbfc-ev-002,Synthetic Summit Vehicle Finance NBFC,SYN-EV-2W-2025,SYN-C-LN-0111,SYN-C-BR-0111,Synthetic Borrower C0111,Electric two-wheeler,Maharashtra,2025-04-15,2026-09-15,276779.32,196959.62,15.0,48,17,7702.98,0,0
SYNTHETIC_ONLY,demo-nbfc-ev-002,Synthetic Summit Vehicle Finance NBFC,SYN-EV-2W-2025,SYN-C-LN-0112,SYN-C-BR-0112,Synthetic Borrower C0112,Electric two-wheeler,Karnataka,2025-05-15,2026-09-15,290520.13,178272.73,16.0,36,16,10213.83,0,0
SYNTHETIC_ONLY,demo-nbfc-ev-002,Synthetic Summit Vehicle Finance NBFC,SYN-EV-2W-2025,SYN-C-LN-0113,SYN-C-BR-0113,Synthetic Borrower C0113,Electric two-wheeler,Tamil Nadu,2025-06-15,2026-09-15,304260.95,230150.68,17.0,48,15,8779.46,0,0
SYNTHETIC_ONLY,demo-nbfc-ev-002,Synthetic Summit Vehicle Finance NBFC,SYN-EV-2W-2025,SYN-C-LN-0114,SYN-C-BR-0114,Synthetic Borrower C0114,Electric two-wheeler,Maharashtra,2025-07-15,2026-09-15,318001.77,230280.07,18.0,36,12,11496.53,66,2
SYNTHETIC_ONLY,demo-nbfc-ev-002,Synthetic Summit Vehicle Finance NBFC,SYN-EV-2W-2025,SYN-C-LN-0115,SYN-C-BR-0115,Synthetic Borrower C0115,Electric two-wheeler,Karnataka,2025-08-15,2026-09-15,331742.58,259271.52,14.0,48,13,9065.36,0,0
SYNTHETIC_ONLY,demo-nbfc-ev-002,Synthetic Summit Vehicle Finance NBFC,SYN-EV-2W-2025,SYN-C-LN-0116,SYN-C-BR-0116,Synthetic Borrower C0116,Electric two-wheeler,Tamil Nadu,2025-09-15,2026-09-15,345483.4,247001.93,15.0,36,12,11976.3,0,0
SYNTHETIC_ONLY,demo-nbfc-ev-002,Synthetic Summit Vehicle Finance NBFC,SYN-EV-2W-2025,SYN-C-LN-0117,SYN-C-BR-0117,Synthetic Borrower C0117,Electric two-wheeler,Maharashtra,2025-01-15,2026-09-15,235556.87,155142.96,16.0,48,20,6675.75,0,0
SYNTHETIC_ONLY,demo-nbfc-ev-002,Synthetic Summit Vehicle Finance NBFC,SYN-EV-2W-2025,SYN-C-LN-0118,SYN-C-BR-0118,Synthetic Borrower C0118,Electric two-wheeler,Karnataka,2025-02-15,2026-09-15,249297.68,133446.36,17.0,36,19,8888.14,0,0
SYNTHETIC_ONLY,demo-nbfc-ev-002,Synthetic Summit Vehicle Finance NBFC,SYN-EV-2W-2025,SYN-C-LN-0119,SYN-C-BR-0119,Synthetic Borrower C0119,Electric two-wheeler,Tamil Nadu,2025-03-15,2026-09-15,263038.49,185564.51,18.0,48,18,7726.76,0,0
SYNTHETIC_ONLY,demo-nbfc-ev-002,Synthetic Summit Vehicle Finance NBFC,SYN-EV-2W-2025,SYN-C-LN-0120,SYN-C-BR-0120,Synthetic Borrower C0120,Electric two-wheeler,Maharashtra,2025-04-15,2026-09-15,276779.33,182617.74,14.0,36,14,9459.66,93,3
SYNTHETIC_ONLY,demo-nbfc-ev-002,Synthetic Summit Vehicle Finance NBFC,SYN-EV-2W-2025,SYN-C-LN-0121,SYN-C-BR-0121,Synthetic Borrower C0121,Electric two-wheeler,Karnataka,2025-05-15,2026-09-15,290520.14,212171.01,15.0,48,16,8085.39,0,0
SYNTHETIC_ONLY,demo-nbfc-ev-002,Synthetic Summit Vehicle Finance NBFC,SYN-EV-2W-2025,SYN-C-LN-0122,SYN-C-BR-0122,Synthetic Borrower C0122,Electric two-wheeler,Tamil Nadu,2025-06-15,2026-09-15,304260.94,194804.07,16.0,36,15,10696.91,0,0
SYNTHETIC_ONLY,demo-nbfc-ev-002,Synthetic Summit Vehicle Finance NBFC,SYN-EV-2W-2025,SYN-C-LN-0123,SYN-C-BR-0123,Synthetic Borrower C0123,Electric two-wheeler,Maharashtra,2025-07-15,2026-09-15,318001.77,246232.25,17.0,48,14,9175.95,0,0
SYNTHETIC_ONLY,demo-nbfc-ev-002,Synthetic Summit Vehicle Finance NBFC,SYN-EV-2W-2025,SYN-C-LN-0124,SYN-C-BR-0124,Synthetic Borrower C0124,Electric two-wheeler,Karnataka,2025-08-15,2026-09-15,331742.58,231840.61,18.0,36,13,11993.29,0,0
SYNTHETIC_ONLY,demo-nbfc-ev-002,Synthetic Summit Vehicle Finance NBFC,SYN-EV-2W-2025,SYN-C-LN-0125,SYN-C-BR-0125,Synthetic Borrower C0125,Electric two-wheeler,Tamil Nadu,2025-09-15,2026-09-15,345483.41,276228.76,14.0,48,12,9440.84,0,0
SYNTHETIC_ONLY,demo-nbfc-ev-002,Synthetic Summit Vehicle Finance NBFC,SYN-EV-2W-2025,SYN-C-LN-0126,SYN-C-BR-0126,Synthetic Borrower C0126,Electric two-wheeler,Maharashtra,2025-01-15,2026-09-15,235556.87,124362.28,15.0,36,19,8165.66,30,1
SYNTHETIC_ONLY,demo-nbfc-ev-002,Synthetic Summit Vehicle Finance NBFC,SYN-EV-2W-2025,SYN-C-LN-0127,SYN-C-BR-0127,Synthetic Borrower C0127,Electric two-wheeler,Karnataka,2025-02-15,2026-09-15,249297.68,169004.73,16.0,48,19,7065.17,0,0
SYNTHETIC_ONLY,demo-nbfc-ev-002,Synthetic Summit Vehicle Finance NBFC,SYN-EV-2W-2025,SYN-C-LN-0128,SYN-C-BR-0128,Synthetic Borrower C0128,Electric two-wheeler,Tamil Nadu,2025-03-15,2026-09-15,263038.51,148081.89,17.0,36,18,9378.04,0,0
SYNTHETIC_ONLY,demo-nbfc-ev-002,Synthetic Summit Vehicle Finance NBFC,SYN-EV-2W-2025,SYN-C-LN-0129,SYN-C-BR-0129,Synthetic Borrower C0129,Electric two-wheeler,Maharashtra,2025-04-15,2026-09-15,276779.31,200382.83,18.0,48,17,8130.39,0,0
SYNTHETIC_ONLY,demo-nbfc-ev-002,Synthetic Summit Vehicle Finance NBFC,SYN-EV-2W-2025,SYN-C-LN-0130,SYN-C-BR-0130,Synthetic Borrower C0130,Electric two-wheeler,Karnataka,2025-05-15,2026-09-15,290520.14,176208.16,14.0,36,16,9929.29,0,0
SYNTHETIC_ONLY,demo-nbfc-ev-002,Synthetic Summit Vehicle Finance NBFC,SYN-EV-2W-2025,SYN-C-LN-0131,SYN-C-BR-0131,Synthetic Borrower C0131,Electric two-wheeler,Tamil Nadu,2025-06-15,2026-09-15,304260.96,227826.11,15.0,48,15,8467.81,0,0
SYNTHETIC_ONLY,demo-nbfc-ev-002,Synthetic Summit Vehicle Finance NBFC,SYN-EV-2W-2025,SYN-C-LN-0132,SYN-C-BR-0132,Synthetic Borrower C0132,Electric two-wheeler,Maharashtra,2025-07-15,2026-09-15,318001.77,228335.14,16.0,36,12,11180.0,66,2
SYNTHETIC_ONLY,demo-nbfc-ev-002,Synthetic Summit Vehicle Finance NBFC,SYN-EV-2W-2025,SYN-C-LN-0133,SYN-C-BR-0133,Synthetic Borrower C0133,Electric two-wheeler,Karnataka,2025-08-15,2026-09-15,331742.58,262722.45,17.0,48,13,9572.45,0,0
SYNTHETIC_ONLY,demo-nbfc-ev-002,Synthetic Summit Vehicle Finance NBFC,SYN-EV-2W-2025,SYN-C-LN-0134,SYN-C-BR-0134,Synthetic Borrower C0134,Electric two-wheeler,Tamil Nadu,2025-09-15,2026-09-15,345483.41,250180.82,18.0,36,12,12490.05,0,0
SYNTHETIC_ONLY,demo-nbfc-ev-002,Synthetic Summit Vehicle Finance NBFC,SYN-EV-2W-2025,SYN-C-LN-0135,SYN-C-BR-0135,Synthetic Borrower C0135,Electric two-wheeler,Maharashtra,2025-01-15,2026-09-15,235556.87,153002.72,14.0,48,20,6436.94,0,0
SYNTHETIC_ONLY,demo-nbfc-ev-002,Synthetic Summit Vehicle Finance NBFC,SYN-EV-2W-2025,SYN-C-LN-0136,SYN-C-BR-0136,Synthetic Borrower C0136,Electric two-wheeler,Karnataka,2025-02-15,2026-09-15,249297.68,131616.74,15.0,36,19,8641.99,0,0
SYNTHETIC_ONLY,demo-nbfc-ev-002,Synthetic Summit Vehicle Finance NBFC,SYN-EV-2W-2025,SYN-C-LN-0137,SYN-C-BR-0137,Synthetic Borrower C0137,Electric two-wheeler,Tamil Nadu,2025-03-15,2026-09-15,263038.49,183330.13,16.0,48,18,7454.58,0,0
SYNTHETIC_ONLY,demo-nbfc-ev-002,Synthetic Summit Vehicle Finance NBFC,SYN-EV-2W-2025,SYN-C-LN-0138,SYN-C-BR-0138,Synthetic Borrower C0138,Electric two-wheeler,Maharashtra,2025-04-15,2026-09-15,276779.31,185404.36,17.0,36,14,9867.94,93,3
SYNTHETIC_ONLY,demo-nbfc-ev-002,Synthetic Summit Vehicle Finance NBFC,SYN-EV-2W-2025,SYN-C-LN-0139,SYN-C-BR-0139,Synthetic Borrower C0139,Electric two-wheeler,Karnataka,2025-05-15,2026-09-15,290520.13,215630.49,18.0,48,16,8534.03,0,0
SYNTHETIC_ONLY,demo-nbfc-ev-002,Synthetic Summit Vehicle Finance NBFC,SYN-EV-2W-2025,SYN-C-LN-0140,SYN-C-BR-0140,Synthetic Borrower C0140,Electric two-wheeler,Tamil Nadu,2025-06-15,2026-09-15,304260.94,192693.15,14.0,36,15,10398.92,0,0
SYNTHETIC_ONLY,demo-nbfc-ev-002,Synthetic Summit Vehicle Finance NBFC,SYN-EV-2W-2025,SYN-C-LN-0141,SYN-C-BR-0141,Synthetic Borrower C0141,Electric two-wheeler,Maharashtra,2025-07-15,2026-09-15,318001.77,243916.3,15.0,48,14,8850.23,0,0
SYNTHETIC_ONLY,demo-nbfc-ev-002,Synthetic Summit Vehicle Finance NBFC,SYN-EV-2W-2025,SYN-C-LN-0142,SYN-C-BR-0142,Synthetic Borrower C0142,Electric two-wheeler,Karnataka,2025-08-15,2026-09-15,331742.57,229714.4,16.0,36,13,11663.08,0,0
SYNTHETIC_ONLY,demo-nbfc-ev-002,Synthetic Summit Vehicle Finance NBFC,SYN-EV-2W-2025,SYN-C-LN-0143,SYN-C-BR-0143,Synthetic Borrower C0143,Electric two-wheeler,Tamil Nadu,2025-09-15,2026-09-15,345483.41,279612.22,17.0,48,12,9968.94,0,0
SYNTHETIC_ONLY,demo-nbfc-ev-002,Synthetic Summit Vehicle Finance NBFC,SYN-EV-2W-2025,SYN-C-LN-0144,SYN-C-BR-0144,Synthetic Borrower C0144,Electric two-wheeler,Maharashtra,2025-01-15,2026-09-15,235556.86,126952.72,18.0,36,19,8515.94,30,1
SYNTHETIC_ONLY,demo-nbfc-ev-002,Synthetic Summit Vehicle Finance NBFC,SYN-EV-2W-2025,SYN-C-LN-0145,SYN-C-BR-0145,Synthetic Borrower C0145,Electric two-wheeler,Karnataka,2025-02-15,2026-09-15,249297.68,166794.37,14.0,48,19,6812.43,0,0
SYNTHETIC_ONLY,demo-nbfc-ev-002,Synthetic Summit Vehicle Finance NBFC,SYN-EV-2W-2025,SYN-C-LN-0146,SYN-C-BR-0146,Synthetic Borrower C0146,Electric two-wheeler,Tamil Nadu,2025-03-15,2026-09-15,263038.5,146162.49,15.0,36,18,9118.32,0,0
SYNTHETIC_ONLY,demo-nbfc-ev-002,Synthetic Summit Vehicle Finance NBFC,SYN-EV-2W-2025,SYN-C-LN-0147,SYN-C-BR-0147,Synthetic Borrower C0147,Electric two-wheeler,Maharashtra,2025-04-15,2026-09-15,276779.31,198109.62,16.0,48,17,7844.0,0,0
SYNTHETIC_ONLY,demo-nbfc-ev-002,Synthetic Summit Vehicle Finance NBFC,SYN-EV-2W-2025,SYN-C-LN-0148,SYN-C-BR-0148,Synthetic Borrower C0148,Electric two-wheeler,Karnataka,2025-05-15,2026-09-15,290520.13,179299.4,17.0,36,16,10357.84,0,0
SYNTHETIC_ONLY,demo-nbfc-ev-002,Synthetic Summit Vehicle Finance NBFC,SYN-EV-2W-2025,SYN-C-LN-0149,SYN-C-BR-0149,Synthetic Borrower C0149,Electric two-wheeler,Tamil Nadu,2025-06-15,2026-09-15,304260.95,231297.43,18.0,48,15,8937.67,0,0
SYNTHETIC_ONLY,demo-nbfc-ev-002,Synthetic Summit Vehicle Finance NBFC,SYN-EV-2W-2025,SYN-C-LN-0150,SYN-C-BR-0150,Synthetic Borrower C0150,Electric two-wheeler,Maharashtra,2025-07-15,2026-09-15,318001.77,226367.3,14.0,36,12,10868.55,66,2
SYNTHETIC_ONLY,demo-nbfc-ev-002,Synthetic Summit Vehicle Finance NBFC,SYN-EV-2W-2025,SYN-C-LN-0151,SYN-C-BR-0151,Synthetic Borrower C0151,Electric two-wheeler,Karnataka,2025-08-15,2026-09-15,331742.58,260433.12,15.0,48,13,9232.64,0,0
SYNTHETIC_ONLY,demo-nbfc-ev-002,Synthetic Summit Vehicle Finance NBFC,SYN-EV-2W-2025,SYN-C-LN-0152,SYN-C-BR-0152,Synthetic Borrower C0152,Electric two-wheeler,Tamil Nadu,2025-09-15,2026-09-15,345483.41,248067.81,16.0,36,12,12146.17,0,0
SYNTHETIC_ONLY,demo-nbfc-ev-002,Synthetic Summit Vehicle Finance NBFC,SYN-EV-2W-2025,SYN-C-LN-0153,SYN-C-BR-0153,Synthetic Borrower C0153,Electric two-wheeler,Maharashtra,2025-01-15,2026-09-15,235556.87,156203.38,17.0,48,20,6797.0,0,0
SYNTHETIC_ONLY,demo-nbfc-ev-002,Synthetic Summit Vehicle Finance NBFC,SYN-EV-2W-2025,SYN-C-LN-0154,SYN-C-BR-0154,Synthetic Borrower C0154,Electric two-wheeler,Karnataka,2025-02-15,2026-09-15,249297.69,134358.3,18.0,36,19,9012.71,0,0
SYNTHETIC_ONLY,demo-nbfc-ev-002,Synthetic Summit Vehicle Finance NBFC,SYN-EV-2W-2025,SYN-C-LN-0155,SYN-C-BR-0155,Synthetic Borrower C0155,Electric two-wheeler,Tamil Nadu,2025-03-15,2026-09-15,263038.5,181063.27,14.0,48,18,7187.92,0,0
SYNTHETIC_ONLY,demo-nbfc-ev-002,Synthetic Summit Vehicle Finance NBFC,SYN-EV-2W-2025,SYN-C-LN-0156,SYN-C-BR-0156,Synthetic Borrower C0156,Electric two-wheeler,Maharashtra,2025-04-15,2026-09-15,276779.31,183550.97,15.0,36,14,9594.65,93,3
SYNTHETIC_ONLY,demo-nbfc-ev-002,Synthetic Summit Vehicle Finance NBFC,SYN-EV-2W-2025,SYN-C-LN-0157,SYN-C-BR-0157,Synthetic Borrower C0157,Electric two-wheeler,Karnataka,2025-05-15,2026-09-15,290520.14,213333.83,16.0,48,16,8233.42,0,0
SYNTHETIC_ONLY,demo-nbfc-ev-002,Synthetic Summit Vehicle Finance NBFC,SYN-EV-2W-2025,SYN-C-LN-0158,SYN-C-BR-0158,Synthetic Borrower C0158,Electric two-wheeler,Tamil Nadu,2025-06-15,2026-09-15,304260.95,195852.93,17.0,36,15,10847.73,0,0
SYNTHETIC_ONLY,demo-nbfc-ev-002,Synthetic Summit Vehicle Finance NBFC,SYN-EV-2W-2025,SYN-C-LN-0159,SYN-C-BR-0159,Synthetic Borrower C0159,Electric two-wheeler,Maharashtra,2025-07-15,2026-09-15,318001.77,247373.82,18.0,48,14,9341.3,0,0
SYNTHETIC_ONLY,demo-nbfc-ev-002,Synthetic Summit Vehicle Finance NBFC,SYN-EV-2W-2025,SYN-C-LN-0160,SYN-C-BR-0160,Synthetic Borrower C0160,Electric two-wheeler,Karnataka,2025-08-15,2026-09-15,331742.59,227565.5,14.0,36,13,11338.18,0,0
SYNTHETIC_ONLY,demo-nbfc-ev-002,Synthetic Summit Vehicle Finance NBFC,SYN-EV-2W-2025,SYN-C-LN-0161,SYN-C-BR-0161,Synthetic Borrower C0161,Electric two-wheeler,Tamil Nadu,2025-09-15,2026-09-15,345483.4,277368.25,15.0,48,12,9615.06,0,0
SYNTHETIC_ONLY,demo-nbfc-ev-002,Synthetic Summit Vehicle Finance NBFC,SYN-EV-2W-2025,SYN-C-LN-0162,SYN-C-BR-0162,Synthetic Borrower C0162,Electric two-wheeler,Maharashtra,2025-01-15,2026-09-15,235556.87,125227.54,16.0,36,19,8281.48,30,1
SYNTHETIC_ONLY,demo-nbfc-ev-002,Synthetic Summit Vehicle Finance NBFC,SYN-EV-2W-2025,SYN-C-LN-0163,SYN-C-BR-0163,Synthetic Borrower C0163,Electric two-wheeler,Karnataka,2025-02-15,2026-09-15,249297.68,170099.0,17.0,48,19,7193.5,0,0
SYNTHETIC_ONLY,demo-nbfc-ev-002,Synthetic Summit Vehicle Finance NBFC,SYN-EV-2W-2025,SYN-C-LN-0164,SYN-C-BR-0164,Synthetic Borrower C0164,Electric two-wheeler,Tamil Nadu,2025-03-15,2026-09-15,263038.5,149037.78,18.0,36,18,9509.47,0,0
SYNTHETIC_ONLY,demo-nbfc-ev-002,Synthetic Summit Vehicle Finance NBFC,SYN-EV-2W-2025,SYN-C-LN-0165,SYN-C-BR-0165,Synthetic Borrower C0165,Electric two-wheeler,Maharashtra,2025-04-15,2026-09-15,276779.32,195800.86,14.0,48,17,7563.4,0,0
SYNTHETIC_ONLY,demo-nbfc-ev-002,Synthetic Summit Vehicle Finance NBFC,SYN-EV-2W-2025,SYN-C-LN-0166,SYN-C-BR-0166,Synthetic Borrower C0166,Electric two-wheeler,Karnataka,2025-05-15,2026-09-15,290520.14,177242.29,15.0,36,16,10070.98,0,0
SYNTHETIC_ONLY,demo-nbfc-ev-002,Synthetic Summit Vehicle Finance NBFC,SYN-EV-2W-2025,SYN-C-LN-0167,SYN-C-BR-0167,Synthetic Borrower C0167,Electric two-wheeler,Tamil Nadu,2025-06-15,2026-09-15,304260.95,228993.53,16.0,48,15,8622.84,0,0
SYNTHETIC_ONLY,demo-nbfc-ev-002,Synthetic Summit Vehicle Finance NBFC,SYN-EV-2W-2025,SYN-C-LN-0168,SYN-C-BR-0168,Synthetic Borrower C0168,Electric two-wheeler,Maharashtra,2025-07-15,2026-09-15,318001.77,229310.5,17.0,36,12,11337.63,66,2
SYNTHETIC_ONLY,demo-nbfc-ev-002,Synthetic Summit Vehicle Finance NBFC,SYN-EV-2W-2025,SYN-C-LN-0169,SYN-C-BR-0169,Synthetic Borrower C0169,Electric two-wheeler,Karnataka,2025-08-15,2026-09-15,331742.59,263850.0,18.0,48,13,9744.94,0,0
SYNTHETIC_ONLY,demo-nbfc-ev-002,Synthetic Summit Vehicle Finance NBFC,SYN-EV-2W-2025,SYN-C-LN-0170,SYN-C-BR-0170,Synthetic Borrower C0170,Electric two-wheeler,Tamil Nadu,2025-09-15,2026-09-15,345483.4,245929.9,14.0,36,12,11807.8,0,0
SYNTHETIC_ONLY,demo-nbfc-ev-002,Synthetic Summit Vehicle Finance NBFC,SYN-EV-2W-2025,SYN-C-LN-0171,SYN-C-BR-0171,Synthetic Borrower C0171,Electric two-wheeler,Maharashtra,2025-01-15,2026-09-15,235556.87,154076.02,15.0,48,20,6555.72,0,0
SYNTHETIC_ONLY,demo-nbfc-ev-002,Synthetic Summit Vehicle Finance NBFC,SYN-EV-2W-2025,SYN-C-LN-0172,SYN-C-BR-0172,Synthetic Borrower C0172,Electric two-wheeler,Karnataka,2025-02-15,2026-09-15,249297.68,132532.48,16.0,36,19,8764.57,0,0
SYNTHETIC_ONLY,demo-nbfc-ev-002,Synthetic Summit Vehicle Finance NBFC,SYN-EV-2W-2025,SYN-C-LN-0173,SYN-C-BR-0173,Synthetic Borrower C0173,Electric two-wheeler,Tamil Nadu,2025-03-15,2026-09-15,263038.5,184451.46,17.0,48,18,7589.99,0,0
SYNTHETIC_ONLY,demo-nbfc-ev-002,Synthetic Summit Vehicle Finance NBFC,SYN-EV-2W-2025,SYN-C-LN-0174,SYN-C-BR-0174,Synthetic Borrower C0174,Electric two-wheeler,Maharashtra,2025-04-15,2026-09-15,276779.32,186324.35,18.0,36,14,10006.24,93,3
SYNTHETIC_ONLY,demo-nbfc-ev-002,Synthetic Summit Vehicle Finance NBFC,SYN-EV-2W-2025,SYN-C-LN-0175,SYN-C-BR-0175,Synthetic Borrower C0175,Electric two-wheeler,Karnataka,2025-05-15,2026-09-15,290520.13,210998.71,14.0,48,16,7938.89,0,0
SYNTHETIC_ONLY,demo-nbfc-ev-002,Synthetic Summit Vehicle Finance NBFC,SYN-EV-2W-2025,SYN-C-LN-0176,SYN-C-BR-0176,Synthetic Borrower C0176,Electric two-wheeler,Tamil Nadu,2025-06-15,2026-09-15,304260.95,193750.79,15.0,36,15,10547.31,0,0
SYNTHETIC_ONLY,demo-nbfc-ev-002,Synthetic Summit Vehicle Finance NBFC,SYN-EV-2W-2025,SYN-C-LN-0177,SYN-C-BR-0177,Synthetic Borrower C0177,Electric two-wheeler,Maharashtra,2025-07-15,2026-09-15,318001.77,245079.71,16.0,48,14,9012.26,0,0
SYNTHETIC_ONLY,demo-nbfc-ev-002,Synthetic Summit Vehicle Finance NBFC,SYN-EV-2W-2025,SYN-C-LN-0178,SYN-C-BR-0178,Synthetic Borrower C0178,Electric two-wheeler,Karnataka,2025-08-15,2026-09-15,331742.57,230780.38,17.0,36,13,11827.53,0,0
SYNTHETIC_ONLY,demo-nbfc-ev-002,Synthetic Summit Vehicle Finance NBFC,SYN-EV-2W-2025,SYN-C-LN-0179,SYN-C-BR-0179,Synthetic Borrower C0179,Electric two-wheeler,Tamil Nadu,2025-09-15,2026-09-15,345483.4,280716.52,18.0,48,12,10148.57,0,0
SYNTHETIC_ONLY,demo-nbfc-ev-002,Synthetic Summit Vehicle Finance NBFC,SYN-EV-2W-2025,SYN-C-LN-0180,SYN-C-BR-0180,Synthetic Borrower C0180,Electric two-wheeler,Maharashtra,2025-01-15,2026-09-15,235556.87,123495.35,14.0,36,19,8050.78,30,1
SYNTHETIC_ONLY,demo-nbfc-ev-002,Synthetic Summit Vehicle Finance NBFC,SYN-EV-2W-2025,SYN-C-LN-0181,SYN-C-BR-0181,Synthetic Borrower C0181,Electric two-wheeler,Karnataka,2025-02-15,2026-09-15,249297.67,167903.13,15.0,48,19,6938.14,0,0
SYNTHETIC_ONLY,demo-nbfc-ev-002,Synthetic Summit Vehicle Finance NBFC,SYN-EV-2W-2025,SYN-C-LN-0182,SYN-C-BR-0182,Synthetic Borrower C0182,Electric two-wheeler,Tamil Nadu,2025-03-15,2026-09-15,263038.49,147123.42,16.0,36,18,9247.65,0,0
SYNTHETIC_ONLY,demo-nbfc-ev-002,Synthetic Summit Vehicle Finance NBFC,SYN-EV-2W-2025,SYN-C-LN-0183,SYN-C-BR-0183,Synthetic Borrower C0183,Electric two-wheeler,Maharashtra,2025-04-15,2026-09-15,276779.31,199250.74,17.0,48,17,7986.48,0,0
SYNTHETIC_ONLY,demo-nbfc-ev-002,Synthetic Summit Vehicle Finance NBFC,SYN-EV-2W-2025,SYN-C-LN-0184,SYN-C-BR-0184,Synthetic Borrower C0184,Electric two-wheeler,Karnataka,2025-05-15,2026-09-15,290520.15,180322.2,18.0,36,16,10503.0,0,0
SYNTHETIC_ONLY,demo-nbfc-ev-002,Synthetic Summit Vehicle Finance NBFC,SYN-EV-2W-2025,SYN-C-LN-0185,SYN-C-BR-0185,Synthetic Borrower C0185,Electric two-wheeler,Tamil Nadu,2025-06-15,2026-09-15,304260.96,226648.53,14.0,48,15,8314.38,0,0
SYNTHETIC_ONLY,demo-nbfc-ev-002,Synthetic Summit Vehicle Finance NBFC,SYN-EV-2W-2025,SYN-C-LN-0186,SYN-C-BR-0186,Synthetic Borrower C0186,Electric two-wheeler,Maharashtra,2025-07-15,2026-09-15,318001.77,227354.05,15.0,36,12,11023.64,66,2
SYNTHETIC_ONLY,demo-nbfc-ev-002,Synthetic Summit Vehicle Finance NBFC,SYN-EV-2W-2025,SYN-C-LN-0187,SYN-C-BR-0187,Synthetic Borrower C0187,Electric two-wheeler,Karnataka,2025-08-15,2026-09-15,331742.58,261583.46,16.0,48,13,9401.68,0,0
SYNTHETIC_ONLY,demo-nbfc-ev-002,Synthetic Summit Vehicle Finance NBFC,SYN-EV-2W-2025,SYN-C-LN-0188,SYN-C-BR-0188,Synthetic Borrower C0188,Electric two-wheeler,Tamil Nadu,2025-09-15,2026-09-15,345483.4,249127.46,17.0,36,12,12317.43,0,0
SYNTHETIC_ONLY,demo-nbfc-ev-002,Synthetic Summit Vehicle Finance NBFC,SYN-EV-2W-2025,SYN-C-LN-0189,SYN-C-BR-0189,Synthetic Borrower C0189,Electric two-wheeler,Maharashtra,2025-01-15,2026-09-15,235556.87,157257.13,18.0,48,20,6919.48,0,0
SYNTHETIC_ONLY,demo-nbfc-ev-002,Synthetic Summit Vehicle Finance NBFC,SYN-EV-2W-2025,SYN-C-LN-0190,SYN-C-BR-0190,Synthetic Borrower C0190,Electric two-wheeler,Karnataka,2025-02-15,2026-09-15,249297.68,130699.24,14.0,36,19,8520.4,0,0
SYNTHETIC_ONLY,demo-nbfc-ev-002,Synthetic Summit Vehicle Finance NBFC,SYN-EV-2W-2025,SYN-C-LN-0191,SYN-C-BR-0191,Synthetic Borrower C0191,Electric two-wheeler,Tamil Nadu,2025-03-15,2026-09-15,263038.5,182200.69,15.0,48,18,7320.56,0,0
SYNTHETIC_ONLY,demo-nbfc-ev-002,Synthetic Summit Vehicle Finance NBFC,SYN-EV-2W-2025,SYN-C-LN-0192,SYN-C-BR-0192,Synthetic Borrower C0192,Electric two-wheeler,Maharashtra,2025-04-15,2026-09-15,276779.32,184479.88,16.0,36,14,9730.74,93,3
SYNTHETIC_ONLY,demo-nbfc-ev-002,Synthetic Summit Vehicle Finance NBFC,SYN-EV-2W-2025,SYN-C-LN-0193,SYN-C-BR-0193,Synthetic Borrower C0193,Electric two-wheeler,Karnataka,2025-05-15,2026-09-15,290520.13,214487.03,17.0,48,16,8382.97,0,0
SYNTHETIC_ONLY,demo-nbfc-ev-002,Synthetic Summit Vehicle Finance NBFC,SYN-EV-2W-2025,SYN-C-LN-0194,SYN-C-BR-0194,Synthetic Borrower C0194,Electric two-wheeler,Tamil Nadu,2025-06-15,2026-09-15,304260.95,196897.25,18.0,36,15,10999.76,0,0
SYNTHETIC_ONLY,demo-nbfc-ev-002,Synthetic Summit Vehicle Finance NBFC,SYN-EV-2W-2025,SYN-C-LN-0195,SYN-C-BR-0195,Synthetic Borrower C0195,Electric two-wheeler,Maharashtra,2025-07-15,2026-09-15,318001.77,242742.14,14.0,48,14,8689.87,0,0
SYNTHETIC_ONLY,demo-nbfc-ev-002,Synthetic Summit Vehicle Finance NBFC,SYN-EV-2W-2025,SYN-C-LN-0196,SYN-C-BR-0196,Synthetic Borrower C0196,Electric two-wheeler,Karnataka,2025-08-15,2026-09-15,331742.57,228642.74,15.0,36,13,11499.97,0,0
SYNTHETIC_ONLY,demo-nbfc-ev-002,Synthetic Summit Vehicle Finance NBFC,SYN-EV-2W-2025,SYN-C-LN-0197,SYN-C-BR-0197,Synthetic Borrower C0197,Electric two-wheeler,Tamil Nadu,2025-09-15,2026-09-15,345483.4,278496.1,16.0,48,12,9791.1,0,0
SYNTHETIC_ONLY,demo-nbfc-ev-002,Synthetic Summit Vehicle Finance NBFC,SYN-EV-2W-2025,SYN-C-LN-0198,SYN-C-BR-0198,Synthetic Borrower C0198,Electric two-wheeler,Maharashtra,2025-01-15,2026-09-15,235556.86,126091.05,17.0,36,19,8398.24,30,1
SYNTHETIC_ONLY,demo-nbfc-ev-002,Synthetic Summit Vehicle Finance NBFC,SYN-EV-2W-2025,SYN-C-LN-0199,SYN-C-BR-0199,Synthetic Borrower C0199,Electric two-wheeler,Karnataka,2025-02-15,2026-09-15,249297.68,171185.79,18.0,48,19,7323.12,0,0
SYNTHETIC_ONLY,demo-nbfc-ev-002,Synthetic Summit Vehicle Finance NBFC,SYN-EV-2W-2025,SYN-C-LN-0200,SYN-C-BR-0200,Synthetic Borrower C0200,Electric two-wheeler,Tamil Nadu,2025-03-15,2026-09-15,263038.48,145199.17,14.0,36,18,8990.03,0,0
SYNTHETIC_ONLY,demo-nbfc-ev-002,Synthetic Summit Vehicle Finance NBFC,SYN-EV-2W-2025,SYN-C-LN-0201,SYN-C-BR-0201,Synthetic Borrower C0201,Electric two-wheeler,Maharashtra,2025-04-15,2026-09-15,276779.32,196959.62,15.0,48,17,7702.98,0,0
SYNTHETIC_ONLY,demo-nbfc-ev-002,Synthetic Summit Vehicle Finance NBFC,SYN-EV-2W-2025,SYN-C-LN-0202,SYN-C-BR-0202,Synthetic Borrower C0202,Electric two-wheeler,Karnataka,2025-05-15,2026-09-15,290520.13,178272.73,16.0,36,16,10213.83,0,0
SYNTHETIC_ONLY,demo-nbfc-ev-002,Synthetic Summit Vehicle Finance NBFC,SYN-EV-2W-2025,SYN-C-LN-0203,SYN-C-BR-0203,Synthetic Borrower C0203,Electric two-wheeler,Tamil Nadu,2025-06-15,2026-09-15,304260.95,230150.68,17.0,48,15,8779.46,0,0
SYNTHETIC_ONLY,demo-nbfc-ev-002,Synthetic Summit Vehicle Finance NBFC,SYN-EV-2W-2025,SYN-C-LN-0204,SYN-C-BR-0204,Synthetic Borrower C0204,Electric two-wheeler,Maharashtra,2025-07-15,2026-09-15,318001.77,230280.07,18.0,36,12,11496.53,66,2
SYNTHETIC_ONLY,demo-nbfc-ev-002,Synthetic Summit Vehicle Finance NBFC,SYN-EV-2W-2025,SYN-C-LN-0205,SYN-C-BR-0205,Synthetic Borrower C0205,Electric two-wheeler,Karnataka,2025-08-15,2026-09-15,331742.58,259271.52,14.0,48,13,9065.36,0,0
SYNTHETIC_ONLY,demo-nbfc-ev-002,Synthetic Summit Vehicle Finance NBFC,SYN-EV-2W-2025,SYN-C-LN-0206,SYN-C-BR-0206,Synthetic Borrower C0206,Electric two-wheeler,Tamil Nadu,2025-09-15,2026-09-15,345483.4,247001.93,15.0,36,12,11976.3,0,0
SYNTHETIC_ONLY,demo-nbfc-ev-002,Synthetic Summit Vehicle Finance NBFC,SYN-EV-2W-2025,SYN-C-LN-0207,SYN-C-BR-0207,Synthetic Borrower C0207,Electric two-wheeler,Maharashtra,2025-01-15,2026-09-15,235556.87,155142.96,16.0,48,20,6675.75,0,0
SYNTHETIC_ONLY,demo-nbfc-ev-002,Synthetic Summit Vehicle Finance NBFC,SYN-EV-2W-2025,SYN-C-LN-0208,SYN-C-BR-0208,Synthetic Borrower C0208,Electric two-wheeler,Karnataka,2025-02-15,2026-09-15,249297.68,133446.36,17.0,36,19,8888.14,0,0
SYNTHETIC_ONLY,demo-nbfc-ev-002,Synthetic Summit Vehicle Finance NBFC,SYN-EV-2W-2025,SYN-C-LN-0209,SYN-C-BR-0209,Synthetic Borrower C0209,Electric two-wheeler,Tamil Nadu,2025-03-15,2026-09-15,263038.49,185564.51,18.0,48,18,7726.76,0,0
SYNTHETIC_ONLY,demo-nbfc-ev-002,Synthetic Summit Vehicle Finance NBFC,SYN-EV-2W-2025,SYN-C-LN-0210,SYN-C-BR-0210,Synthetic Borrower C0210,Electric two-wheeler,Maharashtra,2025-04-15,2026-09-15,276779.33,182617.74,14.0,36,14,9459.66,93,3
SYNTHETIC_ONLY,demo-nbfc-ev-002,Synthetic Summit Vehicle Finance NBFC,SYN-EV-2W-2025,SYN-C-LN-0211,SYN-C-BR-0211,Synthetic Borrower C0211,Electric two-wheeler,Karnataka,2025-05-15,2026-09-15,290520.14,212171.01,15.0,48,16,8085.39,0,0
SYNTHETIC_ONLY,demo-nbfc-ev-002,Synthetic Summit Vehicle Finance NBFC,SYN-EV-2W-2025,SYN-C-LN-0212,SYN-C-BR-0212,Synthetic Borrower C0212,Electric two-wheeler,Tamil Nadu,2025-06-15,2026-09-15,304260.94,194804.07,16.0,36,15,10696.91,0,0
SYNTHETIC_ONLY,demo-nbfc-ev-002,Synthetic Summit Vehicle Finance NBFC,SYN-EV-2W-2025,SYN-C-LN-0213,SYN-C-BR-0213,Synthetic Borrower C0213,Electric two-wheeler,Maharashtra,2025-07-15,2026-09-15,318001.77,246232.25,17.0,48,14,9175.95,0,0
SYNTHETIC_ONLY,demo-nbfc-ev-002,Synthetic Summit Vehicle Finance NBFC,SYN-EV-2W-2025,SYN-C-LN-0214,SYN-C-BR-0214,Synthetic Borrower C0214,Electric two-wheeler,Karnataka,2025-08-15,2026-09-15,331742.58,231840.61,18.0,36,13,11993.29,0,0
SYNTHETIC_ONLY,demo-nbfc-ev-002,Synthetic Summit Vehicle Finance NBFC,SYN-EV-2W-2025,SYN-C-LN-0215,SYN-C-BR-0215,Synthetic Borrower C0215,Electric two-wheeler,Tamil Nadu,2025-09-15,2026-09-15,345483.41,276228.76,14.0,48,12,9440.84,0,0
SYNTHETIC_ONLY,demo-nbfc-ev-002,Synthetic Summit Vehicle Finance NBFC,SYN-EV-2W-2025,SYN-C-LN-0216,SYN-C-BR-0216,Synthetic Borrower C0216,Electric two-wheeler,Maharashtra,2025-01-15,2026-09-15,235556.87,124362.28,15.0,36,19,8165.66,30,1
SYNTHETIC_ONLY,demo-nbfc-ev-002,Synthetic Summit Vehicle Finance NBFC,SYN-EV-2W-2025,SYN-C-LN-0217,SYN-C-BR-0217,Synthetic Borrower C0217,Electric two-wheeler,Karnataka,2025-02-15,2026-09-15,249297.68,169004.73,16.0,48,19,7065.17,0,0
SYNTHETIC_ONLY,demo-nbfc-ev-002,Synthetic Summit Vehicle Finance NBFC,SYN-EV-2W-2025,SYN-C-LN-0218,SYN-C-BR-0218,Synthetic Borrower C0218,Electric two-wheeler,Tamil Nadu,2025-03-15,2026-09-15,263038.51,148081.89,17.0,36,18,9378.04,0,0
SYNTHETIC_ONLY,demo-nbfc-ev-002,Synthetic Summit Vehicle Finance NBFC,SYN-EV-2W-2025,SYN-C-LN-0219,SYN-C-BR-0219,Synthetic Borrower C0219,Electric two-wheeler,Maharashtra,2025-04-15,2026-09-15,276779.31,200382.83,18.0,48,17,8130.39,0,0
SYNTHETIC_ONLY,demo-nbfc-ev-002,Synthetic Summit Vehicle Finance NBFC,SYN-EV-2W-2025,SYN-C-LN-0220,SYN-C-BR-0220,Synthetic Borrower C0220,Electric two-wheeler,Karnataka,2025-05-15,2026-09-15,290520.14,176208.16,14.0,36,16,9929.29,0,0
SYNTHETIC_ONLY,demo-nbfc-ev-002,Synthetic Summit Vehicle Finance NBFC,SYN-EV-2W-2025,SYN-C-LN-0221,SYN-C-BR-0221,Synthetic Borrower C0221,Electric two-wheeler,Tamil Nadu,2025-06-15,2026-09-15,304260.96,227826.11,15.0,48,15,8467.81,0,0
SYNTHETIC_ONLY,demo-nbfc-ev-002,Synthetic Summit Vehicle Finance NBFC,SYN-EV-2W-2025,SYN-C-LN-0222,SYN-C-BR-0222,Synthetic Borrower C0222,Electric two-wheeler,Maharashtra,2025-07-15,2026-09-15,318001.77,228335.14,16.0,36,12,11180.0,66,2
SYNTHETIC_ONLY,demo-nbfc-ev-002,Synthetic Summit Vehicle Finance NBFC,SYN-EV-2W-2025,SYN-C-LN-0223,SYN-C-BR-0223,Synthetic Borrower C0223,Electric two-wheeler,Karnataka,2025-08-15,2026-09-15,331742.58,262722.45,17.0,48,13,9572.45,0,0
SYNTHETIC_ONLY,demo-nbfc-ev-002,Synthetic Summit Vehicle Finance NBFC,SYN-EV-2W-2025,SYN-C-LN-0224,SYN-C-BR-0224,Synthetic Borrower C0224,Electric two-wheeler,Tamil Nadu,2025-09-15,2026-09-15,345483.41,250180.82,18.0,36,12,12490.05,0,0
SYNTHETIC_ONLY,demo-nbfc-ev-002,Synthetic Summit Vehicle Finance NBFC,SYN-EV-2W-2025,SYN-C-LN-0225,SYN-C-BR-0225,Synthetic Borrower C0225,Electric two-wheeler,Maharashtra,2025-01-15,2026-09-15,235556.87,153002.72,14.0,48,20,6436.94,0,0
SYNTHETIC_ONLY,demo-nbfc-ev-002,Synthetic Summit Vehicle Finance NBFC,SYN-EV-2W-2025,SYN-C-LN-0226,SYN-C-BR-0226,Synthetic Borrower C0226,Electric two-wheeler,Karnataka,2025-02-15,2026-09-15,249297.68,131616.74,15.0,36,19,8641.99,0,0
SYNTHETIC_ONLY,demo-nbfc-ev-002,Synthetic Summit Vehicle Finance NBFC,SYN-EV-2W-2025,SYN-C-LN-0227,SYN-C-BR-0227,Synthetic Borrower C0227,Electric two-wheeler,Tamil Nadu,2025-03-15,2026-09-15,263038.49,183330.13,16.0,48,18,7454.58,0,0
SYNTHETIC_ONLY,demo-nbfc-ev-002,Synthetic Summit Vehicle Finance NBFC,SYN-EV-2W-2025,SYN-C-LN-0228,SYN-C-BR-0228,Synthetic Borrower C0228,Electric two-wheeler,Maharashtra,2025-04-15,2026-09-15,276779.31,185404.36,17.0,36,14,9867.94,93,3
SYNTHETIC_ONLY,demo-nbfc-ev-002,Synthetic Summit Vehicle Finance NBFC,SYN-EV-2W-2025,SYN-C-LN-0229,SYN-C-BR-0229,Synthetic Borrower C0229,Electric two-wheeler,Karnataka,2025-05-15,2026-09-15,290520.13,215630.49,18.0,48,16,8534.03,0,0
SYNTHETIC_ONLY,demo-nbfc-ev-002,Synthetic Summit Vehicle Finance NBFC,SYN-EV-2W-2025,SYN-C-LN-0230,SYN-C-BR-0230,Synthetic Borrower C0230,Electric two-wheeler,Tamil Nadu,2025-06-15,2026-09-15,304260.94,192693.15,14.0,36,15,10398.92,0,0
SYNTHETIC_ONLY,demo-nbfc-ev-002,Synthetic Summit Vehicle Finance NBFC,SYN-EV-2W-2025,SYN-C-LN-0231,SYN-C-BR-0231,Synthetic Borrower C0231,Electric two-wheeler,Maharashtra,2025-07-15,2026-09-15,318001.77,243916.3,15.0,48,14,8850.23,0,0
SYNTHETIC_ONLY,demo-nbfc-ev-002,Synthetic Summit Vehicle Finance NBFC,SYN-EV-2W-2025,SYN-C-LN-0232,SYN-C-BR-0232,Synthetic Borrower C0232,Electric two-wheeler,Karnataka,2025-08-15,2026-09-15,331742.57,229714.4,16.0,36,13,11663.08,0,0
SYNTHETIC_ONLY,demo-nbfc-ev-002,Synthetic Summit Vehicle Finance NBFC,SYN-EV-2W-2025,SYN-C-LN-0233,SYN-C-BR-0233,Synthetic Borrower C0233,Electric two-wheeler,Tamil Nadu,2025-09-15,2026-09-15,345483.41,279612.22,17.0,48,12,9968.94,0,0
SYNTHETIC_ONLY,demo-nbfc-ev-002,Synthetic Summit Vehicle Finance NBFC,SYN-EV-2W-2025,SYN-C-LN-0234,SYN-C-BR-0234,Synthetic Borrower C0234,Electric two-wheeler,Maharashtra,2025-01-15,2026-09-15,235556.86,126952.72,18.0,36,19,8515.94,30,1
SYNTHETIC_ONLY,demo-nbfc-ev-002,Synthetic Summit Vehicle Finance NBFC,SYN-EV-2W-2025,SYN-C-LN-0235,SYN-C-BR-0235,Synthetic Borrower C0235,Electric two-wheeler,Karnataka,2025-02-15,2026-09-15,249297.68,166794.37,14.0,48,19,6812.43,0,0
SYNTHETIC_ONLY,demo-nbfc-ev-002,Synthetic Summit Vehicle Finance NBFC,SYN-EV-2W-2025,SYN-C-LN-0236,SYN-C-BR-0236,Synthetic Borrower C0236,Electric two-wheeler,Tamil Nadu,2025-03-15,2026-09-15,263038.5,146162.49,15.0,36,18,9118.32,0,0
SYNTHETIC_ONLY,demo-nbfc-ev-002,Synthetic Summit Vehicle Finance NBFC,SYN-EV-2W-2025,SYN-C-LN-0237,SYN-C-BR-0237,Synthetic Borrower C0237,Electric two-wheeler,Maharashtra,2025-04-15,2026-09-15,276779.31,198109.62,16.0,48,17,7844.0,0,0
SYNTHETIC_ONLY,demo-nbfc-ev-002,Synthetic Summit Vehicle Finance NBFC,SYN-EV-2W-2025,SYN-C-LN-0238,SYN-C-BR-0238,Synthetic Borrower C0238,Electric two-wheeler,Karnataka,2025-05-15,2026-09-15,290520.13,179299.4,17.0,36,16,10357.84,0,0
SYNTHETIC_ONLY,demo-nbfc-ev-002,Synthetic Summit Vehicle Finance NBFC,SYN-EV-2W-2025,SYN-C-LN-0239,SYN-C-BR-0239,Synthetic Borrower C0239,Electric two-wheeler,Tamil Nadu,2025-06-15,2026-09-15,304260.95,231297.43,18.0,48,15,8937.67,0,0
SYNTHETIC_ONLY,demo-nbfc-ev-002,Synthetic Summit Vehicle Finance NBFC,SYN-EV-2W-2025,SYN-C-LN-0240,SYN-C-BR-0240,Synthetic Borrower C0240,Electric two-wheeler,Maharashtra,2025-07-15,2026-09-15,318001.77,226367.3,14.0,36,12,10868.55,66,2
SYNTHETIC_ONLY,demo-nbfc-ev-002,Synthetic Summit Vehicle Finance NBFC,SYN-EV-2W-2025,SYN-C-LN-0241,SYN-C-BR-0241,Synthetic Borrower C0241,Electric two-wheeler,Karnataka,2025-08-15,2026-09-15,331742.58,260433.12,15.0,48,13,9232.64,0,0
SYNTHETIC_ONLY,demo-nbfc-ev-002,Synthetic Summit Vehicle Finance NBFC,SYN-EV-2W-2025,SYN-C-LN-0242,SYN-C-BR-0242,Synthetic Borrower C0242,Electric two-wheeler,Tamil Nadu,2025-09-15,2026-09-15,345483.41,248067.81,16.0,36,12,12146.17,0,0
SYNTHETIC_ONLY,demo-nbfc-ev-002,Synthetic Summit Vehicle Finance NBFC,SYN-EV-2W-2025,SYN-C-LN-0243,SYN-C-BR-0243,Synthetic Borrower C0243,Electric two-wheeler,Maharashtra,2025-01-15,2026-09-15,235556.87,156203.38,17.0,48,20,6797.0,0,0
SYNTHETIC_ONLY,demo-nbfc-ev-002,Synthetic Summit Vehicle Finance NBFC,SYN-EV-2W-2025,SYN-C-LN-0244,SYN-C-BR-0244,Synthetic Borrower C0244,Electric two-wheeler,Karnataka,2025-02-15,2026-09-15,249297.69,134358.3,18.0,36,19,9012.71,0,0
SYNTHETIC_ONLY,demo-nbfc-ev-002,Synthetic Summit Vehicle Finance NBFC,SYN-EV-2W-2025,SYN-C-LN-0245,SYN-C-BR-0245,Synthetic Borrower C0245,Electric two-wheeler,Tamil Nadu,2025-03-15,2026-09-15,263038.5,181063.27,14.0,48,18,7187.92,0,0
SYNTHETIC_ONLY,demo-nbfc-ev-002,Synthetic Summit Vehicle Finance NBFC,SYN-EV-2W-2025,SYN-C-LN-0246,SYN-C-BR-0246,Synthetic Borrower C0246,Electric two-wheeler,Maharashtra,2025-04-15,2026-09-15,276779.31,183550.97,15.0,36,14,9594.65,93,3
SYNTHETIC_ONLY,demo-nbfc-ev-002,Synthetic Summit Vehicle Finance NBFC,SYN-EV-2W-2025,SYN-C-LN-0247,SYN-C-BR-0247,Synthetic Borrower C0247,Electric two-wheeler,Karnataka,2025-05-15,2026-09-15,290520.14,213333.83,16.0,48,16,8233.42,0,0
SYNTHETIC_ONLY,demo-nbfc-ev-002,Synthetic Summit Vehicle Finance NBFC,SYN-EV-2W-2025,SYN-C-LN-0248,SYN-C-BR-0248,Synthetic Borrower C0248,Electric two-wheeler,Tamil Nadu,2025-06-15,2026-09-15,304260.95,195852.93,17.0,36,15,10847.73,0,0
SYNTHETIC_ONLY,demo-nbfc-ev-002,Synthetic Summit Vehicle Finance NBFC,SYN-EV-2W-2025,SYN-C-LN-0249,SYN-C-BR-0249,Synthetic Borrower C0249,Electric two-wheeler,Maharashtra,2025-07-15,2026-09-15,318001.77,247373.82,18.0,48,14,9341.3,0,0
SYNTHETIC_ONLY,demo-nbfc-ev-002,Synthetic Summit Vehicle Finance NBFC,SYN-EV-2W-2025,SYN-C-LN-0250,SYN-C-BR-0250,Synthetic Borrower C0250,Electric two-wheeler,Karnataka,2025-08-15,2026-09-15,331742.59,227565.5,14.0,36,13,11338.18,0,0
SYNTHETIC_ONLY,demo-nbfc-ev-002,Synthetic Summit Vehicle Finance NBFC,SYN-EV-2W-2025,SYN-C-LN-0251,SYN-C-BR-0251,Synthetic Borrower C0251,Electric two-wheeler,Tamil Nadu,2025-09-15,2026-09-15,345483.4,277368.25,15.0,48,12,9615.06,0,0
SYNTHETIC_ONLY,demo-nbfc-ev-002,Synthetic Summit Vehicle Finance NBFC,SYN-EV-2W-2025,SYN-C-LN-0252,SYN-C-BR-0252,Synthetic Borrower C0252,Electric two-wheeler,Maharashtra,2025-01-15,2026-09-15,235556.87,125227.54,16.0,36,19,8281.48,30,1
SYNTHETIC_ONLY,demo-nbfc-ev-002,Synthetic Summit Vehicle Finance NBFC,SYN-EV-2W-2025,SYN-C-LN-0253,SYN-C-BR-0253,Synthetic Borrower C0253,Electric two-wheeler,Karnataka,2025-02-15,2026-09-15,249297.68,170099.0,17.0,48,19,7193.5,0,0
SYNTHETIC_ONLY,demo-nbfc-ev-002,Synthetic Summit Vehicle Finance NBFC,SYN-EV-2W-2025,SYN-C-LN-0254,SYN-C-BR-0254,Synthetic Borrower C0254,Electric two-wheeler,Tamil Nadu,2025-03-15,2026-09-15,263038.5,149037.78,18.0,36,18,9509.47,0,0
SYNTHETIC_ONLY,demo-nbfc-ev-002,Synthetic Summit Vehicle Finance NBFC,SYN-EV-2W-2025,SYN-C-LN-0255,SYN-C-BR-0255,Synthetic Borrower C0255,Electric two-wheeler,Maharashtra,2025-04-15,2026-09-15,276779.32,195800.86,14.0,48,17,7563.4,0,0
SYNTHETIC_ONLY,demo-nbfc-ev-002,Synthetic Summit Vehicle Finance NBFC,SYN-EV-2W-2025,SYN-C-LN-0256,SYN-C-BR-0256,Synthetic Borrower C0256,Electric two-wheeler,Karnataka,2025-05-15,2026-09-15,290520.14,177242.29,15.0,36,16,10070.98,0,0
SYNTHETIC_ONLY,demo-nbfc-ev-002,Synthetic Summit Vehicle Finance NBFC,SYN-EV-2W-2025,SYN-C-LN-0257,SYN-C-BR-0257,Synthetic Borrower C0257,Electric two-wheeler,Tamil Nadu,2025-06-15,2026-09-15,304260.95,228993.53,16.0,48,15,8622.84,0,0
SYNTHETIC_ONLY,demo-nbfc-ev-002,Synthetic Summit Vehicle Finance NBFC,SYN-EV-2W-2025,SYN-C-LN-0258,SYN-C-BR-0258,Synthetic Borrower C0258,Electric two-wheeler,Maharashtra,2025-07-15,2026-09-15,318001.77,229310.5,17.0,36,12,11337.63,66,2
SYNTHETIC_ONLY,demo-nbfc-ev-002,Synthetic Summit Vehicle Finance NBFC,SYN-EV-2W-2025,SYN-C-LN-0259,SYN-C-BR-0259,Synthetic Borrower C0259,Electric two-wheeler,Karnataka,2025-08-15,2026-09-15,331742.59,263850.0,18.0,48,13,9744.94,0,0
SYNTHETIC_ONLY,demo-nbfc-ev-002,Synthetic Summit Vehicle Finance NBFC,SYN-EV-2W-2025,SYN-C-LN-0260,SYN-C-BR-0260,Synthetic Borrower C0260,Electric two-wheeler,Tamil Nadu,2025-09-15,2026-09-15,345483.4,245929.9,14.0,36,12,11807.8,0,0
SYNTHETIC_ONLY,demo-nbfc-ev-002,Synthetic Summit Vehicle Finance NBFC,SYN-EV-2W-2025,SYN-C-LN-0261,SYN-C-BR-0261,Synthetic Borrower C0261,Electric two-wheeler,Maharashtra,2025-01-15,2026-09-15,235556.87,154076.02,15.0,48,20,6555.72,0,0
SYNTHETIC_ONLY,demo-nbfc-ev-002,Synthetic Summit Vehicle Finance NBFC,SYN-EV-2W-2025,SYN-C-LN-0262,SYN-C-BR-0262,Synthetic Borrower C0262,Electric two-wheeler,Karnataka,2025-02-15,2026-09-15,249297.68,132532.48,16.0,36,19,8764.57,0,0
SYNTHETIC_ONLY,demo-nbfc-ev-002,Synthetic Summit Vehicle Finance NBFC,SYN-EV-2W-2025,SYN-C-LN-0263,SYN-C-BR-0263,Synthetic Borrower C0263,Electric two-wheeler,Tamil Nadu,2025-03-15,2026-09-15,263038.5,184451.46,17.0,48,18,7589.99,0,0
SYNTHETIC_ONLY,demo-nbfc-ev-002,Synthetic Summit Vehicle Finance NBFC,SYN-EV-2W-2025,SYN-C-LN-0264,SYN-C-BR-0264,Synthetic Borrower C0264,Electric two-wheeler,Maharashtra,2025-04-15,2026-09-15,276779.32,186324.35,18.0,36,14,10006.24,93,3
SYNTHETIC_ONLY,demo-nbfc-ev-002,Synthetic Summit Vehicle Finance NBFC,SYN-EV-2W-2025,SYN-C-LN-0265,SYN-C-BR-0265,Synthetic Borrower C0265,Electric two-wheeler,Karnataka,2025-05-15,2026-09-15,290520.13,210998.71,14.0,48,16,7938.89,0,0
SYNTHETIC_ONLY,demo-nbfc-ev-002,Synthetic Summit Vehicle Finance NBFC,SYN-EV-2W-2025,SYN-C-LN-0266,SYN-C-BR-0266,Synthetic Borrower C0266,Electric two-wheeler,Tamil Nadu,2025-06-15,2026-09-15,304260.95,193750.79,15.0,36,15,10547.31,0,0
SYNTHETIC_ONLY,demo-nbfc-ev-002,Synthetic Summit Vehicle Finance NBFC,SYN-EV-2W-2025,SYN-C-LN-0267,SYN-C-BR-0267,Synthetic Borrower C0267,Electric two-wheeler,Maharashtra,2025-07-15,2026-09-15,318001.77,245079.71,16.0,48,14,9012.26,0,0
SYNTHETIC_ONLY,demo-nbfc-ev-002,Synthetic Summit Vehicle Finance NBFC,SYN-EV-2W-2025,SYN-C-LN-0268,SYN-C-BR-0268,Synthetic Borrower C0268,Electric two-wheeler,Karnataka,2025-08-15,2026-09-15,331742.57,230780.38,17.0,36,13,11827.53,0,0
SYNTHETIC_ONLY,demo-nbfc-ev-002,Synthetic Summit Vehicle Finance NBFC,SYN-EV-2W-2025,SYN-C-LN-0269,SYN-C-BR-0269,Synthetic Borrower C0269,Electric two-wheeler,Tamil Nadu,2025-09-15,2026-09-15,345483.4,280716.52,18.0,48,12,10148.57,0,0
SYNTHETIC_ONLY,demo-nbfc-ev-002,Synthetic Summit Vehicle Finance NBFC,SYN-EV-2W-2025,SYN-C-LN-0270,SYN-C-BR-0270,Synthetic Borrower C0270,Electric two-wheeler,Maharashtra,2025-01-15,2026-09-15,235556.87,123495.35,14.0,36,19,8050.78,30,1
SYNTHETIC_ONLY,demo-nbfc-ev-002,Synthetic Summit Vehicle Finance NBFC,SYN-EV-2W-2025,SYN-C-LN-0271,SYN-C-BR-0271,Synthetic Borrower C0271,Electric two-wheeler,Karnataka,2025-02-15,2026-09-15,249297.67,167903.13,15.0,48,19,6938.14,0,0
SYNTHETIC_ONLY,demo-nbfc-ev-002,Synthetic Summit Vehicle Finance NBFC,SYN-EV-2W-2025,SYN-C-LN-0272,SYN-C-BR-0272,Synthetic Borrower C0272,Electric two-wheeler,Tamil Nadu,2025-03-15,2026-09-15,263038.49,147123.42,16.0,36,18,9247.65,0,0
SYNTHETIC_ONLY,demo-nbfc-ev-002,Synthetic Summit Vehicle Finance NBFC,SYN-EV-2W-2025,SYN-C-LN-0273,SYN-C-BR-0273,Synthetic Borrower C0273,Electric two-wheeler,Maharashtra,2025-04-15,2026-09-15,276779.31,199250.74,17.0,48,17,7986.48,0,0
SYNTHETIC_ONLY,demo-nbfc-ev-002,Synthetic Summit Vehicle Finance NBFC,SYN-EV-2W-2025,SYN-C-LN-0274,SYN-C-BR-0274,Synthetic Borrower C0274,Electric two-wheeler,Karnataka,2025-05-15,2026-09-15,290520.15,180322.2,18.0,36,16,10503.0,0,0
SYNTHETIC_ONLY,demo-nbfc-ev-002,Synthetic Summit Vehicle Finance NBFC,SYN-EV-2W-2025,SYN-C-LN-0275,SYN-C-BR-0275,Synthetic Borrower C0275,Electric two-wheeler,Tamil Nadu,2025-06-15,2026-09-15,304260.96,226648.53,14.0,48,15,8314.38,0,0
SYNTHETIC_ONLY,demo-nbfc-ev-002,Synthetic Summit Vehicle Finance NBFC,SYN-EV-2W-2025,SYN-C-LN-0276,SYN-C-BR-0276,Synthetic Borrower C0276,Electric two-wheeler,Maharashtra,2025-07-15,2026-09-15,318001.77,227354.05,15.0,36,12,11023.64,66,2
SYNTHETIC_ONLY,demo-nbfc-ev-002,Synthetic Summit Vehicle Finance NBFC,SYN-EV-2W-2025,SYN-C-LN-0277,SYN-C-BR-0277,Synthetic Borrower C0277,Electric two-wheeler,Karnataka,2025-08-15,2026-09-15,331742.58,261583.46,16.0,48,13,9401.68,0,0
SYNTHETIC_ONLY,demo-nbfc-ev-002,Synthetic Summit Vehicle Finance NBFC,SYN-EV-2W-2025,SYN-C-LN-0278,SYN-C-BR-0278,Synthetic Borrower C0278,Electric two-wheeler,Tamil Nadu,2025-09-15,2026-09-15,345483.4,249127.46,17.0,36,12,12317.43,0,0
SYNTHETIC_ONLY,demo-nbfc-ev-002,Synthetic Summit Vehicle Finance NBFC,SYN-EV-2W-2025,SYN-C-LN-0279,SYN-C-BR-0279,Synthetic Borrower C0279,Electric two-wheeler,Maharashtra,2025-01-15,2026-09-15,235556.87,157257.13,18.0,48,20,6919.48,0,0
SYNTHETIC_ONLY,demo-nbfc-ev-002,Synthetic Summit Vehicle Finance NBFC,SYN-EV-2W-2025,SYN-C-LN-0280,SYN-C-BR-0280,Synthetic Borrower C0280,Electric two-wheeler,Karnataka,2025-02-15,2026-09-15,249297.68,130699.24,14.0,36,19,8520.4,0,0
SYNTHETIC_ONLY,demo-nbfc-ev-002,Synthetic Summit Vehicle Finance NBFC,SYN-EV-2W-2025,SYN-C-LN-0281,SYN-C-BR-0281,Synthetic Borrower C0281,Electric two-wheeler,Tamil Nadu,2025-03-15,2026-09-15,263038.5,182200.69,15.0,48,18,7320.56,0,0
SYNTHETIC_ONLY,demo-nbfc-ev-002,Synthetic Summit Vehicle Finance NBFC,SYN-EV-2W-2025,SYN-C-LN-0282,SYN-C-BR-0282,Synthetic Borrower C0282,Electric two-wheeler,Maharashtra,2025-04-15,2026-09-15,276779.32,184479.88,16.0,36,14,9730.74,93,3
SYNTHETIC_ONLY,demo-nbfc-ev-002,Synthetic Summit Vehicle Finance NBFC,SYN-EV-2W-2025,SYN-C-LN-0283,SYN-C-BR-0283,Synthetic Borrower C0283,Electric two-wheeler,Karnataka,2025-05-15,2026-09-15,290520.13,214487.03,17.0,48,16,8382.97,0,0
SYNTHETIC_ONLY,demo-nbfc-ev-002,Synthetic Summit Vehicle Finance NBFC,SYN-EV-2W-2025,SYN-C-LN-0284,SYN-C-BR-0284,Synthetic Borrower C0284,Electric two-wheeler,Tamil Nadu,2025-06-15,2026-09-15,304260.95,196897.25,18.0,36,15,10999.76,0,0
SYNTHETIC_ONLY,demo-nbfc-ev-002,Synthetic Summit Vehicle Finance NBFC,SYN-EV-2W-2025,SYN-C-LN-0285,SYN-C-BR-0285,Synthetic Borrower C0285,Electric two-wheeler,Maharashtra,2025-07-15,2026-09-15,318001.77,242742.14,14.0,48,14,8689.87,0,0
SYNTHETIC_ONLY,demo-nbfc-ev-002,Synthetic Summit Vehicle Finance NBFC,SYN-EV-2W-2025,SYN-C-LN-0286,SYN-C-BR-0286,Synthetic Borrower C0286,Electric two-wheeler,Karnataka,2025-08-15,2026-09-15,331742.57,228642.74,15.0,36,13,11499.97,0,0
SYNTHETIC_ONLY,demo-nbfc-ev-002,Synthetic Summit Vehicle Finance NBFC,SYN-EV-2W-2025,SYN-C-LN-0287,SYN-C-BR-0287,Synthetic Borrower C0287,Electric two-wheeler,Tamil Nadu,2025-09-15,2026-09-15,345483.4,278496.1,16.0,48,12,9791.1,0,0
SYNTHETIC_ONLY,demo-nbfc-ev-002,Synthetic Summit Vehicle Finance NBFC,SYN-EV-2W-2025,SYN-C-LN-0288,SYN-C-BR-0288,Synthetic Borrower C0288,Electric two-wheeler,Maharashtra,2025-01-15,2026-09-15,235556.86,126091.05,17.0,36,19,8398.24,30,1
SYNTHETIC_ONLY,demo-nbfc-ev-002,Synthetic Summit Vehicle Finance NBFC,SYN-EV-2W-2025,SYN-C-LN-0289,SYN-C-BR-0289,Synthetic Borrower C0289,Electric two-wheeler,Karnataka,2025-02-15,2026-09-15,249297.68,171185.79,18.0,48,19,7323.12,0,0
SYNTHETIC_ONLY,demo-nbfc-ev-002,Synthetic Summit Vehicle Finance NBFC,SYN-EV-2W-2025,SYN-C-LN-0290,SYN-C-BR-0290,Synthetic Borrower C0290,Electric two-wheeler,Tamil Nadu,2025-03-15,2026-09-15,263038.48,145199.17,14.0,36,18,8990.03,0,0
SYNTHETIC_ONLY,demo-nbfc-ev-002,Synthetic Summit Vehicle Finance NBFC,SYN-EV-2W-2025,SYN-C-LN-0291,SYN-C-BR-0291,Synthetic Borrower C0291,Electric two-wheeler,Maharashtra,2025-04-15,2026-09-15,276779.32,196959.62,15.0,48,17,7702.98,0,0
SYNTHETIC_ONLY,demo-nbfc-ev-002,Synthetic Summit Vehicle Finance NBFC,SYN-EV-2W-2025,SYN-C-LN-0292,SYN-C-BR-0292,Synthetic Borrower C0292,Electric two-wheeler,Karnataka,2025-05-15,2026-09-15,290520.13,178272.73,16.0,36,16,10213.83,0,0
SYNTHETIC_ONLY,demo-nbfc-ev-002,Synthetic Summit Vehicle Finance NBFC,SYN-EV-2W-2025,SYN-C-LN-0293,SYN-C-BR-0293,Synthetic Borrower C0293,Electric two-wheeler,Tamil Nadu,2025-06-15,2026-09-15,304260.95,230150.68,17.0,48,15,8779.46,0,0
SYNTHETIC_ONLY,demo-nbfc-ev-002,Synthetic Summit Vehicle Finance NBFC,SYN-EV-2W-2025,SYN-C-LN-0294,SYN-C-BR-0294,Synthetic Borrower C0294,Electric two-wheeler,Maharashtra,2025-07-15,2026-09-15,318001.77,230280.07,18.0,36,12,11496.53,66,2
SYNTHETIC_ONLY,demo-nbfc-ev-002,Synthetic Summit Vehicle Finance NBFC,SYN-EV-2W-2025,SYN-C-LN-0295,SYN-C-BR-0295,Synthetic Borrower C0295,Electric two-wheeler,Karnataka,2025-08-15,2026-09-15,331742.58,259271.52,14.0,48,13,9065.36,0,0
SYNTHETIC_ONLY,demo-nbfc-ev-002,Synthetic Summit Vehicle Finance NBFC,SYN-EV-2W-2025,SYN-C-LN-0296,SYN-C-BR-0296,Synthetic Borrower C0296,Electric two-wheeler,Tamil Nadu,2025-09-15,2026-09-15,345483.4,247001.93,15.0,36,12,11976.3,0,0
SYNTHETIC_ONLY,demo-nbfc-ev-002,Synthetic Summit Vehicle Finance NBFC,SYN-EV-2W-2025,SYN-C-LN-0297,SYN-C-BR-0297,Synthetic Borrower C0297,Electric two-wheeler,Maharashtra,2025-01-15,2026-09-15,235556.87,155142.96,16.0,48,20,6675.75,0,0
SYNTHETIC_ONLY,demo-nbfc-ev-002,Synthetic Summit Vehicle Finance NBFC,SYN-EV-2W-2025,SYN-C-LN-0298,SYN-C-BR-0298,Synthetic Borrower C0298,Electric two-wheeler,Karnataka,2025-02-15,2026-09-15,249297.68,133446.36,17.0,36,19,8888.14,0,0
SYNTHETIC_ONLY,demo-nbfc-ev-002,Synthetic Summit Vehicle Finance NBFC,SYN-EV-2W-2025,SYN-C-LN-0299,SYN-C-BR-0299,Synthetic Borrower C0299,Electric two-wheeler,Tamil Nadu,2025-03-15,2026-09-15,263038.49,185564.51,18.0,48,18,7726.76,0,0
SYNTHETIC_ONLY,demo-nbfc-ev-002,Synthetic Summit Vehicle Finance NBFC,SYN-EV-2W-2025,SYN-C-LN-0300,SYN-C-BR-0300,Synthetic Borrower C0300,Electric two-wheeler,Maharashtra,2025-04-15,2026-09-15,276779.33,182617.74,14.0,36,14,9459.66,93,3
SYNTHETIC_ONLY,demo-nbfc-ev-002,Synthetic Summit Vehicle Finance NBFC,SYN-EV-2W-2025,SYN-C-LN-0301,SYN-C-BR-0301,Synthetic Borrower C0301,Electric two-wheeler,Karnataka,2025-05-15,2026-09-15,290520.14,212171.01,15.0,48,16,8085.39,0,0
SYNTHETIC_ONLY,demo-nbfc-ev-002,Synthetic Summit Vehicle Finance NBFC,SYN-EV-2W-2025,SYN-C-LN-0302,SYN-C-BR-0302,Synthetic Borrower C0302,Electric two-wheeler,Tamil Nadu,2025-06-15,2026-09-15,304260.94,194804.07,16.0,36,15,10696.91,0,0
SYNTHETIC_ONLY,demo-nbfc-ev-002,Synthetic Summit Vehicle Finance NBFC,SYN-EV-2W-2025,SYN-C-LN-0303,SYN-C-BR-0303,Synthetic Borrower C0303,Electric two-wheeler,Maharashtra,2025-07-15,2026-09-15,318001.77,246232.25,17.0,48,14,9175.95,0,0
SYNTHETIC_ONLY,demo-nbfc-ev-002,Synthetic Summit Vehicle Finance NBFC,SYN-EV-2W-2025,SYN-C-LN-0304,SYN-C-BR-0304,Synthetic Borrower C0304,Electric two-wheeler,Karnataka,2025-08-15,2026-09-15,331742.58,231840.61,18.0,36,13,11993.29,0,0
SYNTHETIC_ONLY,demo-nbfc-ev-002,Synthetic Summit Vehicle Finance NBFC,SYN-EV-2W-2025,SYN-C-LN-0305,SYN-C-BR-0305,Synthetic Borrower C0305,Electric two-wheeler,Tamil Nadu,2025-09-15,2026-09-15,345483.41,276228.76,14.0,48,12,9440.84,0,0
SYNTHETIC_ONLY,demo-nbfc-ev-002,Synthetic Summit Vehicle Finance NBFC,SYN-EV-2W-2025,SYN-C-LN-0306,SYN-C-BR-0306,Synthetic Borrower C0306,Electric two-wheeler,Maharashtra,2025-01-15,2026-09-15,235556.87,124362.28,15.0,36,19,8165.66,30,1
SYNTHETIC_ONLY,demo-nbfc-ev-002,Synthetic Summit Vehicle Finance NBFC,SYN-EV-2W-2025,SYN-C-LN-0307,SYN-C-BR-0307,Synthetic Borrower C0307,Electric two-wheeler,Karnataka,2025-02-15,2026-09-15,249297.68,169004.73,16.0,48,19,7065.17,0,0
SYNTHETIC_ONLY,demo-nbfc-ev-002,Synthetic Summit Vehicle Finance NBFC,SYN-EV-2W-2025,SYN-C-LN-0308,SYN-C-BR-0308,Synthetic Borrower C0308,Electric two-wheeler,Tamil Nadu,2025-03-15,2026-09-15,263038.51,148081.89,17.0,36,18,9378.04,0,0
SYNTHETIC_ONLY,demo-nbfc-ev-002,Synthetic Summit Vehicle Finance NBFC,SYN-EV-2W-2025,SYN-C-LN-0309,SYN-C-BR-0309,Synthetic Borrower C0309,Electric two-wheeler,Maharashtra,2025-04-15,2026-09-15,276779.31,200382.83,18.0,48,17,8130.39,0,0
SYNTHETIC_ONLY,demo-nbfc-ev-002,Synthetic Summit Vehicle Finance NBFC,SYN-EV-2W-2025,SYN-C-LN-0310,SYN-C-BR-0310,Synthetic Borrower C0310,Electric two-wheeler,Karnataka,2025-05-15,2026-09-15,290520.14,176208.16,14.0,36,16,9929.29,0,0
SYNTHETIC_ONLY,demo-nbfc-ev-002,Synthetic Summit Vehicle Finance NBFC,SYN-EV-2W-2025,SYN-C-LN-0311,SYN-C-BR-0311,Synthetic Borrower C0311,Electric two-wheeler,Tamil Nadu,2025-06-15,2026-09-15,304260.96,227826.11,15.0,48,15,8467.81,0,0
SYNTHETIC_ONLY,demo-nbfc-ev-002,Synthetic Summit Vehicle Finance NBFC,SYN-EV-2W-2025,SYN-C-LN-0312,SYN-C-BR-0312,Synthetic Borrower C0312,Electric two-wheeler,Maharashtra,2025-07-15,2026-09-15,318001.77,228335.14,16.0,36,12,11180.0,66,2
SYNTHETIC_ONLY,demo-nbfc-ev-002,Synthetic Summit Vehicle Finance NBFC,SYN-EV-2W-2025,SYN-C-LN-0313,SYN-C-BR-0313,Synthetic Borrower C0313,Electric two-wheeler,Karnataka,2025-08-15,2026-09-15,331742.58,262722.45,17.0,48,13,9572.45,0,0
SYNTHETIC_ONLY,demo-nbfc-ev-002,Synthetic Summit Vehicle Finance NBFC,SYN-EV-2W-2025,SYN-C-LN-0314,SYN-C-BR-0314,Synthetic Borrower C0314,Electric two-wheeler,Tamil Nadu,2025-09-15,2026-09-15,345483.41,250180.82,18.0,36,12,12490.05,0,0
SYNTHETIC_ONLY,demo-nbfc-ev-002,Synthetic Summit Vehicle Finance NBFC,SYN-EV-2W-2025,SYN-C-LN-0315,SYN-C-BR-0315,Synthetic Borrower C0315,Electric two-wheeler,Maharashtra,2025-01-15,2026-09-15,235556.87,153002.72,14.0,48,20,6436.94,0,0
SYNTHETIC_ONLY,demo-nbfc-ev-002,Synthetic Summit Vehicle Finance NBFC,SYN-EV-2W-2025,SYN-C-LN-0316,SYN-C-BR-0316,Synthetic Borrower C0316,Electric two-wheeler,Karnataka,2025-02-15,2026-09-15,249297.68,131616.74,15.0,36,19,8641.99,0,0
SYNTHETIC_ONLY,demo-nbfc-ev-002,Synthetic Summit Vehicle Finance NBFC,SYN-EV-2W-2025,SYN-C-LN-0317,SYN-C-BR-0317,Synthetic Borrower C0317,Electric two-wheeler,Tamil Nadu,2025-03-15,2026-09-15,263038.49,183330.13,16.0,48,18,7454.58,0,0
SYNTHETIC_ONLY,demo-nbfc-ev-002,Synthetic Summit Vehicle Finance NBFC,SYN-EV-2W-2025,SYN-C-LN-0318,SYN-C-BR-0318,Synthetic Borrower C0318,Electric two-wheeler,Maharashtra,2025-04-15,2026-09-15,276779.31,185404.36,17.0,36,14,9867.94,93,3
SYNTHETIC_ONLY,demo-nbfc-ev-002,Synthetic Summit Vehicle Finance NBFC,SYN-EV-2W-2025,SYN-C-LN-0319,SYN-C-BR-0319,Synthetic Borrower C0319,Electric two-wheeler,Karnataka,2025-05-15,2026-09-15,290520.13,215630.49,18.0,48,16,8534.03,0,0
SYNTHETIC_ONLY,demo-nbfc-ev-002,Synthetic Summit Vehicle Finance NBFC,SYN-EV-2W-2025,SYN-C-LN-0320,SYN-C-BR-0320,Synthetic Borrower C0320,Electric two-wheeler,Tamil Nadu,2025-06-15,2026-09-15,304260.94,192693.15,14.0,36,15,10398.92,0,0
SYNTHETIC_ONLY,demo-nbfc-ev-002,Synthetic Summit Vehicle Finance NBFC,SYN-EV-2W-2025,SYN-C-LN-0321,SYN-C-BR-0321,Synthetic Borrower C0321,Electric two-wheeler,Maharashtra,2025-07-15,2026-09-15,318001.77,243916.3,15.0,48,14,8850.23,0,0
SYNTHETIC_ONLY,demo-nbfc-ev-002,Synthetic Summit Vehicle Finance NBFC,SYN-EV-2W-2025,SYN-C-LN-0322,SYN-C-BR-0322,Synthetic Borrower C0322,Electric two-wheeler,Karnataka,2025-08-15,2026-09-15,331742.57,229714.4,16.0,36,13,11663.08,0,0
SYNTHETIC_ONLY,demo-nbfc-ev-002,Synthetic Summit Vehicle Finance NBFC,SYN-EV-2W-2025,SYN-C-LN-0323,SYN-C-BR-0323,Synthetic Borrower C0323,Electric two-wheeler,Tamil Nadu,2025-09-15,2026-09-15,345483.41,279612.22,17.0,48,12,9968.94,0,0
SYNTHETIC_ONLY,demo-nbfc-ev-002,Synthetic Summit Vehicle Finance NBFC,SYN-EV-2W-2025,SYN-C-LN-0324,SYN-C-BR-0324,Synthetic Borrower C0324,Electric two-wheeler,Maharashtra,2025-01-15,2026-09-15,235556.86,126952.72,18.0,36,19,8515.94,30,1
SYNTHETIC_ONLY,demo-nbfc-ev-002,Synthetic Summit Vehicle Finance NBFC,SYN-EV-2W-2025,SYN-C-LN-0325,SYN-C-BR-0325,Synthetic Borrower C0325,Electric two-wheeler,Karnataka,2025-02-15,2026-09-15,249297.68,166794.37,14.0,48,19,6812.43,0,0
SYNTHETIC_ONLY,demo-nbfc-ev-002,Synthetic Summit Vehicle Finance NBFC,SYN-EV-2W-2025,SYN-C-LN-0326,SYN-C-BR-0326,Synthetic Borrower C0326,Electric two-wheeler,Tamil Nadu,2025-03-15,2026-09-15,263038.5,146162.49,15.0,36,18,9118.32,0,0
SYNTHETIC_ONLY,demo-nbfc-ev-002,Synthetic Summit Vehicle Finance NBFC,SYN-EV-2W-2025,SYN-C-LN-0327,SYN-C-BR-0327,Synthetic Borrower C0327,Electric two-wheeler,Maharashtra,2025-04-15,2026-09-15,276779.31,198109.62,16.0,48,17,7844.0,0,0
SYNTHETIC_ONLY,demo-nbfc-ev-002,Synthetic Summit Vehicle Finance NBFC,SYN-EV-2W-2025,SYN-C-LN-0328,SYN-C-BR-0328,Synthetic Borrower C0328,Electric two-wheeler,Karnataka,2025-05-15,2026-09-15,290520.13,179299.4,17.0,36,16,10357.84,0,0
SYNTHETIC_ONLY,demo-nbfc-ev-002,Synthetic Summit Vehicle Finance NBFC,SYN-EV-2W-2025,SYN-C-LN-0329,SYN-C-BR-0329,Synthetic Borrower C0329,Electric two-wheeler,Tamil Nadu,2025-06-15,2026-09-15,304260.95,231297.43,18.0,48,15,8937.67,0,0
SYNTHETIC_ONLY,demo-nbfc-ev-002,Synthetic Summit Vehicle Finance NBFC,SYN-EV-2W-2025,SYN-C-LN-0330,SYN-C-BR-0330,Synthetic Borrower C0330,Electric two-wheeler,Maharashtra,2025-07-15,2026-09-15,318001.77,226367.3,14.0,36,12,10868.55,66,2
SYNTHETIC_ONLY,demo-nbfc-ev-002,Synthetic Summit Vehicle Finance NBFC,SYN-EV-2W-2025,SYN-C-LN-0331,SYN-C-BR-0331,Synthetic Borrower C0331,Electric two-wheeler,Karnataka,2025-08-15,2026-09-15,331742.58,260433.12,15.0,48,13,9232.64,0,0
SYNTHETIC_ONLY,demo-nbfc-ev-002,Synthetic Summit Vehicle Finance NBFC,SYN-EV-2W-2025,SYN-C-LN-0332,SYN-C-BR-0332,Synthetic Borrower C0332,Electric two-wheeler,Tamil Nadu,2025-09-15,2026-09-15,345483.41,248067.81,16.0,36,12,12146.17,0,0
SYNTHETIC_ONLY,demo-nbfc-ev-002,Synthetic Summit Vehicle Finance NBFC,SYN-EV-2W-2025,SYN-C-LN-0333,SYN-C-BR-0333,Synthetic Borrower C0333,Electric two-wheeler,Maharashtra,2025-01-15,2026-09-15,235556.87,156203.38,17.0,48,20,6797.0,0,0
SYNTHETIC_ONLY,demo-nbfc-ev-002,Synthetic Summit Vehicle Finance NBFC,SYN-EV-2W-2025,SYN-C-LN-0334,SYN-C-BR-0334,Synthetic Borrower C0334,Electric two-wheeler,Karnataka,2025-02-15,2026-09-15,249297.69,134358.3,18.0,36,19,9012.71,0,0
SYNTHETIC_ONLY,demo-nbfc-ev-002,Synthetic Summit Vehicle Finance NBFC,SYN-EV-2W-2025,SYN-C-LN-0335,SYN-C-BR-0335,Synthetic Borrower C0335,Electric two-wheeler,Tamil Nadu,2025-03-15,2026-09-15,263038.5,181063.27,14.0,48,18,7187.92,0,0
SYNTHETIC_ONLY,demo-nbfc-ev-002,Synthetic Summit Vehicle Finance NBFC,SYN-EV-2W-2025,SYN-C-LN-0336,SYN-C-BR-0336,Synthetic Borrower C0336,Electric two-wheeler,Maharashtra,2025-04-15,2026-09-15,276779.31,183550.97,15.0,36,14,9594.65,93,3
SYNTHETIC_ONLY,demo-nbfc-ev-002,Synthetic Summit Vehicle Finance NBFC,SYN-EV-2W-2025,SYN-C-LN-0337,SYN-C-BR-0337,Synthetic Borrower C0337,Electric two-wheeler,Karnataka,2025-05-15,2026-09-15,290520.14,213333.83,16.0,48,16,8233.42,0,0
SYNTHETIC_ONLY,demo-nbfc-ev-002,Synthetic Summit Vehicle Finance NBFC,SYN-EV-2W-2025,SYN-C-LN-0338,SYN-C-BR-0338,Synthetic Borrower C0338,Electric two-wheeler,Tamil Nadu,2025-06-15,2026-09-15,304260.95,195852.93,17.0,36,15,10847.73,0,0
SYNTHETIC_ONLY,demo-nbfc-ev-002,Synthetic Summit Vehicle Finance NBFC,SYN-EV-2W-2025,SYN-C-LN-0339,SYN-C-BR-0339,Synthetic Borrower C0339,Electric two-wheeler,Maharashtra,2025-07-15,2026-09-15,318001.77,247373.82,18.0,48,14,9341.3,0,0
SYNTHETIC_ONLY,demo-nbfc-ev-002,Synthetic Summit Vehicle Finance NBFC,SYN-EV-2W-2025,SYN-C-LN-0340,SYN-C-BR-0340,Synthetic Borrower C0340,Electric two-wheeler,Karnataka,2025-08-15,2026-09-15,331742.59,227565.5,14.0,36,13,11338.18,0,0
SYNTHETIC_ONLY,demo-nbfc-ev-002,Synthetic Summit Vehicle Finance NBFC,SYN-EV-2W-2025,SYN-C-LN-0341,SYN-C-BR-0341,Synthetic Borrower C0341,Electric two-wheeler,Tamil Nadu,2025-09-15,2026-09-15,345483.4,277368.25,15.0,48,12,9615.06,0,0
SYNTHETIC_ONLY,demo-nbfc-ev-002,Synthetic Summit Vehicle Finance NBFC,SYN-EV-2W-2025,SYN-C-LN-0342,SYN-C-BR-0342,Synthetic Borrower C0342,Electric two-wheeler,Maharashtra,2025-01-15,2026-09-15,235556.87,125227.54,16.0,36,19,8281.48,30,1
SYNTHETIC_ONLY,demo-nbfc-ev-002,Synthetic Summit Vehicle Finance NBFC,SYN-EV-2W-2025,SYN-C-LN-0343,SYN-C-BR-0343,Synthetic Borrower C0343,Electric two-wheeler,Karnataka,2025-02-15,2026-09-15,249297.68,170099.0,17.0,48,19,7193.5,0,0
SYNTHETIC_ONLY,demo-nbfc-ev-002,Synthetic Summit Vehicle Finance NBFC,SYN-EV-2W-2025,SYN-C-LN-0344,SYN-C-BR-0344,Synthetic Borrower C0344,Electric two-wheeler,Tamil Nadu,2025-03-15,2026-09-15,263038.5,149037.78,18.0,36,18,9509.47,0,0
SYNTHETIC_ONLY,demo-nbfc-ev-002,Synthetic Summit Vehicle Finance NBFC,SYN-EV-2W-2025,SYN-C-LN-0345,SYN-C-BR-0345,Synthetic Borrower C0345,Electric two-wheeler,Maharashtra,2025-04-15,2026-09-15,276779.32,195800.86,14.0,48,17,7563.4,0,0
SYNTHETIC_ONLY,demo-nbfc-ev-002,Synthetic Summit Vehicle Finance NBFC,SYN-EV-2W-2025,SYN-C-LN-0346,SYN-C-BR-0346,Synthetic Borrower C0346,Electric two-wheeler,Karnataka,2025-05-15,2026-09-15,290520.14,177242.29,15.0,36,16,10070.98,0,0
SYNTHETIC_ONLY,demo-nbfc-ev-002,Synthetic Summit Vehicle Finance NBFC,SYN-EV-2W-2025,SYN-C-LN-0347,SYN-C-BR-0347,Synthetic Borrower C0347,Electric two-wheeler,Tamil Nadu,2025-06-15,2026-09-15,304260.95,228993.53,16.0,48,15,8622.84,0,0
SYNTHETIC_ONLY,demo-nbfc-ev-002,Synthetic Summit Vehicle Finance NBFC,SYN-EV-2W-2025,SYN-C-LN-0348,SYN-C-BR-0348,Synthetic Borrower C0348,Electric two-wheeler,Maharashtra,2025-07-15,2026-09-15,318001.77,229310.5,17.0,36,12,11337.63,66,2
SYNTHETIC_ONLY,demo-nbfc-ev-002,Synthetic Summit Vehicle Finance NBFC,SYN-EV-2W-2025,SYN-C-LN-0349,SYN-C-BR-0349,Synthetic Borrower C0349,Electric two-wheeler,Karnataka,2025-08-15,2026-09-15,331742.59,263850.0,18.0,48,13,9744.94,0,0
SYNTHETIC_ONLY,demo-nbfc-ev-002,Synthetic Summit Vehicle Finance NBFC,SYN-EV-2W-2025,SYN-C-LN-0350,SYN-C-BR-0350,Synthetic Borrower C0350,Electric two-wheeler,Tamil Nadu,2025-09-15,2026-09-15,345483.4,245929.9,14.0,36,12,11807.8,0,0
SYNTHETIC_ONLY,demo-nbfc-ev-002,Synthetic Summit Vehicle Finance NBFC,SYN-EV-2W-2025,SYN-C-LN-0351,SYN-C-BR-0351,Synthetic Borrower C0351,Electric two-wheeler,Maharashtra,2025-01-15,2026-09-15,235556.87,154076.02,15.0,48,20,6555.72,0,0
SYNTHETIC_ONLY,demo-nbfc-ev-002,Synthetic Summit Vehicle Finance NBFC,SYN-EV-2W-2025,SYN-C-LN-0352,SYN-C-BR-0352,Synthetic Borrower C0352,Electric two-wheeler,Karnataka,2025-02-15,2026-09-15,249297.68,132532.48,16.0,36,19,8764.57,0,0
SYNTHETIC_ONLY,demo-nbfc-ev-002,Synthetic Summit Vehicle Finance NBFC,SYN-EV-2W-2025,SYN-C-LN-0353,SYN-C-BR-0353,Synthetic Borrower C0353,Electric two-wheeler,Tamil Nadu,2025-03-15,2026-09-15,263038.5,184451.46,17.0,48,18,7589.99,0,0
SYNTHETIC_ONLY,demo-nbfc-ev-002,Synthetic Summit Vehicle Finance NBFC,SYN-EV-2W-2025,SYN-C-LN-0354,SYN-C-BR-0354,Synthetic Borrower C0354,Electric two-wheeler,Maharashtra,2025-04-15,2026-09-15,276779.32,186324.35,18.0,36,14,10006.24,93,3
SYNTHETIC_ONLY,demo-nbfc-ev-002,Synthetic Summit Vehicle Finance NBFC,SYN-EV-2W-2025,SYN-C-LN-0355,SYN-C-BR-0355,Synthetic Borrower C0355,Electric two-wheeler,Karnataka,2025-05-15,2026-09-15,290520.13,210998.71,14.0,48,16,7938.89,0,0
SYNTHETIC_ONLY,demo-nbfc-ev-002,Synthetic Summit Vehicle Finance NBFC,SYN-EV-2W-2025,SYN-C-LN-0356,SYN-C-BR-0356,Synthetic Borrower C0356,Electric two-wheeler,Tamil Nadu,2025-06-15,2026-09-15,304260.95,193750.79,15.0,36,15,10547.31,0,0
SYNTHETIC_ONLY,demo-nbfc-ev-002,Synthetic Summit Vehicle Finance NBFC,SYN-EV-2W-2025,SYN-C-LN-0357,SYN-C-BR-0357,Synthetic Borrower C0357,Electric two-wheeler,Maharashtra,2025-07-15,2026-09-15,318001.77,245079.71,16.0,48,14,9012.26,0,0
SYNTHETIC_ONLY,demo-nbfc-ev-002,Synthetic Summit Vehicle Finance NBFC,SYN-EV-2W-2025,SYN-C-LN-0358,SYN-C-BR-0358,Synthetic Borrower C0358,Electric two-wheeler,Karnataka,2025-08-15,2026-09-15,331742.57,230780.38,17.0,36,13,11827.53,0,0
SYNTHETIC_ONLY,demo-nbfc-ev-002,Synthetic Summit Vehicle Finance NBFC,SYN-EV-2W-2025,SYN-C-LN-0359,SYN-C-BR-0359,Synthetic Borrower C0359,Electric two-wheeler,Tamil Nadu,2025-09-15,2026-09-15,345483.4,280716.52,18.0,48,12,10148.57,0,0
SYNTHETIC_ONLY,demo-nbfc-ev-002,Synthetic Summit Vehicle Finance NBFC,SYN-EV-2W-2025,SYN-C-LN-0360,SYN-C-BR-0360,Synthetic Borrower C0360,Electric two-wheeler,Maharashtra,2025-01-15,2026-09-15,235556.87,123495.35,14.0,36,19,8050.78,30,1
SYNTHETIC_ONLY,demo-nbfc-ev-002,Synthetic Summit Vehicle Finance NBFC,SYN-EV-2W-2025,SYN-C-LN-0361,SYN-C-BR-0361,Synthetic Borrower C0361,Electric two-wheeler,Karnataka,2025-02-15,2026-09-15,249297.67,167903.13,15.0,48,19,6938.14,0,0
SYNTHETIC_ONLY,demo-nbfc-ev-002,Synthetic Summit Vehicle Finance NBFC,SYN-EV-2W-2025,SYN-C-LN-0362,SYN-C-BR-0362,Synthetic Borrower C0362,Electric two-wheeler,Tamil Nadu,2025-03-15,2026-09-15,263038.49,147123.42,16.0,36,18,9247.65,0,0
SYNTHETIC_ONLY,demo-nbfc-ev-002,Synthetic Summit Vehicle Finance NBFC,SYN-EV-2W-2025,SYN-C-LN-0363,SYN-C-BR-0363,Synthetic Borrower C0363,Electric two-wheeler,Maharashtra,2025-04-15,2026-09-15,276779.31,199250.74,17.0,48,17,7986.48,0,0
SYNTHETIC_ONLY,demo-nbfc-ev-002,Synthetic Summit Vehicle Finance NBFC,SYN-EV-2W-2025,SYN-C-LN-0364,SYN-C-BR-0364,Synthetic Borrower C0364,Electric two-wheeler,Karnataka,2025-05-15,2026-09-15,290520.15,180322.2,18.0,36,16,10503.0,0,0
SYNTHETIC_ONLY,demo-nbfc-ev-002,Synthetic Summit Vehicle Finance NBFC,SYN-EV-2W-2025,SYN-C-LN-0365,SYN-C-BR-0365,Synthetic Borrower C0365,Electric two-wheeler,Tamil Nadu,2025-06-15,2026-09-15,304260.96,226648.53,14.0,48,15,8314.38,0,0
SYNTHETIC_ONLY,demo-nbfc-ev-002,Synthetic Summit Vehicle Finance NBFC,SYN-EV-2W-2025,SYN-C-LN-0366,SYN-C-BR-0366,Synthetic Borrower C0366,Electric two-wheeler,Maharashtra,2025-07-15,2026-09-15,318001.77,227354.05,15.0,36,12,11023.64,66,2
SYNTHETIC_ONLY,demo-nbfc-ev-002,Synthetic Summit Vehicle Finance NBFC,SYN-EV-2W-2025,SYN-C-LN-0367,SYN-C-BR-0367,Synthetic Borrower C0367,Electric two-wheeler,Karnataka,2025-08-15,2026-09-15,331742.58,261583.46,16.0,48,13,9401.68,0,0
SYNTHETIC_ONLY,demo-nbfc-ev-002,Synthetic Summit Vehicle Finance NBFC,SYN-EV-2W-2025,SYN-C-LN-0368,SYN-C-BR-0368,Synthetic Borrower C0368,Electric two-wheeler,Tamil Nadu,2025-09-15,2026-09-15,345483.4,249127.46,17.0,36,12,12317.43,0,0
SYNTHETIC_ONLY,demo-nbfc-ev-002,Synthetic Summit Vehicle Finance NBFC,SYN-EV-2W-2025,SYN-C-LN-0369,SYN-C-BR-0369,Synthetic Borrower C0369,Electric two-wheeler,Maharashtra,2025-01-15,2026-09-15,235556.87,157257.13,18.0,48,20,6919.48,0,0
SYNTHETIC_ONLY,demo-nbfc-ev-002,Synthetic Summit Vehicle Finance NBFC,SYN-EV-2W-2025,SYN-C-LN-0370,SYN-C-BR-0370,Synthetic Borrower C0370,Electric two-wheeler,Karnataka,2025-02-15,2026-09-15,249297.68,130699.24,14.0,36,19,8520.4,0,0
SYNTHETIC_ONLY,demo-nbfc-ev-002,Synthetic Summit Vehicle Finance NBFC,SYN-EV-2W-2025,SYN-C-LN-0371,SYN-C-BR-0371,Synthetic Borrower C0371,Electric two-wheeler,Tamil Nadu,2025-03-15,2026-09-15,263038.5,182200.69,15.0,48,18,7320.56,0,0
SYNTHETIC_ONLY,demo-nbfc-ev-002,Synthetic Summit Vehicle Finance NBFC,SYN-EV-2W-2025,SYN-C-LN-0372,SYN-C-BR-0372,Synthetic Borrower C0372,Electric two-wheeler,Maharashtra,2025-04-15,2026-09-15,276779.32,184479.88,16.0,36,14,9730.74,93,3
SYNTHETIC_ONLY,demo-nbfc-ev-002,Synthetic Summit Vehicle Finance NBFC,SYN-EV-2W-2025,SYN-C-LN-0373,SYN-C-BR-0373,Synthetic Borrower C0373,Electric two-wheeler,Karnataka,2025-05-15,2026-09-15,290520.13,214487.03,17.0,48,16,8382.97,0,0
SYNTHETIC_ONLY,demo-nbfc-ev-002,Synthetic Summit Vehicle Finance NBFC,SYN-EV-2W-2025,SYN-C-LN-0374,SYN-C-BR-0374,Synthetic Borrower C0374,Electric two-wheeler,Tamil Nadu,2025-06-15,2026-09-15,304260.95,196897.25,18.0,36,15,10999.76,0,0
SYNTHETIC_ONLY,demo-nbfc-ev-002,Synthetic Summit Vehicle Finance NBFC,SYN-EV-2W-2025,SYN-C-LN-0375,SYN-C-BR-0375,Synthetic Borrower C0375,Electric two-wheeler,Maharashtra,2025-07-15,2026-09-15,318001.77,242742.14,14.0,48,14,8689.87,0,0
SYNTHETIC_ONLY,demo-nbfc-ev-002,Synthetic Summit Vehicle Finance NBFC,SYN-EV-2W-2025,SYN-C-LN-0376,SYN-C-BR-0376,Synthetic Borrower C0376,Electric two-wheeler,Karnataka,2025-08-15,2026-09-15,331742.57,228642.74,15.0,36,13,11499.97,0,0
SYNTHETIC_ONLY,demo-nbfc-ev-002,Synthetic Summit Vehicle Finance NBFC,SYN-EV-2W-2025,SYN-C-LN-0377,SYN-C-BR-0377,Synthetic Borrower C0377,Electric two-wheeler,Tamil Nadu,2025-09-15,2026-09-15,345483.4,278496.1,16.0,48,12,9791.1,0,0
SYNTHETIC_ONLY,demo-nbfc-ev-002,Synthetic Summit Vehicle Finance NBFC,SYN-EV-2W-2025,SYN-C-LN-0378,SYN-C-BR-0378,Synthetic Borrower C0378,Electric two-wheeler,Maharashtra,2025-01-15,2026-09-15,235556.86,126091.05,17.0,36,19,8398.24,30,1
SYNTHETIC_ONLY,demo-nbfc-ev-002,Synthetic Summit Vehicle Finance NBFC,SYN-EV-2W-2025,SYN-C-LN-0379,SYN-C-BR-0379,Synthetic Borrower C0379,Electric two-wheeler,Karnataka,2025-02-15,2026-09-15,249297.68,171185.79,18.0,48,19,7323.12,0,0
SYNTHETIC_ONLY,demo-nbfc-ev-002,Synthetic Summit Vehicle Finance NBFC,SYN-EV-2W-2025,SYN-C-LN-0380,SYN-C-BR-0380,Synthetic Borrower C0380,Electric two-wheeler,Tamil Nadu,2025-03-15,2026-09-15,263038.48,145199.17,14.0,36,18,8990.03,0,0
SYNTHETIC_ONLY,demo-nbfc-ev-002,Synthetic Summit Vehicle Finance NBFC,SYN-EV-2W-2025,SYN-C-LN-0381,SYN-C-BR-0381,Synthetic Borrower C0381,Electric two-wheeler,Maharashtra,2025-04-15,2026-09-15,276779.32,196959.62,15.0,48,17,7702.98,0,0
SYNTHETIC_ONLY,demo-nbfc-ev-002,Synthetic Summit Vehicle Finance NBFC,SYN-EV-2W-2025,SYN-C-LN-0382,SYN-C-BR-0382,Synthetic Borrower C0382,Electric two-wheeler,Karnataka,2025-05-15,2026-09-15,290520.13,178272.73,16.0,36,16,10213.83,0,0
SYNTHETIC_ONLY,demo-nbfc-ev-002,Synthetic Summit Vehicle Finance NBFC,SYN-EV-2W-2025,SYN-C-LN-0383,SYN-C-BR-0383,Synthetic Borrower C0383,Electric two-wheeler,Tamil Nadu,2025-06-15,2026-09-15,304260.95,230150.68,17.0,48,15,8779.46,0,0
SYNTHETIC_ONLY,demo-nbfc-ev-002,Synthetic Summit Vehicle Finance NBFC,SYN-EV-2W-2025,SYN-C-LN-0384,SYN-C-BR-0384,Synthetic Borrower C0384,Electric two-wheeler,Maharashtra,2025-07-15,2026-09-15,318001.77,230280.07,18.0,36,12,11496.53,66,2
SYNTHETIC_ONLY,demo-nbfc-ev-002,Synthetic Summit Vehicle Finance NBFC,SYN-EV-2W-2025,SYN-C-LN-0385,SYN-C-BR-0385,Synthetic Borrower C0385,Electric two-wheeler,Karnataka,2025-08-15,2026-09-15,331742.58,259271.52,14.0,48,13,9065.36,0,0
SYNTHETIC_ONLY,demo-nbfc-ev-002,Synthetic Summit Vehicle Finance NBFC,SYN-EV-2W-2025,SYN-C-LN-0386,SYN-C-BR-0386,Synthetic Borrower C0386,Electric two-wheeler,Tamil Nadu,2025-09-15,2026-09-15,345483.4,247001.93,15.0,36,12,11976.3,0,0
SYNTHETIC_ONLY,demo-nbfc-ev-002,Synthetic Summit Vehicle Finance NBFC,SYN-EV-2W-2025,SYN-C-LN-0387,SYN-C-BR-0387,Synthetic Borrower C0387,Electric two-wheeler,Maharashtra,2025-01-15,2026-09-15,235556.87,155142.96,16.0,48,20,6675.75,0,0
SYNTHETIC_ONLY,demo-nbfc-ev-002,Synthetic Summit Vehicle Finance NBFC,SYN-EV-2W-2025,SYN-C-LN-0388,SYN-C-BR-0388,Synthetic Borrower C0388,Electric two-wheeler,Karnataka,2025-02-15,2026-09-15,249297.68,133446.36,17.0,36,19,8888.14,0,0
SYNTHETIC_ONLY,demo-nbfc-ev-002,Synthetic Summit Vehicle Finance NBFC,SYN-EV-2W-2025,SYN-C-LN-0389,SYN-C-BR-0389,Synthetic Borrower C0389,Electric two-wheeler,Tamil Nadu,2025-03-15,2026-09-15,263038.49,185564.51,18.0,48,18,7726.76,0,0
SYNTHETIC_ONLY,demo-nbfc-ev-002,Synthetic Summit Vehicle Finance NBFC,SYN-EV-2W-2025,SYN-C-LN-0390,SYN-C-BR-0390,Synthetic Borrower C0390,Electric two-wheeler,Maharashtra,2025-04-15,2026-09-15,276779.33,182617.74,14.0,36,14,9459.66,93,3
SYNTHETIC_ONLY,demo-nbfc-ev-002,Synthetic Summit Vehicle Finance NBFC,SYN-EV-2W-2025,SYN-C-LN-0391,SYN-C-BR-0391,Synthetic Borrower C0391,Electric two-wheeler,Karnataka,2025-05-15,2026-09-15,290520.14,212171.01,15.0,48,16,8085.39,0,0
SYNTHETIC_ONLY,demo-nbfc-ev-002,Synthetic Summit Vehicle Finance NBFC,SYN-EV-2W-2025,SYN-C-LN-0392,SYN-C-BR-0392,Synthetic Borrower C0392,Electric two-wheeler,Tamil Nadu,2025-06-15,2026-09-15,304260.94,194804.07,16.0,36,15,10696.91,0,0
SYNTHETIC_ONLY,demo-nbfc-ev-002,Synthetic Summit Vehicle Finance NBFC,SYN-EV-2W-2025,SYN-C-LN-0393,SYN-C-BR-0393,Synthetic Borrower C0393,Electric two-wheeler,Maharashtra,2025-07-15,2026-09-15,318001.77,246232.25,17.0,48,14,9175.95,0,0
SYNTHETIC_ONLY,demo-nbfc-ev-002,Synthetic Summit Vehicle Finance NBFC,SYN-EV-2W-2025,SYN-C-LN-0394,SYN-C-BR-0394,Synthetic Borrower C0394,Electric two-wheeler,Karnataka,2025-08-15,2026-09-15,331742.58,231840.61,18.0,36,13,11993.29,0,0
SYNTHETIC_ONLY,demo-nbfc-ev-002,Synthetic Summit Vehicle Finance NBFC,SYN-EV-2W-2025,SYN-C-LN-0395,SYN-C-BR-0395,Synthetic Borrower C0395,Electric two-wheeler,Tamil Nadu,2025-09-15,2026-09-15,345483.41,276228.76,14.0,48,12,9440.84,0,0
SYNTHETIC_ONLY,demo-nbfc-ev-002,Synthetic Summit Vehicle Finance NBFC,SYN-EV-2W-2025,SYN-C-LN-0396,SYN-C-BR-0396,Synthetic Borrower C0396,Electric two-wheeler,Maharashtra,2025-01-15,2026-09-15,235556.87,124362.28,15.0,36,19,8165.66,30,1
SYNTHETIC_ONLY,demo-nbfc-ev-002,Synthetic Summit Vehicle Finance NBFC,SYN-EV-2W-2025,SYN-C-LN-0397,SYN-C-BR-0397,Synthetic Borrower C0397,Electric two-wheeler,Karnataka,2025-02-15,2026-09-15,249297.68,169004.73,16.0,48,19,7065.17,0,0
SYNTHETIC_ONLY,demo-nbfc-ev-002,Synthetic Summit Vehicle Finance NBFC,SYN-EV-2W-2025,SYN-C-LN-0398,SYN-C-BR-0398,Synthetic Borrower C0398,Electric two-wheeler,Tamil Nadu,2025-03-15,2026-09-15,263038.51,148081.89,17.0,36,18,9378.04,0,0
SYNTHETIC_ONLY,demo-nbfc-ev-002,Synthetic Summit Vehicle Finance NBFC,SYN-EV-2W-2025,SYN-C-LN-0399,SYN-C-BR-0399,Synthetic Borrower C0399,Electric two-wheeler,Maharashtra,2025-04-15,2026-09-15,276779.31,200382.83,18.0,48,17,8130.39,0,0
SYNTHETIC_ONLY,demo-nbfc-ev-002,Synthetic Summit Vehicle Finance NBFC,SYN-EV-2W-2025,SYN-C-LN-0400,SYN-C-BR-0400,Synthetic Borrower C0400,Electric two-wheeler,Karnataka,2025-05-15,2026-09-15,290520.14,176208.16,14.0,36,16,9929.29,0,0
SYNTHETIC_ONLY,demo-nbfc-ev-002,Synthetic Summit Vehicle Finance NBFC,SYN-EV-2W-2025,SYN-C-LN-0401,SYN-C-BR-0401,Synthetic Borrower C0401,Electric two-wheeler,Tamil Nadu,2025-06-15,2026-09-15,304260.96,227826.11,15.0,48,15,8467.81,0,0
SYNTHETIC_ONLY,demo-nbfc-ev-002,Synthetic Summit Vehicle Finance NBFC,SYN-EV-2W-2025,SYN-C-LN-0402,SYN-C-BR-0402,Synthetic Borrower C0402,Electric two-wheeler,Maharashtra,2025-07-15,2026-09-15,318001.77,228335.14,16.0,36,12,11180.0,66,2
SYNTHETIC_ONLY,demo-nbfc-ev-002,Synthetic Summit Vehicle Finance NBFC,SYN-EV-2W-2025,SYN-C-LN-0403,SYN-C-BR-0403,Synthetic Borrower C0403,Electric two-wheeler,Karnataka,2025-08-15,2026-09-15,331742.58,262722.45,17.0,48,13,9572.45,0,0
SYNTHETIC_ONLY,demo-nbfc-ev-002,Synthetic Summit Vehicle Finance NBFC,SYN-EV-2W-2025,SYN-C-LN-0404,SYN-C-BR-0404,Synthetic Borrower C0404,Electric two-wheeler,Tamil Nadu,2025-09-15,2026-09-15,345483.41,250180.82,18.0,36,12,12490.05,0,0
SYNTHETIC_ONLY,demo-nbfc-ev-002,Synthetic Summit Vehicle Finance NBFC,SYN-EV-2W-2025,SYN-C-LN-0405,SYN-C-BR-0405,Synthetic Borrower C0405,Electric two-wheeler,Maharashtra,2025-01-15,2026-09-15,235556.87,153002.72,14.0,48,20,6436.94,0,0
SYNTHETIC_ONLY,demo-nbfc-ev-002,Synthetic Summit Vehicle Finance NBFC,SYN-EV-2W-2025,SYN-C-LN-0406,SYN-C-BR-0406,Synthetic Borrower C0406,Electric two-wheeler,Karnataka,2025-02-15,2026-09-15,249297.68,131616.74,15.0,36,19,8641.99,0,0
SYNTHETIC_ONLY,demo-nbfc-ev-002,Synthetic Summit Vehicle Finance NBFC,SYN-EV-2W-2025,SYN-C-LN-0407,SYN-C-BR-0407,Synthetic Borrower C0407,Electric two-wheeler,Tamil Nadu,2025-03-15,2026-09-15,263038.49,183330.13,16.0,48,18,7454.58,0,0
SYNTHETIC_ONLY,demo-nbfc-ev-002,Synthetic Summit Vehicle Finance NBFC,SYN-EV-2W-2025,SYN-C-LN-0408,SYN-C-BR-0408,Synthetic Borrower C0408,Electric two-wheeler,Maharashtra,2025-04-15,2026-09-15,276779.31,185404.36,17.0,36,14,9867.94,93,3
SYNTHETIC_ONLY,demo-nbfc-ev-002,Synthetic Summit Vehicle Finance NBFC,SYN-EV-2W-2025,SYN-C-LN-0409,SYN-C-BR-0409,Synthetic Borrower C0409,Electric two-wheeler,Karnataka,2025-05-15,2026-09-15,290520.13,215630.49,18.0,48,16,8534.03,0,0
SYNTHETIC_ONLY,demo-nbfc-ev-002,Synthetic Summit Vehicle Finance NBFC,SYN-EV-2W-2025,SYN-C-LN-0410,SYN-C-BR-0410,Synthetic Borrower C0410,Electric two-wheeler,Tamil Nadu,2025-06-15,2026-09-15,304260.94,192693.15,14.0,36,15,10398.92,0,0
SYNTHETIC_ONLY,demo-nbfc-ev-002,Synthetic Summit Vehicle Finance NBFC,SYN-EV-2W-2025,SYN-C-LN-0411,SYN-C-BR-0411,Synthetic Borrower C0411,Electric two-wheeler,Maharashtra,2025-07-15,2026-09-15,318001.77,243916.3,15.0,48,14,8850.23,0,0
SYNTHETIC_ONLY,demo-nbfc-ev-002,Synthetic Summit Vehicle Finance NBFC,SYN-EV-2W-2025,SYN-C-LN-0412,SYN-C-BR-0412,Synthetic Borrower C0412,Electric two-wheeler,Karnataka,2025-08-15,2026-09-15,331742.57,229714.4,16.0,36,13,11663.08,0,0
SYNTHETIC_ONLY,demo-nbfc-ev-002,Synthetic Summit Vehicle Finance NBFC,SYN-EV-2W-2025,SYN-C-LN-0413,SYN-C-BR-0413,Synthetic Borrower C0413,Electric two-wheeler,Tamil Nadu,2025-09-15,2026-09-15,345483.41,279612.22,17.0,48,12,9968.94,0,0
SYNTHETIC_ONLY,demo-nbfc-ev-002,Synthetic Summit Vehicle Finance NBFC,SYN-EV-2W-2025,SYN-C-LN-0414,SYN-C-BR-0414,Synthetic Borrower C0414,Electric two-wheeler,Maharashtra,2025-01-15,2026-09-15,235556.86,126952.72,18.0,36,19,8515.94,30,1
SYNTHETIC_ONLY,demo-nbfc-ev-002,Synthetic Summit Vehicle Finance NBFC,SYN-EV-2W-2025,SYN-C-LN-0415,SYN-C-BR-0415,Synthetic Borrower C0415,Electric two-wheeler,Karnataka,2025-02-15,2026-09-15,249297.68,166794.37,14.0,48,19,6812.43,0,0
SYNTHETIC_ONLY,demo-nbfc-ev-002,Synthetic Summit Vehicle Finance NBFC,SYN-EV-2W-2025,SYN-C-LN-0416,SYN-C-BR-0416,Synthetic Borrower C0416,Electric two-wheeler,Tamil Nadu,2025-03-15,2026-09-15,263038.5,146162.49,15.0,36,18,9118.32,0,0
SYNTHETIC_ONLY,demo-nbfc-ev-002,Synthetic Summit Vehicle Finance NBFC,SYN-EV-2W-2025,SYN-C-LN-0417,SYN-C-BR-0417,Synthetic Borrower C0417,Electric two-wheeler,Maharashtra,2025-04-15,2026-09-15,276779.31,198109.62,16.0,48,17,7844.0,0,0
SYNTHETIC_ONLY,demo-nbfc-ev-002,Synthetic Summit Vehicle Finance NBFC,SYN-EV-2W-2025,SYN-C-LN-0418,SYN-C-BR-0418,Synthetic Borrower C0418,Electric two-wheeler,Karnataka,2025-05-15,2026-09-15,290520.13,179299.4,17.0,36,16,10357.84,0,0
SYNTHETIC_ONLY,demo-nbfc-ev-002,Synthetic Summit Vehicle Finance NBFC,SYN-EV-2W-2025,SYN-C-LN-0419,SYN-C-BR-0419,Synthetic Borrower C0419,Electric two-wheeler,Tamil Nadu,2025-06-15,2026-09-15,304260.95,231297.43,18.0,48,15,8937.67,0,0
SYNTHETIC_ONLY,demo-nbfc-ev-002,Synthetic Summit Vehicle Finance NBFC,SYN-EV-2W-2025,SYN-C-LN-0420,SYN-C-BR-0420,Synthetic Borrower C0420,Electric two-wheeler,Maharashtra,2025-07-15,2026-09-15,318001.77,226367.3,14.0,36,12,10868.55,66,2
SYNTHETIC_ONLY,demo-nbfc-ev-002,Synthetic Summit Vehicle Finance NBFC,SYN-EV-2W-2025,SYN-C-LN-0421,SYN-C-BR-0421,Synthetic Borrower C0421,Electric two-wheeler,Karnataka,2025-08-15,2026-09-15,331742.58,260433.12,15.0,48,13,9232.64,0,0
SYNTHETIC_ONLY,demo-nbfc-ev-002,Synthetic Summit Vehicle Finance NBFC,SYN-EV-2W-2025,SYN-C-LN-0422,SYN-C-BR-0422,Synthetic Borrower C0422,Electric two-wheeler,Tamil Nadu,2025-09-15,2026-09-15,345483.41,248067.81,16.0,36,12,12146.17,0,0
SYNTHETIC_ONLY,demo-nbfc-ev-002,Synthetic Summit Vehicle Finance NBFC,SYN-EV-2W-2025,SYN-C-LN-0423,SYN-C-BR-0423,Synthetic Borrower C0423,Electric two-wheeler,Maharashtra,2025-01-15,2026-09-15,235556.87,156203.38,17.0,48,20,6797.0,0,0
SYNTHETIC_ONLY,demo-nbfc-ev-002,Synthetic Summit Vehicle Finance NBFC,SYN-EV-2W-2025,SYN-C-LN-0424,SYN-C-BR-0424,Synthetic Borrower C0424,Electric two-wheeler,Karnataka,2025-02-15,2026-09-15,249297.69,134358.3,18.0,36,19,9012.71,0,0
SYNTHETIC_ONLY,demo-nbfc-ev-002,Synthetic Summit Vehicle Finance NBFC,SYN-EV-2W-2025,SYN-C-LN-0425,SYN-C-BR-0425,Synthetic Borrower C0425,Electric two-wheeler,Tamil Nadu,2025-03-15,2026-09-15,263038.5,181063.27,14.0,48,18,7187.92,0,0
SYNTHETIC_ONLY,demo-nbfc-ev-002,Synthetic Summit Vehicle Finance NBFC,SYN-EV-2W-2025,SYN-C-LN-0426,SYN-C-BR-0426,Synthetic Borrower C0426,Electric two-wheeler,Maharashtra,2025-04-15,2026-09-15,276779.31,183550.97,15.0,36,14,9594.65,93,3
SYNTHETIC_ONLY,demo-nbfc-ev-002,Synthetic Summit Vehicle Finance NBFC,SYN-EV-2W-2025,SYN-C-LN-0427,SYN-C-BR-0427,Synthetic Borrower C0427,Electric two-wheeler,Karnataka,2025-05-15,2026-09-15,290520.14,213333.83,16.0,48,16,8233.42,0,0
SYNTHETIC_ONLY,demo-nbfc-ev-002,Synthetic Summit Vehicle Finance NBFC,SYN-EV-2W-2025,SYN-C-LN-0428,SYN-C-BR-0428,Synthetic Borrower C0428,Electric two-wheeler,Tamil Nadu,2025-06-15,2026-09-15,304260.95,195852.93,17.0,36,15,10847.73,0,0
SYNTHETIC_ONLY,demo-nbfc-ev-002,Synthetic Summit Vehicle Finance NBFC,SYN-EV-2W-2025,SYN-C-LN-0429,SYN-C-BR-0429,Synthetic Borrower C0429,Electric two-wheeler,Maharashtra,2025-07-15,2026-09-15,318001.77,247373.82,18.0,48,14,9341.3,0,0
SYNTHETIC_ONLY,demo-nbfc-ev-002,Synthetic Summit Vehicle Finance NBFC,SYN-EV-2W-2025,SYN-C-LN-0430,SYN-C-BR-0430,Synthetic Borrower C0430,Electric two-wheeler,Karnataka,2025-08-15,2026-09-15,331742.59,227565.5,14.0,36,13,11338.18,0,0
SYNTHETIC_ONLY,demo-nbfc-ev-002,Synthetic Summit Vehicle Finance NBFC,SYN-EV-2W-2025,SYN-C-LN-0431,SYN-C-BR-0431,Synthetic Borrower C0431,Electric two-wheeler,Tamil Nadu,2025-09-15,2026-09-15,345483.4,277368.25,15.0,48,12,9615.06,0,0
SYNTHETIC_ONLY,demo-nbfc-ev-002,Synthetic Summit Vehicle Finance NBFC,SYN-EV-2W-2025,SYN-C-LN-0432,SYN-C-BR-0432,Synthetic Borrower C0432,Electric two-wheeler,Maharashtra,2025-01-15,2026-09-15,235556.87,125227.54,16.0,36,19,8281.48,30,1
SYNTHETIC_ONLY,demo-nbfc-ev-002,Synthetic Summit Vehicle Finance NBFC,SYN-EV-2W-2025,SYN-C-LN-0433,SYN-C-BR-0433,Synthetic Borrower C0433,Electric two-wheeler,Karnataka,2025-02-15,2026-09-15,249297.68,170099.0,17.0,48,19,7193.5,0,0
SYNTHETIC_ONLY,demo-nbfc-ev-002,Synthetic Summit Vehicle Finance NBFC,SYN-EV-2W-2025,SYN-C-LN-0434,SYN-C-BR-0434,Synthetic Borrower C0434,Electric two-wheeler,Tamil Nadu,2025-03-15,2026-09-15,263038.5,149037.78,18.0,36,18,9509.47,0,0
SYNTHETIC_ONLY,demo-nbfc-ev-002,Synthetic Summit Vehicle Finance NBFC,SYN-EV-2W-2025,SYN-C-LN-0435,SYN-C-BR-0435,Synthetic Borrower C0435,Electric two-wheeler,Maharashtra,2025-04-15,2026-09-15,276779.32,195800.86,14.0,48,17,7563.4,0,0
SYNTHETIC_ONLY,demo-nbfc-ev-002,Synthetic Summit Vehicle Finance NBFC,SYN-EV-2W-2025,SYN-C-LN-0436,SYN-C-BR-0436,Synthetic Borrower C0436,Electric two-wheeler,Karnataka,2025-05-15,2026-09-15,290520.14,177242.29,15.0,36,16,10070.98,0,0
SYNTHETIC_ONLY,demo-nbfc-ev-002,Synthetic Summit Vehicle Finance NBFC,SYN-EV-2W-2025,SYN-C-LN-0437,SYN-C-BR-0437,Synthetic Borrower C0437,Electric two-wheeler,Tamil Nadu,2025-06-15,2026-09-15,304260.95,228993.53,16.0,48,15,8622.84,0,0
SYNTHETIC_ONLY,demo-nbfc-ev-002,Synthetic Summit Vehicle Finance NBFC,SYN-EV-2W-2025,SYN-C-LN-0438,SYN-C-BR-0438,Synthetic Borrower C0438,Electric two-wheeler,Maharashtra,2025-07-15,2026-09-15,318001.77,229310.5,17.0,36,12,11337.63,66,2
SYNTHETIC_ONLY,demo-nbfc-ev-002,Synthetic Summit Vehicle Finance NBFC,SYN-EV-2W-2025,SYN-C-LN-0439,SYN-C-BR-0439,Synthetic Borrower C0439,Electric two-wheeler,Karnataka,2025-08-15,2026-09-15,331742.59,263850.0,18.0,48,13,9744.94,0,0
SYNTHETIC_ONLY,demo-nbfc-ev-002,Synthetic Summit Vehicle Finance NBFC,SYN-EV-2W-2025,SYN-C-LN-0440,SYN-C-BR-0440,Synthetic Borrower C0440,Electric two-wheeler,Tamil Nadu,2025-09-15,2026-09-15,345483.4,245929.9,14.0,36,12,11807.8,0,0
SYNTHETIC_ONLY,demo-nbfc-ev-002,Synthetic Summit Vehicle Finance NBFC,SYN-EV-2W-2025,SYN-C-LN-0441,SYN-C-BR-0441,Synthetic Borrower C0441,Electric two-wheeler,Maharashtra,2025-01-15,2026-09-15,235556.87,154076.02,15.0,48,20,6555.72,0,0
SYNTHETIC_ONLY,demo-nbfc-ev-002,Synthetic Summit Vehicle Finance NBFC,SYN-EV-2W-2025,SYN-C-LN-0442,SYN-C-BR-0442,Synthetic Borrower C0442,Electric two-wheeler,Karnataka,2025-02-15,2026-09-15,249297.68,132532.48,16.0,36,19,8764.57,0,0
SYNTHETIC_ONLY,demo-nbfc-ev-002,Synthetic Summit Vehicle Finance NBFC,SYN-EV-2W-2025,SYN-C-LN-0443,SYN-C-BR-0443,Synthetic Borrower C0443,Electric two-wheeler,Tamil Nadu,2025-03-15,2026-09-15,263038.5,184451.46,17.0,48,18,7589.99,0,0
SYNTHETIC_ONLY,demo-nbfc-ev-002,Synthetic Summit Vehicle Finance NBFC,SYN-EV-2W-2025,SYN-C-LN-0444,SYN-C-BR-0444,Synthetic Borrower C0444,Electric two-wheeler,Maharashtra,2025-04-15,2026-09-15,276779.32,186324.35,18.0,36,14,10006.24,93,3
SYNTHETIC_ONLY,demo-nbfc-ev-002,Synthetic Summit Vehicle Finance NBFC,SYN-EV-2W-2025,SYN-C-LN-0445,SYN-C-BR-0445,Synthetic Borrower C0445,Electric two-wheeler,Karnataka,2025-05-15,2026-09-15,290520.13,210998.71,14.0,48,16,7938.89,0,0
SYNTHETIC_ONLY,demo-nbfc-ev-002,Synthetic Summit Vehicle Finance NBFC,SYN-EV-2W-2025,SYN-C-LN-0446,SYN-C-BR-0446,Synthetic Borrower C0446,Electric two-wheeler,Tamil Nadu,2025-06-15,2026-09-15,304260.95,193750.79,15.0,36,15,10547.31,0,0
SYNTHETIC_ONLY,demo-nbfc-ev-002,Synthetic Summit Vehicle Finance NBFC,SYN-EV-2W-2025,SYN-C-LN-0447,SYN-C-BR-0447,Synthetic Borrower C0447,Electric two-wheeler,Maharashtra,2025-07-15,2026-09-15,318001.77,245079.71,16.0,48,14,9012.26,0,0
SYNTHETIC_ONLY,demo-nbfc-ev-002,Synthetic Summit Vehicle Finance NBFC,SYN-EV-2W-2025,SYN-C-LN-0448,SYN-C-BR-0448,Synthetic Borrower C0448,Electric two-wheeler,Karnataka,2025-08-15,2026-09-15,331742.57,230780.38,17.0,36,13,11827.53,0,0
SYNTHETIC_ONLY,demo-nbfc-ev-002,Synthetic Summit Vehicle Finance NBFC,SYN-EV-2W-2025,SYN-C-LN-0449,SYN-C-BR-0449,Synthetic Borrower C0449,Electric two-wheeler,Tamil Nadu,2025-09-15,2026-09-15,345483.4,280716.52,18.0,48,12,10148.57,0,0
SYNTHETIC_ONLY,demo-nbfc-ev-002,Synthetic Summit Vehicle Finance NBFC,SYN-EV-2W-2025,SYN-C-LN-0450,SYN-C-BR-0450,Synthetic Borrower C0450,Electric two-wheeler,Maharashtra,2025-01-15,2026-09-15,235556.87,123495.35,14.0,36,19,8050.78,30,1
SYNTHETIC_ONLY,demo-nbfc-ev-002,Synthetic Summit Vehicle Finance NBFC,SYN-EV-2W-2025,SYN-C-LN-0451,SYN-C-BR-0451,Synthetic Borrower C0451,Electric two-wheeler,Karnataka,2025-02-15,2026-09-15,249297.67,167903.13,15.0,48,19,6938.14,0,0
SYNTHETIC_ONLY,demo-nbfc-ev-002,Synthetic Summit Vehicle Finance NBFC,SYN-EV-2W-2025,SYN-C-LN-0452,SYN-C-BR-0452,Synthetic Borrower C0452,Electric two-wheeler,Tamil Nadu,2025-03-15,2026-09-15,263038.49,147123.42,16.0,36,18,9247.65,0,0
SYNTHETIC_ONLY,demo-nbfc-ev-002,Synthetic Summit Vehicle Finance NBFC,SYN-EV-2W-2025,SYN-C-LN-0453,SYN-C-BR-0453,Synthetic Borrower C0453,Electric two-wheeler,Maharashtra,2025-04-15,2026-09-15,276779.31,199250.74,17.0,48,17,7986.48,0,0
SYNTHETIC_ONLY,demo-nbfc-ev-002,Synthetic Summit Vehicle Finance NBFC,SYN-EV-2W-2025,SYN-C-LN-0454,SYN-C-BR-0454,Synthetic Borrower C0454,Electric two-wheeler,Karnataka,2025-05-15,2026-09-15,290520.15,180322.2,18.0,36,16,10503.0,0,0
SYNTHETIC_ONLY,demo-nbfc-ev-002,Synthetic Summit Vehicle Finance NBFC,SYN-EV-2W-2025,SYN-C-LN-0455,SYN-C-BR-0455,Synthetic Borrower C0455,Electric two-wheeler,Tamil Nadu,2025-06-15,2026-09-15,304260.96,226648.53,14.0,48,15,8314.38,0,0
SYNTHETIC_ONLY,demo-nbfc-ev-002,Synthetic Summit Vehicle Finance NBFC,SYN-EV-2W-2025,SYN-C-LN-0456,SYN-C-BR-0456,Synthetic Borrower C0456,Electric two-wheeler,Maharashtra,2025-07-15,2026-09-15,318001.77,227354.05,15.0,36,12,11023.64,66,2
SYNTHETIC_ONLY,demo-nbfc-ev-002,Synthetic Summit Vehicle Finance NBFC,SYN-EV-2W-2025,SYN-C-LN-0457,SYN-C-BR-0457,Synthetic Borrower C0457,Electric two-wheeler,Karnataka,2025-08-15,2026-09-15,331742.58,261583.46,16.0,48,13,9401.68,0,0
SYNTHETIC_ONLY,demo-nbfc-ev-002,Synthetic Summit Vehicle Finance NBFC,SYN-EV-2W-2025,SYN-C-LN-0458,SYN-C-BR-0458,Synthetic Borrower C0458,Electric two-wheeler,Tamil Nadu,2025-09-15,2026-09-15,345483.4,249127.46,17.0,36,12,12317.43,0,0
SYNTHETIC_ONLY,demo-nbfc-ev-002,Synthetic Summit Vehicle Finance NBFC,SYN-EV-2W-2025,SYN-C-LN-0459,SYN-C-BR-0459,Synthetic Borrower C0459,Electric two-wheeler,Maharashtra,2025-01-15,2026-09-15,235556.87,157257.13,18.0,48,20,6919.48,0,0
SYNTHETIC_ONLY,demo-nbfc-ev-002,Synthetic Summit Vehicle Finance NBFC,SYN-EV-2W-2025,SYN-C-LN-0460,SYN-C-BR-0460,Synthetic Borrower C0460,Electric two-wheeler,Karnataka,2025-02-15,2026-09-15,249297.68,130699.24,14.0,36,19,8520.4,0,0
SYNTHETIC_ONLY,demo-nbfc-ev-002,Synthetic Summit Vehicle Finance NBFC,SYN-EV-2W-2025,SYN-C-LN-0461,SYN-C-BR-0461,Synthetic Borrower C0461,Electric two-wheeler,Tamil Nadu,2025-03-15,2026-09-15,263038.5,182200.69,15.0,48,18,7320.56,0,0
SYNTHETIC_ONLY,demo-nbfc-ev-002,Synthetic Summit Vehicle Finance NBFC,SYN-EV-2W-2025,SYN-C-LN-0462,SYN-C-BR-0462,Synthetic Borrower C0462,Electric two-wheeler,Maharashtra,2025-04-15,2026-09-15,276779.32,184479.88,16.0,36,14,9730.74,93,3
SYNTHETIC_ONLY,demo-nbfc-ev-002,Synthetic Summit Vehicle Finance NBFC,SYN-EV-2W-2025,SYN-C-LN-0463,SYN-C-BR-0463,Synthetic Borrower C0463,Electric two-wheeler,Karnataka,2025-05-15,2026-09-15,290520.13,214487.03,17.0,48,16,8382.97,0,0
SYNTHETIC_ONLY,demo-nbfc-ev-002,Synthetic Summit Vehicle Finance NBFC,SYN-EV-2W-2025,SYN-C-LN-0464,SYN-C-BR-0464,Synthetic Borrower C0464,Electric two-wheeler,Tamil Nadu,2025-06-15,2026-09-15,304260.95,196897.25,18.0,36,15,10999.76,0,0
SYNTHETIC_ONLY,demo-nbfc-ev-002,Synthetic Summit Vehicle Finance NBFC,SYN-EV-2W-2025,SYN-C-LN-0465,SYN-C-BR-0465,Synthetic Borrower C0465,Electric two-wheeler,Maharashtra,2025-07-15,2026-09-15,318001.77,242742.14,14.0,48,14,8689.87,0,0
SYNTHETIC_ONLY,demo-nbfc-ev-002,Synthetic Summit Vehicle Finance NBFC,SYN-EV-2W-2025,SYN-C-LN-0466,SYN-C-BR-0466,Synthetic Borrower C0466,Electric two-wheeler,Karnataka,2025-08-15,2026-09-15,331742.57,228642.74,15.0,36,13,11499.97,0,0
SYNTHETIC_ONLY,demo-nbfc-ev-002,Synthetic Summit Vehicle Finance NBFC,SYN-EV-2W-2025,SYN-C-LN-0467,SYN-C-BR-0467,Synthetic Borrower C0467,Electric two-wheeler,Tamil Nadu,2025-09-15,2026-09-15,345483.4,278496.1,16.0,48,12,9791.1,0,0
SYNTHETIC_ONLY,demo-nbfc-ev-002,Synthetic Summit Vehicle Finance NBFC,SYN-EV-2W-2025,SYN-C-LN-0468,SYN-C-BR-0468,Synthetic Borrower C0468,Electric two-wheeler,Maharashtra,2025-01-15,2026-09-15,235556.86,126091.05,17.0,36,19,8398.24,30,1
SYNTHETIC_ONLY,demo-nbfc-ev-002,Synthetic Summit Vehicle Finance NBFC,SYN-EV-2W-2025,SYN-C-LN-0469,SYN-C-BR-0469,Synthetic Borrower C0469,Electric two-wheeler,Karnataka,2025-02-15,2026-09-15,249297.68,171185.79,18.0,48,19,7323.12,0,0
SYNTHETIC_ONLY,demo-nbfc-ev-002,Synthetic Summit Vehicle Finance NBFC,SYN-EV-2W-2025,SYN-C-LN-0470,SYN-C-BR-0470,Synthetic Borrower C0470,Electric two-wheeler,Tamil Nadu,2025-03-15,2026-09-15,263038.48,145199.17,14.0,36,18,8990.03,0,0
SYNTHETIC_ONLY,demo-nbfc-ev-002,Synthetic Summit Vehicle Finance NBFC,SYN-EV-2W-2025,SYN-C-LN-0471,SYN-C-BR-0471,Synthetic Borrower C0471,Electric two-wheeler,Maharashtra,2025-04-15,2026-09-15,276779.32,196959.62,15.0,48,17,7702.98,0,0
SYNTHETIC_ONLY,demo-nbfc-ev-002,Synthetic Summit Vehicle Finance NBFC,SYN-EV-2W-2025,SYN-C-LN-0472,SYN-C-BR-0472,Synthetic Borrower C0472,Electric two-wheeler,Karnataka,2025-05-15,2026-09-15,290520.13,178272.73,16.0,36,16,10213.83,0,0
SYNTHETIC_ONLY,demo-nbfc-ev-002,Synthetic Summit Vehicle Finance NBFC,SYN-EV-2W-2025,SYN-C-LN-0473,SYN-C-BR-0473,Synthetic Borrower C0473,Electric two-wheeler,Tamil Nadu,2025-06-15,2026-09-15,304260.95,230150.68,17.0,48,15,8779.46,0,0
SYNTHETIC_ONLY,demo-nbfc-ev-002,Synthetic Summit Vehicle Finance NBFC,SYN-EV-2W-2025,SYN-C-LN-0474,SYN-C-BR-0474,Synthetic Borrower C0474,Electric two-wheeler,Maharashtra,2025-07-15,2026-09-15,318001.77,230280.07,18.0,36,12,11496.53,66,2
SYNTHETIC_ONLY,demo-nbfc-ev-002,Synthetic Summit Vehicle Finance NBFC,SYN-EV-2W-2025,SYN-C-LN-0475,SYN-C-BR-0475,Synthetic Borrower C0475,Electric two-wheeler,Karnataka,2025-08-15,2026-09-15,331742.58,259271.52,14.0,48,13,9065.36,0,0
SYNTHETIC_ONLY,demo-nbfc-ev-002,Synthetic Summit Vehicle Finance NBFC,SYN-EV-2W-2025,SYN-C-LN-0476,SYN-C-BR-0476,Synthetic Borrower C0476,Electric two-wheeler,Tamil Nadu,2025-09-15,2026-09-15,345483.4,247001.93,15.0,36,12,11976.3,0,0
SYNTHETIC_ONLY,demo-nbfc-ev-002,Synthetic Summit Vehicle Finance NBFC,SYN-EV-2W-2025,SYN-C-LN-0477,SYN-C-BR-0477,Synthetic Borrower C0477,Electric two-wheeler,Maharashtra,2025-01-15,2026-09-15,235556.87,155142.96,16.0,48,20,6675.75,0,0
SYNTHETIC_ONLY,demo-nbfc-ev-002,Synthetic Summit Vehicle Finance NBFC,SYN-EV-2W-2025,SYN-C-LN-0478,SYN-C-BR-0478,Synthetic Borrower C0478,Electric two-wheeler,Karnataka,2025-02-15,2026-09-15,249297.68,133446.36,17.0,36,19,8888.14,0,0
SYNTHETIC_ONLY,demo-nbfc-ev-002,Synthetic Summit Vehicle Finance NBFC,SYN-EV-2W-2025,SYN-C-LN-0479,SYN-C-BR-0479,Synthetic Borrower C0479,Electric two-wheeler,Tamil Nadu,2025-03-15,2026-09-15,263038.49,185564.51,18.0,48,18,7726.76,0,0
SYNTHETIC_ONLY,demo-nbfc-ev-002,Synthetic Summit Vehicle Finance NBFC,SYN-EV-2W-2025,SYN-C-LN-0480,SYN-C-BR-0480,Synthetic Borrower C0480,Electric two-wheeler,Maharashtra,2025-04-15,2026-09-15,276779.33,182617.74,14.0,36,14,9459.66,93,3
SYNTHETIC_ONLY,demo-nbfc-ev-002,Synthetic Summit Vehicle Finance NBFC,SYN-EV-2W-2025,SYN-C-LN-0481,SYN-C-BR-0481,Synthetic Borrower C0481,Electric two-wheeler,Karnataka,2025-05-15,2026-09-15,290520.14,212171.01,15.0,48,16,8085.39,0,0
SYNTHETIC_ONLY,demo-nbfc-ev-002,Synthetic Summit Vehicle Finance NBFC,SYN-EV-2W-2025,SYN-C-LN-0482,SYN-C-BR-0482,Synthetic Borrower C0482,Electric two-wheeler,Tamil Nadu,2025-06-15,2026-09-15,304260.94,194804.07,16.0,36,15,10696.91,0,0
SYNTHETIC_ONLY,demo-nbfc-ev-002,Synthetic Summit Vehicle Finance NBFC,SYN-EV-2W-2025,SYN-C-LN-0483,SYN-C-BR-0483,Synthetic Borrower C0483,Electric two-wheeler,Maharashtra,2025-07-15,2026-09-15,318001.77,246232.25,17.0,48,14,9175.95,0,0
SYNTHETIC_ONLY,demo-nbfc-ev-002,Synthetic Summit Vehicle Finance NBFC,SYN-EV-2W-2025,SYN-C-LN-0484,SYN-C-BR-0484,Synthetic Borrower C0484,Electric two-wheeler,Karnataka,2025-08-15,2026-09-15,331742.58,231840.61,18.0,36,13,11993.29,0,0
SYNTHETIC_ONLY,demo-nbfc-ev-002,Synthetic Summit Vehicle Finance NBFC,SYN-EV-2W-2025,SYN-C-LN-0485,SYN-C-BR-0485,Synthetic Borrower C0485,Electric two-wheeler,Tamil Nadu,2025-09-15,2026-09-15,345483.41,276228.76,14.0,48,12,9440.84,0,0
SYNTHETIC_ONLY,demo-nbfc-ev-002,Synthetic Summit Vehicle Finance NBFC,SYN-EV-2W-2025,SYN-C-LN-0486,SYN-C-BR-0486,Synthetic Borrower C0486,Electric two-wheeler,Maharashtra,2025-01-15,2026-09-15,235556.87,124362.28,15.0,36,19,8165.66,30,1
SYNTHETIC_ONLY,demo-nbfc-ev-002,Synthetic Summit Vehicle Finance NBFC,SYN-EV-2W-2025,SYN-C-LN-0487,SYN-C-BR-0487,Synthetic Borrower C0487,Electric two-wheeler,Karnataka,2025-02-15,2026-09-15,249297.68,169004.73,16.0,48,19,7065.17,0,0
SYNTHETIC_ONLY,demo-nbfc-ev-002,Synthetic Summit Vehicle Finance NBFC,SYN-EV-2W-2025,SYN-C-LN-0488,SYN-C-BR-0488,Synthetic Borrower C0488,Electric two-wheeler,Tamil Nadu,2025-03-15,2026-09-15,263038.51,148081.89,17.0,36,18,9378.04,0,0
SYNTHETIC_ONLY,demo-nbfc-ev-002,Synthetic Summit Vehicle Finance NBFC,SYN-EV-2W-2025,SYN-C-LN-0489,SYN-C-BR-0489,Synthetic Borrower C0489,Electric two-wheeler,Maharashtra,2025-04-15,2026-09-15,276779.31,200382.83,18.0,48,17,8130.39,0,0
SYNTHETIC_ONLY,demo-nbfc-ev-002,Synthetic Summit Vehicle Finance NBFC,SYN-EV-2W-2025,SYN-C-LN-0490,SYN-C-BR-0490,Synthetic Borrower C0490,Electric two-wheeler,Karnataka,2025-05-15,2026-09-15,290520.14,176208.16,14.0,36,16,9929.29,0,0
SYNTHETIC_ONLY,demo-nbfc-ev-002,Synthetic Summit Vehicle Finance NBFC,SYN-EV-2W-2025,SYN-C-LN-0491,SYN-C-BR-0491,Synthetic Borrower C0491,Electric two-wheeler,Tamil Nadu,2025-06-15,2026-09-15,304260.96,227826.11,15.0,48,15,8467.81,0,0
SYNTHETIC_ONLY,demo-nbfc-ev-002,Synthetic Summit Vehicle Finance NBFC,SYN-EV-2W-2025,SYN-C-LN-0492,SYN-C-BR-0492,Synthetic Borrower C0492,Electric two-wheeler,Maharashtra,2025-07-15,2026-09-15,318001.77,228335.14,16.0,36,12,11180.0,66,2
SYNTHETIC_ONLY,demo-nbfc-ev-002,Synthetic Summit Vehicle Finance NBFC,SYN-EV-2W-2025,SYN-C-LN-0493,SYN-C-BR-0493,Synthetic Borrower C0493,Electric two-wheeler,Karnataka,2025-08-15,2026-09-15,331742.58,262722.45,17.0,48,13,9572.45,0,0
SYNTHETIC_ONLY,demo-nbfc-ev-002,Synthetic Summit Vehicle Finance NBFC,SYN-EV-2W-2025,SYN-C-LN-0494,SYN-C-BR-0494,Synthetic Borrower C0494,Electric two-wheeler,Tamil Nadu,2025-09-15,2026-09-15,345483.41,250180.82,18.0,36,12,12490.05,0,0
SYNTHETIC_ONLY,demo-nbfc-ev-002,Synthetic Summit Vehicle Finance NBFC,SYN-EV-2W-2025,SYN-C-LN-0495,SYN-C-BR-0495,Synthetic Borrower C0495,Electric two-wheeler,Maharashtra,2025-01-15,2026-09-15,235556.87,153002.72,14.0,48,20,6436.94,0,0
SYNTHETIC_ONLY,demo-nbfc-ev-002,Synthetic Summit Vehicle Finance NBFC,SYN-EV-2W-2025,SYN-C-LN-0496,SYN-C-BR-0496,Synthetic Borrower C0496,Electric two-wheeler,Karnataka,2025-02-15,2026-09-15,249297.68,131616.74,15.0,36,19,8641.99,0,0
SYNTHETIC_ONLY,demo-nbfc-ev-002,Synthetic Summit Vehicle Finance NBFC,SYN-EV-2W-2025,SYN-C-LN-0497,SYN-C-BR-0497,Synthetic Borrower C0497,Electric two-wheeler,Tamil Nadu,2025-03-15,2026-09-15,263038.49,183330.13,16.0,48,18,7454.58,0,0
SYNTHETIC_ONLY,demo-nbfc-ev-002,Synthetic Summit Vehicle Finance NBFC,SYN-EV-2W-2025,SYN-C-LN-0498,SYN-C-BR-0498,Synthetic Borrower C0498,Electric two-wheeler,Maharashtra,2025-04-15,2026-09-15,276779.31,185404.36,17.0,36,14,9867.94,93,3
SYNTHETIC_ONLY,demo-nbfc-ev-002,Synthetic Summit Vehicle Finance NBFC,SYN-EV-2W-2025,SYN-C-LN-0499,SYN-C-BR-0499,Synthetic Borrower C0499,Electric two-wheeler,Karnataka,2025-05-15,2026-09-15,290520.13,215630.49,18.0,48,16,8534.03,0,0
SYNTHETIC_ONLY,demo-nbfc-ev-002,Synthetic Summit Vehicle Finance NBFC,SYN-EV-2W-2025,SYN-C-LN-0500,SYN-C-BR-0500,Synthetic Borrower C0500,Electric two-wheeler,Tamil Nadu,2025-06-15,2026-09-15,304260.94,192693.15,14.0,36,15,10398.92,0,0
SYNTHETIC_ONLY,demo-nbfc-ev-002,Synthetic Summit Vehicle Finance NBFC,SYN-EV-2W-2025,SYN-C-LN-0501,SYN-C-BR-0501,Synthetic Borrower C0501,Electric two-wheeler,Maharashtra,2025-07-15,2026-09-15,318001.77,243916.3,15.0,48,14,8850.23,0,0
SYNTHETIC_ONLY,demo-nbfc-ev-002,Synthetic Summit Vehicle Finance NBFC,SYN-EV-2W-2025,SYN-C-LN-0502,SYN-C-BR-0502,Synthetic Borrower C0502,Electric two-wheeler,Karnataka,2025-08-15,2026-09-15,331742.57,229714.4,16.0,36,13,11663.08,0,0
SYNTHETIC_ONLY,demo-nbfc-ev-002,Synthetic Summit Vehicle Finance NBFC,SYN-EV-2W-2025,SYN-C-LN-0503,SYN-C-BR-0503,Synthetic Borrower C0503,Electric two-wheeler,Tamil Nadu,2025-09-15,2026-09-15,345483.41,279612.22,17.0,48,12,9968.94,0,0
SYNTHETIC_ONLY,demo-nbfc-ev-002,Synthetic Summit Vehicle Finance NBFC,SYN-EV-2W-2025,SYN-C-LN-0504,SYN-C-BR-0504,Synthetic Borrower C0504,Electric two-wheeler,Maharashtra,2025-01-15,2026-09-15,235556.86,126952.72,18.0,36,19,8515.94,30,1
SYNTHETIC_ONLY,demo-nbfc-ev-002,Synthetic Summit Vehicle Finance NBFC,SYN-EV-2W-2025,SYN-C-LN-0505,SYN-C-BR-0505,Synthetic Borrower C0505,Electric two-wheeler,Karnataka,2025-02-15,2026-09-15,249297.68,166794.37,14.0,48,19,6812.43,0,0
SYNTHETIC_ONLY,demo-nbfc-ev-002,Synthetic Summit Vehicle Finance NBFC,SYN-EV-2W-2025,SYN-C-LN-0506,SYN-C-BR-0506,Synthetic Borrower C0506,Electric two-wheeler,Tamil Nadu,2025-03-15,2026-09-15,263038.5,146162.49,15.0,36,18,9118.32,0,0
SYNTHETIC_ONLY,demo-nbfc-ev-002,Synthetic Summit Vehicle Finance NBFC,SYN-EV-2W-2025,SYN-C-LN-0507,SYN-C-BR-0507,Synthetic Borrower C0507,Electric two-wheeler,Maharashtra,2025-04-15,2026-09-15,276779.31,198109.62,16.0,48,17,7844.0,0,0
SYNTHETIC_ONLY,demo-nbfc-ev-002,Synthetic Summit Vehicle Finance NBFC,SYN-EV-2W-2025,SYN-C-LN-0508,SYN-C-BR-0508,Synthetic Borrower C0508,Electric two-wheeler,Karnataka,2025-05-15,2026-09-15,290520.13,179299.4,17.0,36,16,10357.84,0,0
SYNTHETIC_ONLY,demo-nbfc-ev-002,Synthetic Summit Vehicle Finance NBFC,SYN-EV-2W-2025,SYN-C-LN-0509,SYN-C-BR-0509,Synthetic Borrower C0509,Electric two-wheeler,Tamil Nadu,2025-06-15,2026-09-15,304260.95,231297.43,18.0,48,15,8937.67,0,0
SYNTHETIC_ONLY,demo-nbfc-ev-002,Synthetic Summit Vehicle Finance NBFC,SYN-EV-2W-2025,SYN-C-LN-0510,SYN-C-BR-0510,Synthetic Borrower C0510,Electric two-wheeler,Maharashtra,2025-07-15,2026-09-15,318001.77,226367.3,14.0,36,12,10868.55,66,2
SYNTHETIC_ONLY,demo-nbfc-ev-002,Synthetic Summit Vehicle Finance NBFC,SYN-EV-2W-2025,SYN-C-LN-0511,SYN-C-BR-0511,Synthetic Borrower C0511,Electric two-wheeler,Karnataka,2025-08-15,2026-09-15,331742.58,260433.12,15.0,48,13,9232.64,0,0
SYNTHETIC_ONLY,demo-nbfc-ev-002,Synthetic Summit Vehicle Finance NBFC,SYN-EV-2W-2025,SYN-C-LN-0512,SYN-C-BR-0512,Synthetic Borrower C0512,Electric two-wheeler,Tamil Nadu,2025-09-15,2026-09-15,345483.41,248067.81,16.0,36,12,12146.17,0,0
SYNTHETIC_ONLY,demo-nbfc-ev-002,Synthetic Summit Vehicle Finance NBFC,SYN-EV-2W-2025,SYN-C-LN-0513,SYN-C-BR-0513,Synthetic Borrower C0513,Electric two-wheeler,Maharashtra,2025-01-15,2026-09-15,235556.87,156203.38,17.0,48,20,6797.0,0,0
SYNTHETIC_ONLY,demo-nbfc-ev-002,Synthetic Summit Vehicle Finance NBFC,SYN-EV-2W-2025,SYN-C-LN-0514,SYN-C-BR-0514,Synthetic Borrower C0514,Electric two-wheeler,Karnataka,2025-02-15,2026-09-15,249297.69,134358.3,18.0,36,19,9012.71,0,0
SYNTHETIC_ONLY,demo-nbfc-ev-002,Synthetic Summit Vehicle Finance NBFC,SYN-EV-2W-2025,SYN-C-LN-0515,SYN-C-BR-0515,Synthetic Borrower C0515,Electric two-wheeler,Tamil Nadu,2025-03-15,2026-09-15,263038.5,181063.27,14.0,48,18,7187.92,0,0
SYNTHETIC_ONLY,demo-nbfc-ev-002,Synthetic Summit Vehicle Finance NBFC,SYN-EV-2W-2025,SYN-C-LN-0516,SYN-C-BR-0516,Synthetic Borrower C0516,Electric two-wheeler,Maharashtra,2025-04-15,2026-09-15,276779.31,183550.97,15.0,36,14,9594.65,93,3
SYNTHETIC_ONLY,demo-nbfc-ev-002,Synthetic Summit Vehicle Finance NBFC,SYN-EV-2W-2025,SYN-C-LN-0517,SYN-C-BR-0517,Synthetic Borrower C0517,Electric two-wheeler,Karnataka,2025-05-15,2026-09-15,290520.14,213333.83,16.0,48,16,8233.42,0,0
SYNTHETIC_ONLY,demo-nbfc-ev-002,Synthetic Summit Vehicle Finance NBFC,SYN-EV-2W-2025,SYN-C-LN-0518,SYN-C-BR-0518,Synthetic Borrower C0518,Electric two-wheeler,Tamil Nadu,2025-06-15,2026-09-15,304260.95,195852.93,17.0,36,15,10847.73,0,0
SYNTHETIC_ONLY,demo-nbfc-ev-002,Synthetic Summit Vehicle Finance NBFC,SYN-EV-2W-2025,SYN-C-LN-0519,SYN-C-BR-0519,Synthetic Borrower C0519,Electric two-wheeler,Maharashtra,2025-07-15,2026-09-15,318001.77,247373.82,18.0,48,14,9341.3,0,0
SYNTHETIC_ONLY,demo-nbfc-ev-002,Synthetic Summit Vehicle Finance NBFC,SYN-EV-2W-2025,SYN-C-LN-0520,SYN-C-BR-0520,Synthetic Borrower C0520,Electric two-wheeler,Karnataka,2025-08-15,2026-09-15,331742.59,227565.5,14.0,36,13,11338.18,0,0
SYNTHETIC_ONLY,demo-nbfc-ev-002,Synthetic Summit Vehicle Finance NBFC,SYN-EV-2W-2025,SYN-C-LN-0521,SYN-C-BR-0521,Synthetic Borrower C0521,Electric two-wheeler,Tamil Nadu,2025-09-15,2026-09-15,345483.4,277368.25,15.0,48,12,9615.06,0,0
SYNTHETIC_ONLY,demo-nbfc-ev-002,Synthetic Summit Vehicle Finance NBFC,SYN-EV-2W-2025,SYN-C-LN-0522,SYN-C-BR-0522,Synthetic Borrower C0522,Electric two-wheeler,Maharashtra,2025-01-15,2026-09-15,235556.87,125227.54,16.0,36,19,8281.48,30,1
SYNTHETIC_ONLY,demo-nbfc-ev-002,Synthetic Summit Vehicle Finance NBFC,SYN-EV-2W-2025,SYN-C-LN-0523,SYN-C-BR-0523,Synthetic Borrower C0523,Electric two-wheeler,Karnataka,2025-02-15,2026-09-15,249297.68,170099.0,17.0,48,19,7193.5,0,0
SYNTHETIC_ONLY,demo-nbfc-ev-002,Synthetic Summit Vehicle Finance NBFC,SYN-EV-2W-2025,SYN-C-LN-0524,SYN-C-BR-0524,Synthetic Borrower C0524,Electric two-wheeler,Tamil Nadu,2025-03-15,2026-09-15,263038.5,149037.78,18.0,36,18,9509.47,0,0
SYNTHETIC_ONLY,demo-nbfc-ev-002,Synthetic Summit Vehicle Finance NBFC,SYN-EV-2W-2025,SYN-C-LN-0525,SYN-C-BR-0525,Synthetic Borrower C0525,Electric two-wheeler,Maharashtra,2025-04-15,2026-09-15,276779.32,195800.86,14.0,48,17,7563.4,0,0
SYNTHETIC_ONLY,demo-nbfc-ev-002,Synthetic Summit Vehicle Finance NBFC,SYN-EV-2W-2025,SYN-C-LN-0526,SYN-C-BR-0526,Synthetic Borrower C0526,Electric two-wheeler,Karnataka,2025-05-15,2026-09-15,290520.14,177242.29,15.0,36,16,10070.98,0,0
SYNTHETIC_ONLY,demo-nbfc-ev-002,Synthetic Summit Vehicle Finance NBFC,SYN-EV-2W-2025,SYN-C-LN-0527,SYN-C-BR-0527,Synthetic Borrower C0527,Electric two-wheeler,Tamil Nadu,2025-06-15,2026-09-15,304260.95,228993.53,16.0,48,15,8622.84,0,0
SYNTHETIC_ONLY,demo-nbfc-ev-002,Synthetic Summit Vehicle Finance NBFC,SYN-EV-2W-2025,SYN-C-LN-0528,SYN-C-BR-0528,Synthetic Borrower C0528,Electric two-wheeler,Maharashtra,2025-07-15,2026-09-15,318001.77,229310.5,17.0,36,12,11337.63,66,2
SYNTHETIC_ONLY,demo-nbfc-ev-002,Synthetic Summit Vehicle Finance NBFC,SYN-EV-2W-2025,SYN-C-LN-0529,SYN-C-BR-0529,Synthetic Borrower C0529,Electric two-wheeler,Karnataka,2025-08-15,2026-09-15,331742.59,263850.0,18.0,48,13,9744.94,0,0
SYNTHETIC_ONLY,demo-nbfc-ev-002,Synthetic Summit Vehicle Finance NBFC,SYN-EV-2W-2025,SYN-C-LN-0530,SYN-C-BR-0530,Synthetic Borrower C0530,Electric two-wheeler,Tamil Nadu,2025-09-15,2026-09-15,345483.4,245929.9,14.0,36,12,11807.8,0,0
SYNTHETIC_ONLY,demo-nbfc-ev-002,Synthetic Summit Vehicle Finance NBFC,SYN-EV-2W-2025,SYN-C-LN-0531,SYN-C-BR-0531,Synthetic Borrower C0531,Electric two-wheeler,Maharashtra,2025-01-15,2026-09-15,235556.87,154076.02,15.0,48,20,6555.72,0,0
SYNTHETIC_ONLY,demo-nbfc-ev-002,Synthetic Summit Vehicle Finance NBFC,SYN-EV-2W-2025,SYN-C-LN-0532,SYN-C-BR-0532,Synthetic Borrower C0532,Electric two-wheeler,Karnataka,2025-02-15,2026-09-15,249297.68,132532.48,16.0,36,19,8764.57,0,0
SYNTHETIC_ONLY,demo-nbfc-ev-002,Synthetic Summit Vehicle Finance NBFC,SYN-EV-2W-2025,SYN-C-LN-0533,SYN-C-BR-0533,Synthetic Borrower C0533,Electric two-wheeler,Tamil Nadu,2025-03-15,2026-09-15,263038.5,184451.46,17.0,48,18,7589.99,0,0
SYNTHETIC_ONLY,demo-nbfc-ev-002,Synthetic Summit Vehicle Finance NBFC,SYN-EV-2W-2025,SYN-C-LN-0534,SYN-C-BR-0534,Synthetic Borrower C0534,Electric two-wheeler,Maharashtra,2025-04-15,2026-09-15,276779.32,186324.35,18.0,36,14,10006.24,93,3
SYNTHETIC_ONLY,demo-nbfc-ev-002,Synthetic Summit Vehicle Finance NBFC,SYN-EV-2W-2025,SYN-C-LN-0535,SYN-C-BR-0535,Synthetic Borrower C0535,Electric two-wheeler,Karnataka,2025-05-15,2026-09-15,290520.13,210998.71,14.0,48,16,7938.89,0,0
SYNTHETIC_ONLY,demo-nbfc-ev-002,Synthetic Summit Vehicle Finance NBFC,SYN-EV-2W-2025,SYN-C-LN-0536,SYN-C-BR-0536,Synthetic Borrower C0536,Electric two-wheeler,Tamil Nadu,2025-06-15,2026-09-15,304260.95,193750.79,15.0,36,15,10547.31,0,0
SYNTHETIC_ONLY,demo-nbfc-ev-002,Synthetic Summit Vehicle Finance NBFC,SYN-EV-2W-2025,SYN-C-LN-0537,SYN-C-BR-0537,Synthetic Borrower C0537,Electric two-wheeler,Maharashtra,2025-07-15,2026-09-15,318001.77,245079.71,16.0,48,14,9012.26,0,0
SYNTHETIC_ONLY,demo-nbfc-ev-002,Synthetic Summit Vehicle Finance NBFC,SYN-EV-2W-2025,SYN-C-LN-0538,SYN-C-BR-0538,Synthetic Borrower C0538,Electric two-wheeler,Karnataka,2025-08-15,2026-09-15,331742.57,230780.38,17.0,36,13,11827.53,0,0
SYNTHETIC_ONLY,demo-nbfc-ev-002,Synthetic Summit Vehicle Finance NBFC,SYN-EV-2W-2025,SYN-C-LN-0539,SYN-C-BR-0539,Synthetic Borrower C0539,Electric two-wheeler,Tamil Nadu,2025-09-15,2026-09-15,345483.4,280716.52,18.0,48,12,10148.57,0,0
SYNTHETIC_ONLY,demo-nbfc-ev-002,Synthetic Summit Vehicle Finance NBFC,SYN-EV-2W-2025,SYN-C-LN-0540,SYN-C-BR-0540,Synthetic Borrower C0540,Electric two-wheeler,Maharashtra,2025-01-15,2026-09-15,235556.87,123495.35,14.0,36,19,8050.78,30,1
SYNTHETIC_ONLY,demo-nbfc-ev-002,Synthetic Summit Vehicle Finance NBFC,SYN-EV-2W-2025,SYN-C-LN-0541,SYN-C-BR-0541,Synthetic Borrower C0541,Electric two-wheeler,Karnataka,2025-02-15,2026-09-15,249297.67,167903.13,15.0,48,19,6938.14,0,0
SYNTHETIC_ONLY,demo-nbfc-ev-002,Synthetic Summit Vehicle Finance NBFC,SYN-EV-2W-2025,SYN-C-LN-0542,SYN-C-BR-0542,Synthetic Borrower C0542,Electric two-wheeler,Tamil Nadu,2025-03-15,2026-09-15,263038.49,147123.42,16.0,36,18,9247.65,0,0
SYNTHETIC_ONLY,demo-nbfc-ev-002,Synthetic Summit Vehicle Finance NBFC,SYN-EV-2W-2025,SYN-C-LN-0543,SYN-C-BR-0543,Synthetic Borrower C0543,Electric two-wheeler,Maharashtra,2025-04-15,2026-09-15,276779.31,199250.74,17.0,48,17,7986.48,0,0
SYNTHETIC_ONLY,demo-nbfc-ev-002,Synthetic Summit Vehicle Finance NBFC,SYN-EV-2W-2025,SYN-C-LN-0544,SYN-C-BR-0544,Synthetic Borrower C0544,Electric two-wheeler,Karnataka,2025-05-15,2026-09-15,290520.15,180322.2,18.0,36,16,10503.0,0,0
SYNTHETIC_ONLY,demo-nbfc-ev-002,Synthetic Summit Vehicle Finance NBFC,SYN-EV-2W-2025,SYN-C-LN-0545,SYN-C-BR-0545,Synthetic Borrower C0545,Electric two-wheeler,Tamil Nadu,2025-06-15,2026-09-15,304260.96,226648.53,14.0,48,15,8314.38,0,0
SYNTHETIC_ONLY,demo-nbfc-ev-002,Synthetic Summit Vehicle Finance NBFC,SYN-EV-2W-2025,SYN-C-LN-0546,SYN-C-BR-0546,Synthetic Borrower C0546,Electric two-wheeler,Maharashtra,2025-07-15,2026-09-15,318001.77,227354.05,15.0,36,12,11023.64,66,2
SYNTHETIC_ONLY,demo-nbfc-ev-002,Synthetic Summit Vehicle Finance NBFC,SYN-EV-2W-2025,SYN-C-LN-0547,SYN-C-BR-0547,Synthetic Borrower C0547,Electric two-wheeler,Karnataka,2025-08-15,2026-09-15,331742.58,261583.46,16.0,48,13,9401.68,0,0
SYNTHETIC_ONLY,demo-nbfc-ev-002,Synthetic Summit Vehicle Finance NBFC,SYN-EV-2W-2025,SYN-C-LN-0548,SYN-C-BR-0548,Synthetic Borrower C0548,Electric two-wheeler,Tamil Nadu,2025-09-15,2026-09-15,345483.4,249127.46,17.0,36,12,12317.43,0,0
SYNTHETIC_ONLY,demo-nbfc-ev-002,Synthetic Summit Vehicle Finance NBFC,SYN-EV-2W-2025,SYN-C-LN-0549,SYN-C-BR-0549,Synthetic Borrower C0549,Electric two-wheeler,Maharashtra,2025-01-15,2026-09-15,235556.87,157257.13,18.0,48,20,6919.48,0,0
SYNTHETIC_ONLY,demo-nbfc-ev-002,Synthetic Summit Vehicle Finance NBFC,SYN-EV-2W-2025,SYN-C-LN-0550,SYN-C-BR-0550,Synthetic Borrower C0550,Electric two-wheeler,Karnataka,2025-02-15,2026-09-15,249297.68,130699.24,14.0,36,19,8520.4,0,0
SYNTHETIC_ONLY,demo-nbfc-ev-002,Synthetic Summit Vehicle Finance NBFC,SYN-EV-2W-2025,SYN-C-LN-0551,SYN-C-BR-0551,Synthetic Borrower C0551,Electric two-wheeler,Tamil Nadu,2025-03-15,2026-09-15,263038.5,182200.69,15.0,48,18,7320.56,0,0
SYNTHETIC_ONLY,demo-nbfc-ev-002,Synthetic Summit Vehicle Finance NBFC,SYN-EV-2W-2025,SYN-C-LN-0552,SYN-C-BR-0552,Synthetic Borrower C0552,Electric two-wheeler,Maharashtra,2025-04-15,2026-09-15,276779.32,184479.88,16.0,36,14,9730.74,93,3
SYNTHETIC_ONLY,demo-nbfc-ev-002,Synthetic Summit Vehicle Finance NBFC,SYN-EV-2W-2025,SYN-C-LN-0553,SYN-C-BR-0553,Synthetic Borrower C0553,Electric two-wheeler,Karnataka,2025-05-15,2026-09-15,290520.13,214487.03,17.0,48,16,8382.97,0,0
SYNTHETIC_ONLY,demo-nbfc-ev-002,Synthetic Summit Vehicle Finance NBFC,SYN-EV-2W-2025,SYN-C-LN-0554,SYN-C-BR-0554,Synthetic Borrower C0554,Electric two-wheeler,Tamil Nadu,2025-06-15,2026-09-15,304260.95,196897.25,18.0,36,15,10999.76,0,0
SYNTHETIC_ONLY,demo-nbfc-ev-002,Synthetic Summit Vehicle Finance NBFC,SYN-EV-2W-2025,SYN-C-LN-0555,SYN-C-BR-0555,Synthetic Borrower C0555,Electric two-wheeler,Maharashtra,2025-07-15,2026-09-15,318001.77,242742.14,14.0,48,14,8689.87,0,0
SYNTHETIC_ONLY,demo-nbfc-ev-002,Synthetic Summit Vehicle Finance NBFC,SYN-EV-2W-2025,SYN-C-LN-0556,SYN-C-BR-0556,Synthetic Borrower C0556,Electric two-wheeler,Karnataka,2025-08-15,2026-09-15,331742.57,228642.74,15.0,36,13,11499.97,0,0
SYNTHETIC_ONLY,demo-nbfc-ev-002,Synthetic Summit Vehicle Finance NBFC,SYN-EV-2W-2025,SYN-C-LN-0557,SYN-C-BR-0557,Synthetic Borrower C0557,Electric two-wheeler,Tamil Nadu,2025-09-15,2026-09-15,345483.4,278496.1,16.0,48,12,9791.1,0,0
SYNTHETIC_ONLY,demo-nbfc-ev-002,Synthetic Summit Vehicle Finance NBFC,SYN-EV-2W-2025,SYN-C-LN-0558,SYN-C-BR-0558,Synthetic Borrower C0558,Electric two-wheeler,Maharashtra,2025-01-15,2026-09-15,235556.86,126091.05,17.0,36,19,8398.24,30,1
SYNTHETIC_ONLY,demo-nbfc-ev-002,Synthetic Summit Vehicle Finance NBFC,SYN-EV-2W-2025,SYN-C-LN-0559,SYN-C-BR-0559,Synthetic Borrower C0559,Electric two-wheeler,Karnataka,2025-02-15,2026-09-15,249297.68,171185.79,18.0,48,19,7323.12,0,0
SYNTHETIC_ONLY,demo-nbfc-ev-002,Synthetic Summit Vehicle Finance NBFC,SYN-EV-2W-2025,SYN-C-LN-0560,SYN-C-BR-0560,Synthetic Borrower C0560,Electric two-wheeler,Tamil Nadu,2025-03-15,2026-09-15,263038.48,145199.17,14.0,36,18,8990.03,0,0
SYNTHETIC_ONLY,demo-nbfc-ev-002,Synthetic Summit Vehicle Finance NBFC,SYN-EV-2W-2025,SYN-C-LN-0561,SYN-C-BR-0561,Synthetic Borrower C0561,Electric two-wheeler,Maharashtra,2025-04-15,2026-09-15,276779.32,196959.62,15.0,48,17,7702.98,0,0
SYNTHETIC_ONLY,demo-nbfc-ev-002,Synthetic Summit Vehicle Finance NBFC,SYN-EV-2W-2025,SYN-C-LN-0562,SYN-C-BR-0562,Synthetic Borrower C0562,Electric two-wheeler,Karnataka,2025-05-15,2026-09-15,290520.13,178272.73,16.0,36,16,10213.83,0,0
SYNTHETIC_ONLY,demo-nbfc-ev-002,Synthetic Summit Vehicle Finance NBFC,SYN-EV-2W-2025,SYN-C-LN-0563,SYN-C-BR-0563,Synthetic Borrower C0563,Electric two-wheeler,Tamil Nadu,2025-06-15,2026-09-15,304260.95,230150.68,17.0,48,15,8779.46,0,0
SYNTHETIC_ONLY,demo-nbfc-ev-002,Synthetic Summit Vehicle Finance NBFC,SYN-EV-2W-2025,SYN-C-LN-0564,SYN-C-BR-0564,Synthetic Borrower C0564,Electric two-wheeler,Maharashtra,2025-07-15,2026-09-15,318001.77,230280.07,18.0,36,12,11496.53,66,2
SYNTHETIC_ONLY,demo-nbfc-ev-002,Synthetic Summit Vehicle Finance NBFC,SYN-EV-2W-2025,SYN-C-LN-0565,SYN-C-BR-0565,Synthetic Borrower C0565,Electric two-wheeler,Karnataka,2025-08-15,2026-09-15,331742.58,259271.52,14.0,48,13,9065.36,0,0
SYNTHETIC_ONLY,demo-nbfc-ev-002,Synthetic Summit Vehicle Finance NBFC,SYN-EV-2W-2025,SYN-C-LN-0566,SYN-C-BR-0566,Synthetic Borrower C0566,Electric two-wheeler,Tamil Nadu,2025-09-15,2026-09-15,345483.4,247001.93,15.0,36,12,11976.3,0,0
SYNTHETIC_ONLY,demo-nbfc-ev-002,Synthetic Summit Vehicle Finance NBFC,SYN-EV-2W-2025,SYN-C-LN-0567,SYN-C-BR-0567,Synthetic Borrower C0567,Electric two-wheeler,Maharashtra,2025-01-15,2026-09-15,235556.87,155142.96,16.0,48,20,6675.75,0,0
SYNTHETIC_ONLY,demo-nbfc-ev-002,Synthetic Summit Vehicle Finance NBFC,SYN-EV-2W-2025,SYN-C-LN-0568,SYN-C-BR-0568,Synthetic Borrower C0568,Electric two-wheeler,Karnataka,2025-02-15,2026-09-15,249297.68,133446.36,17.0,36,19,8888.14,0,0
SYNTHETIC_ONLY,demo-nbfc-ev-002,Synthetic Summit Vehicle Finance NBFC,SYN-EV-2W-2025,SYN-C-LN-0569,SYN-C-BR-0569,Synthetic Borrower C0569,Electric two-wheeler,Tamil Nadu,2025-03-15,2026-09-15,263038.49,185564.51,18.0,48,18,7726.76,0,0
SYNTHETIC_ONLY,demo-nbfc-ev-002,Synthetic Summit Vehicle Finance NBFC,SYN-EV-2W-2025,SYN-C-LN-0570,SYN-C-BR-0570,Synthetic Borrower C0570,Electric two-wheeler,Maharashtra,2025-04-15,2026-09-15,276779.33,182617.74,14.0,36,14,9459.66,93,3
SYNTHETIC_ONLY,demo-nbfc-ev-002,Synthetic Summit Vehicle Finance NBFC,SYN-EV-2W-2025,SYN-C-LN-0571,SYN-C-BR-0571,Synthetic Borrower C0571,Electric two-wheeler,Karnataka,2025-05-15,2026-09-15,290520.14,212171.01,15.0,48,16,8085.39,0,0
SYNTHETIC_ONLY,demo-nbfc-ev-002,Synthetic Summit Vehicle Finance NBFC,SYN-EV-2W-2025,SYN-C-LN-0572,SYN-C-BR-0572,Synthetic Borrower C0572,Electric two-wheeler,Tamil Nadu,2025-06-15,2026-09-15,304260.94,194804.07,16.0,36,15,10696.91,0,0
SYNTHETIC_ONLY,demo-nbfc-ev-002,Synthetic Summit Vehicle Finance NBFC,SYN-EV-2W-2025,SYN-C-LN-0573,SYN-C-BR-0573,Synthetic Borrower C0573,Electric two-wheeler,Maharashtra,2025-07-15,2026-09-15,318001.77,246232.25,17.0,48,14,9175.95,0,0
SYNTHETIC_ONLY,demo-nbfc-ev-002,Synthetic Summit Vehicle Finance NBFC,SYN-EV-2W-2025,SYN-C-LN-0574,SYN-C-BR-0574,Synthetic Borrower C0574,Electric two-wheeler,Karnataka,2025-08-15,2026-09-15,331742.58,231840.61,18.0,36,13,11993.29,0,0
SYNTHETIC_ONLY,demo-nbfc-ev-002,Synthetic Summit Vehicle Finance NBFC,SYN-EV-2W-2025,SYN-C-LN-0575,SYN-C-BR-0575,Synthetic Borrower C0575,Electric two-wheeler,Tamil Nadu,2025-09-15,2026-09-15,345483.41,276228.76,14.0,48,12,9440.84,0,0
SYNTHETIC_ONLY,demo-nbfc-ev-002,Synthetic Summit Vehicle Finance NBFC,SYN-EV-2W-2025,SYN-C-LN-0576,SYN-C-BR-0576,Synthetic Borrower C0576,Electric two-wheeler,Maharashtra,2025-01-15,2026-09-15,235556.87,124362.28,15.0,36,19,8165.66,30,1
SYNTHETIC_ONLY,demo-nbfc-ev-002,Synthetic Summit Vehicle Finance NBFC,SYN-EV-2W-2025,SYN-C-LN-0577,SYN-C-BR-0577,Synthetic Borrower C0577,Electric two-wheeler,Karnataka,2025-02-15,2026-09-15,249297.68,169004.73,16.0,48,19,7065.17,0,0
SYNTHETIC_ONLY,demo-nbfc-ev-002,Synthetic Summit Vehicle Finance NBFC,SYN-EV-2W-2025,SYN-C-LN-0578,SYN-C-BR-0578,Synthetic Borrower C0578,Electric two-wheeler,Tamil Nadu,2025-03-15,2026-09-15,263038.51,148081.89,17.0,36,18,9378.04,0,0
SYNTHETIC_ONLY,demo-nbfc-ev-002,Synthetic Summit Vehicle Finance NBFC,SYN-EV-2W-2025,SYN-C-LN-0579,SYN-C-BR-0579,Synthetic Borrower C0579,Electric two-wheeler,Maharashtra,2025-04-15,2026-09-15,276779.31,200382.83,18.0,48,17,8130.39,0,0
SYNTHETIC_ONLY,demo-nbfc-ev-002,Synthetic Summit Vehicle Finance NBFC,SYN-EV-2W-2025,SYN-C-LN-0580,SYN-C-BR-0580,Synthetic Borrower C0580,Electric two-wheeler,Karnataka,2025-05-15,2026-09-15,290520.14,176208.16,14.0,36,16,9929.29,0,0
SYNTHETIC_ONLY,demo-nbfc-ev-002,Synthetic Summit Vehicle Finance NBFC,SYN-EV-2W-2025,SYN-C-LN-0581,SYN-C-BR-0581,Synthetic Borrower C0581,Electric two-wheeler,Tamil Nadu,2025-06-15,2026-09-15,304260.96,227826.11,15.0,48,15,8467.81,0,0
SYNTHETIC_ONLY,demo-nbfc-ev-002,Synthetic Summit Vehicle Finance NBFC,SYN-EV-2W-2025,SYN-C-LN-0582,SYN-C-BR-0582,Synthetic Borrower C0582,Electric two-wheeler,Maharashtra,2025-07-15,2026-09-15,318001.77,228335.14,16.0,36,12,11180.0,66,2
SYNTHETIC_ONLY,demo-nbfc-ev-002,Synthetic Summit Vehicle Finance NBFC,SYN-EV-2W-2025,SYN-C-LN-0583,SYN-C-BR-0583,Synthetic Borrower C0583,Electric two-wheeler,Karnataka,2025-08-15,2026-09-15,331742.58,262722.45,17.0,48,13,9572.45,0,0
SYNTHETIC_ONLY,demo-nbfc-ev-002,Synthetic Summit Vehicle Finance NBFC,SYN-EV-2W-2025,SYN-C-LN-0584,SYN-C-BR-0584,Synthetic Borrower C0584,Electric two-wheeler,Tamil Nadu,2025-09-15,2026-09-15,345483.41,250180.82,18.0,36,12,12490.05,0,0
SYNTHETIC_ONLY,demo-nbfc-ev-002,Synthetic Summit Vehicle Finance NBFC,SYN-EV-2W-2025,SYN-C-LN-0585,SYN-C-BR-0585,Synthetic Borrower C0585,Electric two-wheeler,Maharashtra,2025-01-15,2026-09-15,235556.87,153002.72,14.0,48,20,6436.94,0,0
SYNTHETIC_ONLY,demo-nbfc-ev-002,Synthetic Summit Vehicle Finance NBFC,SYN-EV-2W-2025,SYN-C-LN-0586,SYN-C-BR-0586,Synthetic Borrower C0586,Electric two-wheeler,Karnataka,2025-02-15,2026-09-15,249297.68,131616.74,15.0,36,19,8641.99,0,0
SYNTHETIC_ONLY,demo-nbfc-ev-002,Synthetic Summit Vehicle Finance NBFC,SYN-EV-2W-2025,SYN-C-LN-0587,SYN-C-BR-0587,Synthetic Borrower C0587,Electric two-wheeler,Tamil Nadu,2025-03-15,2026-09-15,263038.49,183330.13,16.0,48,18,7454.58,0,0
SYNTHETIC_ONLY,demo-nbfc-ev-002,Synthetic Summit Vehicle Finance NBFC,SYN-EV-2W-2025,SYN-C-LN-0588,SYN-C-BR-0588,Synthetic Borrower C0588,Electric two-wheeler,Maharashtra,2025-04-15,2026-09-15,276779.31,185404.36,17.0,36,14,9867.94,93,3
SYNTHETIC_ONLY,demo-nbfc-ev-002,Synthetic Summit Vehicle Finance NBFC,SYN-EV-2W-2025,SYN-C-LN-0589,SYN-C-BR-0589,Synthetic Borrower C0589,Electric two-wheeler,Karnataka,2025-05-15,2026-09-15,290520.13,215630.49,18.0,48,16,8534.03,0,0
SYNTHETIC_ONLY,demo-nbfc-ev-002,Synthetic Summit Vehicle Finance NBFC,SYN-EV-2W-2025,SYN-C-LN-0590,SYN-C-BR-0590,Synthetic Borrower C0590,Electric two-wheeler,Tamil Nadu,2025-06-15,2026-09-15,304260.94,192693.15,14.0,36,15,10398.92,0,0
SYNTHETIC_ONLY,demo-nbfc-ev-002,Synthetic Summit Vehicle Finance NBFC,SYN-EV-2W-2025,SYN-C-LN-0591,SYN-C-BR-0591,Synthetic Borrower C0591,Electric two-wheeler,Maharashtra,2025-07-15,2026-09-15,318001.77,243916.3,15.0,48,14,8850.23,0,0
SYNTHETIC_ONLY,demo-nbfc-ev-002,Synthetic Summit Vehicle Finance NBFC,SYN-EV-2W-2025,SYN-C-LN-0592,SYN-C-BR-0592,Synthetic Borrower C0592,Electric two-wheeler,Karnataka,2025-08-15,2026-09-15,331742.57,229714.4,16.0,36,13,11663.08,0,0
SYNTHETIC_ONLY,demo-nbfc-ev-002,Synthetic Summit Vehicle Finance NBFC,SYN-EV-2W-2025,SYN-C-LN-0593,SYN-C-BR-0593,Synthetic Borrower C0593,Electric two-wheeler,Tamil Nadu,2025-09-15,2026-09-15,345483.41,279612.22,17.0,48,12,9968.94,0,0
SYNTHETIC_ONLY,demo-nbfc-ev-002,Synthetic Summit Vehicle Finance NBFC,SYN-EV-2W-2025,SYN-C-LN-0594,SYN-C-BR-0594,Synthetic Borrower C0594,Electric two-wheeler,Maharashtra,2025-01-15,2026-09-15,235556.86,126952.72,18.0,36,19,8515.94,30,1
SYNTHETIC_ONLY,demo-nbfc-ev-002,Synthetic Summit Vehicle Finance NBFC,SYN-EV-2W-2025,SYN-C-LN-0595,SYN-C-BR-0595,Synthetic Borrower C0595,Electric two-wheeler,Karnataka,2025-02-15,2026-09-15,249297.68,166794.37,14.0,48,19,6812.43,0,0
SYNTHETIC_ONLY,demo-nbfc-ev-002,Synthetic Summit Vehicle Finance NBFC,SYN-EV-2W-2025,SYN-C-LN-0596,SYN-C-BR-0596,Synthetic Borrower C0596,Electric two-wheeler,Tamil Nadu,2025-03-15,2026-09-15,263038.5,146162.49,15.0,36,18,9118.32,0,0
SYNTHETIC_ONLY,demo-nbfc-ev-002,Synthetic Summit Vehicle Finance NBFC,SYN-EV-2W-2025,SYN-C-LN-0597,SYN-C-BR-0597,Synthetic Borrower C0597,Electric two-wheeler,Maharashtra,2025-04-15,2026-09-15,276779.31,198109.62,16.0,48,17,7844.0,0,0
SYNTHETIC_ONLY,demo-nbfc-ev-002,Synthetic Summit Vehicle Finance NBFC,SYN-EV-2W-2025,SYN-C-LN-0598,SYN-C-BR-0598,Synthetic Borrower C0598,Electric two-wheeler,Karnataka,2025-05-15,2026-09-15,290520.13,179299.4,17.0,36,16,10357.84,0,0
SYNTHETIC_ONLY,demo-nbfc-ev-002,Synthetic Summit Vehicle Finance NBFC,SYN-EV-2W-2025,SYN-C-LN-0599,SYN-C-BR-0599,Synthetic Borrower C0599,Electric two-wheeler,Tamil Nadu,2025-06-15,2026-09-15,304260.95,231297.43,18.0,48,15,8937.67,0,0
SYNTHETIC_ONLY,demo-nbfc-ev-002,Synthetic Summit Vehicle Finance NBFC,SYN-EV-2W-2025,SYN-C-LN-0600,SYN-C-BR-0600,Synthetic Borrower C0600,Electric two-wheeler,Maharashtra,2025-07-15,2026-09-15,318001.77,226367.3,14.0,36,12,10868.55,66,2
SYNTHETIC_ONLY,demo-nbfc-ev-002,Synthetic Summit Vehicle Finance NBFC,SYN-EV-3W-2025,SYN-D-LN-0001,SYN-D-BR-0001,Synthetic Borrower D0001,Electric three-wheeler,Karnataka,2025-02-15,2026-09-15,256470.37,172733.97,15.0,48,19,7137.76,0,0
SYNTHETIC_ONLY,demo-nbfc-ev-002,Synthetic Summit Vehicle Finance NBFC,SYN-EV-3W-2025,SYN-D-LN-0002,SYN-D-BR-0002,Synthetic Borrower D0002,Electric three-wheeler,Tamil Nadu,2025-03-15,2026-09-15,268052.91,149928.1,16.0,36,18,9423.95,0,0
SYNTHETIC_ONLY,demo-nbfc-ev-002,Synthetic Summit Vehicle Finance NBFC,SYN-EV-3W-2025,SYN-D-LN-0003,SYN-D-BR-0003,Synthetic Borrower D0003,Electric three-wheeler,Maharashtra,2025-04-15,2026-09-15,279635.43,201306.83,17.0,48,17,8068.89,0,0
SYNTHETIC_ONLY,demo-nbfc-ev-002,Synthetic Summit Vehicle Finance NBFC,SYN-EV-3W-2025,SYN-D-LN-0004,SYN-D-BR-0004,Synthetic Borrower D0004,Electric three-wheeler,Karnataka,2025-05-15,2026-09-15,291217.95,180755.32,18.0,36,16,10528.23,0,0
SYNTHETIC_ONLY,demo-nbfc-ev-002,Synthetic Summit Vehicle Finance NBFC,SYN-EV-3W-2025,SYN-D-LN-0005,SYN-D-BR-0005,Synthetic Borrower D0005,Electric three-wheeler,Tamil Nadu,2025-06-15,2026-09-15,302800.49,225560.61,14.0,48,15,8274.47,0,0
SYNTHETIC_ONLY,demo-nbfc-ev-002,Synthetic Summit Vehicle Finance NBFC,SYN-EV-3W-2025,SYN-D-LN-0006,SYN-D-BR-0006,Synthetic Borrower D0006,Electric three-wheeler,Maharashtra,2025-07-15,2026-09-15,314383.03,224766.85,15.0,36,12,10898.19,66,2
SYNTHETIC_ONLY,demo-nbfc-ev-002,Synthetic Summit Vehicle Finance NBFC,SYN-EV-3W-2025,SYN-D-LN-0007,SYN-D-BR-0007,Synthetic Borrower D0007,Electric three-wheeler,Karnataka,2025-08-15,2026-09-15,325965.56,257028.21,16.0,48,13,9237.96,0,0
SYNTHETIC_ONLY,demo-nbfc-ev-002,Synthetic Summit Vehicle Finance NBFC,SYN-EV-3W-2025,SYN-D-LN-0008,SYN-D-BR-0008,Synthetic Borrower D0008,Electric three-wheeler,Tamil Nadu,2025-09-15,2026-09-15,337548.09,243405.32,17.0,36,12,12034.51,0,0
SYNTHETIC_ONLY,demo-nbfc-ev-002,Synthetic Summit Vehicle Finance NBFC,SYN-EV-3W-2025,SYN-D-LN-0009,SYN-D-BR-0009,Synthetic Borrower D0009,Electric three-wheeler,Maharashtra,2025-01-15,2026-09-15,244887.84,163486.46,18.0,48,20,7193.58,0,0
SYNTHETIC_ONLY,demo-nbfc-ev-002,Synthetic Summit Vehicle Finance NBFC,SYN-EV-3W-2025,SYN-D-LN-0010,SYN-D-BR-0010,Synthetic Borrower D0010,Electric three-wheeler,Karnataka,2025-02-15,2026-09-15,256470.36,134459.66,14.0,36,19,8765.55,0,0
SYNTHETIC_ONLY,demo-nbfc-ev-002,Synthetic Summit Vehicle Finance NBFC,SYN-EV-3W-2025,SYN-D-LN-0011,SYN-D-BR-0011,Synthetic Borrower D0011,Electric three-wheeler,Tamil Nadu,2025-03-15,2026-09-15,268052.9,185674.05,15.0,48,18,7460.11,0,0
SYNTHETIC_ONLY,demo-nbfc-ev-002,Synthetic Summit Vehicle Finance NBFC,SYN-EV-3W-2025,SYN-D-LN-0012,SYN-D-BR-0012,Synthetic Borrower D0012,Electric three-wheeler,Maharashtra,2025-04-15,2026-09-15,279635.44,186383.55,16.0,36,14,9831.15,93,3
SYNTHETIC_ONLY,demo-nbfc-ev-002,Synthetic Summit Vehicle Finance NBFC,SYN-EV-3W-2025,SYN-D-LN-0013,SYN-D-BR-0013,Synthetic Borrower D0013,Electric three-wheeler,Karnataka,2025-05-15,2026-09-15,291217.97,215002.23,17.0,48,16,8403.11,0,0
SYNTHETIC_ONLY,demo-nbfc-ev-002,Synthetic Summit Vehicle Finance NBFC,SYN-EV-3W-2025,SYN-D-LN-0014,SYN-D-BR-0014,Synthetic Borrower D0014,Electric three-wheeler,Tamil Nadu,2025-06-15,2026-09-15,302800.5,195952.14,18.0,36,15,10946.96,0,0
SYNTHETIC_ONLY,demo-nbfc-ev-002,Synthetic Summit Vehicle Finance NBFC,SYN-EV-3W-2025,SYN-D-LN-0015,SYN-D-BR-0015,Synthetic Borrower D0015,Electric three-wheeler,Maharashtra,2025-07-15,2026-09-15,314383.03,239979.83,14.0,48,14,8590.98,0,0
SYNTHETIC_ONLY,demo-nbfc-ev-002,Synthetic Summit Vehicle Finance NBFC,SYN-EV-3W-2025,SYN-D-LN-0016,SYN-D-BR-0016,Synthetic Borrower D0016,Electric three-wheeler,Karnataka,2025-08-15,2026-09-15,325965.56,224661.12,15.0,36,13,11299.7,0,0
SYNTHETIC_ONLY,demo-nbfc-ev-002,Synthetic Summit Vehicle Finance NBFC,SYN-EV-3W-2025,SYN-D-LN-0017,SYN-D-BR-0017,Synthetic Borrower D0017,Electric three-wheeler,Tamil Nadu,2025-09-15,2026-09-15,337548.1,272099.41,16.0,48,12,9566.21,0,0
SYNTHETIC_ONLY,demo-nbfc-ev-002,Synthetic Summit Vehicle Finance NBFC,SYN-EV-3W-2025,SYN-D-LN-0018,SYN-D-BR-0018,Synthetic Borrower D0018,Electric three-wheeler,Maharashtra,2025-01-15,2026-09-15,244887.84,131085.82,17.0,36,19,8730.92,30,1
SYNTHETIC_ONLY,demo-nbfc-ev-002,Synthetic Summit Vehicle Finance NBFC,SYN-EV-3W-2025,SYN-D-LN-0019,SYN-D-BR-0019,Synthetic Borrower D0019,Electric three-wheeler,Karnataka,2025-02-15,2026-09-15,256470.36,176111.07,18.0,48,19,7533.82,0,0
SYNTHETIC_ONLY,demo-nbfc-ev-002,Synthetic Summit Vehicle Finance NBFC,SYN-EV-3W-2025,SYN-D-LN-0020,SYN-D-BR-0020,Synthetic Borrower D0020,Electric three-wheeler,Tamil Nadu,2025-03-15,2026-09-15,268052.91,147967.17,14.0,36,18,9161.41,0,0
SYNTHETIC_ONLY,demo-nbfc-ev-002,Synthetic Summit Vehicle Finance NBFC,SYN-EV-3W-2025,SYN-D-LN-0021,SYN-D-BR-0021,Synthetic Borrower D0021,Electric three-wheeler,Maharashtra,2025-04-15,2026-09-15,279635.43,198992.06,15.0,48,17,7782.46,0,0
SYNTHETIC_ONLY,demo-nbfc-ev-002,Synthetic Summit Vehicle Finance NBFC,SYN-EV-3W-2025,SYN-D-LN-0022,SYN-D-BR-0022,Synthetic Borrower D0022,Electric three-wheeler,Karnataka,2025-05-15,2026-09-15,291217.97,178700.95,16.0,36,16,10238.36,0,0
SYNTHETIC_ONLY,demo-nbfc-ev-002,Synthetic Summit Vehicle Finance NBFC,SYN-EV-3W-2025,SYN-D-LN-0023,SYN-D-BR-0023,Synthetic Borrower D0023,Electric three-wheeler,Tamil Nadu,2025-06-15,2026-09-15,302800.49,229045.95,17.0,48,15,8737.32,0,0
SYNTHETIC_ONLY,demo-nbfc-ev-002,Synthetic Summit Vehicle Finance NBFC,SYN-EV-3W-2025,SYN-D-LN-0024,SYN-D-BR-0024,Synthetic Borrower D0024,Electric three-wheeler,Maharashtra,2025-07-15,2026-09-15,314383.03,227659.57,18.0,36,12,11365.7,66,2
SYNTHETIC_ONLY,demo-nbfc-ev-002,Synthetic Summit Vehicle Finance NBFC,SYN-EV-3W-2025,SYN-D-LN-0025,SYN-D-BR-0025,Synthetic Borrower D0025,Electric three-wheeler,Karnataka,2025-08-15,2026-09-15,325965.56,254756.52,14.0,48,13,8907.49,0,0
SYNTHETIC_ONLY,demo-nbfc-ev-002,Synthetic Summit Vehicle Finance NBFC,SYN-EV-3W-2025,SYN-D-LN-0026,SYN-D-BR-0026,Synthetic Borrower D0026,Electric three-wheeler,Tamil Nadu,2025-09-15,2026-09-15,337548.09,241328.61,15.0,36,12,11701.22,0,0
SYNTHETIC_ONLY,demo-nbfc-ev-002,Synthetic Summit Vehicle Finance NBFC,SYN-EV-3W-2025,SYN-D-LN-0027,SYN-D-BR-0027,Synthetic Borrower D0027,Electric three-wheeler,Maharashtra,2025-01-15,2026-09-15,244887.82,161288.53,16.0,48,20,6940.19,0,0
SYNTHETIC_ONLY,demo-nbfc-ev-002,Synthetic Summit Vehicle Finance NBFC,SYN-EV-3W-2025,SYN-D-LN-0028,SYN-D-BR-0028,Synthetic Borrower D0028,Electric three-wheeler,Karnataka,2025-02-15,2026-09-15,256470.36,137285.82,17.0,36,19,9143.87,0,0
SYNTHETIC_ONLY,demo-nbfc-ev-002,Synthetic Summit Vehicle Finance NBFC,SYN-EV-3W-2025,SYN-D-LN-0029,SYN-D-BR-0029,Synthetic Borrower D0029,Electric three-wheeler,Tamil Nadu,2025-03-15,2026-09-15,268052.9,189102.0,18.0,48,18,7874.05,0,0
SYNTHETIC_ONLY,demo-nbfc-ev-002,Synthetic Summit Vehicle Finance NBFC,SYN-EV-3W-2025,SYN-D-LN-0030,SYN-D-BR-0030,Synthetic Borrower D0030,Electric three-wheeler,Maharashtra,2025-04-15,2026-09-15,279635.44,184502.19,14.0,36,14,9557.28,93,3
SYNTHETIC_ONLY,demo-nbfc-ev-002,Synthetic Summit Vehicle Finance NBFC,SYN-EV-3W-2025,SYN-D-LN-0031,SYN-D-BR-0031,Synthetic Borrower D0031,Electric three-wheeler,Karnataka,2025-05-15,2026-09-15,291217.96,212680.64,15.0,48,16,8104.81,0,0
SYNTHETIC_ONLY,demo-nbfc-ev-002,Synthetic Summit Vehicle Finance NBFC,SYN-EV-3W-2025,SYN-D-LN-0032,SYN-D-BR-0032,Synthetic Borrower D0032,Electric three-wheeler,Tamil Nadu,2025-06-15,2026-09-15,302800.49,193869.01,16.0,36,15,10645.57,0,0
SYNTHETIC_ONLY,demo-nbfc-ev-002,Synthetic Summit Vehicle Finance NBFC,SYN-EV-3W-2025,SYN-D-LN-0033,SYN-D-BR-0033,Synthetic Borrower D0033,Electric three-wheeler,Maharashtra,2025-07-15,2026-09-15,314383.03,243430.22,17.0,48,14,9071.54,0,0
SYNTHETIC_ONLY,demo-nbfc-ev-002,Synthetic Summit Vehicle Finance NBFC,SYN-EV-3W-2025,SYN-D-LN-0034,SYN-D-BR-0034,Synthetic Borrower D0034,Electric three-wheeler,Karnataka,2025-08-15,2026-09-15,325965.56,227803.3,18.0,36,13,11784.44,0,0
SYNTHETIC_ONLY,demo-nbfc-ev-002,Synthetic Summit Vehicle Finance NBFC,SYN-EV-3W-2025,SYN-D-LN-0035,SYN-D-BR-0035,Synthetic Borrower D0035,Electric three-wheeler,Tamil Nadu,2025-09-15,2026-09-15,337548.1,269884.14,14.0,48,12,9224.0,0,0
SYNTHETIC_ONLY,demo-nbfc-ev-002,Synthetic Summit Vehicle Finance NBFC,SYN-EV-3W-2025,SYN-D-LN-0036,SYN-D-BR-0036,Synthetic Borrower D0036,Electric three-wheeler,Maharashtra,2025-01-15,2026-09-15,244887.83,129288.56,15.0,36,19,8489.12,30,1
SYNTHETIC_ONLY,demo-nbfc-ev-002,Synthetic Summit Vehicle Finance NBFC,SYN-EV-3W-2025,SYN-D-LN-0037,SYN-D-BR-0037,Synthetic Borrower D0037,Electric three-wheeler,Karnataka,2025-02-15,2026-09-15,256470.37,173867.26,16.0,48,19,7268.44,0,0
SYNTHETIC_ONLY,demo-nbfc-ev-002,Synthetic Summit Vehicle Finance NBFC,SYN-EV-3W-2025,SYN-D-LN-0038,SYN-D-BR-0038,Synthetic Borrower D0038,Electric three-wheeler,Tamil Nadu,2025-03-15,2026-09-15,268052.91,150904.83,17.0,36,18,9556.82,0,0
SYNTHETIC_ONLY,demo-nbfc-ev-002,Synthetic Summit Vehicle Finance NBFC,SYN-EV-3W-2025,SYN-D-LN-0039,SYN-D-BR-0039,Synthetic Borrower D0039,Electric three-wheeler,Maharashtra,2025-04-15,2026-09-15,279635.44,202450.61,18.0,48,17,8214.29,0,0
SYNTHETIC_ONLY,demo-nbfc-ev-002,Synthetic Summit Vehicle Finance NBFC,SYN-EV-3W-2025,SYN-D-LN-0040,SYN-D-BR-0040,Synthetic Borrower D0040,Electric three-wheeler,Karnataka,2025-05-15,2026-09-15,291217.97,176631.41,14.0,36,16,9953.14,0,0
SYNTHETIC_ONLY,demo-nbfc-ev-002,Synthetic Summit Vehicle Finance NBFC,SYN-EV-3W-2025,SYN-D-LN-0041,SYN-D-BR-0041,Synthetic Borrower D0041,Electric three-wheeler,Tamil Nadu,2025-06-15,2026-09-15,302800.5,226732.54,15.0,48,15,8427.16,0,0
SYNTHETIC_ONLY,demo-nbfc-ev-002,Synthetic Summit Vehicle Finance NBFC,SYN-EV-3W-2025,SYN-D-LN-0042,SYN-D-BR-0042,Synthetic Borrower D0042,Electric three-wheeler,Maharashtra,2025-07-15,2026-09-15,314383.03,225736.77,16.0,36,12,11052.77,66,2
SYNTHETIC_ONLY,demo-nbfc-ev-002,Synthetic Summit Vehicle Finance NBFC,SYN-EV-3W-2025,SYN-D-LN-0043,SYN-D-BR-0043,Synthetic Borrower D0043,Electric three-wheeler,Karnataka,2025-08-15,2026-09-15,325965.57,258147.37,17.0,48,13,9405.75,0,0
SYNTHETIC_ONLY,demo-nbfc-ev-002,Synthetic Summit Vehicle Finance NBFC,SYN-EV-3W-2025,SYN-D-LN-0044,SYN-D-BR-0044,Synthetic Borrower D0044,Electric three-wheeler,Tamil Nadu,2025-09-15,2026-09-15,337548.1,244434.49,18.0,36,12,12203.17,0,0
SYNTHETIC_ONLY,demo-nbfc-ev-002,Synthetic Summit Vehicle Finance NBFC,SYN-EV-3W-2025,SYN-D-LN-0045,SYN-D-BR-0045,Synthetic Borrower D0045,Electric three-wheeler,Maharashtra,2025-01-15,2026-09-15,244887.83,159063.52,14.0,48,20,6691.92,0,0
SYNTHETIC_ONLY,demo-nbfc-ev-002,Synthetic Summit Vehicle Finance NBFC,SYN-EV-3W-2025,SYN-D-LN-0046,SYN-D-BR-0046,Synthetic Borrower D0046,Electric three-wheeler,Karnataka,2025-02-15,2026-09-15,256470.36,135403.56,15.0,36,19,8890.63,0,0
SYNTHETIC_ONLY,demo-nbfc-ev-002,Synthetic Summit Vehicle Finance NBFC,SYN-EV-3W-2025,SYN-D-LN-0047,SYN-D-BR-0047,Synthetic Borrower D0047,Electric three-wheeler,Tamil Nadu,2025-03-15,2026-09-15,268052.91,186825.03,16.0,48,18,7596.69,0,0
SYNTHETIC_ONLY,demo-nbfc-ev-002,Synthetic Summit Vehicle Finance NBFC,SYN-EV-3W-2025,SYN-D-LN-0048,SYN-D-BR-0048,Synthetic Borrower D0048,Electric three-wheeler,Maharashtra,2025-04-15,2026-09-15,279635.43,187317.57,17.0,36,14,9969.77,93,3
SYNTHETIC_ONLY,demo-nbfc-ev-002,Synthetic Summit Vehicle Finance NBFC,SYN-EV-3W-2025,SYN-D-LN-0049,SYN-D-BR-0049,Synthetic Borrower D0049,Electric three-wheeler,Karnataka,2025-05-15,2026-09-15,291217.96,216148.43,18.0,48,16,8554.53,0,0
SYNTHETIC_ONLY,demo-nbfc-ev-002,Synthetic Summit Vehicle Finance NBFC,SYN-EV-3W-2025,SYN-D-LN-0050,SYN-D-BR-0050,Synthetic Borrower D0050,Electric three-wheeler,Tamil Nadu,2025-06-15,2026-09-15,302800.5,191768.23,14.0,36,15,10349.0,0,0
SYNTHETIC_ONLY,demo-nbfc-ev-002,Synthetic Summit Vehicle Finance NBFC,SYN-EV-3W-2025,SYN-D-LN-0051,SYN-D-BR-0051,Synthetic Borrower D0051,Electric three-wheeler,Maharashtra,2025-07-15,2026-09-15,314383.03,241140.63,15.0,48,14,8749.51,0,0
SYNTHETIC_ONLY,demo-nbfc-ev-002,Synthetic Summit Vehicle Finance NBFC,SYN-EV-3W-2025,SYN-D-LN-0052,SYN-D-BR-0052,Synthetic Borrower D0052,Electric three-wheeler,Karnataka,2025-08-15,2026-09-15,325965.56,225714.12,16.0,36,13,11459.98,0,0
SYNTHETIC_ONLY,demo-nbfc-ev-002,Synthetic Summit Vehicle Finance NBFC,SYN-EV-3W-2025,SYN-D-LN-0053,SYN-D-BR-0053,Synthetic Borrower D0053,Electric three-wheeler,Tamil Nadu,2025-09-15,2026-09-15,337548.09,273189.88,17.0,48,12,9739.96,0,0
SYNTHETIC_ONLY,demo-nbfc-ev-002,Synthetic Summit Vehicle Finance NBFC,SYN-EV-3W-2025,SYN-D-LN-0054,SYN-D-BR-0054,Synthetic Borrower D0054,Electric three-wheeler,Maharashtra,2025-01-15,2026-09-15,244887.83,131981.62,18.0,36,19,8853.28,30,1
SYNTHETIC_ONLY,demo-nbfc-ev-002,Synthetic Summit Vehicle Finance NBFC,SYN-EV-3W-2025,SYN-D-LN-0055,SYN-D-BR-0055,Synthetic Borrower D0055,Electric three-wheeler,Karnataka,2025-02-15,2026-09-15,256470.36,171593.3,14.0,48,19,7008.43,0,0
SYNTHETIC_ONLY,demo-nbfc-ev-002,Synthetic Summit Vehicle Finance NBFC,SYN-EV-3W-2025,SYN-D-LN-0056,SYN-D-BR-0056,Synthetic Borrower D0056,Electric three-wheeler,Tamil Nadu,2025-03-15,2026-09-15,268052.9,148948.84,15.0,36,18,9292.14,0,0
SYNTHETIC_ONLY,demo-nbfc-ev-002,Synthetic Summit Vehicle Finance NBFC,SYN-EV-3W-2025,SYN-D-LN-0057,SYN-D-BR-0057,Synthetic Borrower D0057,Electric three-wheeler,Maharashtra,2025-04-15,2026-09-15,279635.43,200153.94,16.0,48,17,7924.95,0,0
SYNTHETIC_ONLY,demo-nbfc-ev-002,Synthetic Summit Vehicle Finance NBFC,SYN-EV-3W-2025,SYN-D-LN-0058,SYN-D-BR-0058,Synthetic Borrower D0058,Electric three-wheeler,Karnataka,2025-05-15,2026-09-15,291217.97,179730.08,17.0,36,16,10382.71,0,0
SYNTHETIC_ONLY,demo-nbfc-ev-002,Synthetic Summit Vehicle Finance NBFC,SYN-EV-3W-2025,SYN-D-LN-0059,SYN-D-BR-0059,Synthetic Borrower D0059,Electric three-wheeler,Tamil Nadu,2025-06-15,2026-09-15,302800.49,230187.2,18.0,48,15,8894.76,0,0
SYNTHETIC_ONLY,demo-nbfc-ev-002,Synthetic Summit Vehicle Finance NBFC,SYN-EV-3W-2025,SYN-D-LN-0060,SYN-D-BR-0060,Synthetic Borrower D0060,Electric three-wheeler,Maharashtra,2025-07-15,2026-09-15,314383.02,223791.32,14.0,36,12,10744.87,66,2
SYNTHETIC_ONLY,demo-nbfc-ev-002,Synthetic Summit Vehicle Finance NBFC,SYN-EV-3W-2025,SYN-D-LN-0061,SYN-D-BR-0061,Synthetic Borrower D0061,Electric three-wheeler,Karnataka,2025-08-15,2026-09-15,325965.57,255897.9,15.0,48,13,9071.87,0,0
SYNTHETIC_ONLY,demo-nbfc-ev-002,Synthetic Summit Vehicle Finance NBFC,SYN-EV-3W-2025,SYN-D-LN-0062,SYN-D-BR-0062,Synthetic Borrower D0062,Electric three-wheeler,Tamil Nadu,2025-09-15,2026-09-15,337548.1,242370.01,16.0,36,12,11867.19,0,0
SYNTHETIC_ONLY,demo-nbfc-ev-002,Synthetic Summit Vehicle Finance NBFC,SYN-EV-3W-2025,SYN-D-LN-0063,SYN-D-BR-0063,Synthetic Borrower D0063,Electric three-wheeler,Maharashtra,2025-01-15,2026-09-15,244887.84,162390.97,17.0,48,20,7066.25,0,0
SYNTHETIC_ONLY,demo-nbfc-ev-002,Synthetic Summit Vehicle Finance NBFC,SYN-EV-3W-2025,SYN-D-LN-0064,SYN-D-BR-0064,Synthetic Borrower D0064,Electric three-wheeler,Karnataka,2025-02-15,2026-09-15,256470.36,138223.99,18.0,36,19,9272.02,0,0
SYNTHETIC_ONLY,demo-nbfc-ev-002,Synthetic Summit Vehicle Finance NBFC,SYN-EV-3W-2025,SYN-D-LN-0065,SYN-D-BR-0065,Synthetic Borrower D0065,Electric three-wheeler,Tamil Nadu,2025-03-15,2026-09-15,268052.9,184514.95,14.0,48,18,7324.94,0,0
SYNTHETIC_ONLY,demo-nbfc-ev-002,Synthetic Summit Vehicle Finance NBFC,SYN-EV-3W-2025,SYN-D-LN-0066,SYN-D-BR-0066,Synthetic Borrower D0066,Electric three-wheeler,Maharashtra,2025-04-15,2026-09-15,279635.43,185445.06,15.0,36,14,9693.65,93,3
SYNTHETIC_ONLY,demo-nbfc-ev-002,Synthetic Summit Vehicle Finance NBFC,SYN-EV-3W-2025,SYN-D-LN-0067,SYN-D-BR-0067,Synthetic Borrower D0067,Electric three-wheeler,Karnataka,2025-05-15,2026-09-15,291217.97,213846.26,16.0,48,16,8253.2,0,0
SYNTHETIC_ONLY,demo-nbfc-ev-002,Synthetic Summit Vehicle Finance NBFC,SYN-EV-3W-2025,SYN-D-LN-0068,SYN-D-BR-0068,Synthetic Borrower D0068,Electric three-wheeler,Tamil Nadu,2025-06-15,2026-09-15,302800.49,194912.83,17.0,36,15,10795.66,0,0
SYNTHETIC_ONLY,demo-nbfc-ev-002,Synthetic Summit Vehicle Finance NBFC,SYN-EV-3W-2025,SYN-D-LN-0069,SYN-D-BR-0069,Synthetic Borrower D0069,Electric three-wheeler,Maharashtra,2025-07-15,2026-09-15,314383.03,244558.8,18.0,48,14,9235.0,0,0
SYNTHETIC_ONLY,demo-nbfc-ev-002,Synthetic Summit Vehicle Finance NBFC,SYN-EV-3W-2025,SYN-D-LN-0070,SYN-D-BR-0070,Synthetic Borrower D0070,Electric three-wheeler,Karnataka,2025-08-15,2026-09-15,325965.56,223602.63,14.0,36,13,11140.73,0,0
SYNTHETIC_ONLY,demo-nbfc-ev-002,Synthetic Summit Vehicle Finance NBFC,SYN-EV-3W-2025,SYN-D-LN-0071,SYN-D-BR-0071,Synthetic Borrower D0071,Electric three-wheeler,Tamil Nadu,2025-09-15,2026-09-15,337548.09,270997.46,15.0,48,12,9394.22,0,0
SYNTHETIC_ONLY,demo-nbfc-ev-002,Synthetic Summit Vehicle Finance NBFC,SYN-EV-3W-2025,SYN-D-LN-0072,SYN-D-BR-0072,Synthetic Borrower D0072,Electric three-wheeler,Maharashtra,2025-01-15,2026-09-15,244887.83,130188.1,16.0,36,19,8609.53,30,1
SYNTHETIC_ONLY,demo-nbfc-ev-002,Synthetic Summit Vehicle Finance NBFC,SYN-EV-3W-2025,SYN-D-LN-0073,SYN-D-BR-0073,Synthetic Borrower D0073,Electric three-wheeler,Karnataka,2025-02-15,2026-09-15,256470.36,174993.01,17.0,48,19,7400.46,0,0
SYNTHETIC_ONLY,demo-nbfc-ev-002,Synthetic Summit Vehicle Finance NBFC,SYN-EV-3W-2025,SYN-D-LN-0074,SYN-D-BR-0074,Synthetic Borrower D0074,Electric three-wheeler,Tamil Nadu,2025-03-15,2026-09-15,268052.9,151878.94,18.0,36,18,9690.75,0,0
SYNTHETIC_ONLY,demo-nbfc-ev-002,Synthetic Summit Vehicle Finance NBFC,SYN-EV-3W-2025,SYN-D-LN-0075,SYN-D-BR-0075,Synthetic Borrower D0075,Electric three-wheeler,Maharashtra,2025-04-15,2026-09-15,279635.43,197821.35,14.0,48,17,7641.45,0,0
SYNTHETIC_ONLY,demo-nbfc-ev-002,Synthetic Summit Vehicle Finance NBFC,SYN-EV-3W-2025,SYN-D-LN-0076,SYN-D-BR-0076,Synthetic Borrower D0076,Electric three-wheeler,Karnataka,2025-05-15,2026-09-15,291217.96,177668.02,15.0,36,16,10095.17,0,0
SYNTHETIC_ONLY,demo-nbfc-ev-002,Synthetic Summit Vehicle Finance NBFC,SYN-EV-3W-2025,SYN-D-LN-0077,SYN-D-BR-0077,Synthetic Borrower D0077,Electric three-wheeler,Tamil Nadu,2025-06-15,2026-09-15,302800.51,227894.37,16.0,48,15,8581.45,0,0
SYNTHETIC_ONLY,demo-nbfc-ev-002,Synthetic Summit Vehicle Finance NBFC,SYN-EV-3W-2025,SYN-D-LN-0078,SYN-D-BR-0078,Synthetic Borrower D0078,Electric three-wheeler,Maharashtra,2025-07-15,2026-09-15,314383.02,226701.03,17.0,36,12,11208.61,66,2
SYNTHETIC_ONLY,demo-nbfc-ev-002,Synthetic Summit Vehicle Finance NBFC,SYN-EV-3W-2025,SYN-D-LN-0079,SYN-D-BR-0079,Synthetic Borrower D0079,Electric three-wheeler,Karnataka,2025-08-15,2026-09-15,325965.56,259255.27,18.0,48,13,9575.24,0,0
SYNTHETIC_ONLY,demo-nbfc-ev-002,Synthetic Summit Vehicle Finance NBFC,SYN-EV-3W-2025,SYN-D-LN-0080,SYN-D-BR-0080,Synthetic Borrower D0080,Electric three-wheeler,Tamil Nadu,2025-09-15,2026-09-15,337548.11,240281.22,14.0,36,12,11536.59,0,0
SYNTHETIC_ONLY,demo-nbfc-ev-002,Synthetic Summit Vehicle Finance NBFC,SYN-EV-3W-2025,SYN-D-LN-0081,SYN-D-BR-0081,Synthetic Borrower D0081,Electric three-wheeler,Maharashtra,2025-01-15,2026-09-15,244887.83,160179.33,15.0,48,20,6815.41,0,0
SYNTHETIC_ONLY,demo-nbfc-ev-002,Synthetic Summit Vehicle Finance NBFC,SYN-EV-3W-2025,SYN-D-LN-0082,SYN-D-BR-0082,Synthetic Borrower D0082,Electric three-wheeler,Karnataka,2025-02-15,2026-09-15,256470.35,136345.64,16.0,36,19,9016.74,0,0
SYNTHETIC_ONLY,demo-nbfc-ev-002,Synthetic Summit Vehicle Finance NBFC,SYN-EV-3W-2025,SYN-D-LN-0083,SYN-D-BR-0083,Synthetic Borrower D0083,Electric three-wheeler,Tamil Nadu,2025-03-15,2026-09-15,268052.9,187967.73,17.0,48,18,7734.68,0,0
SYNTHETIC_ONLY,demo-nbfc-ev-002,Synthetic Summit Vehicle Finance NBFC,SYN-EV-3W-2025,SYN-D-LN-0084,SYN-D-BR-0084,Synthetic Borrower D0084,Electric three-wheeler,Maharashtra,2025-04-15,2026-09-15,279635.43,188247.05,18.0,36,14,10109.49,93,3
SYNTHETIC_ONLY,demo-nbfc-ev-002,Synthetic Summit Vehicle Finance NBFC,SYN-EV-3W-2025,SYN-D-LN-0085,SYN-D-BR-0085,Synthetic Borrower D0085,Electric three-wheeler,Karnataka,2025-05-15,2026-09-15,291217.96,211505.53,14.0,48,16,7957.96,0,0
SYNTHETIC_ONLY,demo-nbfc-ev-002,Synthetic Summit Vehicle Finance NBFC,SYN-EV-3W-2025,SYN-D-LN-0086,SYN-D-BR-0086,Synthetic Borrower D0086,Electric three-wheeler,Tamil Nadu,2025-06-15,2026-09-15,302800.5,192820.79,15.0,36,15,10496.68,0,0
SYNTHETIC_ONLY,demo-nbfc-ev-002,Synthetic Summit Vehicle Finance NBFC,SYN-EV-3W-2025,SYN-D-LN-0087,SYN-D-BR-0087,Synthetic Borrower D0087,Electric three-wheeler,Maharashtra,2025-07-15,2026-09-15,314383.03,242290.79,16.0,48,14,8909.7,0,0
SYNTHETIC_ONLY,demo-nbfc-ev-002,Synthetic Summit Vehicle Finance NBFC,SYN-EV-3W-2025,SYN-D-LN-0088,SYN-D-BR-0088,Synthetic Borrower D0088,Electric three-wheeler,Karnataka,2025-08-15,2026-09-15,325965.56,226761.54,17.0,36,13,11621.56,0,0
SYNTHETIC_ONLY,demo-nbfc-ev-002,Synthetic Summit Vehicle Finance NBFC,SYN-EV-3W-2025,SYN-D-LN-0089,SYN-D-BR-0089,Synthetic Borrower D0089,Electric three-wheeler,Tamil Nadu,2025-09-15,2026-09-15,337548.1,274268.83,18.0,48,12,9915.48,0,0
SYNTHETIC_ONLY,demo-nbfc-ev-002,Synthetic Summit Vehicle Finance NBFC,SYN-EV-3W-2025,SYN-D-LN-0090,SYN-D-BR-0090,Synthetic Borrower D0090,Electric three-wheeler,Maharashtra,2025-01-15,2026-09-15,244887.83,128387.29,14.0,36,19,8369.69,30,1
SYNTHETIC_ONLY,demo-nbfc-ev-002,Synthetic Summit Vehicle Finance NBFC,SYN-EV-3W-2025,SYN-D-LN-0091,SYN-D-BR-0091,Synthetic Borrower D0091,Electric three-wheeler,Karnataka,2025-02-15,2026-09-15,256470.37,172733.97,15.0,48,19,7137.76,0,0
SYNTHETIC_ONLY,demo-nbfc-ev-002,Synthetic Summit Vehicle Finance NBFC,SYN-EV-3W-2025,SYN-D-LN-0092,SYN-D-BR-0092,Synthetic Borrower D0092,Electric three-wheeler,Tamil Nadu,2025-03-15,2026-09-15,268052.91,149928.1,16.0,36,18,9423.95,0,0
SYNTHETIC_ONLY,demo-nbfc-ev-002,Synthetic Summit Vehicle Finance NBFC,SYN-EV-3W-2025,SYN-D-LN-0093,SYN-D-BR-0093,Synthetic Borrower D0093,Electric three-wheeler,Maharashtra,2025-04-15,2026-09-15,279635.43,201306.83,17.0,48,17,8068.89,0,0
SYNTHETIC_ONLY,demo-nbfc-ev-002,Synthetic Summit Vehicle Finance NBFC,SYN-EV-3W-2025,SYN-D-LN-0094,SYN-D-BR-0094,Synthetic Borrower D0094,Electric three-wheeler,Karnataka,2025-05-15,2026-09-15,291217.95,180755.32,18.0,36,16,10528.23,0,0
SYNTHETIC_ONLY,demo-nbfc-ev-002,Synthetic Summit Vehicle Finance NBFC,SYN-EV-3W-2025,SYN-D-LN-0095,SYN-D-BR-0095,Synthetic Borrower D0095,Electric three-wheeler,Tamil Nadu,2025-06-15,2026-09-15,302800.49,225560.61,14.0,48,15,8274.47,0,0
SYNTHETIC_ONLY,demo-nbfc-ev-002,Synthetic Summit Vehicle Finance NBFC,SYN-EV-3W-2025,SYN-D-LN-0096,SYN-D-BR-0096,Synthetic Borrower D0096,Electric three-wheeler,Maharashtra,2025-07-15,2026-09-15,314383.03,224766.85,15.0,36,12,10898.19,66,2
SYNTHETIC_ONLY,demo-nbfc-ev-002,Synthetic Summit Vehicle Finance NBFC,SYN-EV-3W-2025,SYN-D-LN-0097,SYN-D-BR-0097,Synthetic Borrower D0097,Electric three-wheeler,Karnataka,2025-08-15,2026-09-15,325965.56,257028.21,16.0,48,13,9237.96,0,0
SYNTHETIC_ONLY,demo-nbfc-ev-002,Synthetic Summit Vehicle Finance NBFC,SYN-EV-3W-2025,SYN-D-LN-0098,SYN-D-BR-0098,Synthetic Borrower D0098,Electric three-wheeler,Tamil Nadu,2025-09-15,2026-09-15,337548.09,243405.32,17.0,36,12,12034.51,0,0
SYNTHETIC_ONLY,demo-nbfc-ev-002,Synthetic Summit Vehicle Finance NBFC,SYN-EV-3W-2025,SYN-D-LN-0099,SYN-D-BR-0099,Synthetic Borrower D0099,Electric three-wheeler,Maharashtra,2025-01-15,2026-09-15,244887.84,163486.46,18.0,48,20,7193.58,0,0
SYNTHETIC_ONLY,demo-nbfc-ev-002,Synthetic Summit Vehicle Finance NBFC,SYN-EV-3W-2025,SYN-D-LN-0100,SYN-D-BR-0100,Synthetic Borrower D0100,Electric three-wheeler,Karnataka,2025-02-15,2026-09-15,256470.36,134459.66,14.0,36,19,8765.55,0,0
SYNTHETIC_ONLY,demo-nbfc-ev-002,Synthetic Summit Vehicle Finance NBFC,SYN-EV-3W-2025,SYN-D-LN-0101,SYN-D-BR-0101,Synthetic Borrower D0101,Electric three-wheeler,Tamil Nadu,2025-03-15,2026-09-15,268052.9,185674.05,15.0,48,18,7460.11,0,0
SYNTHETIC_ONLY,demo-nbfc-ev-002,Synthetic Summit Vehicle Finance NBFC,SYN-EV-3W-2025,SYN-D-LN-0102,SYN-D-BR-0102,Synthetic Borrower D0102,Electric three-wheeler,Maharashtra,2025-04-15,2026-09-15,279635.44,186383.55,16.0,36,14,9831.15,93,3
SYNTHETIC_ONLY,demo-nbfc-ev-002,Synthetic Summit Vehicle Finance NBFC,SYN-EV-3W-2025,SYN-D-LN-0103,SYN-D-BR-0103,Synthetic Borrower D0103,Electric three-wheeler,Karnataka,2025-05-15,2026-09-15,291217.97,215002.23,17.0,48,16,8403.11,0,0
SYNTHETIC_ONLY,demo-nbfc-ev-002,Synthetic Summit Vehicle Finance NBFC,SYN-EV-3W-2025,SYN-D-LN-0104,SYN-D-BR-0104,Synthetic Borrower D0104,Electric three-wheeler,Tamil Nadu,2025-06-15,2026-09-15,302800.5,195952.14,18.0,36,15,10946.96,0,0
SYNTHETIC_ONLY,demo-nbfc-ev-002,Synthetic Summit Vehicle Finance NBFC,SYN-EV-3W-2025,SYN-D-LN-0105,SYN-D-BR-0105,Synthetic Borrower D0105,Electric three-wheeler,Maharashtra,2025-07-15,2026-09-15,314383.03,239979.83,14.0,48,14,8590.98,0,0
SYNTHETIC_ONLY,demo-nbfc-ev-002,Synthetic Summit Vehicle Finance NBFC,SYN-EV-3W-2025,SYN-D-LN-0106,SYN-D-BR-0106,Synthetic Borrower D0106,Electric three-wheeler,Karnataka,2025-08-15,2026-09-15,325965.56,224661.12,15.0,36,13,11299.7,0,0
SYNTHETIC_ONLY,demo-nbfc-ev-002,Synthetic Summit Vehicle Finance NBFC,SYN-EV-3W-2025,SYN-D-LN-0107,SYN-D-BR-0107,Synthetic Borrower D0107,Electric three-wheeler,Tamil Nadu,2025-09-15,2026-09-15,337548.1,272099.41,16.0,48,12,9566.21,0,0
SYNTHETIC_ONLY,demo-nbfc-ev-002,Synthetic Summit Vehicle Finance NBFC,SYN-EV-3W-2025,SYN-D-LN-0108,SYN-D-BR-0108,Synthetic Borrower D0108,Electric three-wheeler,Maharashtra,2025-01-15,2026-09-15,244887.84,131085.82,17.0,36,19,8730.92,30,1
SYNTHETIC_ONLY,demo-nbfc-ev-002,Synthetic Summit Vehicle Finance NBFC,SYN-EV-3W-2025,SYN-D-LN-0109,SYN-D-BR-0109,Synthetic Borrower D0109,Electric three-wheeler,Karnataka,2025-02-15,2026-09-15,256470.36,176111.07,18.0,48,19,7533.82,0,0
SYNTHETIC_ONLY,demo-nbfc-ev-002,Synthetic Summit Vehicle Finance NBFC,SYN-EV-3W-2025,SYN-D-LN-0110,SYN-D-BR-0110,Synthetic Borrower D0110,Electric three-wheeler,Tamil Nadu,2025-03-15,2026-09-15,268052.91,147967.17,14.0,36,18,9161.41,0,0
SYNTHETIC_ONLY,demo-nbfc-ev-002,Synthetic Summit Vehicle Finance NBFC,SYN-EV-3W-2025,SYN-D-LN-0111,SYN-D-BR-0111,Synthetic Borrower D0111,Electric three-wheeler,Maharashtra,2025-04-15,2026-09-15,279635.43,198992.06,15.0,48,17,7782.46,0,0
SYNTHETIC_ONLY,demo-nbfc-ev-002,Synthetic Summit Vehicle Finance NBFC,SYN-EV-3W-2025,SYN-D-LN-0112,SYN-D-BR-0112,Synthetic Borrower D0112,Electric three-wheeler,Karnataka,2025-05-15,2026-09-15,291217.97,178700.95,16.0,36,16,10238.36,0,0
SYNTHETIC_ONLY,demo-nbfc-ev-002,Synthetic Summit Vehicle Finance NBFC,SYN-EV-3W-2025,SYN-D-LN-0113,SYN-D-BR-0113,Synthetic Borrower D0113,Electric three-wheeler,Tamil Nadu,2025-06-15,2026-09-15,302800.49,229045.95,17.0,48,15,8737.32,0,0
SYNTHETIC_ONLY,demo-nbfc-ev-002,Synthetic Summit Vehicle Finance NBFC,SYN-EV-3W-2025,SYN-D-LN-0114,SYN-D-BR-0114,Synthetic Borrower D0114,Electric three-wheeler,Maharashtra,2025-07-15,2026-09-15,314383.03,227659.57,18.0,36,12,11365.7,66,2
SYNTHETIC_ONLY,demo-nbfc-ev-002,Synthetic Summit Vehicle Finance NBFC,SYN-EV-3W-2025,SYN-D-LN-0115,SYN-D-BR-0115,Synthetic Borrower D0115,Electric three-wheeler,Karnataka,2025-08-15,2026-09-15,325965.56,254756.52,14.0,48,13,8907.49,0,0
SYNTHETIC_ONLY,demo-nbfc-ev-002,Synthetic Summit Vehicle Finance NBFC,SYN-EV-3W-2025,SYN-D-LN-0116,SYN-D-BR-0116,Synthetic Borrower D0116,Electric three-wheeler,Tamil Nadu,2025-09-15,2026-09-15,337548.09,241328.61,15.0,36,12,11701.22,0,0
SYNTHETIC_ONLY,demo-nbfc-ev-002,Synthetic Summit Vehicle Finance NBFC,SYN-EV-3W-2025,SYN-D-LN-0117,SYN-D-BR-0117,Synthetic Borrower D0117,Electric three-wheeler,Maharashtra,2025-01-15,2026-09-15,244887.82,161288.53,16.0,48,20,6940.19,0,0
SYNTHETIC_ONLY,demo-nbfc-ev-002,Synthetic Summit Vehicle Finance NBFC,SYN-EV-3W-2025,SYN-D-LN-0118,SYN-D-BR-0118,Synthetic Borrower D0118,Electric three-wheeler,Karnataka,2025-02-15,2026-09-15,256470.36,137285.82,17.0,36,19,9143.87,0,0
SYNTHETIC_ONLY,demo-nbfc-ev-002,Synthetic Summit Vehicle Finance NBFC,SYN-EV-3W-2025,SYN-D-LN-0119,SYN-D-BR-0119,Synthetic Borrower D0119,Electric three-wheeler,Tamil Nadu,2025-03-15,2026-09-15,268052.9,189102.0,18.0,48,18,7874.05,0,0
SYNTHETIC_ONLY,demo-nbfc-ev-002,Synthetic Summit Vehicle Finance NBFC,SYN-EV-3W-2025,SYN-D-LN-0120,SYN-D-BR-0120,Synthetic Borrower D0120,Electric three-wheeler,Maharashtra,2025-04-15,2026-09-15,279635.44,184502.19,14.0,36,14,9557.28,93,3
SYNTHETIC_ONLY,demo-nbfc-ev-002,Synthetic Summit Vehicle Finance NBFC,SYN-EV-3W-2025,SYN-D-LN-0121,SYN-D-BR-0121,Synthetic Borrower D0121,Electric three-wheeler,Karnataka,2025-05-15,2026-09-15,291217.96,212680.64,15.0,48,16,8104.81,0,0
SYNTHETIC_ONLY,demo-nbfc-ev-002,Synthetic Summit Vehicle Finance NBFC,SYN-EV-3W-2025,SYN-D-LN-0122,SYN-D-BR-0122,Synthetic Borrower D0122,Electric three-wheeler,Tamil Nadu,2025-06-15,2026-09-15,302800.49,193869.01,16.0,36,15,10645.57,0,0
SYNTHETIC_ONLY,demo-nbfc-ev-002,Synthetic Summit Vehicle Finance NBFC,SYN-EV-3W-2025,SYN-D-LN-0123,SYN-D-BR-0123,Synthetic Borrower D0123,Electric three-wheeler,Maharashtra,2025-07-15,2026-09-15,314383.03,243430.22,17.0,48,14,9071.54,0,0
SYNTHETIC_ONLY,demo-nbfc-ev-002,Synthetic Summit Vehicle Finance NBFC,SYN-EV-3W-2025,SYN-D-LN-0124,SYN-D-BR-0124,Synthetic Borrower D0124,Electric three-wheeler,Karnataka,2025-08-15,2026-09-15,325965.56,227803.3,18.0,36,13,11784.44,0,0
SYNTHETIC_ONLY,demo-nbfc-ev-002,Synthetic Summit Vehicle Finance NBFC,SYN-EV-3W-2025,SYN-D-LN-0125,SYN-D-BR-0125,Synthetic Borrower D0125,Electric three-wheeler,Tamil Nadu,2025-09-15,2026-09-15,337548.1,269884.14,14.0,48,12,9224.0,0,0
SYNTHETIC_ONLY,demo-nbfc-ev-002,Synthetic Summit Vehicle Finance NBFC,SYN-EV-3W-2025,SYN-D-LN-0126,SYN-D-BR-0126,Synthetic Borrower D0126,Electric three-wheeler,Maharashtra,2025-01-15,2026-09-15,244887.83,129288.56,15.0,36,19,8489.12,30,1
SYNTHETIC_ONLY,demo-nbfc-ev-002,Synthetic Summit Vehicle Finance NBFC,SYN-EV-3W-2025,SYN-D-LN-0127,SYN-D-BR-0127,Synthetic Borrower D0127,Electric three-wheeler,Karnataka,2025-02-15,2026-09-15,256470.37,173867.26,16.0,48,19,7268.44,0,0
SYNTHETIC_ONLY,demo-nbfc-ev-002,Synthetic Summit Vehicle Finance NBFC,SYN-EV-3W-2025,SYN-D-LN-0128,SYN-D-BR-0128,Synthetic Borrower D0128,Electric three-wheeler,Tamil Nadu,2025-03-15,2026-09-15,268052.91,150904.83,17.0,36,18,9556.82,0,0
SYNTHETIC_ONLY,demo-nbfc-ev-002,Synthetic Summit Vehicle Finance NBFC,SYN-EV-3W-2025,SYN-D-LN-0129,SYN-D-BR-0129,Synthetic Borrower D0129,Electric three-wheeler,Maharashtra,2025-04-15,2026-09-15,279635.44,202450.61,18.0,48,17,8214.29,0,0
SYNTHETIC_ONLY,demo-nbfc-ev-002,Synthetic Summit Vehicle Finance NBFC,SYN-EV-3W-2025,SYN-D-LN-0130,SYN-D-BR-0130,Synthetic Borrower D0130,Electric three-wheeler,Karnataka,2025-05-15,2026-09-15,291217.97,176631.41,14.0,36,16,9953.14,0,0
SYNTHETIC_ONLY,demo-nbfc-ev-002,Synthetic Summit Vehicle Finance NBFC,SYN-EV-3W-2025,SYN-D-LN-0131,SYN-D-BR-0131,Synthetic Borrower D0131,Electric three-wheeler,Tamil Nadu,2025-06-15,2026-09-15,302800.5,226732.54,15.0,48,15,8427.16,0,0
SYNTHETIC_ONLY,demo-nbfc-ev-002,Synthetic Summit Vehicle Finance NBFC,SYN-EV-3W-2025,SYN-D-LN-0132,SYN-D-BR-0132,Synthetic Borrower D0132,Electric three-wheeler,Maharashtra,2025-07-15,2026-09-15,314383.03,225736.77,16.0,36,12,11052.77,66,2
SYNTHETIC_ONLY,demo-nbfc-ev-002,Synthetic Summit Vehicle Finance NBFC,SYN-EV-3W-2025,SYN-D-LN-0133,SYN-D-BR-0133,Synthetic Borrower D0133,Electric three-wheeler,Karnataka,2025-08-15,2026-09-15,325965.57,258147.37,17.0,48,13,9405.75,0,0
SYNTHETIC_ONLY,demo-nbfc-ev-002,Synthetic Summit Vehicle Finance NBFC,SYN-EV-3W-2025,SYN-D-LN-0134,SYN-D-BR-0134,Synthetic Borrower D0134,Electric three-wheeler,Tamil Nadu,2025-09-15,2026-09-15,337548.1,244434.49,18.0,36,12,12203.17,0,0
SYNTHETIC_ONLY,demo-nbfc-ev-002,Synthetic Summit Vehicle Finance NBFC,SYN-EV-3W-2025,SYN-D-LN-0135,SYN-D-BR-0135,Synthetic Borrower D0135,Electric three-wheeler,Maharashtra,2025-01-15,2026-09-15,244887.83,159063.52,14.0,48,20,6691.92,0,0
SYNTHETIC_ONLY,demo-nbfc-ev-002,Synthetic Summit Vehicle Finance NBFC,SYN-EV-3W-2025,SYN-D-LN-0136,SYN-D-BR-0136,Synthetic Borrower D0136,Electric three-wheeler,Karnataka,2025-02-15,2026-09-15,256470.36,135403.56,15.0,36,19,8890.63,0,0
SYNTHETIC_ONLY,demo-nbfc-ev-002,Synthetic Summit Vehicle Finance NBFC,SYN-EV-3W-2025,SYN-D-LN-0137,SYN-D-BR-0137,Synthetic Borrower D0137,Electric three-wheeler,Tamil Nadu,2025-03-15,2026-09-15,268052.91,186825.03,16.0,48,18,7596.69,0,0
SYNTHETIC_ONLY,demo-nbfc-ev-002,Synthetic Summit Vehicle Finance NBFC,SYN-EV-3W-2025,SYN-D-LN-0138,SYN-D-BR-0138,Synthetic Borrower D0138,Electric three-wheeler,Maharashtra,2025-04-15,2026-09-15,279635.43,187317.57,17.0,36,14,9969.77,93,3
SYNTHETIC_ONLY,demo-nbfc-ev-002,Synthetic Summit Vehicle Finance NBFC,SYN-EV-3W-2025,SYN-D-LN-0139,SYN-D-BR-0139,Synthetic Borrower D0139,Electric three-wheeler,Karnataka,2025-05-15,2026-09-15,291217.96,216148.43,18.0,48,16,8554.53,0,0
SYNTHETIC_ONLY,demo-nbfc-ev-002,Synthetic Summit Vehicle Finance NBFC,SYN-EV-3W-2025,SYN-D-LN-0140,SYN-D-BR-0140,Synthetic Borrower D0140,Electric three-wheeler,Tamil Nadu,2025-06-15,2026-09-15,302800.5,191768.23,14.0,36,15,10349.0,0,0
SYNTHETIC_ONLY,demo-nbfc-ev-002,Synthetic Summit Vehicle Finance NBFC,SYN-EV-3W-2025,SYN-D-LN-0141,SYN-D-BR-0141,Synthetic Borrower D0141,Electric three-wheeler,Maharashtra,2025-07-15,2026-09-15,314383.03,241140.63,15.0,48,14,8749.51,0,0
SYNTHETIC_ONLY,demo-nbfc-ev-002,Synthetic Summit Vehicle Finance NBFC,SYN-EV-3W-2025,SYN-D-LN-0142,SYN-D-BR-0142,Synthetic Borrower D0142,Electric three-wheeler,Karnataka,2025-08-15,2026-09-15,325965.56,225714.12,16.0,36,13,11459.98,0,0
SYNTHETIC_ONLY,demo-nbfc-ev-002,Synthetic Summit Vehicle Finance NBFC,SYN-EV-3W-2025,SYN-D-LN-0143,SYN-D-BR-0143,Synthetic Borrower D0143,Electric three-wheeler,Tamil Nadu,2025-09-15,2026-09-15,337548.09,273189.88,17.0,48,12,9739.96,0,0
SYNTHETIC_ONLY,demo-nbfc-ev-002,Synthetic Summit Vehicle Finance NBFC,SYN-EV-3W-2025,SYN-D-LN-0144,SYN-D-BR-0144,Synthetic Borrower D0144,Electric three-wheeler,Maharashtra,2025-01-15,2026-09-15,244887.83,131981.62,18.0,36,19,8853.28,30,1
SYNTHETIC_ONLY,demo-nbfc-ev-002,Synthetic Summit Vehicle Finance NBFC,SYN-EV-3W-2025,SYN-D-LN-0145,SYN-D-BR-0145,Synthetic Borrower D0145,Electric three-wheeler,Karnataka,2025-02-15,2026-09-15,256470.36,171593.3,14.0,48,19,7008.43,0,0
SYNTHETIC_ONLY,demo-nbfc-ev-002,Synthetic Summit Vehicle Finance NBFC,SYN-EV-3W-2025,SYN-D-LN-0146,SYN-D-BR-0146,Synthetic Borrower D0146,Electric three-wheeler,Tamil Nadu,2025-03-15,2026-09-15,268052.9,148948.84,15.0,36,18,9292.14,0,0
SYNTHETIC_ONLY,demo-nbfc-ev-002,Synthetic Summit Vehicle Finance NBFC,SYN-EV-3W-2025,SYN-D-LN-0147,SYN-D-BR-0147,Synthetic Borrower D0147,Electric three-wheeler,Maharashtra,2025-04-15,2026-09-15,279635.43,200153.94,16.0,48,17,7924.95,0,0
SYNTHETIC_ONLY,demo-nbfc-ev-002,Synthetic Summit Vehicle Finance NBFC,SYN-EV-3W-2025,SYN-D-LN-0148,SYN-D-BR-0148,Synthetic Borrower D0148,Electric three-wheeler,Karnataka,2025-05-15,2026-09-15,291217.97,179730.08,17.0,36,16,10382.71,0,0
SYNTHETIC_ONLY,demo-nbfc-ev-002,Synthetic Summit Vehicle Finance NBFC,SYN-EV-3W-2025,SYN-D-LN-0149,SYN-D-BR-0149,Synthetic Borrower D0149,Electric three-wheeler,Tamil Nadu,2025-06-15,2026-09-15,302800.49,230187.2,18.0,48,15,8894.76,0,0
SYNTHETIC_ONLY,demo-nbfc-ev-002,Synthetic Summit Vehicle Finance NBFC,SYN-EV-3W-2025,SYN-D-LN-0150,SYN-D-BR-0150,Synthetic Borrower D0150,Electric three-wheeler,Maharashtra,2025-07-15,2026-09-15,314383.02,223791.32,14.0,36,12,10744.87,66,2
SYNTHETIC_ONLY,demo-nbfc-ev-002,Synthetic Summit Vehicle Finance NBFC,SYN-EV-3W-2025,SYN-D-LN-0151,SYN-D-BR-0151,Synthetic Borrower D0151,Electric three-wheeler,Karnataka,2025-08-15,2026-09-15,325965.57,255897.9,15.0,48,13,9071.87,0,0
SYNTHETIC_ONLY,demo-nbfc-ev-002,Synthetic Summit Vehicle Finance NBFC,SYN-EV-3W-2025,SYN-D-LN-0152,SYN-D-BR-0152,Synthetic Borrower D0152,Electric three-wheeler,Tamil Nadu,2025-09-15,2026-09-15,337548.1,242370.01,16.0,36,12,11867.19,0,0
SYNTHETIC_ONLY,demo-nbfc-ev-002,Synthetic Summit Vehicle Finance NBFC,SYN-EV-3W-2025,SYN-D-LN-0153,SYN-D-BR-0153,Synthetic Borrower D0153,Electric three-wheeler,Maharashtra,2025-01-15,2026-09-15,244887.84,162390.97,17.0,48,20,7066.25,0,0
SYNTHETIC_ONLY,demo-nbfc-ev-002,Synthetic Summit Vehicle Finance NBFC,SYN-EV-3W-2025,SYN-D-LN-0154,SYN-D-BR-0154,Synthetic Borrower D0154,Electric three-wheeler,Karnataka,2025-02-15,2026-09-15,256470.36,138223.99,18.0,36,19,9272.02,0,0
SYNTHETIC_ONLY,demo-nbfc-ev-002,Synthetic Summit Vehicle Finance NBFC,SYN-EV-3W-2025,SYN-D-LN-0155,SYN-D-BR-0155,Synthetic Borrower D0155,Electric three-wheeler,Tamil Nadu,2025-03-15,2026-09-15,268052.9,184514.95,14.0,48,18,7324.94,0,0
SYNTHETIC_ONLY,demo-nbfc-ev-002,Synthetic Summit Vehicle Finance NBFC,SYN-EV-3W-2025,SYN-D-LN-0156,SYN-D-BR-0156,Synthetic Borrower D0156,Electric three-wheeler,Maharashtra,2025-04-15,2026-09-15,279635.43,185445.06,15.0,36,14,9693.65,93,3
SYNTHETIC_ONLY,demo-nbfc-ev-002,Synthetic Summit Vehicle Finance NBFC,SYN-EV-3W-2025,SYN-D-LN-0157,SYN-D-BR-0157,Synthetic Borrower D0157,Electric three-wheeler,Karnataka,2025-05-15,2026-09-15,291217.97,213846.26,16.0,48,16,8253.2,0,0
SYNTHETIC_ONLY,demo-nbfc-ev-002,Synthetic Summit Vehicle Finance NBFC,SYN-EV-3W-2025,SYN-D-LN-0158,SYN-D-BR-0158,Synthetic Borrower D0158,Electric three-wheeler,Tamil Nadu,2025-06-15,2026-09-15,302800.49,194912.83,17.0,36,15,10795.66,0,0
SYNTHETIC_ONLY,demo-nbfc-ev-002,Synthetic Summit Vehicle Finance NBFC,SYN-EV-3W-2025,SYN-D-LN-0159,SYN-D-BR-0159,Synthetic Borrower D0159,Electric three-wheeler,Maharashtra,2025-07-15,2026-09-15,314383.03,244558.8,18.0,48,14,9235.0,0,0
SYNTHETIC_ONLY,demo-nbfc-ev-002,Synthetic Summit Vehicle Finance NBFC,SYN-EV-3W-2025,SYN-D-LN-0160,SYN-D-BR-0160,Synthetic Borrower D0160,Electric three-wheeler,Karnataka,2025-08-15,2026-09-15,325965.56,223602.63,14.0,36,13,11140.73,0,0
SYNTHETIC_ONLY,demo-nbfc-ev-002,Synthetic Summit Vehicle Finance NBFC,SYN-EV-3W-2025,SYN-D-LN-0161,SYN-D-BR-0161,Synthetic Borrower D0161,Electric three-wheeler,Tamil Nadu,2025-09-15,2026-09-15,337548.09,270997.46,15.0,48,12,9394.22,0,0
SYNTHETIC_ONLY,demo-nbfc-ev-002,Synthetic Summit Vehicle Finance NBFC,SYN-EV-3W-2025,SYN-D-LN-0162,SYN-D-BR-0162,Synthetic Borrower D0162,Electric three-wheeler,Maharashtra,2025-01-15,2026-09-15,244887.83,130188.1,16.0,36,19,8609.53,30,1
SYNTHETIC_ONLY,demo-nbfc-ev-002,Synthetic Summit Vehicle Finance NBFC,SYN-EV-3W-2025,SYN-D-LN-0163,SYN-D-BR-0163,Synthetic Borrower D0163,Electric three-wheeler,Karnataka,2025-02-15,2026-09-15,256470.36,174993.01,17.0,48,19,7400.46,0,0
SYNTHETIC_ONLY,demo-nbfc-ev-002,Synthetic Summit Vehicle Finance NBFC,SYN-EV-3W-2025,SYN-D-LN-0164,SYN-D-BR-0164,Synthetic Borrower D0164,Electric three-wheeler,Tamil Nadu,2025-03-15,2026-09-15,268052.9,151878.94,18.0,36,18,9690.75,0,0
SYNTHETIC_ONLY,demo-nbfc-ev-002,Synthetic Summit Vehicle Finance NBFC,SYN-EV-3W-2025,SYN-D-LN-0165,SYN-D-BR-0165,Synthetic Borrower D0165,Electric three-wheeler,Maharashtra,2025-04-15,2026-09-15,279635.43,197821.35,14.0,48,17,7641.45,0,0
SYNTHETIC_ONLY,demo-nbfc-ev-002,Synthetic Summit Vehicle Finance NBFC,SYN-EV-3W-2025,SYN-D-LN-0166,SYN-D-BR-0166,Synthetic Borrower D0166,Electric three-wheeler,Karnataka,2025-05-15,2026-09-15,291217.96,177668.02,15.0,36,16,10095.17,0,0
SYNTHETIC_ONLY,demo-nbfc-ev-002,Synthetic Summit Vehicle Finance NBFC,SYN-EV-3W-2025,SYN-D-LN-0167,SYN-D-BR-0167,Synthetic Borrower D0167,Electric three-wheeler,Tamil Nadu,2025-06-15,2026-09-15,302800.51,227894.37,16.0,48,15,8581.45,0,0
SYNTHETIC_ONLY,demo-nbfc-ev-002,Synthetic Summit Vehicle Finance NBFC,SYN-EV-3W-2025,SYN-D-LN-0168,SYN-D-BR-0168,Synthetic Borrower D0168,Electric three-wheeler,Maharashtra,2025-07-15,2026-09-15,314383.02,226701.03,17.0,36,12,11208.61,66,2
SYNTHETIC_ONLY,demo-nbfc-ev-002,Synthetic Summit Vehicle Finance NBFC,SYN-EV-3W-2025,SYN-D-LN-0169,SYN-D-BR-0169,Synthetic Borrower D0169,Electric three-wheeler,Karnataka,2025-08-15,2026-09-15,325965.56,259255.27,18.0,48,13,9575.24,0,0
SYNTHETIC_ONLY,demo-nbfc-ev-002,Synthetic Summit Vehicle Finance NBFC,SYN-EV-3W-2025,SYN-D-LN-0170,SYN-D-BR-0170,Synthetic Borrower D0170,Electric three-wheeler,Tamil Nadu,2025-09-15,2026-09-15,337548.11,240281.22,14.0,36,12,11536.59,0,0
SYNTHETIC_ONLY,demo-nbfc-ev-002,Synthetic Summit Vehicle Finance NBFC,SYN-EV-3W-2025,SYN-D-LN-0171,SYN-D-BR-0171,Synthetic Borrower D0171,Electric three-wheeler,Maharashtra,2025-01-15,2026-09-15,244887.83,160179.33,15.0,48,20,6815.41,0,0
SYNTHETIC_ONLY,demo-nbfc-ev-002,Synthetic Summit Vehicle Finance NBFC,SYN-EV-3W-2025,SYN-D-LN-0172,SYN-D-BR-0172,Synthetic Borrower D0172,Electric three-wheeler,Karnataka,2025-02-15,2026-09-15,256470.35,136345.64,16.0,36,19,9016.74,0,0
SYNTHETIC_ONLY,demo-nbfc-ev-002,Synthetic Summit Vehicle Finance NBFC,SYN-EV-3W-2025,SYN-D-LN-0173,SYN-D-BR-0173,Synthetic Borrower D0173,Electric three-wheeler,Tamil Nadu,2025-03-15,2026-09-15,268052.9,187967.73,17.0,48,18,7734.68,0,0
SYNTHETIC_ONLY,demo-nbfc-ev-002,Synthetic Summit Vehicle Finance NBFC,SYN-EV-3W-2025,SYN-D-LN-0174,SYN-D-BR-0174,Synthetic Borrower D0174,Electric three-wheeler,Maharashtra,2025-04-15,2026-09-15,279635.43,188247.05,18.0,36,14,10109.49,93,3
SYNTHETIC_ONLY,demo-nbfc-ev-002,Synthetic Summit Vehicle Finance NBFC,SYN-EV-3W-2025,SYN-D-LN-0175,SYN-D-BR-0175,Synthetic Borrower D0175,Electric three-wheeler,Karnataka,2025-05-15,2026-09-15,291217.96,211505.53,14.0,48,16,7957.96,0,0
SYNTHETIC_ONLY,demo-nbfc-ev-002,Synthetic Summit Vehicle Finance NBFC,SYN-EV-3W-2025,SYN-D-LN-0176,SYN-D-BR-0176,Synthetic Borrower D0176,Electric three-wheeler,Tamil Nadu,2025-06-15,2026-09-15,302800.5,192820.79,15.0,36,15,10496.68,0,0
SYNTHETIC_ONLY,demo-nbfc-ev-002,Synthetic Summit Vehicle Finance NBFC,SYN-EV-3W-2025,SYN-D-LN-0177,SYN-D-BR-0177,Synthetic Borrower D0177,Electric three-wheeler,Maharashtra,2025-07-15,2026-09-15,314383.03,242290.79,16.0,48,14,8909.7,0,0
SYNTHETIC_ONLY,demo-nbfc-ev-002,Synthetic Summit Vehicle Finance NBFC,SYN-EV-3W-2025,SYN-D-LN-0178,SYN-D-BR-0178,Synthetic Borrower D0178,Electric three-wheeler,Karnataka,2025-08-15,2026-09-15,325965.56,226761.54,17.0,36,13,11621.56,0,0
SYNTHETIC_ONLY,demo-nbfc-ev-002,Synthetic Summit Vehicle Finance NBFC,SYN-EV-3W-2025,SYN-D-LN-0179,SYN-D-BR-0179,Synthetic Borrower D0179,Electric three-wheeler,Tamil Nadu,2025-09-15,2026-09-15,337548.1,274268.83,18.0,48,12,9915.48,0,0
SYNTHETIC_ONLY,demo-nbfc-ev-002,Synthetic Summit Vehicle Finance NBFC,SYN-EV-3W-2025,SYN-D-LN-0180,SYN-D-BR-0180,Synthetic Borrower D0180,Electric three-wheeler,Maharashtra,2025-01-15,2026-09-15,244887.83,128387.29,14.0,36,19,8369.69,30,1
SYNTHETIC_ONLY,demo-nbfc-ev-002,Synthetic Summit Vehicle Finance NBFC,SYN-EV-3W-2025,SYN-D-LN-0181,SYN-D-BR-0181,Synthetic Borrower D0181,Electric three-wheeler,Karnataka,2025-02-15,2026-09-15,256470.37,172733.97,15.0,48,19,7137.76,0,0
SYNTHETIC_ONLY,demo-nbfc-ev-002,Synthetic Summit Vehicle Finance NBFC,SYN-EV-3W-2025,SYN-D-LN-0182,SYN-D-BR-0182,Synthetic Borrower D0182,Electric three-wheeler,Tamil Nadu,2025-03-15,2026-09-15,268052.91,149928.1,16.0,36,18,9423.95,0,0
SYNTHETIC_ONLY,demo-nbfc-ev-002,Synthetic Summit Vehicle Finance NBFC,SYN-EV-3W-2025,SYN-D-LN-0183,SYN-D-BR-0183,Synthetic Borrower D0183,Electric three-wheeler,Maharashtra,2025-04-15,2026-09-15,279635.43,201306.83,17.0,48,17,8068.89,0,0
SYNTHETIC_ONLY,demo-nbfc-ev-002,Synthetic Summit Vehicle Finance NBFC,SYN-EV-3W-2025,SYN-D-LN-0184,SYN-D-BR-0184,Synthetic Borrower D0184,Electric three-wheeler,Karnataka,2025-05-15,2026-09-15,291217.95,180755.32,18.0,36,16,10528.23,0,0
SYNTHETIC_ONLY,demo-nbfc-ev-002,Synthetic Summit Vehicle Finance NBFC,SYN-EV-3W-2025,SYN-D-LN-0185,SYN-D-BR-0185,Synthetic Borrower D0185,Electric three-wheeler,Tamil Nadu,2025-06-15,2026-09-15,302800.49,225560.61,14.0,48,15,8274.47,0,0
SYNTHETIC_ONLY,demo-nbfc-ev-002,Synthetic Summit Vehicle Finance NBFC,SYN-EV-3W-2025,SYN-D-LN-0186,SYN-D-BR-0186,Synthetic Borrower D0186,Electric three-wheeler,Maharashtra,2025-07-15,2026-09-15,314383.03,224766.85,15.0,36,12,10898.19,66,2
SYNTHETIC_ONLY,demo-nbfc-ev-002,Synthetic Summit Vehicle Finance NBFC,SYN-EV-3W-2025,SYN-D-LN-0187,SYN-D-BR-0187,Synthetic Borrower D0187,Electric three-wheeler,Karnataka,2025-08-15,2026-09-15,325965.56,257028.21,16.0,48,13,9237.96,0,0
SYNTHETIC_ONLY,demo-nbfc-ev-002,Synthetic Summit Vehicle Finance NBFC,SYN-EV-3W-2025,SYN-D-LN-0188,SYN-D-BR-0188,Synthetic Borrower D0188,Electric three-wheeler,Tamil Nadu,2025-09-15,2026-09-15,337548.09,243405.32,17.0,36,12,12034.51,0,0
SYNTHETIC_ONLY,demo-nbfc-ev-002,Synthetic Summit Vehicle Finance NBFC,SYN-EV-3W-2025,SYN-D-LN-0189,SYN-D-BR-0189,Synthetic Borrower D0189,Electric three-wheeler,Maharashtra,2025-01-15,2026-09-15,244887.84,163486.46,18.0,48,20,7193.58,0,0
SYNTHETIC_ONLY,demo-nbfc-ev-002,Synthetic Summit Vehicle Finance NBFC,SYN-EV-3W-2025,SYN-D-LN-0190,SYN-D-BR-0190,Synthetic Borrower D0190,Electric three-wheeler,Karnataka,2025-02-15,2026-09-15,256470.36,134459.66,14.0,36,19,8765.55,0,0
SYNTHETIC_ONLY,demo-nbfc-ev-002,Synthetic Summit Vehicle Finance NBFC,SYN-EV-3W-2025,SYN-D-LN-0191,SYN-D-BR-0191,Synthetic Borrower D0191,Electric three-wheeler,Tamil Nadu,2025-03-15,2026-09-15,268052.9,185674.05,15.0,48,18,7460.11,0,0
SYNTHETIC_ONLY,demo-nbfc-ev-002,Synthetic Summit Vehicle Finance NBFC,SYN-EV-3W-2025,SYN-D-LN-0192,SYN-D-BR-0192,Synthetic Borrower D0192,Electric three-wheeler,Maharashtra,2025-04-15,2026-09-15,279635.44,186383.55,16.0,36,14,9831.15,93,3
SYNTHETIC_ONLY,demo-nbfc-ev-002,Synthetic Summit Vehicle Finance NBFC,SYN-EV-3W-2025,SYN-D-LN-0193,SYN-D-BR-0193,Synthetic Borrower D0193,Electric three-wheeler,Karnataka,2025-05-15,2026-09-15,291217.97,215002.23,17.0,48,16,8403.11,0,0
SYNTHETIC_ONLY,demo-nbfc-ev-002,Synthetic Summit Vehicle Finance NBFC,SYN-EV-3W-2025,SYN-D-LN-0194,SYN-D-BR-0194,Synthetic Borrower D0194,Electric three-wheeler,Tamil Nadu,2025-06-15,2026-09-15,302800.5,195952.14,18.0,36,15,10946.96,0,0
SYNTHETIC_ONLY,demo-nbfc-ev-002,Synthetic Summit Vehicle Finance NBFC,SYN-EV-3W-2025,SYN-D-LN-0195,SYN-D-BR-0195,Synthetic Borrower D0195,Electric three-wheeler,Maharashtra,2025-07-15,2026-09-15,314383.03,239979.83,14.0,48,14,8590.98,0,0
SYNTHETIC_ONLY,demo-nbfc-ev-002,Synthetic Summit Vehicle Finance NBFC,SYN-EV-3W-2025,SYN-D-LN-0196,SYN-D-BR-0196,Synthetic Borrower D0196,Electric three-wheeler,Karnataka,2025-08-15,2026-09-15,325965.56,224661.12,15.0,36,13,11299.7,0,0
SYNTHETIC_ONLY,demo-nbfc-ev-002,Synthetic Summit Vehicle Finance NBFC,SYN-EV-3W-2025,SYN-D-LN-0197,SYN-D-BR-0197,Synthetic Borrower D0197,Electric three-wheeler,Tamil Nadu,2025-09-15,2026-09-15,337548.1,272099.41,16.0,48,12,9566.21,0,0
SYNTHETIC_ONLY,demo-nbfc-ev-002,Synthetic Summit Vehicle Finance NBFC,SYN-EV-3W-2025,SYN-D-LN-0198,SYN-D-BR-0198,Synthetic Borrower D0198,Electric three-wheeler,Maharashtra,2025-01-15,2026-09-15,244887.84,131085.82,17.0,36,19,8730.92,30,1
SYNTHETIC_ONLY,demo-nbfc-ev-002,Synthetic Summit Vehicle Finance NBFC,SYN-EV-3W-2025,SYN-D-LN-0199,SYN-D-BR-0199,Synthetic Borrower D0199,Electric three-wheeler,Karnataka,2025-02-15,2026-09-15,256470.36,176111.07,18.0,48,19,7533.82,0,0
SYNTHETIC_ONLY,demo-nbfc-ev-002,Synthetic Summit Vehicle Finance NBFC,SYN-EV-3W-2025,SYN-D-LN-0200,SYN-D-BR-0200,Synthetic Borrower D0200,Electric three-wheeler,Tamil Nadu,2025-03-15,2026-09-15,268052.91,147967.17,14.0,36,18,9161.41,0,0
SYNTHETIC_ONLY,demo-nbfc-ev-002,Synthetic Summit Vehicle Finance NBFC,SYN-EV-3W-2025,SYN-D-LN-0201,SYN-D-BR-0201,Synthetic Borrower D0201,Electric three-wheeler,Maharashtra,2025-04-15,2026-09-15,279635.43,198992.06,15.0,48,17,7782.46,0,0
SYNTHETIC_ONLY,demo-nbfc-ev-002,Synthetic Summit Vehicle Finance NBFC,SYN-EV-3W-2025,SYN-D-LN-0202,SYN-D-BR-0202,Synthetic Borrower D0202,Electric three-wheeler,Karnataka,2025-05-15,2026-09-15,291217.97,178700.95,16.0,36,16,10238.36,0,0
SYNTHETIC_ONLY,demo-nbfc-ev-002,Synthetic Summit Vehicle Finance NBFC,SYN-EV-3W-2025,SYN-D-LN-0203,SYN-D-BR-0203,Synthetic Borrower D0203,Electric three-wheeler,Tamil Nadu,2025-06-15,2026-09-15,302800.49,229045.95,17.0,48,15,8737.32,0,0
SYNTHETIC_ONLY,demo-nbfc-ev-002,Synthetic Summit Vehicle Finance NBFC,SYN-EV-3W-2025,SYN-D-LN-0204,SYN-D-BR-0204,Synthetic Borrower D0204,Electric three-wheeler,Maharashtra,2025-07-15,2026-09-15,314383.03,227659.57,18.0,36,12,11365.7,66,2
SYNTHETIC_ONLY,demo-nbfc-ev-002,Synthetic Summit Vehicle Finance NBFC,SYN-EV-3W-2025,SYN-D-LN-0205,SYN-D-BR-0205,Synthetic Borrower D0205,Electric three-wheeler,Karnataka,2025-08-15,2026-09-15,325965.56,254756.52,14.0,48,13,8907.49,0,0
SYNTHETIC_ONLY,demo-nbfc-ev-002,Synthetic Summit Vehicle Finance NBFC,SYN-EV-3W-2025,SYN-D-LN-0206,SYN-D-BR-0206,Synthetic Borrower D0206,Electric three-wheeler,Tamil Nadu,2025-09-15,2026-09-15,337548.09,241328.61,15.0,36,12,11701.22,0,0
SYNTHETIC_ONLY,demo-nbfc-ev-002,Synthetic Summit Vehicle Finance NBFC,SYN-EV-3W-2025,SYN-D-LN-0207,SYN-D-BR-0207,Synthetic Borrower D0207,Electric three-wheeler,Maharashtra,2025-01-15,2026-09-15,244887.82,161288.53,16.0,48,20,6940.19,0,0
SYNTHETIC_ONLY,demo-nbfc-ev-002,Synthetic Summit Vehicle Finance NBFC,SYN-EV-3W-2025,SYN-D-LN-0208,SYN-D-BR-0208,Synthetic Borrower D0208,Electric three-wheeler,Karnataka,2025-02-15,2026-09-15,256470.36,137285.82,17.0,36,19,9143.87,0,0
SYNTHETIC_ONLY,demo-nbfc-ev-002,Synthetic Summit Vehicle Finance NBFC,SYN-EV-3W-2025,SYN-D-LN-0209,SYN-D-BR-0209,Synthetic Borrower D0209,Electric three-wheeler,Tamil Nadu,2025-03-15,2026-09-15,268052.9,189102.0,18.0,48,18,7874.05,0,0
SYNTHETIC_ONLY,demo-nbfc-ev-002,Synthetic Summit Vehicle Finance NBFC,SYN-EV-3W-2025,SYN-D-LN-0210,SYN-D-BR-0210,Synthetic Borrower D0210,Electric three-wheeler,Maharashtra,2025-04-15,2026-09-15,279635.44,184502.19,14.0,36,14,9557.28,93,3
SYNTHETIC_ONLY,demo-nbfc-ev-002,Synthetic Summit Vehicle Finance NBFC,SYN-EV-3W-2025,SYN-D-LN-0211,SYN-D-BR-0211,Synthetic Borrower D0211,Electric three-wheeler,Karnataka,2025-05-15,2026-09-15,291217.96,212680.64,15.0,48,16,8104.81,0,0
SYNTHETIC_ONLY,demo-nbfc-ev-002,Synthetic Summit Vehicle Finance NBFC,SYN-EV-3W-2025,SYN-D-LN-0212,SYN-D-BR-0212,Synthetic Borrower D0212,Electric three-wheeler,Tamil Nadu,2025-06-15,2026-09-15,302800.49,193869.01,16.0,36,15,10645.57,0,0
SYNTHETIC_ONLY,demo-nbfc-ev-002,Synthetic Summit Vehicle Finance NBFC,SYN-EV-3W-2025,SYN-D-LN-0213,SYN-D-BR-0213,Synthetic Borrower D0213,Electric three-wheeler,Maharashtra,2025-07-15,2026-09-15,314383.03,243430.22,17.0,48,14,9071.54,0,0
SYNTHETIC_ONLY,demo-nbfc-ev-002,Synthetic Summit Vehicle Finance NBFC,SYN-EV-3W-2025,SYN-D-LN-0214,SYN-D-BR-0214,Synthetic Borrower D0214,Electric three-wheeler,Karnataka,2025-08-15,2026-09-15,325965.56,227803.3,18.0,36,13,11784.44,0,0
SYNTHETIC_ONLY,demo-nbfc-ev-002,Synthetic Summit Vehicle Finance NBFC,SYN-EV-3W-2025,SYN-D-LN-0215,SYN-D-BR-0215,Synthetic Borrower D0215,Electric three-wheeler,Tamil Nadu,2025-09-15,2026-09-15,337548.1,269884.14,14.0,48,12,9224.0,0,0
SYNTHETIC_ONLY,demo-nbfc-ev-002,Synthetic Summit Vehicle Finance NBFC,SYN-EV-3W-2025,SYN-D-LN-0216,SYN-D-BR-0216,Synthetic Borrower D0216,Electric three-wheeler,Maharashtra,2025-01-15,2026-09-15,244887.83,129288.56,15.0,36,19,8489.12,30,1
SYNTHETIC_ONLY,demo-nbfc-ev-002,Synthetic Summit Vehicle Finance NBFC,SYN-EV-3W-2025,SYN-D-LN-0217,SYN-D-BR-0217,Synthetic Borrower D0217,Electric three-wheeler,Karnataka,2025-02-15,2026-09-15,256470.37,173867.26,16.0,48,19,7268.44,0,0
SYNTHETIC_ONLY,demo-nbfc-ev-002,Synthetic Summit Vehicle Finance NBFC,SYN-EV-3W-2025,SYN-D-LN-0218,SYN-D-BR-0218,Synthetic Borrower D0218,Electric three-wheeler,Tamil Nadu,2025-03-15,2026-09-15,268052.91,150904.83,17.0,36,18,9556.82,0,0
SYNTHETIC_ONLY,demo-nbfc-ev-002,Synthetic Summit Vehicle Finance NBFC,SYN-EV-3W-2025,SYN-D-LN-0219,SYN-D-BR-0219,Synthetic Borrower D0219,Electric three-wheeler,Maharashtra,2025-04-15,2026-09-15,279635.44,202450.61,18.0,48,17,8214.29,0,0
SYNTHETIC_ONLY,demo-nbfc-ev-002,Synthetic Summit Vehicle Finance NBFC,SYN-EV-3W-2025,SYN-D-LN-0220,SYN-D-BR-0220,Synthetic Borrower D0220,Electric three-wheeler,Karnataka,2025-05-15,2026-09-15,291217.97,176631.41,14.0,36,16,9953.14,0,0
SYNTHETIC_ONLY,demo-nbfc-ev-002,Synthetic Summit Vehicle Finance NBFC,SYN-EV-3W-2025,SYN-D-LN-0221,SYN-D-BR-0221,Synthetic Borrower D0221,Electric three-wheeler,Tamil Nadu,2025-06-15,2026-09-15,302800.5,226732.54,15.0,48,15,8427.16,0,0
SYNTHETIC_ONLY,demo-nbfc-ev-002,Synthetic Summit Vehicle Finance NBFC,SYN-EV-3W-2025,SYN-D-LN-0222,SYN-D-BR-0222,Synthetic Borrower D0222,Electric three-wheeler,Maharashtra,2025-07-15,2026-09-15,314383.03,225736.77,16.0,36,12,11052.77,66,2
SYNTHETIC_ONLY,demo-nbfc-ev-002,Synthetic Summit Vehicle Finance NBFC,SYN-EV-3W-2025,SYN-D-LN-0223,SYN-D-BR-0223,Synthetic Borrower D0223,Electric three-wheeler,Karnataka,2025-08-15,2026-09-15,325965.56,258147.36,17.0,48,13,9405.75,0,0
SYNTHETIC_ONLY,demo-nbfc-ev-002,Synthetic Summit Vehicle Finance NBFC,SYN-EV-3W-2025,SYN-D-LN-0224,SYN-D-BR-0224,Synthetic Borrower D0224,Electric three-wheeler,Tamil Nadu,2025-09-15,2026-09-15,337548.1,244434.49,18.0,36,12,12203.17,0,0
SYNTHETIC_ONLY,demo-nbfc-ev-002,Synthetic Summit Vehicle Finance NBFC,SYN-EV-3W-2025,SYN-D-LN-0225,SYN-D-BR-0225,Synthetic Borrower D0225,Electric three-wheeler,Maharashtra,2025-01-15,2026-09-15,244887.83,159063.52,14.0,48,20,6691.92,0,0
SYNTHETIC_ONLY,demo-nbfc-ev-002,Synthetic Summit Vehicle Finance NBFC,SYN-EV-3W-2025,SYN-D-LN-0226,SYN-D-BR-0226,Synthetic Borrower D0226,Electric three-wheeler,Karnataka,2025-02-15,2026-09-15,256470.36,135403.56,15.0,36,19,8890.63,0,0
SYNTHETIC_ONLY,demo-nbfc-ev-002,Synthetic Summit Vehicle Finance NBFC,SYN-EV-3W-2025,SYN-D-LN-0227,SYN-D-BR-0227,Synthetic Borrower D0227,Electric three-wheeler,Tamil Nadu,2025-03-15,2026-09-15,268052.91,186825.03,16.0,48,18,7596.69,0,0
SYNTHETIC_ONLY,demo-nbfc-ev-002,Synthetic Summit Vehicle Finance NBFC,SYN-EV-3W-2025,SYN-D-LN-0228,SYN-D-BR-0228,Synthetic Borrower D0228,Electric three-wheeler,Maharashtra,2025-04-15,2026-09-15,279635.43,187317.57,17.0,36,14,9969.77,93,3
SYNTHETIC_ONLY,demo-nbfc-ev-002,Synthetic Summit Vehicle Finance NBFC,SYN-EV-3W-2025,SYN-D-LN-0229,SYN-D-BR-0229,Synthetic Borrower D0229,Electric three-wheeler,Karnataka,2025-05-15,2026-09-15,291217.96,216148.43,18.0,48,16,8554.53,0,0
SYNTHETIC_ONLY,demo-nbfc-ev-002,Synthetic Summit Vehicle Finance NBFC,SYN-EV-3W-2025,SYN-D-LN-0230,SYN-D-BR-0230,Synthetic Borrower D0230,Electric three-wheeler,Tamil Nadu,2025-06-15,2026-09-15,302800.5,191768.23,14.0,36,15,10349.0,0,0
SYNTHETIC_ONLY,demo-nbfc-ev-002,Synthetic Summit Vehicle Finance NBFC,SYN-EV-3W-2025,SYN-D-LN-0231,SYN-D-BR-0231,Synthetic Borrower D0231,Electric three-wheeler,Maharashtra,2025-07-15,2026-09-15,314383.03,241140.63,15.0,48,14,8749.51,0,0
SYNTHETIC_ONLY,demo-nbfc-ev-002,Synthetic Summit Vehicle Finance NBFC,SYN-EV-3W-2025,SYN-D-LN-0232,SYN-D-BR-0232,Synthetic Borrower D0232,Electric three-wheeler,Karnataka,2025-08-15,2026-09-15,325965.56,225714.12,16.0,36,13,11459.98,0,0
SYNTHETIC_ONLY,demo-nbfc-ev-002,Synthetic Summit Vehicle Finance NBFC,SYN-EV-3W-2025,SYN-D-LN-0233,SYN-D-BR-0233,Synthetic Borrower D0233,Electric three-wheeler,Tamil Nadu,2025-09-15,2026-09-15,337548.09,273189.88,17.0,48,12,9739.96,0,0
SYNTHETIC_ONLY,demo-nbfc-ev-002,Synthetic Summit Vehicle Finance NBFC,SYN-EV-3W-2025,SYN-D-LN-0234,SYN-D-BR-0234,Synthetic Borrower D0234,Electric three-wheeler,Maharashtra,2025-01-15,2026-09-15,244887.83,131981.62,18.0,36,19,8853.28,30,1
SYNTHETIC_ONLY,demo-nbfc-ev-002,Synthetic Summit Vehicle Finance NBFC,SYN-EV-3W-2025,SYN-D-LN-0235,SYN-D-BR-0235,Synthetic Borrower D0235,Electric three-wheeler,Karnataka,2025-02-15,2026-09-15,256470.36,171593.3,14.0,48,19,7008.43,0,0
SYNTHETIC_ONLY,demo-nbfc-ev-002,Synthetic Summit Vehicle Finance NBFC,SYN-EV-3W-2025,SYN-D-LN-0236,SYN-D-BR-0236,Synthetic Borrower D0236,Electric three-wheeler,Tamil Nadu,2025-03-15,2026-09-15,268052.9,148948.84,15.0,36,18,9292.14,0,0
SYNTHETIC_ONLY,demo-nbfc-ev-002,Synthetic Summit Vehicle Finance NBFC,SYN-EV-3W-2025,SYN-D-LN-0237,SYN-D-BR-0237,Synthetic Borrower D0237,Electric three-wheeler,Maharashtra,2025-04-15,2026-09-15,279635.43,200153.94,16.0,48,17,7924.95,0,0
SYNTHETIC_ONLY,demo-nbfc-ev-002,Synthetic Summit Vehicle Finance NBFC,SYN-EV-3W-2025,SYN-D-LN-0238,SYN-D-BR-0238,Synthetic Borrower D0238,Electric three-wheeler,Karnataka,2025-05-15,2026-09-15,291217.97,179730.08,17.0,36,16,10382.71,0,0
SYNTHETIC_ONLY,demo-nbfc-ev-002,Synthetic Summit Vehicle Finance NBFC,SYN-EV-3W-2025,SYN-D-LN-0239,SYN-D-BR-0239,Synthetic Borrower D0239,Electric three-wheeler,Tamil Nadu,2025-06-15,2026-09-15,302800.49,230187.2,18.0,48,15,8894.76,0,0
SYNTHETIC_ONLY,demo-nbfc-ev-002,Synthetic Summit Vehicle Finance NBFC,SYN-EV-3W-2025,SYN-D-LN-0240,SYN-D-BR-0240,Synthetic Borrower D0240,Electric three-wheeler,Maharashtra,2025-07-15,2026-09-15,314383.02,223791.32,14.0,36,12,10744.87,66,2
SYNTHETIC_ONLY,demo-nbfc-ev-002,Synthetic Summit Vehicle Finance NBFC,SYN-EV-3W-2025,SYN-D-LN-0241,SYN-D-BR-0241,Synthetic Borrower D0241,Electric three-wheeler,Karnataka,2025-08-15,2026-09-15,325965.57,255897.9,15.0,48,13,9071.87,0,0
SYNTHETIC_ONLY,demo-nbfc-ev-002,Synthetic Summit Vehicle Finance NBFC,SYN-EV-3W-2025,SYN-D-LN-0242,SYN-D-BR-0242,Synthetic Borrower D0242,Electric three-wheeler,Tamil Nadu,2025-09-15,2026-09-15,337548.1,242370.01,16.0,36,12,11867.19,0,0
SYNTHETIC_ONLY,demo-nbfc-ev-002,Synthetic Summit Vehicle Finance NBFC,SYN-EV-3W-2025,SYN-D-LN-0243,SYN-D-BR-0243,Synthetic Borrower D0243,Electric three-wheeler,Maharashtra,2025-01-15,2026-09-15,244887.84,162390.97,17.0,48,20,7066.25,0,0
SYNTHETIC_ONLY,demo-nbfc-ev-002,Synthetic Summit Vehicle Finance NBFC,SYN-EV-3W-2025,SYN-D-LN-0244,SYN-D-BR-0244,Synthetic Borrower D0244,Electric three-wheeler,Karnataka,2025-02-15,2026-09-15,256470.36,138223.99,18.0,36,19,9272.02,0,0
SYNTHETIC_ONLY,demo-nbfc-ev-002,Synthetic Summit Vehicle Finance NBFC,SYN-EV-3W-2025,SYN-D-LN-0245,SYN-D-BR-0245,Synthetic Borrower D0245,Electric three-wheeler,Tamil Nadu,2025-03-15,2026-09-15,268052.9,184514.95,14.0,48,18,7324.94,0,0
SYNTHETIC_ONLY,demo-nbfc-ev-002,Synthetic Summit Vehicle Finance NBFC,SYN-EV-3W-2025,SYN-D-LN-0246,SYN-D-BR-0246,Synthetic Borrower D0246,Electric three-wheeler,Maharashtra,2025-04-15,2026-09-15,279635.43,185445.06,15.0,36,14,9693.65,93,3
SYNTHETIC_ONLY,demo-nbfc-ev-002,Synthetic Summit Vehicle Finance NBFC,SYN-EV-3W-2025,SYN-D-LN-0247,SYN-D-BR-0247,Synthetic Borrower D0247,Electric three-wheeler,Karnataka,2025-05-15,2026-09-15,291217.97,213846.26,16.0,48,16,8253.2,0,0
SYNTHETIC_ONLY,demo-nbfc-ev-002,Synthetic Summit Vehicle Finance NBFC,SYN-EV-3W-2025,SYN-D-LN-0248,SYN-D-BR-0248,Synthetic Borrower D0248,Electric three-wheeler,Tamil Nadu,2025-06-15,2026-09-15,302800.49,194912.83,17.0,36,15,10795.66,0,0
SYNTHETIC_ONLY,demo-nbfc-ev-002,Synthetic Summit Vehicle Finance NBFC,SYN-EV-3W-2025,SYN-D-LN-0249,SYN-D-BR-0249,Synthetic Borrower D0249,Electric three-wheeler,Maharashtra,2025-07-15,2026-09-15,314383.03,244558.8,18.0,48,14,9235.0,0,0
SYNTHETIC_ONLY,demo-nbfc-ev-002,Synthetic Summit Vehicle Finance NBFC,SYN-EV-3W-2025,SYN-D-LN-0250,SYN-D-BR-0250,Synthetic Borrower D0250,Electric three-wheeler,Karnataka,2025-08-15,2026-09-15,325965.56,223602.63,14.0,36,13,11140.73,0,0
SYNTHETIC_ONLY,demo-nbfc-ev-002,Synthetic Summit Vehicle Finance NBFC,SYN-EV-3W-2025,SYN-D-LN-0251,SYN-D-BR-0251,Synthetic Borrower D0251,Electric three-wheeler,Tamil Nadu,2025-09-15,2026-09-15,337548.09,270997.46,15.0,48,12,9394.22,0,0
SYNTHETIC_ONLY,demo-nbfc-ev-002,Synthetic Summit Vehicle Finance NBFC,SYN-EV-3W-2025,SYN-D-LN-0252,SYN-D-BR-0252,Synthetic Borrower D0252,Electric three-wheeler,Maharashtra,2025-01-15,2026-09-15,244887.83,130188.1,16.0,36,19,8609.53,30,1
SYNTHETIC_ONLY,demo-nbfc-ev-002,Synthetic Summit Vehicle Finance NBFC,SYN-EV-3W-2025,SYN-D-LN-0253,SYN-D-BR-0253,Synthetic Borrower D0253,Electric three-wheeler,Karnataka,2025-02-15,2026-09-15,256470.36,174993.01,17.0,48,19,7400.46,0,0
SYNTHETIC_ONLY,demo-nbfc-ev-002,Synthetic Summit Vehicle Finance NBFC,SYN-EV-3W-2025,SYN-D-LN-0254,SYN-D-BR-0254,Synthetic Borrower D0254,Electric three-wheeler,Tamil Nadu,2025-03-15,2026-09-15,268052.9,151878.94,18.0,36,18,9690.75,0,0
SYNTHETIC_ONLY,demo-nbfc-ev-002,Synthetic Summit Vehicle Finance NBFC,SYN-EV-3W-2025,SYN-D-LN-0255,SYN-D-BR-0255,Synthetic Borrower D0255,Electric three-wheeler,Maharashtra,2025-04-15,2026-09-15,279635.43,197821.35,14.0,48,17,7641.45,0,0
SYNTHETIC_ONLY,demo-nbfc-ev-002,Synthetic Summit Vehicle Finance NBFC,SYN-EV-3W-2025,SYN-D-LN-0256,SYN-D-BR-0256,Synthetic Borrower D0256,Electric three-wheeler,Karnataka,2025-05-15,2026-09-15,291217.96,177668.02,15.0,36,16,10095.17,0,0
SYNTHETIC_ONLY,demo-nbfc-ev-002,Synthetic Summit Vehicle Finance NBFC,SYN-EV-3W-2025,SYN-D-LN-0257,SYN-D-BR-0257,Synthetic Borrower D0257,Electric three-wheeler,Tamil Nadu,2025-06-15,2026-09-15,302800.51,227894.37,16.0,48,15,8581.45,0,0
SYNTHETIC_ONLY,demo-nbfc-ev-002,Synthetic Summit Vehicle Finance NBFC,SYN-EV-3W-2025,SYN-D-LN-0258,SYN-D-BR-0258,Synthetic Borrower D0258,Electric three-wheeler,Maharashtra,2025-07-15,2026-09-15,314383.02,226701.03,17.0,36,12,11208.61,66,2
SYNTHETIC_ONLY,demo-nbfc-ev-002,Synthetic Summit Vehicle Finance NBFC,SYN-EV-3W-2025,SYN-D-LN-0259,SYN-D-BR-0259,Synthetic Borrower D0259,Electric three-wheeler,Karnataka,2025-08-15,2026-09-15,325965.56,259255.27,18.0,48,13,9575.24,0,0
SYNTHETIC_ONLY,demo-nbfc-ev-002,Synthetic Summit Vehicle Finance NBFC,SYN-EV-3W-2025,SYN-D-LN-0260,SYN-D-BR-0260,Synthetic Borrower D0260,Electric three-wheeler,Tamil Nadu,2025-09-15,2026-09-15,337548.11,240281.22,14.0,36,12,11536.59,0,0
SYNTHETIC_ONLY,demo-nbfc-ev-002,Synthetic Summit Vehicle Finance NBFC,SYN-EV-3W-2025,SYN-D-LN-0261,SYN-D-BR-0261,Synthetic Borrower D0261,Electric three-wheeler,Maharashtra,2025-01-15,2026-09-15,244887.83,160179.33,15.0,48,20,6815.41,0,0
SYNTHETIC_ONLY,demo-nbfc-ev-002,Synthetic Summit Vehicle Finance NBFC,SYN-EV-3W-2025,SYN-D-LN-0262,SYN-D-BR-0262,Synthetic Borrower D0262,Electric three-wheeler,Karnataka,2025-02-15,2026-09-15,256470.35,136345.64,16.0,36,19,9016.74,0,0
SYNTHETIC_ONLY,demo-nbfc-ev-002,Synthetic Summit Vehicle Finance NBFC,SYN-EV-3W-2025,SYN-D-LN-0263,SYN-D-BR-0263,Synthetic Borrower D0263,Electric three-wheeler,Tamil Nadu,2025-03-15,2026-09-15,268052.9,187967.73,17.0,48,18,7734.68,0,0
SYNTHETIC_ONLY,demo-nbfc-ev-002,Synthetic Summit Vehicle Finance NBFC,SYN-EV-3W-2025,SYN-D-LN-0264,SYN-D-BR-0264,Synthetic Borrower D0264,Electric three-wheeler,Maharashtra,2025-04-15,2026-09-15,279635.43,188247.05,18.0,36,14,10109.49,93,3
SYNTHETIC_ONLY,demo-nbfc-ev-002,Synthetic Summit Vehicle Finance NBFC,SYN-EV-3W-2025,SYN-D-LN-0265,SYN-D-BR-0265,Synthetic Borrower D0265,Electric three-wheeler,Karnataka,2025-05-15,2026-09-15,291217.96,211505.53,14.0,48,16,7957.96,0,0
SYNTHETIC_ONLY,demo-nbfc-ev-002,Synthetic Summit Vehicle Finance NBFC,SYN-EV-3W-2025,SYN-D-LN-0266,SYN-D-BR-0266,Synthetic Borrower D0266,Electric three-wheeler,Tamil Nadu,2025-06-15,2026-09-15,302800.5,192820.79,15.0,36,15,10496.68,0,0
SYNTHETIC_ONLY,demo-nbfc-ev-002,Synthetic Summit Vehicle Finance NBFC,SYN-EV-3W-2025,SYN-D-LN-0267,SYN-D-BR-0267,Synthetic Borrower D0267,Electric three-wheeler,Maharashtra,2025-07-15,2026-09-15,314383.03,242290.79,16.0,48,14,8909.7,0,0
SYNTHETIC_ONLY,demo-nbfc-ev-002,Synthetic Summit Vehicle Finance NBFC,SYN-EV-3W-2025,SYN-D-LN-0268,SYN-D-BR-0268,Synthetic Borrower D0268,Electric three-wheeler,Karnataka,2025-08-15,2026-09-15,325965.56,226761.54,17.0,36,13,11621.56,0,0
SYNTHETIC_ONLY,demo-nbfc-ev-002,Synthetic Summit Vehicle Finance NBFC,SYN-EV-3W-2025,SYN-D-LN-0269,SYN-D-BR-0269,Synthetic Borrower D0269,Electric three-wheeler,Tamil Nadu,2025-09-15,2026-09-15,337548.1,274268.83,18.0,48,12,9915.48,0,0
SYNTHETIC_ONLY,demo-nbfc-ev-002,Synthetic Summit Vehicle Finance NBFC,SYN-EV-3W-2025,SYN-D-LN-0270,SYN-D-BR-0270,Synthetic Borrower D0270,Electric three-wheeler,Maharashtra,2025-01-15,2026-09-15,244887.83,128387.29,14.0,36,19,8369.69,30,1
SYNTHETIC_ONLY,demo-nbfc-ev-002,Synthetic Summit Vehicle Finance NBFC,SYN-EV-3W-2025,SYN-D-LN-0271,SYN-D-BR-0271,Synthetic Borrower D0271,Electric three-wheeler,Karnataka,2025-02-15,2026-09-15,256470.37,172733.97,15.0,48,19,7137.76,0,0
SYNTHETIC_ONLY,demo-nbfc-ev-002,Synthetic Summit Vehicle Finance NBFC,SYN-EV-3W-2025,SYN-D-LN-0272,SYN-D-BR-0272,Synthetic Borrower D0272,Electric three-wheeler,Tamil Nadu,2025-03-15,2026-09-15,268052.91,149928.1,16.0,36,18,9423.95,0,0
SYNTHETIC_ONLY,demo-nbfc-ev-002,Synthetic Summit Vehicle Finance NBFC,SYN-EV-3W-2025,SYN-D-LN-0273,SYN-D-BR-0273,Synthetic Borrower D0273,Electric three-wheeler,Maharashtra,2025-04-15,2026-09-15,279635.43,201306.83,17.0,48,17,8068.89,0,0
SYNTHETIC_ONLY,demo-nbfc-ev-002,Synthetic Summit Vehicle Finance NBFC,SYN-EV-3W-2025,SYN-D-LN-0274,SYN-D-BR-0274,Synthetic Borrower D0274,Electric three-wheeler,Karnataka,2025-05-15,2026-09-15,291217.95,180755.32,18.0,36,16,10528.23,0,0
SYNTHETIC_ONLY,demo-nbfc-ev-002,Synthetic Summit Vehicle Finance NBFC,SYN-EV-3W-2025,SYN-D-LN-0275,SYN-D-BR-0275,Synthetic Borrower D0275,Electric three-wheeler,Tamil Nadu,2025-06-15,2026-09-15,302800.49,225560.61,14.0,48,15,8274.47,0,0
SYNTHETIC_ONLY,demo-nbfc-ev-002,Synthetic Summit Vehicle Finance NBFC,SYN-EV-3W-2025,SYN-D-LN-0276,SYN-D-BR-0276,Synthetic Borrower D0276,Electric three-wheeler,Maharashtra,2025-07-15,2026-09-15,314383.03,224766.85,15.0,36,12,10898.19,66,2
SYNTHETIC_ONLY,demo-nbfc-ev-002,Synthetic Summit Vehicle Finance NBFC,SYN-EV-3W-2025,SYN-D-LN-0277,SYN-D-BR-0277,Synthetic Borrower D0277,Electric three-wheeler,Karnataka,2025-08-15,2026-09-15,325965.56,257028.21,16.0,48,13,9237.96,0,0
SYNTHETIC_ONLY,demo-nbfc-ev-002,Synthetic Summit Vehicle Finance NBFC,SYN-EV-3W-2025,SYN-D-LN-0278,SYN-D-BR-0278,Synthetic Borrower D0278,Electric three-wheeler,Tamil Nadu,2025-09-15,2026-09-15,337548.09,243405.32,17.0,36,12,12034.51,0,0
SYNTHETIC_ONLY,demo-nbfc-ev-002,Synthetic Summit Vehicle Finance NBFC,SYN-EV-3W-2025,SYN-D-LN-0279,SYN-D-BR-0279,Synthetic Borrower D0279,Electric three-wheeler,Maharashtra,2025-01-15,2026-09-15,244887.84,163486.46,18.0,48,20,7193.58,0,0
SYNTHETIC_ONLY,demo-nbfc-ev-002,Synthetic Summit Vehicle Finance NBFC,SYN-EV-3W-2025,SYN-D-LN-0280,SYN-D-BR-0280,Synthetic Borrower D0280,Electric three-wheeler,Karnataka,2025-02-15,2026-09-15,256470.36,134459.66,14.0,36,19,8765.55,0,0
SYNTHETIC_ONLY,demo-nbfc-ev-002,Synthetic Summit Vehicle Finance NBFC,SYN-EV-3W-2025,SYN-D-LN-0281,SYN-D-BR-0281,Synthetic Borrower D0281,Electric three-wheeler,Tamil Nadu,2025-03-15,2026-09-15,268052.9,185674.05,15.0,48,18,7460.11,0,0
SYNTHETIC_ONLY,demo-nbfc-ev-002,Synthetic Summit Vehicle Finance NBFC,SYN-EV-3W-2025,SYN-D-LN-0282,SYN-D-BR-0282,Synthetic Borrower D0282,Electric three-wheeler,Maharashtra,2025-04-15,2026-09-15,279635.44,186383.55,16.0,36,14,9831.15,93,3
SYNTHETIC_ONLY,demo-nbfc-ev-002,Synthetic Summit Vehicle Finance NBFC,SYN-EV-3W-2025,SYN-D-LN-0283,SYN-D-BR-0283,Synthetic Borrower D0283,Electric three-wheeler,Karnataka,2025-05-15,2026-09-15,291217.97,215002.23,17.0,48,16,8403.11,0,0
SYNTHETIC_ONLY,demo-nbfc-ev-002,Synthetic Summit Vehicle Finance NBFC,SYN-EV-3W-2025,SYN-D-LN-0284,SYN-D-BR-0284,Synthetic Borrower D0284,Electric three-wheeler,Tamil Nadu,2025-06-15,2026-09-15,302800.5,195952.14,18.0,36,15,10946.96,0,0
SYNTHETIC_ONLY,demo-nbfc-ev-002,Synthetic Summit Vehicle Finance NBFC,SYN-EV-3W-2025,SYN-D-LN-0285,SYN-D-BR-0285,Synthetic Borrower D0285,Electric three-wheeler,Maharashtra,2025-07-15,2026-09-15,314383.03,239979.83,14.0,48,14,8590.98,0,0
SYNTHETIC_ONLY,demo-nbfc-ev-002,Synthetic Summit Vehicle Finance NBFC,SYN-EV-3W-2025,SYN-D-LN-0286,SYN-D-BR-0286,Synthetic Borrower D0286,Electric three-wheeler,Karnataka,2025-08-15,2026-09-15,325965.56,224661.12,15.0,36,13,11299.7,0,0
SYNTHETIC_ONLY,demo-nbfc-ev-002,Synthetic Summit Vehicle Finance NBFC,SYN-EV-3W-2025,SYN-D-LN-0287,SYN-D-BR-0287,Synthetic Borrower D0287,Electric three-wheeler,Tamil Nadu,2025-09-15,2026-09-15,337548.1,272099.41,16.0,48,12,9566.21,0,0
SYNTHETIC_ONLY,demo-nbfc-ev-002,Synthetic Summit Vehicle Finance NBFC,SYN-EV-3W-2025,SYN-D-LN-0288,SYN-D-BR-0288,Synthetic Borrower D0288,Electric three-wheeler,Maharashtra,2025-01-15,2026-09-15,244887.84,131085.82,17.0,36,19,8730.92,30,1
SYNTHETIC_ONLY,demo-nbfc-ev-002,Synthetic Summit Vehicle Finance NBFC,SYN-EV-3W-2025,SYN-D-LN-0289,SYN-D-BR-0289,Synthetic Borrower D0289,Electric three-wheeler,Karnataka,2025-02-15,2026-09-15,256470.36,176111.07,18.0,48,19,7533.82,0,0
SYNTHETIC_ONLY,demo-nbfc-ev-002,Synthetic Summit Vehicle Finance NBFC,SYN-EV-3W-2025,SYN-D-LN-0290,SYN-D-BR-0290,Synthetic Borrower D0290,Electric three-wheeler,Tamil Nadu,2025-03-15,2026-09-15,268052.91,147967.17,14.0,36,18,9161.41,0,0
SYNTHETIC_ONLY,demo-nbfc-ev-002,Synthetic Summit Vehicle Finance NBFC,SYN-EV-3W-2025,SYN-D-LN-0291,SYN-D-BR-0291,Synthetic Borrower D0291,Electric three-wheeler,Maharashtra,2025-04-15,2026-09-15,279635.43,198992.06,15.0,48,17,7782.46,0,0
SYNTHETIC_ONLY,demo-nbfc-ev-002,Synthetic Summit Vehicle Finance NBFC,SYN-EV-3W-2025,SYN-D-LN-0292,SYN-D-BR-0292,Synthetic Borrower D0292,Electric three-wheeler,Karnataka,2025-05-15,2026-09-15,291217.97,178700.95,16.0,36,16,10238.36,0,0
SYNTHETIC_ONLY,demo-nbfc-ev-002,Synthetic Summit Vehicle Finance NBFC,SYN-EV-3W-2025,SYN-D-LN-0293,SYN-D-BR-0293,Synthetic Borrower D0293,Electric three-wheeler,Tamil Nadu,2025-06-15,2026-09-15,302800.49,229045.95,17.0,48,15,8737.32,0,0
SYNTHETIC_ONLY,demo-nbfc-ev-002,Synthetic Summit Vehicle Finance NBFC,SYN-EV-3W-2025,SYN-D-LN-0294,SYN-D-BR-0294,Synthetic Borrower D0294,Electric three-wheeler,Maharashtra,2025-07-15,2026-09-15,314383.03,227659.57,18.0,36,12,11365.7,66,2
SYNTHETIC_ONLY,demo-nbfc-ev-002,Synthetic Summit Vehicle Finance NBFC,SYN-EV-3W-2025,SYN-D-LN-0295,SYN-D-BR-0295,Synthetic Borrower D0295,Electric three-wheeler,Karnataka,2025-08-15,2026-09-15,325965.56,254756.52,14.0,48,13,8907.49,0,0
SYNTHETIC_ONLY,demo-nbfc-ev-002,Synthetic Summit Vehicle Finance NBFC,SYN-EV-3W-2025,SYN-D-LN-0296,SYN-D-BR-0296,Synthetic Borrower D0296,Electric three-wheeler,Tamil Nadu,2025-09-15,2026-09-15,337548.09,241328.61,15.0,36,12,11701.22,0,0
SYNTHETIC_ONLY,demo-nbfc-ev-002,Synthetic Summit Vehicle Finance NBFC,SYN-EV-3W-2025,SYN-D-LN-0297,SYN-D-BR-0297,Synthetic Borrower D0297,Electric three-wheeler,Maharashtra,2025-01-15,2026-09-15,244887.82,161288.53,16.0,48,20,6940.19,0,0
SYNTHETIC_ONLY,demo-nbfc-ev-002,Synthetic Summit Vehicle Finance NBFC,SYN-EV-3W-2025,SYN-D-LN-0298,SYN-D-BR-0298,Synthetic Borrower D0298,Electric three-wheeler,Karnataka,2025-02-15,2026-09-15,256470.36,137285.82,17.0,36,19,9143.87,0,0
SYNTHETIC_ONLY,demo-nbfc-ev-002,Synthetic Summit Vehicle Finance NBFC,SYN-EV-3W-2025,SYN-D-LN-0299,SYN-D-BR-0299,Synthetic Borrower D0299,Electric three-wheeler,Tamil Nadu,2025-03-15,2026-09-15,268052.9,189102.0,18.0,48,18,7874.05,0,0
SYNTHETIC_ONLY,demo-nbfc-ev-002,Synthetic Summit Vehicle Finance NBFC,SYN-EV-3W-2025,SYN-D-LN-0300,SYN-D-BR-0300,Synthetic Borrower D0300,Electric three-wheeler,Maharashtra,2025-04-15,2026-09-15,279635.44,184502.19,14.0,36,14,9557.28,93,3
SYNTHETIC_ONLY,demo-nbfc-ev-002,Synthetic Summit Vehicle Finance NBFC,SYN-EV-3W-2025,SYN-D-LN-0301,SYN-D-BR-0301,Synthetic Borrower D0301,Electric three-wheeler,Karnataka,2025-05-15,2026-09-15,291217.96,212680.64,15.0,48,16,8104.81,0,0
SYNTHETIC_ONLY,demo-nbfc-ev-002,Synthetic Summit Vehicle Finance NBFC,SYN-EV-3W-2025,SYN-D-LN-0302,SYN-D-BR-0302,Synthetic Borrower D0302,Electric three-wheeler,Tamil Nadu,2025-06-15,2026-09-15,302800.49,193869.01,16.0,36,15,10645.57,0,0
SYNTHETIC_ONLY,demo-nbfc-ev-002,Synthetic Summit Vehicle Finance NBFC,SYN-EV-3W-2025,SYN-D-LN-0303,SYN-D-BR-0303,Synthetic Borrower D0303,Electric three-wheeler,Maharashtra,2025-07-15,2026-09-15,314383.03,243430.22,17.0,48,14,9071.54,0,0
SYNTHETIC_ONLY,demo-nbfc-ev-002,Synthetic Summit Vehicle Finance NBFC,SYN-EV-3W-2025,SYN-D-LN-0304,SYN-D-BR-0304,Synthetic Borrower D0304,Electric three-wheeler,Karnataka,2025-08-15,2026-09-15,325965.56,227803.3,18.0,36,13,11784.44,0,0
SYNTHETIC_ONLY,demo-nbfc-ev-002,Synthetic Summit Vehicle Finance NBFC,SYN-EV-3W-2025,SYN-D-LN-0305,SYN-D-BR-0305,Synthetic Borrower D0305,Electric three-wheeler,Tamil Nadu,2025-09-15,2026-09-15,337548.1,269884.14,14.0,48,12,9224.0,0,0
SYNTHETIC_ONLY,demo-nbfc-ev-002,Synthetic Summit Vehicle Finance NBFC,SYN-EV-3W-2025,SYN-D-LN-0306,SYN-D-BR-0306,Synthetic Borrower D0306,Electric three-wheeler,Maharashtra,2025-01-15,2026-09-15,244887.83,129288.56,15.0,36,19,8489.12,30,1
SYNTHETIC_ONLY,demo-nbfc-ev-002,Synthetic Summit Vehicle Finance NBFC,SYN-EV-3W-2025,SYN-D-LN-0307,SYN-D-BR-0307,Synthetic Borrower D0307,Electric three-wheeler,Karnataka,2025-02-15,2026-09-15,256470.37,173867.26,16.0,48,19,7268.44,0,0
SYNTHETIC_ONLY,demo-nbfc-ev-002,Synthetic Summit Vehicle Finance NBFC,SYN-EV-3W-2025,SYN-D-LN-0308,SYN-D-BR-0308,Synthetic Borrower D0308,Electric three-wheeler,Tamil Nadu,2025-03-15,2026-09-15,268052.91,150904.83,17.0,36,18,9556.82,0,0
SYNTHETIC_ONLY,demo-nbfc-ev-002,Synthetic Summit Vehicle Finance NBFC,SYN-EV-3W-2025,SYN-D-LN-0309,SYN-D-BR-0309,Synthetic Borrower D0309,Electric three-wheeler,Maharashtra,2025-04-15,2026-09-15,279635.44,202450.61,18.0,48,17,8214.29,0,0
SYNTHETIC_ONLY,demo-nbfc-ev-002,Synthetic Summit Vehicle Finance NBFC,SYN-EV-3W-2025,SYN-D-LN-0310,SYN-D-BR-0310,Synthetic Borrower D0310,Electric three-wheeler,Karnataka,2025-05-15,2026-09-15,291217.97,176631.41,14.0,36,16,9953.14,0,0
SYNTHETIC_ONLY,demo-nbfc-ev-002,Synthetic Summit Vehicle Finance NBFC,SYN-EV-3W-2025,SYN-D-LN-0311,SYN-D-BR-0311,Synthetic Borrower D0311,Electric three-wheeler,Tamil Nadu,2025-06-15,2026-09-15,302800.5,226732.54,15.0,48,15,8427.16,0,0
SYNTHETIC_ONLY,demo-nbfc-ev-002,Synthetic Summit Vehicle Finance NBFC,SYN-EV-3W-2025,SYN-D-LN-0312,SYN-D-BR-0312,Synthetic Borrower D0312,Electric three-wheeler,Maharashtra,2025-07-15,2026-09-15,314383.03,225736.77,16.0,36,12,11052.77,66,2
SYNTHETIC_ONLY,demo-nbfc-ev-002,Synthetic Summit Vehicle Finance NBFC,SYN-EV-3W-2025,SYN-D-LN-0313,SYN-D-BR-0313,Synthetic Borrower D0313,Electric three-wheeler,Karnataka,2025-08-15,2026-09-15,325965.56,258147.36,17.0,48,13,9405.75,0,0
SYNTHETIC_ONLY,demo-nbfc-ev-002,Synthetic Summit Vehicle Finance NBFC,SYN-EV-3W-2025,SYN-D-LN-0314,SYN-D-BR-0314,Synthetic Borrower D0314,Electric three-wheeler,Tamil Nadu,2025-09-15,2026-09-15,337548.1,244434.49,18.0,36,12,12203.17,0,0
SYNTHETIC_ONLY,demo-nbfc-ev-002,Synthetic Summit Vehicle Finance NBFC,SYN-EV-3W-2025,SYN-D-LN-0315,SYN-D-BR-0315,Synthetic Borrower D0315,Electric three-wheeler,Maharashtra,2025-01-15,2026-09-15,244887.83,159063.52,14.0,48,20,6691.92,0,0
SYNTHETIC_ONLY,demo-nbfc-ev-002,Synthetic Summit Vehicle Finance NBFC,SYN-EV-3W-2025,SYN-D-LN-0316,SYN-D-BR-0316,Synthetic Borrower D0316,Electric three-wheeler,Karnataka,2025-02-15,2026-09-15,256470.36,135403.56,15.0,36,19,8890.63,0,0
SYNTHETIC_ONLY,demo-nbfc-ev-002,Synthetic Summit Vehicle Finance NBFC,SYN-EV-3W-2025,SYN-D-LN-0317,SYN-D-BR-0317,Synthetic Borrower D0317,Electric three-wheeler,Tamil Nadu,2025-03-15,2026-09-15,268052.91,186825.03,16.0,48,18,7596.69,0,0
SYNTHETIC_ONLY,demo-nbfc-ev-002,Synthetic Summit Vehicle Finance NBFC,SYN-EV-3W-2025,SYN-D-LN-0318,SYN-D-BR-0318,Synthetic Borrower D0318,Electric three-wheeler,Maharashtra,2025-04-15,2026-09-15,279635.43,187317.57,17.0,36,14,9969.77,93,3
SYNTHETIC_ONLY,demo-nbfc-ev-002,Synthetic Summit Vehicle Finance NBFC,SYN-EV-3W-2025,SYN-D-LN-0319,SYN-D-BR-0319,Synthetic Borrower D0319,Electric three-wheeler,Karnataka,2025-05-15,2026-09-15,291217.96,216148.43,18.0,48,16,8554.53,0,0
SYNTHETIC_ONLY,demo-nbfc-ev-002,Synthetic Summit Vehicle Finance NBFC,SYN-EV-3W-2025,SYN-D-LN-0320,SYN-D-BR-0320,Synthetic Borrower D0320,Electric three-wheeler,Tamil Nadu,2025-06-15,2026-09-15,302800.5,191768.23,14.0,36,15,10349.0,0,0
SYNTHETIC_ONLY,demo-nbfc-ev-002,Synthetic Summit Vehicle Finance NBFC,SYN-EV-3W-2025,SYN-D-LN-0321,SYN-D-BR-0321,Synthetic Borrower D0321,Electric three-wheeler,Maharashtra,2025-07-15,2026-09-15,314383.03,241140.63,15.0,48,14,8749.51,0,0
SYNTHETIC_ONLY,demo-nbfc-ev-002,Synthetic Summit Vehicle Finance NBFC,SYN-EV-3W-2025,SYN-D-LN-0322,SYN-D-BR-0322,Synthetic Borrower D0322,Electric three-wheeler,Karnataka,2025-08-15,2026-09-15,325965.56,225714.12,16.0,36,13,11459.98,0,0
SYNTHETIC_ONLY,demo-nbfc-ev-002,Synthetic Summit Vehicle Finance NBFC,SYN-EV-3W-2025,SYN-D-LN-0323,SYN-D-BR-0323,Synthetic Borrower D0323,Electric three-wheeler,Tamil Nadu,2025-09-15,2026-09-15,337548.09,273189.88,17.0,48,12,9739.96,0,0
SYNTHETIC_ONLY,demo-nbfc-ev-002,Synthetic Summit Vehicle Finance NBFC,SYN-EV-3W-2025,SYN-D-LN-0324,SYN-D-BR-0324,Synthetic Borrower D0324,Electric three-wheeler,Maharashtra,2025-01-15,2026-09-15,244887.83,131981.62,18.0,36,19,8853.28,30,1
SYNTHETIC_ONLY,demo-nbfc-ev-002,Synthetic Summit Vehicle Finance NBFC,SYN-EV-3W-2025,SYN-D-LN-0325,SYN-D-BR-0325,Synthetic Borrower D0325,Electric three-wheeler,Karnataka,2025-02-15,2026-09-15,256470.36,171593.3,14.0,48,19,7008.43,0,0
SYNTHETIC_ONLY,demo-nbfc-ev-002,Synthetic Summit Vehicle Finance NBFC,SYN-EV-3W-2025,SYN-D-LN-0326,SYN-D-BR-0326,Synthetic Borrower D0326,Electric three-wheeler,Tamil Nadu,2025-03-15,2026-09-15,268052.9,148948.84,15.0,36,18,9292.14,0,0
SYNTHETIC_ONLY,demo-nbfc-ev-002,Synthetic Summit Vehicle Finance NBFC,SYN-EV-3W-2025,SYN-D-LN-0327,SYN-D-BR-0327,Synthetic Borrower D0327,Electric three-wheeler,Maharashtra,2025-04-15,2026-09-15,279635.43,200153.94,16.0,48,17,7924.95,0,0
SYNTHETIC_ONLY,demo-nbfc-ev-002,Synthetic Summit Vehicle Finance NBFC,SYN-EV-3W-2025,SYN-D-LN-0328,SYN-D-BR-0328,Synthetic Borrower D0328,Electric three-wheeler,Karnataka,2025-05-15,2026-09-15,291217.97,179730.08,17.0,36,16,10382.71,0,0
SYNTHETIC_ONLY,demo-nbfc-ev-002,Synthetic Summit Vehicle Finance NBFC,SYN-EV-3W-2025,SYN-D-LN-0329,SYN-D-BR-0329,Synthetic Borrower D0329,Electric three-wheeler,Tamil Nadu,2025-06-15,2026-09-15,302800.49,230187.2,18.0,48,15,8894.76,0,0
SYNTHETIC_ONLY,demo-nbfc-ev-002,Synthetic Summit Vehicle Finance NBFC,SYN-EV-3W-2025,SYN-D-LN-0330,SYN-D-BR-0330,Synthetic Borrower D0330,Electric three-wheeler,Maharashtra,2025-07-15,2026-09-15,314383.02,223791.32,14.0,36,12,10744.87,66,2
SYNTHETIC_ONLY,demo-nbfc-ev-002,Synthetic Summit Vehicle Finance NBFC,SYN-EV-3W-2025,SYN-D-LN-0331,SYN-D-BR-0331,Synthetic Borrower D0331,Electric three-wheeler,Karnataka,2025-08-15,2026-09-15,325965.57,255897.9,15.0,48,13,9071.87,0,0
SYNTHETIC_ONLY,demo-nbfc-ev-002,Synthetic Summit Vehicle Finance NBFC,SYN-EV-3W-2025,SYN-D-LN-0332,SYN-D-BR-0332,Synthetic Borrower D0332,Electric three-wheeler,Tamil Nadu,2025-09-15,2026-09-15,337548.1,242370.01,16.0,36,12,11867.19,0,0
SYNTHETIC_ONLY,demo-nbfc-ev-002,Synthetic Summit Vehicle Finance NBFC,SYN-EV-3W-2025,SYN-D-LN-0333,SYN-D-BR-0333,Synthetic Borrower D0333,Electric three-wheeler,Maharashtra,2025-01-15,2026-09-15,244887.84,162390.97,17.0,48,20,7066.25,0,0
SYNTHETIC_ONLY,demo-nbfc-ev-002,Synthetic Summit Vehicle Finance NBFC,SYN-EV-3W-2025,SYN-D-LN-0334,SYN-D-BR-0334,Synthetic Borrower D0334,Electric three-wheeler,Karnataka,2025-02-15,2026-09-15,256470.36,138223.99,18.0,36,19,9272.02,0,0
SYNTHETIC_ONLY,demo-nbfc-ev-002,Synthetic Summit Vehicle Finance NBFC,SYN-EV-3W-2025,SYN-D-LN-0335,SYN-D-BR-0335,Synthetic Borrower D0335,Electric three-wheeler,Tamil Nadu,2025-03-15,2026-09-15,268052.9,184514.95,14.0,48,18,7324.94,0,0
SYNTHETIC_ONLY,demo-nbfc-ev-002,Synthetic Summit Vehicle Finance NBFC,SYN-EV-3W-2025,SYN-D-LN-0336,SYN-D-BR-0336,Synthetic Borrower D0336,Electric three-wheeler,Maharashtra,2025-04-15,2026-09-15,279635.43,185445.06,15.0,36,14,9693.65,93,3
SYNTHETIC_ONLY,demo-nbfc-ev-002,Synthetic Summit Vehicle Finance NBFC,SYN-EV-3W-2025,SYN-D-LN-0337,SYN-D-BR-0337,Synthetic Borrower D0337,Electric three-wheeler,Karnataka,2025-05-15,2026-09-15,291217.97,213846.26,16.0,48,16,8253.2,0,0
SYNTHETIC_ONLY,demo-nbfc-ev-002,Synthetic Summit Vehicle Finance NBFC,SYN-EV-3W-2025,SYN-D-LN-0338,SYN-D-BR-0338,Synthetic Borrower D0338,Electric three-wheeler,Tamil Nadu,2025-06-15,2026-09-15,302800.49,194912.83,17.0,36,15,10795.66,0,0
SYNTHETIC_ONLY,demo-nbfc-ev-002,Synthetic Summit Vehicle Finance NBFC,SYN-EV-3W-2025,SYN-D-LN-0339,SYN-D-BR-0339,Synthetic Borrower D0339,Electric three-wheeler,Maharashtra,2025-07-15,2026-09-15,314383.03,244558.8,18.0,48,14,9235.0,0,0
SYNTHETIC_ONLY,demo-nbfc-ev-002,Synthetic Summit Vehicle Finance NBFC,SYN-EV-3W-2025,SYN-D-LN-0340,SYN-D-BR-0340,Synthetic Borrower D0340,Electric three-wheeler,Karnataka,2025-08-15,2026-09-15,325965.56,223602.63,14.0,36,13,11140.73,0,0
SYNTHETIC_ONLY,demo-nbfc-ev-002,Synthetic Summit Vehicle Finance NBFC,SYN-EV-3W-2025,SYN-D-LN-0341,SYN-D-BR-0341,Synthetic Borrower D0341,Electric three-wheeler,Tamil Nadu,2025-09-15,2026-09-15,337548.09,270997.46,15.0,48,12,9394.22,0,0
SYNTHETIC_ONLY,demo-nbfc-ev-002,Synthetic Summit Vehicle Finance NBFC,SYN-EV-3W-2025,SYN-D-LN-0342,SYN-D-BR-0342,Synthetic Borrower D0342,Electric three-wheeler,Maharashtra,2025-01-15,2026-09-15,244887.83,130188.1,16.0,36,19,8609.53,30,1
SYNTHETIC_ONLY,demo-nbfc-ev-002,Synthetic Summit Vehicle Finance NBFC,SYN-EV-3W-2025,SYN-D-LN-0343,SYN-D-BR-0343,Synthetic Borrower D0343,Electric three-wheeler,Karnataka,2025-02-15,2026-09-15,256470.36,174993.01,17.0,48,19,7400.46,0,0
SYNTHETIC_ONLY,demo-nbfc-ev-002,Synthetic Summit Vehicle Finance NBFC,SYN-EV-3W-2025,SYN-D-LN-0344,SYN-D-BR-0344,Synthetic Borrower D0344,Electric three-wheeler,Tamil Nadu,2025-03-15,2026-09-15,268052.9,151878.94,18.0,36,18,9690.75,0,0
SYNTHETIC_ONLY,demo-nbfc-ev-002,Synthetic Summit Vehicle Finance NBFC,SYN-EV-3W-2025,SYN-D-LN-0345,SYN-D-BR-0345,Synthetic Borrower D0345,Electric three-wheeler,Maharashtra,2025-04-15,2026-09-15,279635.43,197821.35,14.0,48,17,7641.45,0,0
SYNTHETIC_ONLY,demo-nbfc-ev-002,Synthetic Summit Vehicle Finance NBFC,SYN-EV-3W-2025,SYN-D-LN-0346,SYN-D-BR-0346,Synthetic Borrower D0346,Electric three-wheeler,Karnataka,2025-05-15,2026-09-15,291217.96,177668.02,15.0,36,16,10095.17,0,0
SYNTHETIC_ONLY,demo-nbfc-ev-002,Synthetic Summit Vehicle Finance NBFC,SYN-EV-3W-2025,SYN-D-LN-0347,SYN-D-BR-0347,Synthetic Borrower D0347,Electric three-wheeler,Tamil Nadu,2025-06-15,2026-09-15,302800.51,227894.37,16.0,48,15,8581.45,0,0
SYNTHETIC_ONLY,demo-nbfc-ev-002,Synthetic Summit Vehicle Finance NBFC,SYN-EV-3W-2025,SYN-D-LN-0348,SYN-D-BR-0348,Synthetic Borrower D0348,Electric three-wheeler,Maharashtra,2025-07-15,2026-09-15,314383.02,226701.03,17.0,36,12,11208.61,66,2
SYNTHETIC_ONLY,demo-nbfc-ev-002,Synthetic Summit Vehicle Finance NBFC,SYN-EV-3W-2025,SYN-D-LN-0349,SYN-D-BR-0349,Synthetic Borrower D0349,Electric three-wheeler,Karnataka,2025-08-15,2026-09-15,325965.56,259255.27,18.0,48,13,9575.24,0,0
SYNTHETIC_ONLY,demo-nbfc-ev-002,Synthetic Summit Vehicle Finance NBFC,SYN-EV-3W-2025,SYN-D-LN-0350,SYN-D-BR-0350,Synthetic Borrower D0350,Electric three-wheeler,Tamil Nadu,2025-09-15,2026-09-15,337548.11,240281.22,14.0,36,12,11536.59,0,0
SYNTHETIC_ONLY,demo-nbfc-ev-002,Synthetic Summit Vehicle Finance NBFC,SYN-EV-3W-2025,SYN-D-LN-0351,SYN-D-BR-0351,Synthetic Borrower D0351,Electric three-wheeler,Maharashtra,2025-01-15,2026-09-15,244887.83,160179.33,15.0,48,20,6815.41,0,0
SYNTHETIC_ONLY,demo-nbfc-ev-002,Synthetic Summit Vehicle Finance NBFC,SYN-EV-3W-2025,SYN-D-LN-0352,SYN-D-BR-0352,Synthetic Borrower D0352,Electric three-wheeler,Karnataka,2025-02-15,2026-09-15,256470.35,136345.64,16.0,36,19,9016.74,0,0
SYNTHETIC_ONLY,demo-nbfc-ev-002,Synthetic Summit Vehicle Finance NBFC,SYN-EV-3W-2025,SYN-D-LN-0353,SYN-D-BR-0353,Synthetic Borrower D0353,Electric three-wheeler,Tamil Nadu,2025-03-15,2026-09-15,268052.9,187967.73,17.0,48,18,7734.68,0,0
SYNTHETIC_ONLY,demo-nbfc-ev-002,Synthetic Summit Vehicle Finance NBFC,SYN-EV-3W-2025,SYN-D-LN-0354,SYN-D-BR-0354,Synthetic Borrower D0354,Electric three-wheeler,Maharashtra,2025-04-15,2026-09-15,279635.43,188247.05,18.0,36,14,10109.49,93,3
SYNTHETIC_ONLY,demo-nbfc-ev-002,Synthetic Summit Vehicle Finance NBFC,SYN-EV-3W-2025,SYN-D-LN-0355,SYN-D-BR-0355,Synthetic Borrower D0355,Electric three-wheeler,Karnataka,2025-05-15,2026-09-15,291217.96,211505.53,14.0,48,16,7957.96,0,0
SYNTHETIC_ONLY,demo-nbfc-ev-002,Synthetic Summit Vehicle Finance NBFC,SYN-EV-3W-2025,SYN-D-LN-0356,SYN-D-BR-0356,Synthetic Borrower D0356,Electric three-wheeler,Tamil Nadu,2025-06-15,2026-09-15,302800.5,192820.79,15.0,36,15,10496.68,0,0
SYNTHETIC_ONLY,demo-nbfc-ev-002,Synthetic Summit Vehicle Finance NBFC,SYN-EV-3W-2025,SYN-D-LN-0357,SYN-D-BR-0357,Synthetic Borrower D0357,Electric three-wheeler,Maharashtra,2025-07-15,2026-09-15,314383.03,242290.79,16.0,48,14,8909.7,0,0
SYNTHETIC_ONLY,demo-nbfc-ev-002,Synthetic Summit Vehicle Finance NBFC,SYN-EV-3W-2025,SYN-D-LN-0358,SYN-D-BR-0358,Synthetic Borrower D0358,Electric three-wheeler,Karnataka,2025-08-15,2026-09-15,325965.56,226761.54,17.0,36,13,11621.56,0,0
SYNTHETIC_ONLY,demo-nbfc-ev-002,Synthetic Summit Vehicle Finance NBFC,SYN-EV-3W-2025,SYN-D-LN-0359,SYN-D-BR-0359,Synthetic Borrower D0359,Electric three-wheeler,Tamil Nadu,2025-09-15,2026-09-15,337548.1,274268.83,18.0,48,12,9915.48,0,0
SYNTHETIC_ONLY,demo-nbfc-ev-002,Synthetic Summit Vehicle Finance NBFC,SYN-EV-3W-2025,SYN-D-LN-0360,SYN-D-BR-0360,Synthetic Borrower D0360,Electric three-wheeler,Maharashtra,2025-01-15,2026-09-15,244887.83,128387.29,14.0,36,19,8369.69,30,1
SYNTHETIC_ONLY,demo-nbfc-ev-002,Synthetic Summit Vehicle Finance NBFC,SYN-EV-3W-2025,SYN-D-LN-0361,SYN-D-BR-0361,Synthetic Borrower D0361,Electric three-wheeler,Karnataka,2025-02-15,2026-09-15,256470.37,172733.97,15.0,48,19,7137.76,0,0
SYNTHETIC_ONLY,demo-nbfc-ev-002,Synthetic Summit Vehicle Finance NBFC,SYN-EV-3W-2025,SYN-D-LN-0362,SYN-D-BR-0362,Synthetic Borrower D0362,Electric three-wheeler,Tamil Nadu,2025-03-15,2026-09-15,268052.91,149928.1,16.0,36,18,9423.95,0,0
SYNTHETIC_ONLY,demo-nbfc-ev-002,Synthetic Summit Vehicle Finance NBFC,SYN-EV-3W-2025,SYN-D-LN-0363,SYN-D-BR-0363,Synthetic Borrower D0363,Electric three-wheeler,Maharashtra,2025-04-15,2026-09-15,279635.43,201306.83,17.0,48,17,8068.89,0,0
SYNTHETIC_ONLY,demo-nbfc-ev-002,Synthetic Summit Vehicle Finance NBFC,SYN-EV-3W-2025,SYN-D-LN-0364,SYN-D-BR-0364,Synthetic Borrower D0364,Electric three-wheeler,Karnataka,2025-05-15,2026-09-15,291217.95,180755.32,18.0,36,16,10528.23,0,0
SYNTHETIC_ONLY,demo-nbfc-ev-002,Synthetic Summit Vehicle Finance NBFC,SYN-EV-3W-2025,SYN-D-LN-0365,SYN-D-BR-0365,Synthetic Borrower D0365,Electric three-wheeler,Tamil Nadu,2025-06-15,2026-09-15,302800.49,225560.61,14.0,48,15,8274.47,0,0
SYNTHETIC_ONLY,demo-nbfc-ev-002,Synthetic Summit Vehicle Finance NBFC,SYN-EV-3W-2025,SYN-D-LN-0366,SYN-D-BR-0366,Synthetic Borrower D0366,Electric three-wheeler,Maharashtra,2025-07-15,2026-09-15,314383.03,224766.85,15.0,36,12,10898.19,66,2
SYNTHETIC_ONLY,demo-nbfc-ev-002,Synthetic Summit Vehicle Finance NBFC,SYN-EV-3W-2025,SYN-D-LN-0367,SYN-D-BR-0367,Synthetic Borrower D0367,Electric three-wheeler,Karnataka,2025-08-15,2026-09-15,325965.56,257028.21,16.0,48,13,9237.96,0,0
SYNTHETIC_ONLY,demo-nbfc-ev-002,Synthetic Summit Vehicle Finance NBFC,SYN-EV-3W-2025,SYN-D-LN-0368,SYN-D-BR-0368,Synthetic Borrower D0368,Electric three-wheeler,Tamil Nadu,2025-09-15,2026-09-15,337548.09,243405.32,17.0,36,12,12034.51,0,0
SYNTHETIC_ONLY,demo-nbfc-ev-002,Synthetic Summit Vehicle Finance NBFC,SYN-EV-3W-2025,SYN-D-LN-0369,SYN-D-BR-0369,Synthetic Borrower D0369,Electric three-wheeler,Maharashtra,2025-01-15,2026-09-15,244887.84,163486.46,18.0,48,20,7193.58,0,0
SYNTHETIC_ONLY,demo-nbfc-ev-002,Synthetic Summit Vehicle Finance NBFC,SYN-EV-3W-2025,SYN-D-LN-0370,SYN-D-BR-0370,Synthetic Borrower D0370,Electric three-wheeler,Karnataka,2025-02-15,2026-09-15,256470.36,134459.66,14.0,36,19,8765.55,0,0
SYNTHETIC_ONLY,demo-nbfc-ev-002,Synthetic Summit Vehicle Finance NBFC,SYN-EV-3W-2025,SYN-D-LN-0371,SYN-D-BR-0371,Synthetic Borrower D0371,Electric three-wheeler,Tamil Nadu,2025-03-15,2026-09-15,268052.9,185674.05,15.0,48,18,7460.11,0,0
SYNTHETIC_ONLY,demo-nbfc-ev-002,Synthetic Summit Vehicle Finance NBFC,SYN-EV-3W-2025,SYN-D-LN-0372,SYN-D-BR-0372,Synthetic Borrower D0372,Electric three-wheeler,Maharashtra,2025-04-15,2026-09-15,279635.44,186383.55,16.0,36,14,9831.15,93,3
SYNTHETIC_ONLY,demo-nbfc-ev-002,Synthetic Summit Vehicle Finance NBFC,SYN-EV-3W-2025,SYN-D-LN-0373,SYN-D-BR-0373,Synthetic Borrower D0373,Electric three-wheeler,Karnataka,2025-05-15,2026-09-15,291217.97,215002.23,17.0,48,16,8403.11,0,0
SYNTHETIC_ONLY,demo-nbfc-ev-002,Synthetic Summit Vehicle Finance NBFC,SYN-EV-3W-2025,SYN-D-LN-0374,SYN-D-BR-0374,Synthetic Borrower D0374,Electric three-wheeler,Tamil Nadu,2025-06-15,2026-09-15,302800.5,195952.14,18.0,36,15,10946.96,0,0
SYNTHETIC_ONLY,demo-nbfc-ev-002,Synthetic Summit Vehicle Finance NBFC,SYN-EV-3W-2025,SYN-D-LN-0375,SYN-D-BR-0375,Synthetic Borrower D0375,Electric three-wheeler,Maharashtra,2025-07-15,2026-09-15,314383.03,239979.83,14.0,48,14,8590.98,0,0
SYNTHETIC_ONLY,demo-nbfc-ev-002,Synthetic Summit Vehicle Finance NBFC,SYN-EV-3W-2025,SYN-D-LN-0376,SYN-D-BR-0376,Synthetic Borrower D0376,Electric three-wheeler,Karnataka,2025-08-15,2026-09-15,325965.56,224661.12,15.0,36,13,11299.7,0,0
SYNTHETIC_ONLY,demo-nbfc-ev-002,Synthetic Summit Vehicle Finance NBFC,SYN-EV-3W-2025,SYN-D-LN-0377,SYN-D-BR-0377,Synthetic Borrower D0377,Electric three-wheeler,Tamil Nadu,2025-09-15,2026-09-15,337548.1,272099.41,16.0,48,12,9566.21,0,0
SYNTHETIC_ONLY,demo-nbfc-ev-002,Synthetic Summit Vehicle Finance NBFC,SYN-EV-3W-2025,SYN-D-LN-0378,SYN-D-BR-0378,Synthetic Borrower D0378,Electric three-wheeler,Maharashtra,2025-01-15,2026-09-15,244887.84,131085.82,17.0,36,19,8730.92,30,1
SYNTHETIC_ONLY,demo-nbfc-ev-002,Synthetic Summit Vehicle Finance NBFC,SYN-EV-3W-2025,SYN-D-LN-0379,SYN-D-BR-0379,Synthetic Borrower D0379,Electric three-wheeler,Karnataka,2025-02-15,2026-09-15,256470.36,176111.07,18.0,48,19,7533.82,0,0
SYNTHETIC_ONLY,demo-nbfc-ev-002,Synthetic Summit Vehicle Finance NBFC,SYN-EV-3W-2025,SYN-D-LN-0380,SYN-D-BR-0380,Synthetic Borrower D0380,Electric three-wheeler,Tamil Nadu,2025-03-15,2026-09-15,268052.91,147967.17,14.0,36,18,9161.41,0,0
SYNTHETIC_ONLY,demo-nbfc-ev-002,Synthetic Summit Vehicle Finance NBFC,SYN-EV-3W-2025,SYN-D-LN-0381,SYN-D-BR-0381,Synthetic Borrower D0381,Electric three-wheeler,Maharashtra,2025-04-15,2026-09-15,279635.43,198992.06,15.0,48,17,7782.46,0,0
SYNTHETIC_ONLY,demo-nbfc-ev-002,Synthetic Summit Vehicle Finance NBFC,SYN-EV-3W-2025,SYN-D-LN-0382,SYN-D-BR-0382,Synthetic Borrower D0382,Electric three-wheeler,Karnataka,2025-05-15,2026-09-15,291217.97,178700.95,16.0,36,16,10238.36,0,0
SYNTHETIC_ONLY,demo-nbfc-ev-002,Synthetic Summit Vehicle Finance NBFC,SYN-EV-3W-2025,SYN-D-LN-0383,SYN-D-BR-0383,Synthetic Borrower D0383,Electric three-wheeler,Tamil Nadu,2025-06-15,2026-09-15,302800.49,229045.95,17.0,48,15,8737.32,0,0
SYNTHETIC_ONLY,demo-nbfc-ev-002,Synthetic Summit Vehicle Finance NBFC,SYN-EV-3W-2025,SYN-D-LN-0384,SYN-D-BR-0384,Synthetic Borrower D0384,Electric three-wheeler,Maharashtra,2025-07-15,2026-09-15,314383.03,227659.57,18.0,36,12,11365.7,66,2
SYNTHETIC_ONLY,demo-nbfc-ev-002,Synthetic Summit Vehicle Finance NBFC,SYN-EV-3W-2025,SYN-D-LN-0385,SYN-D-BR-0385,Synthetic Borrower D0385,Electric three-wheeler,Karnataka,2025-08-15,2026-09-15,325965.56,254756.52,14.0,48,13,8907.49,0,0
SYNTHETIC_ONLY,demo-nbfc-ev-002,Synthetic Summit Vehicle Finance NBFC,SYN-EV-3W-2025,SYN-D-LN-0386,SYN-D-BR-0386,Synthetic Borrower D0386,Electric three-wheeler,Tamil Nadu,2025-09-15,2026-09-15,337548.09,241328.61,15.0,36,12,11701.22,0,0
SYNTHETIC_ONLY,demo-nbfc-ev-002,Synthetic Summit Vehicle Finance NBFC,SYN-EV-3W-2025,SYN-D-LN-0387,SYN-D-BR-0387,Synthetic Borrower D0387,Electric three-wheeler,Maharashtra,2025-01-15,2026-09-15,244887.82,161288.53,16.0,48,20,6940.19,0,0
SYNTHETIC_ONLY,demo-nbfc-ev-002,Synthetic Summit Vehicle Finance NBFC,SYN-EV-3W-2025,SYN-D-LN-0388,SYN-D-BR-0388,Synthetic Borrower D0388,Electric three-wheeler,Karnataka,2025-02-15,2026-09-15,256470.36,137285.82,17.0,36,19,9143.87,0,0
SYNTHETIC_ONLY,demo-nbfc-ev-002,Synthetic Summit Vehicle Finance NBFC,SYN-EV-3W-2025,SYN-D-LN-0389,SYN-D-BR-0389,Synthetic Borrower D0389,Electric three-wheeler,Tamil Nadu,2025-03-15,2026-09-15,268052.9,189102.0,18.0,48,18,7874.05,0,0
SYNTHETIC_ONLY,demo-nbfc-ev-002,Synthetic Summit Vehicle Finance NBFC,SYN-EV-3W-2025,SYN-D-LN-0390,SYN-D-BR-0390,Synthetic Borrower D0390,Electric three-wheeler,Maharashtra,2025-04-15,2026-09-15,279635.44,184502.19,14.0,36,14,9557.28,93,3
SYNTHETIC_ONLY,demo-nbfc-ev-002,Synthetic Summit Vehicle Finance NBFC,SYN-EV-3W-2025,SYN-D-LN-0391,SYN-D-BR-0391,Synthetic Borrower D0391,Electric three-wheeler,Karnataka,2025-05-15,2026-09-15,291217.96,212680.64,15.0,48,16,8104.81,0,0
SYNTHETIC_ONLY,demo-nbfc-ev-002,Synthetic Summit Vehicle Finance NBFC,SYN-EV-3W-2025,SYN-D-LN-0392,SYN-D-BR-0392,Synthetic Borrower D0392,Electric three-wheeler,Tamil Nadu,2025-06-15,2026-09-15,302800.49,193869.01,16.0,36,15,10645.57,0,0
SYNTHETIC_ONLY,demo-nbfc-ev-002,Synthetic Summit Vehicle Finance NBFC,SYN-EV-3W-2025,SYN-D-LN-0393,SYN-D-BR-0393,Synthetic Borrower D0393,Electric three-wheeler,Maharashtra,2025-07-15,2026-09-15,314383.03,243430.22,17.0,48,14,9071.54,0,0
SYNTHETIC_ONLY,demo-nbfc-ev-002,Synthetic Summit Vehicle Finance NBFC,SYN-EV-3W-2025,SYN-D-LN-0394,SYN-D-BR-0394,Synthetic Borrower D0394,Electric three-wheeler,Karnataka,2025-08-15,2026-09-15,325965.56,227803.3,18.0,36,13,11784.44,0,0
SYNTHETIC_ONLY,demo-nbfc-ev-002,Synthetic Summit Vehicle Finance NBFC,SYN-EV-3W-2025,SYN-D-LN-0395,SYN-D-BR-0395,Synthetic Borrower D0395,Electric three-wheeler,Tamil Nadu,2025-09-15,2026-09-15,337548.1,269884.14,14.0,48,12,9224.0,0,0
SYNTHETIC_ONLY,demo-nbfc-ev-002,Synthetic Summit Vehicle Finance NBFC,SYN-EV-3W-2025,SYN-D-LN-0396,SYN-D-BR-0396,Synthetic Borrower D0396,Electric three-wheeler,Maharashtra,2025-01-15,2026-09-15,244887.83,129288.56,15.0,36,19,8489.12,30,1
SYNTHETIC_ONLY,demo-nbfc-ev-002,Synthetic Summit Vehicle Finance NBFC,SYN-EV-3W-2025,SYN-D-LN-0397,SYN-D-BR-0397,Synthetic Borrower D0397,Electric three-wheeler,Karnataka,2025-02-15,2026-09-15,256470.37,173867.26,16.0,48,19,7268.44,0,0
SYNTHETIC_ONLY,demo-nbfc-ev-002,Synthetic Summit Vehicle Finance NBFC,SYN-EV-3W-2025,SYN-D-LN-0398,SYN-D-BR-0398,Synthetic Borrower D0398,Electric three-wheeler,Tamil Nadu,2025-03-15,2026-09-15,268052.91,150904.83,17.0,36,18,9556.82,0,0
SYNTHETIC_ONLY,demo-nbfc-ev-002,Synthetic Summit Vehicle Finance NBFC,SYN-EV-3W-2025,SYN-D-LN-0399,SYN-D-BR-0399,Synthetic Borrower D0399,Electric three-wheeler,Maharashtra,2025-04-15,2026-09-15,279635.44,202450.61,18.0,48,17,8214.29,0,0
SYNTHETIC_ONLY,demo-nbfc-ev-002,Synthetic Summit Vehicle Finance NBFC,SYN-EV-3W-2025,SYN-D-LN-0400,SYN-D-BR-0400,Synthetic Borrower D0400,Electric three-wheeler,Karnataka,2025-05-15,2026-09-15,291217.97,176631.41,14.0,36,16,9953.14,0,0
